ProductCode,ProductName,Category,PieceType,ColorOption,Description,Dimensions,WeightLbs,WeightSource,MainFeatures,ImageCount,MainImage,SourceUrl
225181Q-S4,Lucaire 4-piece Queen Bedroom Set Sandstone,Bedroom Sets,Queen Bed,,"This bedroom set creates a modern yet timeless retreat with an arched upholstered bed as the graceful focal point. Cream chenille fabric softens the room, while warm airy sandstone case pieces bring curved fronts, honed engineered stone tops, and antique brass hardware into balance. Elm veneer, rubberwood, fabric, and engineered wood construction support a casual yet sophisticated bedroom with intentional storage and bedside function.","64.25""w x 86.75""d x 57.25""h",166.13,coasterfurniture.com listed,Queen 4-piece bedroom set creates a coordinated room with graceful modern style | Antique brass hardware adds intentional warmth to the light sandstone wood tone | Arched cream chenille headboard gives the bedroom a soft and timeless focal point | Bedside charging and refined drawer details support organized everyday routines | Curved sandstone case fronts add a charming contrast to the tailored bed profile | Honed engineered stone tops bring refined surfaces to the bedroom case pieces,1,225181Q-S4-1.jpg,https://www.coasterfurniture.com/furniture/category/Bedroom-Sets/Lucaire-Bedroom-Set/225181Q-S5
225181Q-S5,Lucaire 5-piece Queen Bedroom Set Sandstone,Bedroom Sets,Queen Bed,,"This bedroom set creates a modern yet timeless retreat with an arched upholstered bed as the graceful focal point. Cream chenille fabric softens the room, while warm airy sandstone case pieces bring curved fronts, honed engineered stone tops, and antique brass hardware into balance. Elm veneer, rubberwood, fabric, and engineered wood construction support a casual yet sophisticated bedroom with intentional storage and bedside function.","64.25""w x 86.75""d x 57.25""h",166.13,coasterfurniture.com listed,Antique brass hardware adds intentional warmth to the light sandstone wood tone | Arched cream chenille headboard gives the bedroom a soft and timeless focal point | Curved sandstone case fronts add a charming contrast to the tailored bed profile | Expanded storage configuration supports a more complete bedroom organization plan | Honed engineered stone tops bring refined surfaces to the bedroom case pieces | Queen 5-piece bedroom set creates a coordinated room with graceful modern style,1,225181Q-S5-1.jpg,https://www.coasterfurniture.com/furniture/category/Bedroom-Sets/Lucaire-Bedroom-Set/225181Q-S5
225110KE-S4,Farre 4-piece Eastern King Bedroom Set Washed Grey,Bedroom Sets,Eastern King Bed,,"This bedroom set creates a coordinated contemporary room built around an upholstered storage platform bed. Horizontal channel chenille panels soften the bed, while washed grey laminate veneer and polished nickel hardware tie the storage pieces together. The platform support system creates a mattress-ready bed profile, and two footboard drawers add practical storage. Matching case pieces complete the clean bedroom layout.","78.25""w x 85.75""d x 60.5""h",201.3,coasterfurniture.com listed,Eastern king bedroom set centers on an upholstered storage platform bed | Horizontal channel chenille panels soften the bed with tailored bedroom texture | Platform panel support system is designed for mattress use without a foundation | Polished nickel hardware coordinates across the matching bedroom storage pieces | Two footboard drawers add practical storage without changing the clean profile | Washed grey laminate veneer gives the room a calm contemporary wood-tone look,16,225110KE-S4-1.jpg,https://www.coasterfurniture.com/furniture/category/Bedroom-Sets/Farre-Storage-Bedroom-Set/225110Q-S5
225110KE-S5,Farre 5-piece Eastern King Bedroom Set Washed Grey,Bedroom Sets,Eastern King Bed,,"This bedroom set creates a coordinated contemporary room built around an upholstered storage platform bed. Horizontal channel chenille panels soften the bed, while washed grey laminate veneer and polished nickel hardware tie the storage pieces together. The platform support system creates a mattress-ready bed profile, and two footboard drawers add practical storage. Matching case pieces complete the clean bedroom layout.","78.25""w x 85.75""d x 60.5""h",201.3,coasterfurniture.com listed,Eastern king bedroom set centers on an upholstered storage platform bed | Expanded storage mix supports a complete and cohesive contemporary bedroom | Horizontal channel chenille panels soften the bed with tailored bedroom texture | Platform panel support system is designed for mattress use without a foundation | Polished nickel hardware coordinates across the matching bedroom storage pieces | Two footboard drawers add practical storage without changing the clean profile,15,225110KE-S5-1.jpg,https://www.coasterfurniture.com/furniture/category/Bedroom-Sets/Farre-Storage-Bedroom-Set/225110Q-S5
225110Q-S4,Farre 4-piece Queen Bedroom Set Washed Grey,Bedroom Sets,Queen Bed,,"This bedroom set creates a coordinated contemporary room built around an upholstered storage platform bed. Horizontal channel chenille panels soften the bed, while washed grey laminate veneer and polished nickel hardware tie the storage pieces together. The platform support system creates a mattress-ready bed profile, and two footboard drawers add practical storage. Matching case pieces complete the clean bedroom layout.","62.5""w x 85.75""d x 60.5""h",0.01,coasterfurniture.com listed,Horizontal channel chenille panels soften the bed with tailored bedroom texture | Platform panel support system is designed for mattress use without a foundation | Polished nickel hardware coordinates across the matching bedroom storage pieces | Queen bedroom set centers on an upholstered storage platform bed in washed grey | Two footboard drawers add practical storage without changing the clean profile | Washed grey laminate veneer gives the room a calm contemporary wood-tone look,16,225110Q-S4-1.jpg,https://www.coasterfurniture.com/furniture/category/Bedroom-Sets/Farre-Storage-Bedroom-Set/225110Q-S5
225110Q-S5,Farre 5-piece Queen Bedroom Set Washed Grey,Bedroom Sets,Queen Bed,,"This bedroom set creates a coordinated contemporary room built around an upholstered storage platform bed. Horizontal channel chenille panels soften the bed, while washed grey laminate veneer and polished nickel hardware tie the storage pieces together. The platform support system creates a mattress-ready bed profile, and two footboard drawers add practical storage. Matching case pieces complete the clean bedroom layout.","62.5""w x 85.75""d x 60.5""h",0.01,coasterfurniture.com listed,Expanded storage mix supports a complete and cohesive contemporary bedroom | Horizontal channel chenille panels soften the bed with tailored bedroom texture | Platform panel support system is designed for mattress use without a foundation | Polished nickel hardware coordinates across the matching bedroom storage pieces | Queen bedroom set centers on an upholstered storage platform bed in washed grey | Two footboard drawers add practical storage without changing the clean profile,15,225110Q-S5-1.jpg,https://www.coasterfurniture.com/furniture/category/Bedroom-Sets/Farre-Storage-Bedroom-Set/225110Q-S5
222901KE-S4,Bennett 4-piece Eastern King Bedroom Set Light Oak,Bedroom Sets,Eastern King Bed,Eastern King / 4,"Bedroom set creates a quiet sense of cohesion, pairing an upholstered panel bed with matching case pieces that bring texture and warmth to the room. Light oak surfaces finished in laminate veneer wrap engineered wood construction, while rubberwood legs keep the profile lifted and steady. Vertical reeding adds depth to select drawer fronts, and matte black hardware keeps the lines crisp. From morning routines to a calm close of day, the coordinated storage helps the bedroom stay clear and composed.","78.25""w x 86.5""d x 59""h",131.86,coasterfurniture.com listed,Four-piece eastern king bedroom set in light oak creates a storage-ready bedroom | Matte black hardware creates crisp contrast and an easy grip for daily routines here | Multiple drawers support clothing organization while keeping surfaces clear and tidy | Reeded drawer fronts add texture on case pieces while smooth fronts keep balance | Tipover restraint on storage pieces supports added stability for everyday bedroom use | Upholstered bed with cream panels adds soft contrast and a tailored headboard look,20,222901KE-S4-1.jpg,https://www.coasterfurniture.com/furniture/category/Bedroom-Sets/Bennett-Bedroom-Set/222901Q-S5
222901KE-S5,Bennett 5-piece Eastern King Bedroom Set Light Oak,Bedroom Sets,Eastern King Bed,Eastern King / 5,"Bedroom set creates a quiet sense of cohesion, pairing an upholstered panel bed with matching case pieces that bring texture and warmth to the room. Light oak surfaces finished in laminate veneer wrap engineered wood construction, while rubberwood legs keep the profile lifted and steady. Vertical reeding adds depth to select drawer fronts, and matte black hardware keeps the lines crisp. From morning routines to a calm close of day, the coordinated storage helps the bedroom stay clear and composed.","78.25""w x 86.5""d x 59""h",131.86,coasterfurniture.com listed,Five-piece eastern king bedroom set in light oak creates a storage-ready bedroom | Matte black hardware creates crisp contrast and an easy grip for daily routines here | Multiple drawers support clothing organization while keeping surfaces clear and tidy | Reeded drawer fronts add texture on case pieces while smooth fronts keep balance | Tipover restraint on storage pieces supports added stability for everyday bedroom use | Upholstered bed with cream panels adds soft contrast and a tailored headboard look,20,222901KE-S5-1.jpg,https://www.coasterfurniture.com/furniture/category/Bedroom-Sets/Bennett-Bedroom-Set/222901Q-S5
222901KW-S4,Bennett 4-piece California King Bedroom Set Light Oak,Bedroom Sets,California King Bed,California King / 4,"Bedroom set creates a quiet sense of cohesion, pairing an upholstered panel bed with matching case pieces that bring texture and warmth to the room. Light oak surfaces finished in laminate veneer wrap engineered wood construction, while rubberwood legs keep the profile lifted and steady. Vertical reeding adds depth to select drawer fronts, and matte black hardware keeps the lines crisp. From morning routines to a calm close of day, the coordinated storage helps the bedroom stay clear and composed.","78.25""w x 90.5""d x 59""h",140.68,coasterfurniture.com listed,Four-piece california king bedroom set in light oak creates a storage-ready bedroom | Matte black hardware creates crisp contrast and an easy grip for daily routines here | Multiple drawers support clothing organization while keeping surfaces clear and tidy | Reeded drawer fronts add texture on case pieces while smooth fronts keep balance | Tipover restraint on storage pieces supports added stability for everyday bedroom use | Upholstered bed with cream panels adds soft contrast and a tailored headboard look,20,222901KW-S4-1.jpg,https://www.coasterfurniture.com/furniture/category/Bedroom-Sets/Bennett-Bedroom-Set/222901Q-S5
222901KW-S5,Bennett 5-piece California King Bedroom Set Light Oak,Bedroom Sets,California King Bed,California King / 5,"Bedroom set creates a quiet sense of cohesion, pairing an upholstered panel bed with matching case pieces that bring texture and warmth to the room. Light oak surfaces finished in laminate veneer wrap engineered wood construction, while rubberwood legs keep the profile lifted and steady. Vertical reeding adds depth to select drawer fronts, and matte black hardware keeps the lines crisp. From morning routines to a calm close of day, the coordinated storage helps the bedroom stay clear and composed.","78.25""w x 90.5""d x 59""h",140.68,coasterfurniture.com listed,Five-piece california king bedroom set in light oak creates a storage-ready bedroom | Matte black hardware creates crisp contrast and an easy grip for daily routines here | Multiple drawers support clothing organization while keeping surfaces clear and tidy | Reeded drawer fronts add texture on case pieces while smooth fronts keep balance | Tipover restraint on storage pieces supports added stability for everyday bedroom use | Upholstered bed with cream panels adds soft contrast and a tailored headboard look,20,222901KW-S5-1.jpg,https://www.coasterfurniture.com/furniture/category/Bedroom-Sets/Bennett-Bedroom-Set/222901Q-S5
222901Q-S4,Bennett 4-piece Queen Bedroom Set Light Oak,Bedroom Sets,Queen Bed,Queen / 4,"Bedroom set creates a quiet sense of cohesion, pairing an upholstered panel bed with matching case pieces that bring texture and warmth to the room. Light oak surfaces finished in laminate veneer wrap engineered wood construction, while rubberwood legs keep the profile lifted and steady. Vertical reeding adds depth to select drawer fronts, and matte black hardware keeps the lines crisp. From morning routines to a calm close of day, the coordinated storage helps the bedroom stay clear and composed.","62.75""w x 86.5""d x 59""h",114,coasterfurniture.com listed,Four-piece queen bedroom set in light oak creates a storage-ready bedroom for calm routines | Matte black hardware creates crisp contrast and an easy grip for daily routines here | Multiple drawers support clothing organization while keeping surfaces clear and tidy | Reeded drawer fronts add texture on case pieces while smooth fronts keep balance | Tipover restraint on storage pieces supports added stability for everyday bedroom use | Upholstered bed with cream panels adds soft contrast and a tailored headboard look,20,222901Q-S4-1.jpg,https://www.coasterfurniture.com/furniture/category/Bedroom-Sets/Bennett-Bedroom-Set/222901Q-S5
222901Q-S5,Bennett 5-piece Queen Bedroom Set Light Oak,Bedroom Sets,Queen Bed,Queen / 5,"Bedroom set creates a quiet sense of cohesion, pairing an upholstered panel bed with matching case pieces that bring texture and warmth to the room. Light oak surfaces finished in laminate veneer wrap engineered wood construction, while rubberwood legs keep the profile lifted and steady. Vertical reeding adds depth to select drawer fronts, and matte black hardware keeps the lines crisp. From morning routines to a calm close of day, the coordinated storage helps the bedroom stay clear and composed.","62.75""w x 86.5""d x 59""h",114,coasterfurniture.com listed,Five-piece queen bedroom set in light oak creates a storage-ready bedroom for calm routines | Matte black hardware creates crisp contrast and an easy grip for daily routines here | Multiple drawers support clothing organization while keeping surfaces clear and tidy | Reeded drawer fronts add texture on case pieces while smooth fronts keep balance | Tipover restraint on storage pieces supports added stability for everyday bedroom use | Upholstered bed with cream panels adds soft contrast and a tailored headboard look,20,222901Q-S5-1.jpg,https://www.coasterfurniture.com/furniture/category/Bedroom-Sets/Bennett-Bedroom-Set/222901Q-S5
222801Q-S4,Stillwater 4-piece Queen Bedroom Set,Bedroom Sets,Queen Bed,Queen / 4,"This bedroom set creates a calm, coordinated retreat with live-edge detailing, a weathered oak finish, and grounded silhouettes throughout. Oak veneer surfaces bring natural wood character, while embedded butterfly connectors and stout bases with trestle-inspired support reinforce the artisan look. The collection balances organic texture with durable wood construction, shaping a warm biophilic bedroom with layered storage and a true platform bed at its center.","78""w x 90""d x 48.75""h",161.82,coasterfurniture.com listed,Coordinated silhouettes carry the collection’s organic live-edge shaping across the room | Embedded butterfly connectors add artisan detail to the calm rustic modern profile | Four-piece queen bedroom set in weathered oak creates a grounded live-edge retreat | Oak veneer surfaces over durable wood construction bring warm layered natural character | Storage pieces reinforce a collected look while keeping bedroom essentials organized | The true platform bed anchors the room with paneled support and a low grounded stance,19,222801Q-S4-1.jpg,https://www.coasterfurniture.com/furniture/category/Bedroom-Sets/Stillwater-Live-Edge-Bedroom-Set/222801Q-S5
222801Q-S5,Stillwater 5-piece Queen Bedroom Set,Bedroom Sets,Queen Bed,Queen / 5,"This bedroom set creates a calm, coordinated retreat with live-edge detailing, a weathered oak finish, and grounded silhouettes throughout. Oak veneer surfaces bring natural wood character, while embedded butterfly connectors and stout bases with trestle-inspired support reinforce the artisan look. The collection balances organic texture with durable wood construction, shaping a warm biophilic bedroom with layered storage and a true platform bed at its center.","78""w x 90""d x 48.75""h",161.82,coasterfurniture.com listed,Coordinated silhouettes carry the collection’s organic live-edge shaping across the room | Embedded butterfly connectors add artisan detail to the calm rustic modern profile | Five-piece queen bedroom set in weathered oak creates a grounded live-edge retreat | Oak veneer surfaces over durable wood construction bring warm layered natural character | Storage pieces reinforce a collected look while keeping bedroom essentials organized | The true platform bed anchors the room with paneled support and a low grounded stance,20,222801Q-S5-1.jpg,https://www.coasterfurniture.com/furniture/category/Bedroom-Sets/Stillwater-Live-Edge-Bedroom-Set/222801Q-S5
222801KE-S4,Stillwater 4-piece Eastern King Bedroom Set,Bedroom Sets,Eastern King Bed,Eastern King / 4,"This bedroom set creates a calm, coordinated retreat with live-edge detailing, a weathered oak finish, and grounded silhouettes throughout. Oak veneer surfaces bring natural wood character, while embedded butterfly connectors and stout bases with trestle-inspired support reinforce the artisan look. The collection balances organic texture with durable wood construction, shaping a warm biophilic bedroom with layered storage and a true platform bed at its center.","94""w x 90""d x 48.75""h",183.17,coasterfurniture.com listed,Coordinated silhouettes carry the collection’s organic live-edge shaping across the room | Embedded butterfly connectors add artisan detail to the calm rustic modern profile | Four-piece eastern king bedroom set in weathered oak creates a grounded live-edge retreat | Oak veneer surfaces over durable wood construction bring warm layered natural character | Storage pieces reinforce a collected look while keeping bedroom essentials organized | The true platform bed anchors the room with paneled support and a low grounded stance,19,222801KE-S4-1.jpg,https://www.coasterfurniture.com/furniture/category/Bedroom-Sets/Stillwater-Live-Edge-Bedroom-Set/222801Q-S5
222801KE-S5,Stillwater 5-piece Eastern King Bedroom Set,Bedroom Sets,Eastern King Bed,Eastern King / 5,"This bedroom set creates a calm, coordinated retreat with live-edge detailing, a weathered oak finish, and grounded silhouettes throughout. Oak veneer surfaces bring natural wood character, while embedded butterfly connectors and stout bases with trestle-inspired support reinforce the artisan look. The collection balances organic texture with durable wood construction, shaping a warm biophilic bedroom with layered storage and a true platform bed at its center.","94""w x 90""d x 48.75""h",183.17,coasterfurniture.com listed,Coordinated silhouettes carry the collection’s organic live-edge shaping across the room | Embedded butterfly connectors add artisan detail to the calm rustic modern profile | Five-piece eastern king bedroom set in weathered oak creates a grounded live-edge retreat | Oak veneer surfaces over durable wood construction bring warm layered natural character | Storage pieces reinforce a collected look while keeping bedroom essentials organized | The true platform bed anchors the room with paneled support and a low grounded stance,20,222801KE-S5-1.jpg,https://www.coasterfurniture.com/furniture/category/Bedroom-Sets/Stillwater-Live-Edge-Bedroom-Set/222801Q-S5
222801KW-S4,Stillwater 4-piece California King Bedroom Set,Bedroom Sets,California King Bed,California King / 4,"This bedroom set creates a calm, coordinated retreat with live-edge detailing, a weathered oak finish, and grounded silhouettes throughout. Oak veneer surfaces bring natural wood character, while embedded butterfly connectors and stout bases with trestle-inspired support reinforce the artisan look. The collection balances organic texture with durable wood construction, shaping a warm biophilic bedroom with layered storage and a true platform bed at its center.","94""w x 95""d x 48.75""h",238.14,coasterfurniture.com listed,Coordinated silhouettes carry the collection’s organic live-edge shaping across the room | Embedded butterfly connectors add artisan detail to the calm rustic modern profile | Four-piece California king bedroom set in weathered oak creates a grounded retreat | Oak veneer surfaces over durable wood construction bring warm layered natural character | Storage pieces reinforce a collected look while keeping bedroom essentials organized | The true platform bed anchors the room with paneled support and a low grounded stance,19,222801KW-S4-1.jpg,https://www.coasterfurniture.com/furniture/category/Bedroom-Sets/Stillwater-Live-Edge-Bedroom-Set/222801Q-S5
222801KW-S5,Stillwater 5-piece California King Bedroom Set,Bedroom Sets,California King Bed,California King / 5,"This bedroom set creates a calm, coordinated retreat with live-edge detailing, a weathered oak finish, and grounded silhouettes throughout. Oak veneer surfaces bring natural wood character, while embedded butterfly connectors and stout bases with trestle-inspired support reinforce the artisan look. The collection balances organic texture with durable wood construction, shaping a warm biophilic bedroom with layered storage and a true platform bed at its center.","94""w x 95""d x 48.75""h",238.14,coasterfurniture.com listed,The true platform bed anchors the room with paneled support and a low grounded stance | Coordinated silhouettes carry the collection’s organic live-edge shaping across the room | Embedded butterfly connectors add artisan detail to the calm rustic modern profile | Five-piece California king bedroom set in weathered oak creates a grounded retreat | Oak veneer surfaces over durable wood construction bring warm layered natural character | Storage pieces reinforce a collected look while keeping bedroom essentials organized,20,222801KW-S5-1.jpg,https://www.coasterfurniture.com/furniture/category/Bedroom-Sets/Stillwater-Live-Edge-Bedroom-Set/222801Q-S5
215971KE-S4,Atlas 4-piece Eastern King Bedroom Set Dark Oak,Bedroom Sets,Eastern King Bed,Eastern King / 4,"Bedroom set with an upholstered, picture-framed headboard and sculpted storage creates a calm room that feels finished from the first glance. Dark oak surfaces show oak-grain embossing over the veneered look for depth, while bevelled arched drawer fronts add raised contour in soft light. Oversized curved pulls in polished black nickel bring a crisp accent, and drawers move on 45mm metal ball bearing glides. Built from engineered wood with okume veneer and rubberwood support, it suits transitional decor and daily routines.","79.25""w x 84""d x 63.5""h",120.16,coasterfurniture.com listed,"45mm metal ball bearing glides support smooth drawer travel for everyday routines | Bevelled arched drawer fronts add raised contour and a refined transitional presence | Four-piece eastern king bedroom set in dark oak frames the room with grey headboard contrast | Oak-grain embossing over the veneered surface adds realistic depth across the set | Oversized curved pulls in polished black nickel bring sleek shine and easy access | Tipover restraint adds stability support, and the bed uses a foundation for support",19,215971KE-S4-1.jpg,https://www.coasterfurniture.com/furniture/category/Bedroom-Sets/Atlas-Bedroom-Set/215971Q-S5
215971KE-S5,Atlas 5-piece Eastern King Bedroom Set Dark Oak,Bedroom Sets,Eastern King Bed,Eastern King / 5,"Bedroom set with an upholstered, picture-framed headboard and sculpted storage creates a calm room that feels finished from the first glance. Dark oak surfaces show oak-grain embossing over the veneered look for depth, while bevelled arched drawer fronts add raised contour in soft light. Oversized curved pulls in polished black nickel bring a crisp accent, and drawers move on 45mm metal ball bearing glides. Built from engineered wood with okume veneer and rubberwood support, it suits transitional decor and daily routines.","79.25""w x 84""d x 63.5""h",120.16,coasterfurniture.com listed,"45mm metal ball bearing glides support smooth drawer travel for everyday routines | Bevelled arched drawer fronts add raised contour and a refined transitional presence | Five-piece eastern king bedroom set in dark oak frames the room with grey headboard contrast | Oak-grain embossing over the veneered surface adds realistic depth across the set | Oversized curved pulls in polished black nickel bring sleek shine and easy access | Tipover restraint adds stability support, and the bed uses a foundation for support",20,215971KE-S5-1.jpg,https://www.coasterfurniture.com/furniture/category/Bedroom-Sets/Atlas-Bedroom-Set/215971Q-S5
215971KW-S4,Atlas 4-piece California King Bedroom Set Dark Oak,Bedroom Sets,California King Bed,California King / 4,"Bedroom set with an upholstered, picture-framed headboard and sculpted storage creates a calm room that feels finished from the first glance. Dark oak surfaces show oak-grain embossing over the veneered look for depth, while bevelled arched drawer fronts add raised contour in soft light. Oversized curved pulls in polished black nickel bring a crisp accent, and drawers move on 45mm metal ball bearing glides. Built from engineered wood with okume veneer and rubberwood support, it suits transitional decor and daily routines.","79.25""w x 89.25""d x 63.5""h",127.85,coasterfurniture.com listed,"45mm metal ball bearing glides support smooth drawer travel for everyday routines | Bevelled arched drawer fronts add raised contour and a refined transitional presence | Four-piece california king bedroom set in dark oak frames the room with grey headboard contrast | Oak-grain embossing over the veneered surface adds realistic depth across the set | Oversized curved pulls in polished black nickel bring sleek shine and easy access | Tipover restraint adds stability support, and the bed uses a foundation for support",19,215971KW-S4-1.jpg,https://www.coasterfurniture.com/furniture/category/Bedroom-Sets/Atlas-Bedroom-Set/215971Q-S5
215971KW-S5,Atlas 5-piece California King Bedroom Set Dark Oak,Bedroom Sets,California King Bed,California King / 5,"Bedroom set with an upholstered, picture-framed headboard and sculpted storage creates a calm room that feels finished from the first glance. Dark oak surfaces show oak-grain embossing over the veneered look for depth, while bevelled arched drawer fronts add raised contour in soft light. Oversized curved pulls in polished black nickel bring a crisp accent, and drawers move on 45mm metal ball bearing glides. Built from engineered wood with okume veneer and rubberwood support, it suits transitional decor and daily routines.","79.25""w x 89.25""d x 63.5""h",127.85,coasterfurniture.com listed,"45mm metal ball bearing glides support smooth drawer travel for everyday routines | Bevelled arched drawer fronts add raised contour and a refined transitional presence | Five-piece california king bedroom set in dark oak frames the room with grey headboard contrast | Oak-grain embossing over the veneered surface adds realistic depth across the set | Oversized curved pulls in polished black nickel bring sleek shine and easy access | Tipover restraint adds stability support, and the bed uses a foundation for support",20,215971KW-S5-1.jpg,https://www.coasterfurniture.com/furniture/category/Bedroom-Sets/Atlas-Bedroom-Set/215971Q-S5
215971Q-S4,Atlas 4-piece Queen Bedroom Set Dark Oak,Bedroom Sets,Queen Bed,Queen / 4,"Bedroom set with an upholstered, picture-framed headboard and sculpted storage creates a calm room that feels finished from the first glance. Dark oak surfaces show oak-grain embossing over the veneered look for depth, while bevelled arched drawer fronts add raised contour in soft light. Oversized curved pulls in polished black nickel bring a crisp accent, and drawers move on 45mm metal ball bearing glides. Built from engineered wood with okume veneer and rubberwood support, it suits transitional decor and daily routines.","63.25""w x 84""d x 63.5""h",102.52,coasterfurniture.com listed,"45mm metal ball bearing glides support smooth drawer travel for everyday routines | Bevelled arched drawer fronts add raised contour and a refined transitional presence | Four-piece queen bedroom set in dark oak frames the room with grey headboard contrast | Oak-grain embossing over the veneered surface adds realistic depth across the set | Oversized curved pulls in polished black nickel bring sleek shine and easy access | Tipover restraint adds stability support, and the bed uses a foundation for support",19,215971Q-S4-1.jpg,https://www.coasterfurniture.com/furniture/category/Bedroom-Sets/Atlas-Bedroom-Set/215971Q-S5
215971Q-S5,Atlas 5-piece Queen Bedroom Set Dark Oak,Bedroom Sets,Queen Bed,Queen / 5,"Bedroom set with an upholstered, picture-framed headboard and sculpted storage creates a calm room that feels finished from the first glance. Dark oak surfaces show oak-grain embossing over the veneered look for depth, while bevelled arched drawer fronts add raised contour in soft light. Oversized curved pulls in polished black nickel bring a crisp accent, and drawers move on 45mm metal ball bearing glides. Built from engineered wood with okume veneer and rubberwood support, it suits transitional decor and daily routines.","63.25""w x 84""d x 63.5""h",102.52,coasterfurniture.com listed,"45mm metal ball bearing glides support smooth drawer travel for everyday routines | Bevelled arched drawer fronts add raised contour and a refined transitional presence | Five-piece queen bedroom set in dark oak frames the room with grey headboard contrast | Oak-grain embossing over the veneered surface adds realistic depth across the set | Oversized curved pulls in polished black nickel bring sleek shine and easy access | Tipover restraint adds stability support, and the bed uses a foundation for support",20,215971Q-S5-1.jpg,https://www.coasterfurniture.com/furniture/category/Bedroom-Sets/Atlas-Bedroom-Set/215971Q-S5
223191KE-S4,Ravenne 4-piece Velvet Upholstered Eastern King LED Bedroom Set Black,Bedroom Sets,Eastern King Bed,Eastern King / 4,"Bedroom set dresses the room like a black tuxedo, combining black polyester velvet, bold vertical channels, and white LED touch lighting for a modern art deco mood. Reflective acrylic trim adds durable shine, while coordinating case pieces bring recessed tempered glass tops for everyday ease. Acrylic crystal-like knobs add a glam finish, and drawers glide smoothly with ball bearing hardware and English dovetails for durability. Designed for use with a required foundation, this set keeps nights in polished and composed.","78.75""w x 89""d x 61""h",197.31,coasterfurniture.com listed,"Four piece eastern king bedroom set in black velvet features white LED touch lighting | LED panel bed showcases vertical channels with durable acrylic reflective trim accents | Recessed tempered glass tops keep surfaces smooth for everyday bedside use | Acrylic crystal-like knobs add a glam touch across drawers for a polished look | Ball bearing glides and English dovetails support smooth, durable drawer use daily | Engineered wood and foam with velvet upholstery support the coordinated build",20,223191KE-S4-1.jpg,https://www.coasterfurniture.com/furniture/category/Bedroom-Sets/Ravenne-Upholstered-LED-Bedroom-Set/223191Q-S5
223191KE-S5,Ravenne 5-piece Velvet Upholstered Eastern King LED Bedroom Set Black,Bedroom Sets,Eastern King Bed,Eastern King / 5,"Bedroom set dresses the room like a black tuxedo, combining black polyester velvet, bold vertical channels, and white LED touch lighting for a modern art deco mood. Reflective acrylic trim adds durable shine, while coordinating case pieces bring recessed tempered glass tops for everyday ease. Acrylic crystal-like knobs add a glam finish, and drawers glide smoothly with ball bearing hardware and English dovetails for durability. Designed for use with a required foundation, this set keeps nights in polished and composed.","78.75""w x 89""d x 61""h",197.31,coasterfurniture.com listed,"Five piece eastern king bedroom set in black velvet features white LED touch lighting | LED panel bed showcases vertical channels with durable acrylic reflective trim accents | Recessed tempered glass tops keep surfaces smooth for everyday bedside use | Acrylic crystal-like knobs add a glam touch across drawers for a polished look | Ball bearing glides and English dovetails support smooth, durable drawer use daily | Added chest expands drawer storage while keeping the coordinated glam profile",20,223191KE-S5-1.jpg,https://www.coasterfurniture.com/furniture/category/Bedroom-Sets/Ravenne-Upholstered-LED-Bedroom-Set/223191Q-S5
223191KW-S5,Ravenne 5-piece Velvet Upholstered California King LED Bedroom Set Black,Bedroom Sets,California King Bed,California King / 5,"Bedroom set dresses the room like a black tuxedo, combining black polyester velvet, bold vertical channels, and white LED touch lighting for a modern art deco mood. Reflective acrylic trim adds durable shine, while coordinating case pieces bring recessed tempered glass tops for everyday ease. Acrylic crystal-like knobs add a glam finish, and drawers glide smoothly with ball bearing hardware and English dovetails for durability. Designed for use with a required foundation, this set keeps nights in polished and composed.","75""w x 94.5""d x 61""h",195.11,coasterfurniture.com listed,"Five piece california king bedroom set in black velvet features white LED touch lighting | LED panel bed showcases vertical channels with durable acrylic reflective trim accents | Recessed tempered glass tops keep surfaces smooth for everyday bedside use | Acrylic crystal-like knobs add a glam touch across drawers for a polished look | Ball bearing glides and English dovetails support smooth, durable drawer use daily | Added chest expands drawer storage while keeping the coordinated glam profile",20,223191KW-S5-1.jpg,https://www.coasterfurniture.com/furniture/category/Bedroom-Sets/Ravenne-Upholstered-LED-Bedroom-Set/223191Q-S5
223191KW-S4,Ravenne 4-piece Velvet Upholstered California King LED Bedroom Set Black,Bedroom Sets,California King Bed,California King / 4,"Bedroom set dresses the room like a black tuxedo, combining black polyester velvet, bold vertical channels, and white LED touch lighting for a modern art deco mood. Reflective acrylic trim adds durable shine, while coordinating case pieces bring recessed tempered glass tops for everyday ease. Acrylic crystal-like knobs add a glam finish, and drawers glide smoothly with ball bearing hardware and English dovetails for durability. Designed for use with a required foundation, this set keeps nights in polished and composed.","75""w x 94.5""d x 61""h",195.11,coasterfurniture.com listed,"Four piece california king bedroom set in black velvet features white LED touch lighting | LED panel bed showcases vertical channels with durable acrylic reflective trim accents | Recessed tempered glass tops keep surfaces smooth for everyday bedside use | Acrylic crystal-like knobs add a glam touch across drawers for a polished look | Ball bearing glides and English dovetails support smooth, durable drawer use daily | Engineered wood and foam with velvet upholstery support the coordinated build",20,223191KW-S4-1.jpg,https://www.coasterfurniture.com/furniture/category/Bedroom-Sets/Ravenne-Upholstered-LED-Bedroom-Set/223191Q-S5
223191Q-S4,Ravenne 4-piece Velvet Upholstered Queen LED Bedroom Set Black,Bedroom Sets,Queen Bed,Queen / 4,"Bedroom set dresses the room like a black tuxedo, combining black polyester velvet, bold vertical channels, and white LED touch lighting for a modern art deco mood. Reflective acrylic trim adds durable shine, while coordinating case pieces bring recessed tempered glass tops for everyday ease. Acrylic crystal-like knobs add a glam finish, and drawers glide smoothly with ball bearing hardware and English dovetails for durability. Designed for use with a required foundation, this set keeps nights in polished and composed.","63.25""w x 89""d x 61""h",179.68,coasterfurniture.com listed,"Four piece queen bedroom set in black velvet features white LED touch lighting | LED panel bed showcases vertical channels with durable acrylic reflective trim accents | Recessed tempered glass tops keep surfaces smooth for everyday bedside use | Acrylic crystal-like knobs add a glam touch across drawers for a polished look | Ball bearing glides and English dovetails support smooth, durable drawer use daily | Engineered wood and foam with velvet upholstery support the coordinated build",20,223191Q-S4-1.jpg,https://www.coasterfurniture.com/furniture/category/Bedroom-Sets/Ravenne-Upholstered-LED-Bedroom-Set/223191Q-S5
223191Q-S5,Ravenne 5-piece Velvet Upholstered Queen LED Bedroom Set Black,Bedroom Sets,Queen Bed,Queen / 5,"Bedroom set dresses the room like a black tuxedo, combining black polyester velvet, bold vertical channels, and white LED touch lighting for a modern art deco mood. Reflective acrylic trim adds durable shine, while coordinating case pieces bring recessed tempered glass tops for everyday ease. Acrylic crystal-like knobs add a glam finish, and drawers glide smoothly with ball bearing hardware and English dovetails for durability. Designed for use with a required foundation, this set keeps nights in polished and composed.","63.25""w x 89""d x 61""h",179.68,coasterfurniture.com listed,"Five piece queen bedroom set in black velvet features white LED touch lighting | LED panel bed showcases vertical channels with durable acrylic reflective trim accents | Recessed tempered glass tops keep surfaces smooth for everyday bedside use | Acrylic crystal-like knobs add a glam touch across drawers for a polished look | Ball bearing glides and English dovetails support smooth, durable drawer use daily | Added chest expands drawer storage while keeping the coordinated glam profile",20,223191Q-S5-1.jpg,https://www.coasterfurniture.com/furniture/category/Bedroom-Sets/Ravenne-Upholstered-LED-Bedroom-Set/223191Q-S5
223131KE-S4,Leanne 4-piece Eastern King Bedroom Set Light Oak,Bedroom Sets,Eastern King Bed,Eastern King / 4,"Bedroom set pairs an LED panel bed with sintered stone topped storage for a fresh modern suite. The floating upholstered headboard glows with white LED light and touch controls on both sides, while a waistline base adds elegant lift. Solid wood, engineered wood, and veneers support daily use, and sintered stone tops offer a non porous surface made from natural minerals. Curved drawer fronts open smoothly on metal ball bearing drawer glides with five sided English dovetail drawer boxes.","78.75""w x 86.5""d x 60""h",126.79,coasterfurniture.com listed,"Curved drawer fronts soften each case piece while centered pulls keep lines clean | Five sided drawer boxes use English dovetails for strength that stays steady daily | Four-piece eastern king bedroom set brings an LED panel bed with stone topped storage pieces | Metal ball bearing drawer glides support smooth access for everyday storage routines | Sintered stone tops resist scratches, stains, and heat and wipe clean with ease daily | Waistline bases add elegant lift and keep the collection profile cohesive and refined",20,223131KE-S4-1.jpg,https://www.coasterfurniture.com/furniture/category/Bedroom-Sets/Leanne-Bedroom-Set/223131Q-S5
223131KE-S5,Leanne 5-piece Eastern King Bedroom Set Light Oak,Bedroom Sets,Eastern King Bed,Eastern King / 5,"Bedroom set pairs an LED panel bed with sintered stone topped storage for a fresh modern suite. The floating upholstered headboard glows with white LED light and touch controls on both sides, while a waistline base adds elegant lift. Solid wood, engineered wood, and veneers support daily use, and sintered stone tops offer a non porous surface made from natural minerals. Curved drawer fronts open smoothly on metal ball bearing drawer glides with five sided English dovetail drawer boxes.","78.75""w x 86.5""d x 60""h",126.79,coasterfurniture.com listed,"Curved drawer fronts soften each case piece while centered pulls keep lines clean | Five sided drawer boxes use English dovetails for strength that stays steady daily | Five-piece eastern king bedroom set adds an LED panel bed with stone top storage and chest | Metal ball bearing drawer glides support smooth access for everyday storage routines | Sintered stone tops resist scratches, stains, and heat and wipe clean with ease daily | Waistline bases add elegant lift and keep the collection profile cohesive and refined",20,223131KE-S5-1.jpg,https://www.coasterfurniture.com/furniture/category/Bedroom-Sets/Leanne-Bedroom-Set/223131Q-S5
223131Q-S4,Leanne 4-piece Queen Bedroom Set Light Oak,Bedroom Sets,Queen Bed,Queen / 4,"Bedroom set pairs an LED panel bed with sintered stone topped storage for a fresh modern suite. The floating upholstered headboard glows with white LED light and touch controls on both sides, while a waistline base adds elegant lift. Solid wood, engineered wood, and veneers support daily use, and sintered stone tops offer a non porous surface made from natural minerals. Curved drawer fronts open smoothly on metal ball bearing drawer glides with five sided English dovetail drawer boxes.","63""w x 86.5""d x 60""h",110.03,coasterfurniture.com listed,"Curved drawer fronts soften each case piece while centered pulls keep lines clean | Five sided drawer boxes use English dovetails for strength that stays steady daily | Four-piece queen bedroom set brings an LED panel bed with stone topped storage pieces | Metal ball bearing drawer glides support smooth access for everyday storage routines | Sintered stone tops resist scratches, stains, and heat and wipe clean with ease daily | Waistline bases add elegant lift and keep the collection profile cohesive and refined",20,223131Q-S4-1.jpg,https://www.coasterfurniture.com/furniture/category/Bedroom-Sets/Leanne-Bedroom-Set/223131Q-S5
223131Q-S5,Leanne 5-piece Queen Bedroom Set Light Oak,Bedroom Sets,Queen Bed,Queen / 5,"Bedroom set pairs an LED panel bed with sintered stone topped storage for a fresh modern suite. The floating upholstered headboard glows with white LED light and touch controls on both sides, while a waistline base adds elegant lift. Solid wood, engineered wood, and veneers support daily use, and sintered stone tops offer a non porous surface made from natural minerals. Curved drawer fronts open smoothly on metal ball bearing drawer glides with five sided English dovetail drawer boxes.","63""w x 86.5""d x 60""h",110.03,coasterfurniture.com listed,"Curved drawer fronts soften each case piece while centered pulls keep lines clean | Five sided drawer boxes use English dovetails for strength that stays steady daily | Five-piece queen bedroom set adds an LED panel bed with stone top storage and chest | Metal ball bearing drawer glides support smooth access for everyday storage routines | Sintered stone tops resist scratches, stains, and heat and wipe clean with ease daily | Waistline bases add elegant lift and keep the collection profile cohesive and refined",20,223131Q-S5-1.jpg,https://www.coasterfurniture.com/furniture/category/Bedroom-Sets/Leanne-Bedroom-Set/223131Q-S5
222651KE-S4,Hendricks 4-piece Eastern King Bedroom Set Light Oak,Bedroom Sets,Eastern King Bed,Eastern King / 4,"Bedroom set anchored by an upholstered panel headboard platform bed brings tailored texture to a modern transitional layout. Crafted from engineered wood with laminate veneer, the coordinated pieces keep lines clean while drawers run on metal ball-bearing glides for smooth access. The cushioned cream boucle headboard adds a soft focal point, and the dresser introduces asymmetrical alternating drawers for visual interest. Use this set to unify sleep and storage in one composed arrangement.","78.25""w x 84.75""d x 51.25""h",138.25,coasterfurniture.com listed,A tipover restraint supports steadier placement on storage pieces where included | Alternating drawer fronts on the dresser add fresh detail without visual clutter | Bedroom set in light oak features a platform bed with a cushioned cream boucle headboard | Laminate veneer over engineered wood keeps the set looking crisp through daily routines | Light oak gunmetal hardware keeps the storage pieces clean while feeling easy to use | Metal ball-bearing drawer glides support smooth access across the matching storage,20,222651KE-S4-1.jpg,https://www.coasterfurniture.com/furniture/category/Bedroom-Sets/Hendricks-Bedroom-Set-with-Panel-Bed/222651Q-S5
222651KE-S5,Hendricks 5-piece Eastern King Bedroom Set Light Oak,Bedroom Sets,Eastern King Bed,Eastern King / 5,"Bedroom set anchored by an upholstered panel headboard platform bed brings tailored texture to a modern transitional layout. Crafted from engineered wood with laminate veneer, the coordinated pieces keep lines clean while drawers run on metal ball-bearing glides for smooth access. The cushioned cream boucle headboard adds a soft focal point, and the dresser introduces asymmetrical alternating drawers for visual interest. Use this set to unify sleep and storage in one composed arrangement.","78.25""w x 84.75""d x 51.25""h",138.25,coasterfurniture.com listed,Additional drawer storage expands organization while keeping a consistent silhouette | Alternating drawer fronts on the dresser add fresh detail without visual clutter | Bedroom set in light oak features a platform bed with a cushioned cream boucle headboard | Laminate veneer over engineered wood keeps the set looking crisp through daily routines | Light oak gunmetal hardware keeps the storage pieces clean while feeling easy to use | Metal ball-bearing drawer glides support smooth access across the matching storage,20,222651KE-S5-1.jpg,https://www.coasterfurniture.com/furniture/category/Bedroom-Sets/Hendricks-Bedroom-Set-with-Panel-Bed/222651Q-S5
222651KW-S4,Hendricks 4-piece California King Bedroom Set Light Oak,Bedroom Sets,California King Bed,California King / 4,"Bedroom set anchored by an upholstered panel headboard platform bed brings tailored texture to a modern transitional layout. Crafted from engineered wood with laminate veneer, the coordinated pieces keep lines clean while drawers run on metal ball-bearing glides for smooth access. The cushioned cream boucle headboard adds a soft focal point, and the dresser introduces asymmetrical alternating drawers for visual interest. Use this set to unify sleep and storage in one composed arrangement.","74.25""w x 88.75""d x 51.25""h",135.05,coasterfurniture.com listed,A tipover restraint supports steadier placement on storage pieces where included | Alternating drawer fronts on the dresser add fresh detail without visual clutter | Bedroom set in light oak features a platform bed with a cushioned cream boucle headboard | Laminate veneer over engineered wood keeps the set looking crisp through daily routines | Light oak gunmetal hardware keeps the storage pieces clean while feeling easy to use | Metal ball-bearing drawer glides support smooth access across the matching storage,20,222651KW-S4-1.jpg,https://www.coasterfurniture.com/furniture/category/Bedroom-Sets/Hendricks-Bedroom-Set-with-Panel-Bed/222651Q-S5
222651KW-S5,Hendricks 5-piece California King Bedroom Set Light Oak,Bedroom Sets,California King Bed,California King / 5,"Bedroom set anchored by an upholstered panel headboard platform bed brings tailored texture to a modern transitional layout. Crafted from engineered wood with laminate veneer, the coordinated pieces keep lines clean while drawers run on metal ball-bearing glides for smooth access. The cushioned cream boucle headboard adds a soft focal point, and the dresser introduces asymmetrical alternating drawers for visual interest. Use this set to unify sleep and storage in one composed arrangement.","74.25""w x 88.75""d x 51.25""h",135.05,coasterfurniture.com listed,Additional drawer storage expands organization while keeping a consistent silhouette | Alternating drawer fronts on the dresser add fresh detail without visual clutter | Bedroom set in light oak features a platform bed with a cushioned cream boucle headboard | Laminate veneer over engineered wood keeps the set looking crisp through daily routines | Light oak gunmetal hardware keeps the storage pieces clean while feeling easy to use | Metal ball-bearing drawer glides support smooth access across the matching storage,20,222651KW-S5-1.jpg,https://www.coasterfurniture.com/furniture/category/Bedroom-Sets/Hendricks-Bedroom-Set-with-Panel-Bed/222651Q-S5
222651Q-S4,Hendricks 4-piece Queen Bedroom Set Light Oak,Bedroom Sets,Queen Bed,Queen / 4,"Bedroom set anchored by an upholstered panel headboard platform bed brings tailored texture to a modern transitional layout. Crafted from engineered wood with laminate veneer, the coordinated pieces keep lines clean while drawers run on metal ball-bearing glides for smooth access. The cushioned cream boucle headboard adds a soft focal point, and the dresser introduces asymmetrical alternating drawers for visual interest. Use this set to unify sleep and storage in one composed arrangement.","62.5""w x 84.75""d x 51.25""h",116.53,coasterfurniture.com listed,A tipover restraint supports steadier placement on storage pieces where included | Alternating drawer fronts on the dresser add fresh detail without visual clutter | Bedroom set in light oak features a platform bed with a cushioned cream boucle headboard | Laminate veneer over engineered wood keeps the set looking crisp through daily routines | Light oak gunmetal hardware keeps the storage pieces clean while feeling easy to use | Metal ball-bearing drawer glides support smooth access across the matching storage,20,222651Q-S4-1.jpg,https://www.coasterfurniture.com/furniture/category/Bedroom-Sets/Hendricks-Bedroom-Set-with-Panel-Bed/222651Q-S5
222651Q-S5,Hendricks 5-piece Queen Bedroom Set Light Oak,Bedroom Sets,Queen Bed,Queen / 5,"Bedroom set anchored by an upholstered panel headboard platform bed brings tailored texture to a modern transitional layout. Crafted from engineered wood with laminate veneer, the coordinated pieces keep lines clean while drawers run on metal ball-bearing glides for smooth access. The cushioned cream boucle headboard adds a soft focal point, and the dresser introduces asymmetrical alternating drawers for visual interest. Use this set to unify sleep and storage in one composed arrangement.","62.5""w x 84.75""d x 51.25""h",116.53,coasterfurniture.com listed,Additional drawer storage expands organization while keeping a consistent silhouette | Alternating drawer fronts on the dresser add fresh detail without visual clutter | Bedroom set in light oak features a platform bed with a cushioned cream boucle headboard | Laminate veneer over engineered wood keeps the set looking crisp through daily routines | Light oak gunmetal hardware keeps the storage pieces clean while feeling easy to use | Metal ball-bearing drawer glides support smooth access across the matching storage,20,222651Q-S5-1.jpg,https://www.coasterfurniture.com/furniture/category/Bedroom-Sets/Hendricks-Bedroom-Set-with-Panel-Bed/222651Q-S5
222650KE-S4,Hendricks 4-piece Eastern King Bedroom Set Light Oak,Bedroom Sets,Eastern King Bed,Eastern King / 4,"Bedroom set centered on a bookcase headboard platform bed with a wraparound ledge gives transitional rooms a modern, organized feel. Crafted from engineered wood with laminate veneer, the coordinated pieces keep lines clean while drawers run on metal ball-bearing glides for smooth access. The headboard offers open cubbies and a full-width shelf, and the dresser adds asymmetrical alternating drawers for visual interest. Use this set to align sleep and storage in one cohesive layout.","89.25""w x 96.25""d x 51.5""h",206.27,coasterfurniture.com listed,A tipover restraint supports steadier placement on storage pieces where included | Alternating drawer fronts on the dresser add fresh detail without visual clutter | Bedroom set in light oak features a platform bed with bookcase cubbies and a full shelf | Laminate veneer over engineered wood keeps the set looking crisp through daily routines | Light oak gunmetal hardware keeps the storage pieces clean while feeling easy to use | Metal ball-bearing drawer glides support smooth access across the matching storage,18,222650KE-S4-1.jpg,https://www.coasterfurniture.com/furniture/category/Bedroom-Sets/Hendricks-Bedroom-Set-with-Bookcase-Bed/222650Q-S5
222650KE-S5,Hendricks 5-piece Eastern King Bedroom Set Light Oak,Bedroom Sets,Eastern King Bed,Eastern King / 5,"Bedroom set centered on a bookcase headboard platform bed with a wraparound ledge gives transitional rooms a modern, organized feel. Crafted from engineered wood with laminate veneer, the coordinated pieces keep lines clean while drawers run on metal ball-bearing glides for smooth access. The headboard offers open cubbies and a full-width shelf, and the dresser adds asymmetrical alternating drawers for visual interest. Use this set to align sleep and storage in one cohesive layout.","89.25""w x 96.25""d x 51.5""h",206.27,coasterfurniture.com listed,Additional drawer storage expands organization while keeping a consistent silhouette | Alternating drawer fronts on the dresser add fresh detail without visual clutter | Bedroom set in light oak features a platform bed with bookcase cubbies and a full shelf | Laminate veneer over engineered wood keeps the set looking crisp through daily routines | Light oak gunmetal hardware keeps the storage pieces clean while feeling easy to use | Metal ball-bearing drawer glides support smooth access across the matching storage,20,222650KE-S5-1.jpg,https://www.coasterfurniture.com/furniture/category/Bedroom-Sets/Hendricks-Bedroom-Set-with-Bookcase-Bed/222650Q-S5
222650KW-S4,Hendricks 4-piece California King Bedroom Set Light Oak,Bedroom Sets,California King Bed,California King / 4,"Bedroom set centered on a bookcase headboard platform bed with a wraparound ledge gives transitional rooms a modern, organized feel. Crafted from engineered wood with laminate veneer, the coordinated pieces keep lines clean while drawers run on metal ball-bearing glides for smooth access. The headboard offers open cubbies and a full-width shelf, and the dresser adds asymmetrical alternating drawers for visual interest. Use this set to align sleep and storage in one cohesive layout.","85.25""w x 100""d x 51.5""h",202.85,coasterfurniture.com listed,A tipover restraint supports steadier placement on storage pieces where included | Alternating drawer fronts on the dresser add fresh detail without visual clutter | Bedroom set in light oak features a platform bed with bookcase cubbies and a full shelf | Laminate veneer over engineered wood keeps the set looking crisp through daily routines | Light oak gunmetal hardware keeps the storage pieces clean while feeling easy to use | Metal ball-bearing drawer glides support smooth access across the matching storage,18,222650KW-S4-1.jpg,https://www.coasterfurniture.com/furniture/category/Bedroom-Sets/Hendricks-Bedroom-Set-with-Bookcase-Bed/222650Q-S5
222650KW-S5,Hendricks 5-piece California King Bedroom Set Light Oak,Bedroom Sets,California King Bed,California King / 5,"Bedroom set centered on a bookcase headboard platform bed with a wraparound ledge gives transitional rooms a modern, organized feel. Crafted from engineered wood with laminate veneer, the coordinated pieces keep lines clean while drawers run on metal ball-bearing glides for smooth access. The headboard offers open cubbies and a full-width shelf, and the dresser adds asymmetrical alternating drawers for visual interest. Use this set to align sleep and storage in one cohesive layout.","85.25""w x 100""d x 51.5""h",202.85,coasterfurniture.com listed,Additional drawer storage expands organization while keeping a consistent silhouette | Alternating drawer fronts on the dresser add fresh detail without visual clutter | Bedroom set in light oak features a platform bed with bookcase cubbies and a full shelf | Laminate veneer over engineered wood keeps the set looking crisp through daily routines | Light oak gunmetal hardware keeps the storage pieces clean while feeling easy to use | Metal ball-bearing drawer glides support smooth access across the matching storage,20,222650KW-S5-1.jpg,https://www.coasterfurniture.com/furniture/category/Bedroom-Sets/Hendricks-Bedroom-Set-with-Bookcase-Bed/222650Q-S5
222650Q-S4,Hendricks 4-piece Queen Bedroom Set Light Oak,Bedroom Sets,Queen Bed,Queen / 4,"Bedroom set centered on a bookcase headboard platform bed with a wraparound ledge gives transitional rooms a modern, organized feel. Crafted from engineered wood with laminate veneer, the coordinated pieces keep lines clean while drawers run on metal ball-bearing glides for smooth access. The headboard offers open cubbies and a full-width shelf, and the dresser adds asymmetrical alternating drawers for visual interest. Use this set to align sleep and storage in one cohesive layout.","73.5""w x 96.25""d x 51.5""h",183.01,coasterfurniture.com listed,A tipover restraint supports steadier placement on storage pieces where included | Alternating drawer fronts on the dresser add fresh detail without visual clutter | Bedroom set in light oak features a platform bed with bookcase cubbies and a full shelf | Laminate veneer over engineered wood keeps the set looking crisp through daily routines | Light oak gunmetal hardware keeps the storage pieces clean while feeling easy to use | Metal ball-bearing drawer glides support smooth access across the matching storage,18,222650Q-S4-1.jpg,https://www.coasterfurniture.com/furniture/category/Bedroom-Sets/Hendricks-Bedroom-Set-with-Bookcase-Bed/222650Q-S5
222650Q-S5,Hendricks 5-piece Queen Bedroom Set Light Oak,Bedroom Sets,Queen Bed,Queen / 5,"Bedroom set centered on a bookcase headboard platform bed with a wraparound ledge gives transitional rooms a modern, organized feel. Crafted from engineered wood with laminate veneer, the coordinated pieces keep lines clean while drawers run on metal ball-bearing glides for smooth access. The headboard offers open cubbies and a full-width shelf, and the dresser adds asymmetrical alternating drawers for visual interest. Use this set to align sleep and storage in one cohesive layout.","73.5""w x 96.25""d x 51.5""h",183.01,coasterfurniture.com listed,Additional drawer storage expands organization while keeping a consistent silhouette | Alternating drawer fronts on the dresser add fresh detail without visual clutter | Bedroom set in light oak features a platform bed with bookcase cubbies and a full shelf | Laminate veneer over engineered wood keeps the set looking crisp through daily routines | Light oak gunmetal hardware keeps the storage pieces clean while feeling easy to use | Metal ball-bearing drawer glides support smooth access across the matching storage,20,222650Q-S5-1.jpg,https://www.coasterfurniture.com/furniture/category/Bedroom-Sets/Hendricks-Bedroom-Set-with-Bookcase-Bed/222650Q-S5
215851KE-S4,Adderley 4-piece Eastern King Bedroom Set Warm Brown,Bedroom Sets,Eastern King Bed,Eastern King / 4,"Bedroom set centers on a panel bed with stout posts and a cream upholstered headboard insert, offering modern rustic balance. Streamlined case pieces echo the thick post look in a warm wood tone, built from rubberwood, engineered wood, and rubberwood veneer for stability. Five-sided solid wood drawer boxes use English dovetail joinery and glide smoothly on metal extension drawer glides, with felt-lined top drawers for small items. A dresser mirror with a one-inch bevel completes the coordinated look for everyday organization.","79""w x 85.25""d x 56.25""h",113.56,coasterfurniture.com listed,"Warm brown four-piece eastern king bedroom set with cream headboard panel and stout posts | Stout posts and minimal lines bring modern rustic balance throughout in warm wood tone | Cream upholstered headboard insert adds soft contrast and a tailored comfort feel | Five-sided solid wood drawers use English dovetail joinery for strength built to last | Metal extension drawer glides keep storage opening smooth, with felt-lined top drawers inside | Antique brass bar pulls add a classic accent that stands out on warm brown wood grain",19,215851KE-S4-1.jpg,https://www.coasterfurniture.com/furniture/category/Bedroom-Sets/Adderley-Bedroom-Set/215851Q-S5
215851KE-S5,Adderley 5-piece Eastern King Bedroom Set Warm Brown,Bedroom Sets,Eastern King Bed,Eastern King / 5,"Bedroom set centers on a panel bed with stout posts and a cream upholstered headboard insert, offering modern rustic balance. Streamlined case pieces echo the thick post look in a warm wood tone, built from rubberwood, engineered wood, and rubberwood veneer for stability. Five-sided solid wood drawer boxes use English dovetail joinery and glide smoothly on metal extension drawer glides, with felt-lined top drawers for small items. A dresser mirror with a one-inch bevel completes the coordinated look for everyday organization.","79""w x 85.25""d x 56.25""h",113.56,coasterfurniture.com listed,"Warm brown five-piece eastern king bedroom set with cream headboard panel and stout posts | Stout posts and minimal lines bring modern rustic balance throughout in warm wood tone | Cream upholstered headboard insert adds soft contrast and a tailored comfort feel | Five-sided solid wood drawers use English dovetail joinery for strength built to last | Metal extension drawer glides keep storage opening smooth, with felt-lined top drawers inside | Antique brass bar pulls add a classic accent that stands out on warm brown wood grain",20,215851KE-S5-1.jpg,https://www.coasterfurniture.com/furniture/category/Bedroom-Sets/Adderley-Bedroom-Set/215851Q-S5
215851KW-S4,Adderley 4-piece California King Bedroom Set Warm Brown,Bedroom Sets,California King Bed,California King / 4,"Bedroom set centers on a panel bed with stout posts and a cream upholstered headboard insert, offering modern rustic balance. Streamlined case pieces echo the thick post look in a warm wood tone, built from rubberwood, engineered wood, and rubberwood veneer for stability. Five-sided solid wood drawer boxes use English dovetail joinery and glide smoothly on metal extension drawer glides, with felt-lined top drawers for small items. A dresser mirror with a one-inch bevel completes the coordinated look for everyday organization.","79""w x 89.25""d x 56.25""h",119.94,coasterfurniture.com listed,"Warm brown four-piece california king bedroom set with cream headboard panel and stout posts | Stout posts and minimal lines bring modern rustic balance throughout in warm wood tone | Cream upholstered headboard insert adds soft contrast and a tailored comfort feel | Five-sided solid wood drawers use English dovetail joinery for strength built to last | Metal extension drawer glides keep storage opening smooth, with felt-lined top drawers inside | Antique brass bar pulls add a classic accent that stands out on warm brown wood grain",19,215851KW-S4-1.jpg,https://www.coasterfurniture.com/furniture/category/Bedroom-Sets/Adderley-Bedroom-Set/215851Q-S5
215851KW-S5,Adderley 5-piece California King Bedroom Set Warm Brown,Bedroom Sets,California King Bed,California King / 5,"Bedroom set centers on a panel bed with stout posts and a cream upholstered headboard insert, offering modern rustic balance. Streamlined case pieces echo the thick post look in a warm wood tone, built from rubberwood, engineered wood, and rubberwood veneer for stability. Five-sided solid wood drawer boxes use English dovetail joinery and glide smoothly on metal extension drawer glides, with felt-lined top drawers for small items. A dresser mirror with a one-inch bevel completes the coordinated look for everyday organization.","79""w x 89.25""d x 56.25""h",119.94,coasterfurniture.com listed,"Warm brown five-piece california king bedroom set with cream headboard panel and stout posts | Stout posts and minimal lines bring modern rustic balance throughout in warm wood tone | Cream upholstered headboard insert adds soft contrast and a tailored comfort feel | Five-sided solid wood drawers use English dovetail joinery for strength built to last | Metal extension drawer glides keep storage opening smooth, with felt-lined top drawers inside | Antique brass bar pulls add a classic accent that stands out on warm brown wood grain",20,215851KW-S5-1.jpg,https://www.coasterfurniture.com/furniture/category/Bedroom-Sets/Adderley-Bedroom-Set/215851Q-S5
215851Q-S4,Adderley 4-piece Queen Bedroom Set Warm Brown,Bedroom Sets,Queen Bed,Queen / 4,"Bedroom set centers on a panel bed with stout posts and a cream upholstered headboard insert, offering modern rustic balance. Streamlined case pieces echo the thick post look in a warm wood tone, built from rubberwood, engineered wood, and rubberwood veneer for stability. Five-sided solid wood drawer boxes use English dovetail joinery and metal extension drawer glides, with felt-lined top drawers for small items. A dresser mirror with a one-inch bevel completes the coordinated look for everyday organization.","63""w x 85.25""d x 56.25""h",100.33,coasterfurniture.com listed,"Warm brown four-piece queen bedroom set with cream headboard panel and stout posts | Stout posts and minimal lines bring modern rustic balance throughout in warm wood tone | Cream upholstered headboard insert adds soft contrast and a tailored comfort feel | Five-sided solid wood drawers use English dovetail joinery for strength built to last | Metal extension drawer glides keep storage opening smooth, with felt-lined top drawers inside | Antique brass bar pulls add a classic accent that stands out on warm brown wood grain",19,215851Q-S4-1.jpg,https://www.coasterfurniture.com/furniture/category/Bedroom-Sets/Adderley-Bedroom-Set/215851Q-S5
215851Q-S5,Adderley 5-piece Queen Bedroom Set Warm Brown,Bedroom Sets,Queen Bed,Queen / 5,"Bedroom set centers on a panel bed with stout posts and a cream upholstered headboard insert, offering modern rustic balance. Streamlined case pieces echo the thick post look in a warm wood tone, built from rubberwood, engineered wood, and rubberwood veneer for stability. Five-sided solid wood drawer boxes use English dovetail joinery and glide smoothly on metal extension drawer glides, with felt-lined top drawers for small items. A dresser mirror with a one-inch bevel completes the coordinated look for everyday organization.","63""w x 85.25""d x 56.25""h",100.33,coasterfurniture.com listed,"Warm brown five-piece queen bedroom set with cream headboard panel and stout posts | Stout posts and minimal lines bring modern rustic balance throughout in warm wood tone | Cream upholstered headboard insert adds soft contrast and a tailored comfort feel | Five-sided solid wood drawers use English dovetail joinery for strength built to last | Metal extension drawer glides keep storage opening smooth, with felt-lined top drawers inside | Antique brass bar pulls add a classic accent that stands out on warm brown wood grain",20,215851Q-S5-1.jpg,https://www.coasterfurniture.com/furniture/category/Bedroom-Sets/Adderley-Bedroom-Set/215851Q-S5
222491KE-S4,Leandro 4-piece Eastern King Bedroom Set Burnished Black,Bedroom Sets,Eastern King Bed,,"The bedroom set exudes quiet strength through softened forms and thoughtful materials. Anchored by a wingback bed with a cream upholstered headboard, the collection pairs sculptural silhouettes with a burnished black finish for moody depth. Each case piece features black felt-lined top drawers, English dovetail joinery, and soft-closing glides for enduring elegance. Dust panel construction and recessed pulls complete this study in modern simplicity and enduring comfort.","81""w x 87""d x 54.75""h",166.44,coasterfurniture.com listed,"Bedroom set finished in burnished black for a grounded, contemporary aesthetic | Dust panel base and recessed pulls give each case piece a sleek, enclosed profile | English dovetail joinery ensures lasting strength and clean internal construction | Heavy-duty soft-closing glides provide smooth, quiet drawer functionality | Top drawers are lined in black felt for added care of jewelry and essentials | Wingback bed features cream upholstered headboard with refined tufted detail",18,222491KE-S4-1.jpg,https://www.coasterfurniture.com/furniture/category/Bedroom-Sets/Leandro-Bedroom-Set/222491Q-S5
222491KE-S5,Leandro 5-piece Eastern King Bedroom Set Burnished Black,Bedroom Sets,Eastern King Bed,,"The bedroom set exudes quiet strength through softened forms and thoughtful materials. Anchored by a wingback bed with a cream upholstered headboard, the collection pairs sculptural silhouettes with a burnished black finish for moody depth. Each case piece features black felt-lined top drawers, English dovetail joinery, and soft-closing glides for enduring elegance. Dust panel construction and recessed pulls complete this study in modern simplicity and enduring comfort.","81""w x 87""d x 54.75""h",166.44,coasterfurniture.com listed,"Bedroom set finished in burnished black for a grounded, contemporary aesthetic | Dust panel base and recessed pulls give each case piece a sleek, enclosed profile | English dovetail joinery ensures lasting strength and clean internal construction | Heavy-duty soft-closing glides provide smooth, quiet drawer functionality | Top drawers are lined in black felt for added care of jewelry and essentials | Wingback bed features cream upholstered headboard with refined tufted detail",20,222491KE-S5-1.jpg,https://www.coasterfurniture.com/furniture/category/Bedroom-Sets/Leandro-Bedroom-Set/222491Q-S5
222491KW-S4,Leandro 4-piece California King Bedroom Set Burnished Black,Bedroom Sets,Cal King Bed,,"The bedroom set exudes quiet strength through softened forms and thoughtful materials. Anchored by a wingback bed with a cream upholstered headboard, the collection pairs sculptural silhouettes with a burnished black finish for moody depth. Each case piece features black felt-lined top drawers, English dovetail joinery, and soft-closing glides for enduring elegance. Dust panel construction and recessed pulls complete this study in modern simplicity and enduring comfort.","81""w x 87""d x 54.75""h",191.79,coasterfurniture.com listed,"English dovetail joinery ensures lasting strength and clean internal construction | Heavy-duty soft-closing glides provide smooth, quiet drawer functionality | Top drawers are lined in black felt for added care of jewelry and essentials | Wingback bed features cream upholstered headboard with refined tufted detail | Bedroom set finished in burnished black for a grounded, contemporary aesthetic | Dust panel base and recessed pulls give each case piece a sleek, enclosed profile",18,222491KW-S4-1.jpg,https://www.coasterfurniture.com/furniture/category/Bedroom-Sets/Leandro-Bedroom-Set/222491Q-S5
222491KW-S5,Leandro 5-piece California King Bedroom Set Burnished Black,Bedroom Sets,Cal King Bed,,"The bedroom set exudes quiet strength through softened forms and thoughtful materials. Anchored by a wingback bed with a cream upholstered headboard, the collection pairs sculptural silhouettes with a burnished black finish for moody depth. Each case piece features black felt-lined top drawers, English dovetail joinery, and soft-closing glides for enduring elegance. Dust panel construction and recessed pulls complete this study in modern simplicity and enduring comfort.","81""w x 87""d x 54.75""h",191.79,coasterfurniture.com listed,"Bedroom set finished in burnished black for a grounded, contemporary aesthetic | Dust panel base and recessed pulls give each case piece a sleek, enclosed profile | English dovetail joinery ensures lasting strength and clean internal construction | Heavy-duty soft-closing glides provide smooth, quiet drawer functionality | Top drawers are lined in black felt for added care of jewelry and essentials | Wingback bed features cream upholstered headboard with refined tufted detail",20,222491KW-S5-1.jpg,https://www.coasterfurniture.com/furniture/category/Bedroom-Sets/Leandro-Bedroom-Set/222491Q-S5
222491Q-S4,Leandro 4-piece Queen Bedroom Set Burnished Black,Bedroom Sets,Queen Bed,,"The bedroom set exudes quiet strength through softened forms and thoughtful materials. Anchored by a wingback bed with a cream upholstered headboard, the collection pairs sculptural silhouettes with a burnished black finish for moody depth. Each case piece features black felt-lined top drawers, English dovetail joinery, and soft-closing glides for enduring elegance. Dust panel construction and recessed pulls complete this study in modern simplicity and enduring comfort.","65""w x 87""d x 54.75""h",151.01,coasterfurniture.com listed,"Bedroom set finished in burnished black for a grounded, contemporary aesthetic | Dust panel base and recessed pulls give each case piece a sleek, enclosed profile | English dovetail joinery ensures lasting strength and clean internal construction | Heavy-duty soft-closing glides provide smooth, quiet drawer functionality | Top drawers are lined in black felt for added care of jewelry and essentials | Wingback bed features cream upholstered headboard with refined tufted detail",18,222491Q-S4-1.jpg,https://www.coasterfurniture.com/furniture/category/Bedroom-Sets/Leandro-Bedroom-Set/222491Q-S5
222491Q-S5,Leandro 5-piece Queen Bedroom Set Burnished Black,Bedroom Sets,Queen Bed,,"The bedroom set exudes quiet strength through softened forms and thoughtful materials. Anchored by a wingback bed with a cream upholstered headboard, the collection pairs sculptural silhouettes with a burnished black finish for moody depth. Each case piece features black felt-lined top drawers, English dovetail joinery, and soft-closing glides for enduring elegance. Dust panel construction and recessed pulls complete this study in modern simplicity and enduring comfort.","65""w x 87""d x 54.75""h",151.01,coasterfurniture.com listed,"Bedroom set finished in burnished black for a grounded, contemporary aesthetic | Dust panel base and recessed pulls give each case piece a sleek, enclosed profile | English dovetail joinery ensures lasting strength and clean internal construction | Heavy-duty soft-closing glides provide smooth, quiet drawer functionality | Top drawers are lined in black felt for added care of jewelry and essentials | Wingback bed features cream upholstered headboard with refined tufted detail",20,222491Q-S5-1.jpg,https://www.coasterfurniture.com/furniture/category/Bedroom-Sets/Leandro-Bedroom-Set/222491Q-S5
225061KE-S4,Trenton 4-piece Eastern King Bedroom Set Rustic Cream,Bedroom Sets,Eastern King Bed,Eastern King / 4,"A modern bedroom set blends rustic charm with contemporary design to create a refined and functional retreat. Finished in rustic cream laminate veneer with a rough-sawn, white-washed texture, it pairs warmth with clean lines. The bed features a padded boucle upholstered headboard with a floating effect for added visual interest. Coordinating storage pieces include a six-drawer dresser and two-drawer nightstand, offering eight total drawers with English dovetail joinery and center metal glides for durability and smooth performance.","79.25""w x 83.75""d x 53.75""h",93.71,coasterfurniture.com listed,Eastern king bedroom set includes bed dresser mirror and nightstand with eight total drawers | Drawers feature English dovetail joinery and center metal glides | Six drawer dresser and two drawer nightstand provide organized storage | Rustic cream laminate veneer finish delivers textured modern appeal | Floating bed design with padded boucle headboard adds modern texture | Polished nickel hardware adds sleek contrast to rustic tones,17,225061KE-S4-1.jpg,https://www.coasterfurniture.com/furniture/category/Bedroom-Sets/Trenton-Bedroom-Set/225061Q-S5
225061KE-S5,Trenton 5-piece Eastern King Bedroom Set Rustic Cream,Bedroom Sets,Eastern King Bed,Eastern King / 5,"A modern bedroom set blends rustic charm with contemporary design to create a refined and functional retreat. Finished in rustic cream laminate veneer with a rough-sawn, white-washed texture, it pairs warmth with clean lines. The bed features a padded boucle upholstered headboard with a floating effect for added visual interest. Coordinating storage pieces expand capacity with a six-drawer dresser, two-drawer nightstand, and four-drawer chest, offering twelve total drawers with English dovetail joinery and center metal glides for durability and smooth performance.","79.25""w x 83.75""d x 53.75""h",93.71,coasterfurniture.com listed,Eastern king bedroom set includes bed dresser mirror nightstand and chest with twelve drawers | Drawers feature English dovetail joinery and center metal glides | Six drawer dresser two drawer nightstand and four drawer chest maximize storage | Rustic cream laminate veneer finish delivers textured modern appeal | Floating bed design with padded boucle headboard adds modern texture | Polished nickel hardware adds sleek contrast to rustic tones,20,225061KE-S5-1.jpg,https://www.coasterfurniture.com/furniture/category/Bedroom-Sets/Trenton-Bedroom-Set/225061Q-S5
225061Q-S4,Trenton 4-piece Queen Bedroom Set Rustic Cream,Bedroom Sets,Queen Bed,Queen / 4,"A modern bedroom set blends rustic charm with contemporary design to create a refined and functional retreat. Finished in rustic cream laminate veneer with a rough-sawn, white-washed texture, it pairs warmth with clean lines. The bed features a padded boucle upholstered headboard with a floating effect for added visual interest. Coordinating storage pieces include a six-drawer dresser and two-drawer nightstand, offering eight total drawers with English dovetail joinery and center metal glides for durability and smooth performance.","63.5""w x 83.75""d x 53.75""h",80.49,coasterfurniture.com listed,Queen bedroom set includes bed dresser mirror and nightstand with eight total drawers | Drawers feature English dovetail joinery and center metal glides | Six drawer dresser and two drawer nightstand provide organized storage | Rustic cream laminate veneer finish delivers textured modern appeal | Floating bed design with padded boucle headboard adds modern texture | Polished nickel hardware adds sleek contrast to rustic tones,17,225061Q-S4-1.jpg,https://www.coasterfurniture.com/furniture/category/Bedroom-Sets/Trenton-Bedroom-Set/225061Q-S5
225061Q-S5,Trenton 5-piece Queen Bedroom Set Rustic Cream,Bedroom Sets,Queen Bed,Queen / 5,"A modern bedroom set blends rustic charm with contemporary design to create a refined and functional retreat. Finished in rustic cream laminate veneer with a rough-sawn, white-washed texture, it pairs warmth with clean lines. The bed features a padded boucle upholstered headboard with a floating effect for added visual interest. Coordinating storage pieces expand capacity with a six-drawer dresser, two-drawer nightstand, and four-drawer chest, offering twelve total drawers with English dovetail joinery and center metal glides for durability and smooth performance.","63.5""w x 83.75""d x 53.75""h",80.49,coasterfurniture.com listed,Queen bedroom set includes bed dresser mirror nightstand and chest with twelve drawers | Drawers feature English dovetail joinery and center metal glides | Six drawer dresser two drawer nightstand and four drawer chest maximize storage | Rustic cream laminate veneer finish delivers textured modern appeal | Floating bed design with padded boucle headboard adds modern texture | Polished nickel hardware adds sleek contrast to rustic tones,20,225061Q-S5-1.jpg,https://www.coasterfurniture.com/furniture/category/Bedroom-Sets/Trenton-Bedroom-Set/225061Q-S5
225061T-S4,Trenton 4-piece Twin Bedroom Set Rustic Cream,Bedroom Sets,Twin Bed,Twin / 4,"A modern bedroom set blends rustic charm with contemporary design to create a refined and functional retreat. Finished in rustic cream laminate veneer with a rough-sawn, white-washed texture, it pairs warmth with clean lines. The bed features a padded boucle upholstered headboard with a floating effect for added visual interest. Coordinating storage pieces include a six-drawer dresser and two-drawer nightstand, offering eight total drawers with English dovetail joinery and center metal glides for durability and smooth performance.","42.25""w x 78.75""d x 53.75""h",62.84,coasterfurniture.com listed,Twin bedroom set includes bed dresser mirror and nightstand with eight total drawers | Drawers feature English dovetail joinery and center metal glides | Six drawer dresser and two drawer nightstand provide organized storage | Rustic cream laminate veneer finish delivers textured modern appeal | Floating bed design with padded boucle headboard adds modern texture | Polished nickel hardware adds sleek contrast to rustic tones,17,225061T-S4-1.jpg,https://www.coasterfurniture.com/furniture/category/Bedroom-Sets/Trenton-Bedroom-Set/225061Q-S5
225061T-S5,Trenton 5-piece Twin Bedroom Set Rustic Cream,Bedroom Sets,Twin Bed,Twin / 5,"A modern bedroom set blends rustic charm with contemporary design to create a refined and functional retreat. Finished in rustic cream laminate veneer with a rough-sawn, white-washed texture, it pairs warmth with clean lines. The bed features a padded boucle upholstered headboard with a floating effect for added visual interest. Coordinating storage pieces expand capacity with a six-drawer dresser, two-drawer nightstand, and four-drawer chest, offering twelve total drawers with English dovetail joinery and center metal glides for durability and smooth performance.","42.25""w x 78.75""d x 53.75""h",62.84,coasterfurniture.com listed,Twin bedroom set includes bed dresser mirror nightstand and chest with twelve drawers | Drawers feature English dovetail joinery and center metal glides | Six drawer dresser two drawer nightstand and four drawer chest maximize storage | Rustic cream laminate veneer finish delivers textured modern appeal | Floating bed design with padded boucle headboard adds modern texture | Polished nickel hardware adds sleek contrast to rustic tones,20,225061T-S5-1.jpg,https://www.coasterfurniture.com/furniture/category/Bedroom-Sets/Trenton-Bedroom-Set/225061Q-S5
225061F-S4,Trenton 4-piece Full Bedroom Set Rustic Cream,Bedroom Sets,Full Bed,Full / 4,"A modern bedroom set blends rustic charm with contemporary design to create a refined and functional retreat. Finished in rustic cream laminate veneer with a rough-sawn, white-washed texture, it pairs warmth with clean lines. The bed features a padded boucle upholstered headboard with a floating effect for added visual interest. Coordinating storage pieces include a six-drawer dresser and two-drawer nightstand, offering eight total drawers with English dovetail joinery and center metal glides for durability and smooth performance.","57.25""w x 78.75""d x 53.75""h",76.07,coasterfurniture.com listed,Full bedroom set includes bed dresser mirror and nightstand with eight total drawers | Drawers feature English dovetail joinery and center metal glides | Rustic cream laminate veneer finish delivers textured modern appeal | Six drawer dresser and two drawer nightstand provide organized storage | Floating bed design with padded boucle headboard adds modern texture | Polished nickel hardware adds sleek contrast to rustic tones,17,225061F-S4-1.jpg,https://www.coasterfurniture.com/furniture/category/Bedroom-Sets/Trenton-Bedroom-Set/225061Q-S5
225061F-S5,Trenton 5-piece Full Bedroom Set Rustic Cream,Bedroom Sets,Full Bed,Full / 5,"A modern bedroom set blends rustic charm with contemporary design to create a refined and functional retreat. Finished in rustic cream laminate veneer with a rough-sawn, white-washed texture, it pairs warmth with clean lines. The bed features a padded boucle upholstered headboard with a floating effect for added visual interest. Coordinating storage pieces expand capacity with a six-drawer dresser, two-drawer nightstand, and four-drawer chest, offering twelve total drawers with English dovetail joinery and center metal glides for durability and smooth performance.","57.25""w x 78.75""d x 53.75""h",76.07,coasterfurniture.com listed,Full bedroom set includes bed dresser mirror nightstand and chest with twelve drawers | Drawers feature English dovetail joinery and center metal glides | Rustic cream laminate veneer finish delivers textured modern appeal | Six drawer dresser two drawer nightstand and four drawer chest maximize storage | Floating bed design with padded boucle headboard adds modern texture | Polished nickel hardware adds sleek contrast to rustic tones,20,225061F-S5-1.jpg,https://www.coasterfurniture.com/furniture/category/Bedroom-Sets/Trenton-Bedroom-Set/225061Q-S5
207041KE-S4,Brantford 4-piece Eastern King Bedroom Set Barrel Oak,Bedroom Sets,Eastern King Bed,Barrel Oak / Eastern King / 4,"The bedroom set brings contemporary style and functionality to any space. Anchored by a sleek panel bed with a slatted headboard, this set blends clean lines with a refined aesthetic. Crafted from engineered wood with a durable laminate veneer, each piece ensures long-lasting durability. Matte dark bronze hardware provides a stylish contrast, enhancing the modern appeal. Designed for both style and practicality, this bedroom set creates a cohesive and sophisticated sleeping space.","78.75""w x 85.75""d x 52.25""h",89.3,coasterfurniture.com listed,"Barrel oak finish enhances the warm, natural wood grain-inspired look | Bedroom set centered around a sleek panel bed with a slatted headboard | Clean lines and minimalist details complement contemporary interiors | Durable laminate veneer resists scratches, stains, and everyday wear | Matte dark bronze hardware adds a stylish, modern contrast | Sturdy engineered wood construction ensures long-lasting durability",19,207041KE-S4-1.jpg,https://www.coasterfurniture.com/furniture/category/Bedroom-Sets/Brantford-Bedroom-Set/207041Q-S5
207041KE-S5,Brantford 5-piece Eastern King Bedroom Set Barrel Oak,Bedroom Sets,Eastern King Bed,Barrel Oak / Eastern King / 5,"The bedroom set brings contemporary style and functionality to any space. Anchored by a sleek panel bed with a slatted headboard, this set blends clean lines with a refined aesthetic. Crafted from engineered wood with a durable laminate veneer, each piece ensures long-lasting durability. Matte dark bronze hardware provides a stylish contrast, enhancing the modern appeal. Designed for both style and practicality, this bedroom set creates a cohesive and sophisticated sleeping space.","78.75""w x 85.75""d x 52.25""h",89.3,coasterfurniture.com listed,"Barrel oak finish enhances the warm, natural wood grain-inspired look | Bedroom set centered around a sleek panel bed with a slatted headboard | Clean lines and minimalist details complement contemporary interiors | Durable laminate veneer resists scratches, stains, and everyday wear | Matte dark bronze hardware adds a stylish, modern contrast | Sturdy engineered wood construction ensures long-lasting durability",20,207041KE-S5-1.jpg,https://www.coasterfurniture.com/furniture/category/Bedroom-Sets/Brantford-Bedroom-Set/207041Q-S5
207051KE-S4,Brantford 4-piece Eastern King Bedroom Set Coastal White,Bedroom Sets,Eastern King Bed,Coastal White / Eastern King / 4,"The bedroom set brings contemporary style and functionality to any space. Anchored by a sleek panel bed with a slatted headboard, this set blends clean lines with a refined aesthetic. Crafted from engineered wood with a durable laminate veneer, each piece ensures long-lasting durability. Matte dark bronze hardware provides a stylish contrast, enhancing the modern appeal. Designed for both style and practicality, this bedroom set creates a cohesive and sophisticated sleeping space.","78.75""w x 85.75""d x 52.25""h",89.3,coasterfurniture.com listed,"Bedroom set centered around a sleek panel bed with a slatted headboard | Clean lines and minimalist details complement contemporary interiors | Coastal white finish brings a fresh, light, and airy aesthetic | Durable laminate veneer resists scratches, stains, and everyday wear | Matte dark bronze hardware adds a stylish, modern contrast | Sturdy engineered wood construction ensures long-lasting durability",16,207051KE-S4-1.jpg,https://www.coasterfurniture.com/furniture/category/Bedroom-Sets/Brantford-Bedroom-Set/207041Q-S5
207051KE-S5,Brantford 5-piece Eastern King Bedroom Set Coastal White,Bedroom Sets,Eastern King Bed,Coastal White / Eastern King / 5,"The bedroom set brings contemporary style and functionality to any space. Anchored by a sleek panel bed with a slatted headboard, this set blends clean lines with a refined aesthetic. Crafted from engineered wood with a durable laminate veneer, each piece ensures long-lasting durability. Matte dark bronze hardware provides a stylish contrast, enhancing the modern appeal. Designed for both style and practicality, this bedroom set creates a cohesive and sophisticated sleeping space.","78.75""w x 85.75""d x 52.25""h",89.3,coasterfurniture.com listed,"Bedroom set centered around a sleek panel bed with a slatted headboard | Clean lines and minimalist details complement contemporary interiors | Coastal white finish brings a fresh, light, and airy aesthetic | Durable laminate veneer resists scratches, stains, and everyday wear | Matte dark bronze hardware adds a stylish, modern contrast | Sturdy engineered wood construction ensures long-lasting durability",19,207051KE-S5-1.jpg,https://www.coasterfurniture.com/furniture/category/Bedroom-Sets/Brantford-Bedroom-Set/207041Q-S5
207051Q-S4,Brantford 4-piece Queen Bedroom Set Coastal White,Bedroom Sets,Queen Bed,Coastal White / Queen / 4,"The bedroom set brings contemporary style and functionality to any space. Anchored by a sleek panel bed with a slatted headboard, this set blends clean lines with a refined aesthetic. Crafted from engineered wood with a durable laminate veneer, each piece ensures long-lasting durability. Matte dark bronze hardware provides a stylish contrast, enhancing the modern appeal. Designed for both style and practicality, this bedroom set creates a cohesive and sophisticated sleeping space.","63""w x 85.75""d x 52.25""h",86.84,coasterfurniture.com listed,"Bedroom set centered around a sleek panel bed with a slatted headboard | Clean lines and minimalist details complement contemporary interiors | Coastal white finish brings a fresh, light, and airy aesthetic | Durable laminate veneer resists scratches, stains, and everyday wear | Matte dark bronze hardware adds a stylish, modern contrast | Sturdy engineered wood construction ensures long-lasting durability",16,207051Q-S4-1.jpg,https://www.coasterfurniture.com/furniture/category/Bedroom-Sets/Brantford-Bedroom-Set/207041Q-S5
207051Q-S5,Brantford 5-piece Queen Bedroom Set Coastal White,Bedroom Sets,Queen Bed,Coastal White / Queen / 5,"The bedroom set brings contemporary style and functionality to any space. Anchored by a sleek panel bed with a slatted headboard, this set blends clean lines with a refined aesthetic. Crafted from engineered wood with a durable laminate veneer, each piece ensures long-lasting durability. Matte dark bronze hardware provides a stylish contrast, enhancing the modern appeal. Designed for both style and practicality, this bedroom set creates a cohesive and sophisticated sleeping space.","63""w x 85.75""d x 52.25""h",86.84,coasterfurniture.com listed,"Bedroom set centered around a sleek panel bed with a slatted headboard | Clean lines and minimalist details complement contemporary interiors | Coastal white finish brings a fresh, light, and airy aesthetic | Durable laminate veneer resists scratches, stains, and everyday wear | Matte dark bronze hardware adds a stylish, modern contrast | Sturdy engineered wood construction ensures long-lasting durability",19,207051Q-S5-1.jpg,https://www.coasterfurniture.com/furniture/category/Bedroom-Sets/Brantford-Bedroom-Set/207041Q-S5
207041Q-S4,Brantford 4-piece Queen Bedroom Set Barrel Oak,Bedroom Sets,Queen Bed,Barrel Oak / Queen / 4,"The bedroom set brings contemporary style and functionality to any space. Anchored by a sleek panel bed with a slatted headboard, this set blends clean lines with a refined aesthetic. Crafted from engineered wood with a durable laminate veneer, each piece ensures long-lasting durability. Matte dark bronze hardware provides a stylish contrast, enhancing the modern appeal. Designed for both style and practicality, this bedroom set creates a cohesive and sophisticated sleeping space.","63""w x 85.75""d x 52.25""h",86.84,coasterfurniture.com listed,"Barrel oak finish enhances the warm, natural wood grain-inspired look | Bedroom set centered around a sleek panel bed with a slatted headboard | Clean lines and minimalist details complement contemporary interiors | Durable laminate veneer resists scratches, stains, and everyday wear | Matte dark bronze hardware adds a stylish, modern contrast | Sturdy engineered wood construction ensures long-lasting durability",19,207041Q-S4-1.jpg,https://www.coasterfurniture.com/furniture/category/Bedroom-Sets/Brantford-Bedroom-Set/207041Q-S5
207041Q-S5,Brantford 5-piece Queen Bedroom Set Barrel Oak,Bedroom Sets,Queen Bed,Barrel Oak / Queen / 5,"The bedroom set brings contemporary style and functionality to any space. Anchored by a sleek panel bed with a slatted headboard, this set blends clean lines with a refined aesthetic. Crafted from engineered wood with a durable laminate veneer, each piece ensures long-lasting durability. Matte dark bronze hardware provides a stylish contrast, enhancing the modern appeal. Designed for both style and practicality, this bedroom set creates a cohesive and sophisticated sleeping space.","63""w x 85.75""d x 52.25""h",86.84,coasterfurniture.com listed,"Barrel oak finish enhances the warm, natural wood grain-inspired look | Bedroom set centered around a sleek panel bed with a slatted headboard | Clean lines and minimalist details complement contemporary interiors | Durable laminate veneer resists scratches, stains, and everyday wear | Matte dark bronze hardware adds a stylish, modern contrast | Sturdy engineered wood construction ensures long-lasting durability",20,207041Q-S5-1.jpg,https://www.coasterfurniture.com/furniture/category/Bedroom-Sets/Brantford-Bedroom-Set/207041Q-S5
224961KE-S4,Marmore 4-piece Eastern King Bedroom Set White,Bedroom Sets,Eastern King Bed,Eastern King / 4,"Coordinated panels, mirrored accents, and embossed herringbone patterning bring this bedroom set together in a polished modern Italian statement. The upholstered bed introduces boucle texture and touch LED lighting at the headboard, while the case pieces add organized storage and reflective detail through acrylic legs, chrome hardware, and framed surfaces. Cord management in the nightstand and LED lighting in the mirror extend the set’s everyday function.","79.25""w x 85.75""d x 64""h",152.18,coasterfurniture.com listed,Four-piece eastern king bedroom set features a coordinated modern Italian design | Nightstand includes cord management access for bedside convenience | Dresser offers organized drawer storage and a mirror with touch LED light | Upholstered LED headboard adds boucle texture and ambient bedroom light | Herringbone panels and mirror accents create layered visual dimension | Acrylic legs and chrome hardware complete the polished white finish,19,224961KE-S4-1.jpg,https://www.coasterfurniture.com/furniture/category/Bedroom-Sets/Marmore-Bedroom-Set/224961Q-S5
224961KE-S5,Marmore 5-piece Eastern King Bedroom Set White,Bedroom Sets,Eastern King Bed,Eastern King / 5,"Coordinated panels, mirrored accents, and embossed herringbone patterning bring this bedroom set together in a polished modern Italian statement. The upholstered bed introduces boucle texture and touch LED lighting at the headboard, while the case pieces add organized storage and reflective detail through acrylic legs, chrome hardware, and framed surfaces. Cord management in the nightstand and LED lighting in the mirror extend the set’s everyday function.","79.25""w x 85.75""d x 64""h",152.18,coasterfurniture.com listed,Five-piece eastern king bedroom set features a coordinated modern Italian design | Nightstand includes cord management access for bedside convenience | Dresser and chest expand organized bedroom storage capacity | Upholstered LED headboard adds boucle texture and ambient bedroom light | Herringbone panels and mirror accents create layered visual dimension | Acrylic legs and chrome hardware complete the polished white finish,20,224961KE-S5-1.jpg,https://www.coasterfurniture.com/furniture/category/Bedroom-Sets/Marmore-Bedroom-Set/224961Q-S5
224961Q-S4,Marmore 4-piece Queen Bedroom Set White,Bedroom Sets,Queen Bed,Queen / 4,"Coordinated panels, mirrored accents, and embossed herringbone patterning bring this bedroom set together in a polished modern Italian statement. The upholstered bed introduces boucle texture and touch LED lighting at the headboard, while the case pieces add organized storage and reflective detail through acrylic legs, chrome hardware, and framed surfaces. Cord management in the nightstand and LED lighting in the mirror extend the set’s everyday function.","63.5""w x 85.75""d x 64""h",130.76,coasterfurniture.com listed,Four-piece queen bedroom set features a coordinated modern Italian design | Nightstand includes cord management access for bedside convenience | Dresser offers organized drawer storage and a mirror with touch LED light | Upholstered LED headboard adds boucle texture and ambient bedroom light | Herringbone panels and mirror accents create layered visual dimension | Acrylic legs and chrome hardware complete the polished white finish,19,224961Q-S4-1.jpg,https://www.coasterfurniture.com/furniture/category/Bedroom-Sets/Marmore-Bedroom-Set/224961Q-S5
224961Q-S5,Marmore 5-piece Queen Bedroom Set White,Bedroom Sets,Queen Bed,Queen / 5,"Coordinated panels, mirrored accents, and embossed herringbone patterning bring this bedroom set together in a polished modern Italian statement. The upholstered bed introduces boucle texture and touch LED lighting at the headboard, while the case pieces add organized storage and reflective detail through acrylic legs, chrome hardware, and framed surfaces. Cord management in the nightstand and LED lighting in the mirror extend the set’s everyday function.","63.5""w x 85.75""d x 64""h",130.76,coasterfurniture.com listed,Five-piece queen bedroom set features a coordinated modern Italian design | Nightstand includes cord management access for bedside convenience | Dresser and chest expand organized bedroom storage capacity | Upholstered LED headboard adds boucle texture and ambient bedroom light | Herringbone panels and mirror accents create layered visual dimension | Acrylic legs and chrome hardware complete the polished white finish,20,224961Q-S5-1.jpg,https://www.coasterfurniture.com/furniture/category/Bedroom-Sets/Marmore-Bedroom-Set/224961Q-S5
223161KE-S4B,Lorient 4-piece Eastern King Bedroom Set Black,Bedroom Sets,Eastern King Bed,,"This bedroom set transforms everyday rest into a radiant retreat, blending plush textures with ambient light. Upholstered in a black velvet, each piece is trimmed in LED lighting for a soft glow. The dresser features a built-in flame visualizer with a clear tempered glass top and wireless remote. Paired with a tufted LED wingback bed, solid rubberwood legs nightstand with dual USB ports, and a light-framed mirror, the collection balances comfort with luminous elegance.","95.5""w x 92.5""d x 63.25""h",252.48,coasterfurniture.com listed,"Bedroom set fully wrapped in a black velvet for rich contrast and soft texture | Crystal knobs, solid rubberwood legs, dovetail joinery, and LED mirror lighting complete the look | Dresser includes flame visualizer (no heat) with LED trim and wireless remote control | Nightstand includes dual USB charging with USB-A and USB-C for bedside convenience | Tempered glass tops on dresser and nightstand add polish and durable surface finish | Wingback bed features tufted headboard with LED crown accent and sculpted profile",20,223161KE-S4B-1.jpg,https://www.coasterfurniture.com/furniture/category/Bedroom-Sets/Lorient-Bedroom-Set/223161Q-S5B
223161KE-S5B,Lorient 5-piece Eastern King Bedroom Set Black,Bedroom Sets,Eastern King Bed,,"This bedroom set transforms everyday rest into a radiant retreat, blending plush textures with ambient light. Upholstered in a black velvet, each piece is trimmed in LED lighting for a soft glow. The dresser features a built-in flame visualizer with a clear tempered glass top and wireless remote. Paired with a tufted LED wingback bed, solid rubberwood legs nightstand with dual USB ports, and a light-framed mirror, the collection balances comfort with luminous elegance.","95.5""w x 92.5""d x 63.25""h",252.48,coasterfurniture.com listed,"Crystal knobs, solid rubberwood legs, dovetail joinery, and LED mirror lighting complete the look | Dresser includes flame visualizer (no heat) with LED trim and wireless remote control | Nightstand includes dual USB charging with USB-A and USB-C for bedside convenience | Tempered glass tops on dresser and nightstand add polish and durable surface finish | Wingback bed features tufted headboard with LED crown accent and sculpted profile | Bedroom set fully wrapped in a black velvet for rich contrast and soft texture",20,223161KE-S5B-1.jpg,https://www.coasterfurniture.com/furniture/category/Bedroom-Sets/Lorient-Bedroom-Set/223161Q-S5B
223161KW-S5B,Lorient 5-piece California King Bedroom Set Black,Bedroom Sets,California King Bed,,"This bedroom set transforms everyday rest into a radiant retreat, blending plush textures with ambient light. Upholstered in a black velvet, each piece is trimmed in LED lighting for a soft glow. The dresser features a built-in flame visualizer with a clear tempered glass top and wireless remote. Paired with a tufted LED wingback bed, solid rubberwood legs nightstand with dual USB ports, and a light-framed mirror, the collection balances comfort with luminous elegance.","91.5""w x 96""d x 63.25""h",246.96,coasterfurniture.com listed,"Bedroom set fully wrapped in a black velvet for rich contrast and soft texture | Wingback bed features tufted headboard with LED crown accent and sculpted profile | Dresser includes flame visualizer (no heat) with LED trim and wireless remote control | Tempered glass tops on dresser and nightstand add polish and durable surface finish | Nightstand includes dual USB charging with USB-A and USB-C for bedside convenience | Crystal knobs, solid rubberwood legs, dovetail joinery, and LED mirror lighting complete the look",20,223161KW-S5B-1.jpg,https://www.coasterfurniture.com/furniture/category/Bedroom-Sets/Lorient-Bedroom-Set/223161Q-S5B
223161KW-S4B,Lorient 4-piece California King Bedroom Set Black,Bedroom Sets,California King Bed,,"This bedroom set transforms everyday rest into a radiant retreat, blending plush textures with ambient light. Upholstered in a black velvet, each piece is trimmed in LED lighting for a soft glow. The dresser features a built-in flame visualizer with a clear tempered glass top and wireless remote. Paired with a tufted LED wingback bed, solid rubberwood legs nightstand with dual USB ports, and a light-framed mirror, the collection balances comfort with luminous elegance.","91.5""w x 96""d x 63.25""h",246.96,coasterfurniture.com listed,"Bedroom set fully wrapped in a black velvet for rich contrast and soft texture | Wingback bed features tufted headboard with LED crown accent and sculpted profile | Dresser includes flame visualizer (no heat) with LED trim and wireless remote control | Tempered glass tops on dresser and nightstand add polish and durable surface finish | Nightstand includes dual USB charging with USB-A and USB-C for bedside convenience | Crystal knobs, solid rubberwood legs, dovetail joinery, and LED mirror lighting complete the look",20,223161KW-S4B-1.jpg,https://www.coasterfurniture.com/furniture/category/Bedroom-Sets/Lorient-Bedroom-Set/223161Q-S5B
223161KW-S4,Lorient 4-piece California King Bedroom Set Black,Bedroom Sets,California King Bed,,"Unite form and function in this bedroom set, where sculpted glamour meets modern refinement. Each piece is wrapped in a black velvet with quilted textures, crystal knobs, and reflective acrylic accents. The dresser features a clear tempered glass top and LED case lighting without the fireplace insert. Combined with the LED wingback bed, USB nightstand, and shaped frame mirror, the set delivers soft sophistication with everyday practicality.","91.5""w x 96""d x 63.25""h",246.96,coasterfurniture.com listed,"Bedroom set upholstered in a black velvet with quilted fronts and soft sheen | LED-lit wingback bed with tufted crown and sculpted sides creates a dramatic focal point | Dresser features eight drawers, LED trim, and a clear tempered glass top surface | Nightstand includes dual USB ports with USB-A and USB-C for smart device charging | Shaped frame mirror with built-in LED light for bright, flattering view | Solid rubberwood legs, crystal knobs, dovetail drawers, and metal extension glides enhance durability",20,223161KW-S4-1.jpg,https://www.coasterfurniture.com/furniture/category/Bedroom-Sets/Lorient-Bedroom-Set/223161Q-S5B
223161KE-S4,Lorient 4-piece Eastern King Bedroom Set Black,Bedroom Sets,Eastern King Bed,,"Unite form and function in this bedroom set, where sculpted glamour meets modern refinement. Each piece is wrapped in a black velvet with quilted textures, crystal knobs, and reflective acrylic accents. The dresser features a clear tempered glass top and LED case lighting without the fireplace insert. Combined with the LED wingback bed, USB nightstand, and shaped frame mirror, the set delivers soft sophistication with everyday practicality.","95.5""w x 92.5""d x 63.25""h",252.48,coasterfurniture.com listed,"Bedroom set upholstered in a black velvet with quilted fronts and soft sheen | LED-lit wingback bed with tufted crown and sculpted sides creates a dramatic focal point | Dresser features eight drawers, LED trim, and a clear tempered glass top surface | Nightstand includes dual USB ports with USB-A and USB-C for smart device charging | Shaped frame mirror with built-in LED light for bright, flattering view | Solid rubberwood legs, crystal knobs, dovetail drawers, and metal extension glides enhance durability",20,223161KE-S4-1.jpg,https://www.coasterfurniture.com/furniture/category/Bedroom-Sets/Lorient-Bedroom-Set/223161Q-S5B
223161KE-S5,Lorient 5-piece Eastern King Bedroom Set Black,Bedroom Sets,Eastern King Bed,,"Unite form and function in this bedroom set, where sculpted glamour meets modern refinement. Each piece is wrapped in a black velvet with quilted textures, crystal knobs, and reflective acrylic accents. The dresser features a clear tempered glass top and LED case lighting without the fireplace insert. Combined with the LED wingback bed, USB nightstand, and shaped frame mirror, the set delivers soft sophistication with everyday practicality.","95.5""w x 92.5""d x 63.25""h",252.48,coasterfurniture.com listed,"Bedroom set upholstered in a black velvet with quilted fronts and soft sheen | LED-lit wingback bed with tufted crown and sculpted sides creates a dramatic focal point | Dresser features eight drawers, LED trim, and a clear tempered glass top surface | Nightstand includes dual USB ports with USB-A and USB-C for smart device charging | Shaped frame mirror with built-in LED light for bright, flattering view | Solid rubberwood legs, crystal knobs, dovetail drawers, and metal extension glides enhance durability",20,223161KE-S5-1.jpg,https://www.coasterfurniture.com/furniture/category/Bedroom-Sets/Lorient-Bedroom-Set/223161Q-S5B
223161Q-S4B,Lorient 4-piece Queen Bedroom Set Black,Bedroom Sets,Queen Bed,,"This bedroom set transforms everyday rest into a radiant retreat, blending plush textures with ambient light. Upholstered in a black velvet, each piece is trimmed in LED lighting for a soft glow. The dresser features a built-in flame visualizer with a clear tempered glass top and wireless remote. Paired with a tufted LED wingback bed, solid rubberwood legs nightstand with dual USB ports, and a light-framed mirror, the collection balances comfort with luminous elegance.","80.25""w x 92.5""d x 63.25""h",213.88,coasterfurniture.com listed,"Bedroom set fully wrapped in a black velvet for rich contrast and soft texture | Crystal knobs, solid rubberwood legs, dovetail joinery, and LED mirror lighting complete the look | Dresser includes flame visualizer (no heat) with LED trim and wireless remote control | Nightstand includes dual USB charging with USB-A and USB-C for bedside convenience | Tempered glass tops on dresser and nightstand add polish and durable surface finish | Wingback bed features tufted headboard with LED crown accent and sculpted profile",20,223161Q-S4B-1.jpg,https://www.coasterfurniture.com/furniture/category/Bedroom-Sets/Lorient-Bedroom-Set/223161Q-S5B
223161Q-S5B,Lorient 5-piece Queen Bedroom Set Black,Bedroom Sets,Queen Bed,,"This bedroom set transforms everyday rest into a radiant retreat, blending plush textures with ambient light. Upholstered in a black velvet, each piece is trimmed in LED lighting for a soft glow. The dresser features a built-in flame visualizer with a clear tempered glass top and wireless remote. Paired with a tufted LED wingback bed, solid rubberwood legs nightstand with dual USB ports, and a light-framed mirror, the collection balances comfort with luminous elegance.","80.25""w x 92.5""d x 63.25""h",213.88,coasterfurniture.com listed,"Bedroom set fully wrapped in a black velvet for rich contrast and soft texture | Crystal knobs, solid rubberwood legs, dovetail joinery, and LED mirror lighting complete the look | Dresser includes flame visualizer (no heat) with LED trim and wireless remote control | Nightstand includes dual USB charging with USB-A and USB-C for bedside convenience | Tempered glass tops on dresser and nightstand add polish and durable surface finish | Wingback bed features tufted headboard with LED crown accent and sculpted profile",20,223161Q-S5B-1.jpg,https://www.coasterfurniture.com/furniture/category/Bedroom-Sets/Lorient-Bedroom-Set/223161Q-S5B
223161KW-S5,Lorient 5-piece California King Bedroom Set Black,Bedroom Sets,California King Bed,,"Unite form and function in this bedroom set, where sculpted glamour meets modern refinement. Each piece is wrapped in a black velvet with quilted textures, crystal knobs, and reflective acrylic accents. The dresser features a clear tempered glass top and LED case lighting without the fireplace insert. Combined with the LED wingback bed, USB nightstand, and shaped frame mirror, the set delivers soft sophistication with everyday practicality.","91.5""w x 96""d x 63.25""h",246.96,coasterfurniture.com listed,"Bedroom set upholstered in a black velvet with quilted fronts and soft sheen | LED-lit wingback bed with tufted crown and sculpted sides creates a dramatic focal point | Dresser features eight drawers, LED trim, and a clear tempered glass top surface | Nightstand includes dual USB ports with USB-A and USB-C for smart device charging | Shaped frame mirror with built-in LED light for bright, flattering view | Solid rubberwood legs, crystal knobs, dovetail drawers, and metal extension glides enhance durability",20,223161KW-S5-1.jpg,https://www.coasterfurniture.com/furniture/category/Bedroom-Sets/Lorient-Bedroom-Set/223161Q-S5B
223161Q-S5,Lorient 5-piece Queen Bedroom Set Black,Bedroom Sets,Queen Bed,,"Unite form and function in this bedroom set, where sculpted glamour meets modern refinement. Each piece is wrapped in a black velvet with quilted textures, crystal knobs, and reflective acrylic accents. The dresser features a clear tempered glass top and LED case lighting without the fireplace insert. Combined with the LED wingback bed, USB nightstand, and shaped frame mirror, the set delivers soft sophistication with everyday practicality.","80.25""w x 92.5""d x 63.25""h",213.88,coasterfurniture.com listed,"Bedroom set upholstered in a black velvet with quilted fronts and soft sheen | LED-lit wingback bed with tufted crown and sculpted sides creates a dramatic focal point | Dresser features eight drawers, LED trim, and a clear tempered glass top surface | Nightstand includes dual USB ports with USB-A and USB-C for smart device charging | Shaped frame Mirror with built-in LED light for bright, flattering view | Solid rubberwood legs, crystal knobs, dovetail drawers, and metal extension glides enhance durability",20,223161Q-S5-1.jpg,https://www.coasterfurniture.com/furniture/category/Bedroom-Sets/Lorient-Bedroom-Set/223161Q-S5B
223161Q-S4,Lorient 4-piece Queen Bedroom Set Black,Bedroom Sets,Queen Bed,,"Unite form and function in this bedroom set, where sculpted glamour meets modern refinement. Each piece is wrapped in a black velvet with quilted textures, crystal knobs, and reflective acrylic accents. The dresser features a clear tempered glass top and LED case lighting without the fireplace insert. Combined with the LED wingback bed, USB nightstand, and shaped frame mirror, the set delivers soft sophistication with everyday practicality.","80.25""w x 92.5""d x 63.25""h",213.88,coasterfurniture.com listed,"Bedroom set upholstered in a black velvet with quilted fronts and soft sheen | LED-lit wingback bed with tufted crown and sculpted sides creates a dramatic focal point | Dresser features eight drawers, LED trim, and a clear tempered glass top surface | Nightstand includes dual USB ports with USB-A and USB-C for smart device charging | Shaped frame mirror with built-in LED light for bright, flattering view | Solid rubberwood legs, crystal knobs, dovetail drawers, and metal extension glides enhance durability",20,223161Q-S4-1.jpg,https://www.coasterfurniture.com/furniture/category/Bedroom-Sets/Lorient-Bedroom-Set/223161Q-S5B
203500KE-S4L,Felicity 4-piece Eastern King Bedroom Set White High Gloss,Bedroom Sets,Eastern King Bed,Eastern King / 4 / With LED Dresser Mirror,"Sleek lines and integrated lighting define this contemporary bedroom set. The bed showcases a white high gloss headboard with built-in blue LED lighting, activated by a touch switch, and a faux leather upholstered frame for added refinement. Paired with a coordinating dresser mirror featuring perimeter LED lights and a touch sensor, the set balances utility with clean, modern design. Chrome hardware and smooth-glide drawers complete the polished look.","79.5""w x 86.5""d x 48.5""h",103.64,coasterfurniture.com listed,"Bedroom set featuring an LED panel bed and LED dresser mirror combination | Headboard includes touch-activated blue LED lighting in a high gloss frame | LED dresser mirror features perimeter lighting with touch sensor activation | Bed frame upholstered in soft, durable, and smooth white faux leather | Chrome-finished metal handles and feet add a refined modern touch | Storage drawers glide smoothly on durable metal extension hardware",17,203500KE-S4L-1.jpg,https://www.coasterfurniture.com/furniture/category/Bedroom-Sets/Felicity-Bedroom-Set-(LED-Bed)/203500Q-S5L
203500KE-S5L,Felicity 5-piece Eastern King Bedroom Set White High Gloss,Bedroom Sets,Eastern King Bed,Eastern King / 5 / With LED Dresser Mirror,"Sleek lines and integrated lighting define this contemporary bedroom set. The bed showcases a white high gloss headboard with built-in blue LED lighting, activated by a touch switch, and a faux leather upholstered frame for added refinement. Paired with a coordinating dresser mirror featuring perimeter LED lights and a touch sensor, the set balances utility with clean, modern design. Chrome hardware and smooth-glide drawers complete the polished look.","79.5""w x 86.5""d x 48.5""h",103.64,coasterfurniture.com listed,"Bed frame upholstered in soft, durable, and smooth white faux leather | LED dresser mirror features perimeter lighting with touch sensor activation | Headboard includes touch-activated blue LED lighting in a high gloss frame | Bedroom set featuring an LED panel bed and LED dresser mirror combination | Chrome-finished metal handles and feet add a refined modern touch | Storage drawers glide smoothly on durable metal extension hardware",20,203500KE-S5L-1.jpg,https://www.coasterfurniture.com/furniture/category/Bedroom-Sets/Felicity-Bedroom-Set-(LED-Bed)/203500Q-S5L
203500KW-S4L,Felicity 4-piece California King Bedroom Set White Gloss,Bedroom Sets,California King Bed,California King / 4 / With LED Dresser Mirror,"Sleek lines and integrated lighting define this contemporary bedroom set. The bed showcases a white high gloss headboard with built-in blue LED lighting, activated by a touch switch, and a faux leather upholstered frame for added refinement. Paired with a coordinating dresser mirror featuring perimeter LED lights and a touch sensor, the set balances utility with clean, modern design. Chrome hardware and smooth-glide drawers complete the polished look.","75.5""w x 91.5""d x 48.5""h",106.28,coasterfurniture.com listed,"LED dresser mirror features perimeter lighting with touch sensor activation | Bedroom set featuring an LED panel bed and LED dresser mirror combination | Chrome-finished metal handles and feet add a refined modern touch | Headboard includes touch-activated blue LED lighting in a high gloss frame | Bed frame upholstered in soft, durable, and smooth white faux leather | Storage drawers glide smoothly on durable metal extension hardware",17,203500KW-S4L-1.jpg,https://www.coasterfurniture.com/furniture/category/Bedroom-Sets/Felicity-Bedroom-Set-(LED-Bed)/203500Q-S5L
203500KW-S5L,Felicity 5-piece California King Bedroom Set White Gloss,Bedroom Sets,California King Bed,California King / 5 / With LED Dresser Mirror,"Sleek lines and integrated lighting define this contemporary bedroom set. The bed showcases a white high gloss headboard with built-in blue LED lighting, activated by a touch switch, and a faux leather upholstered frame for added refinement. Paired with a coordinating dresser mirror featuring perimeter LED lights and a touch sensor, the set balances utility with clean, modern design. Chrome hardware and smooth-glide drawers complete the polished look.","75.5""w x 91.5""d x 48.5""h",106.28,coasterfurniture.com listed,"Bed frame upholstered in soft, durable, and smooth white faux leather | Headboard includes touch-activated blue LED lighting in a high gloss frame | LED dresser mirror features perimeter lighting with touch sensor activation | Bedroom set featuring an LED panel bed and LED dresser mirror combination | Chrome-finished metal handles and feet add a refined modern touch | Storage drawers glide smoothly on durable metal extension hardware",20,203500KW-S5L-1.jpg,https://www.coasterfurniture.com/furniture/category/Bedroom-Sets/Felicity-Bedroom-Set-(LED-Bed)/203500Q-S5L
203500F-S4L,Felicity 4-piece Full Bedroom Set White High Gloss,Bedroom Sets,Full Bed,Full / 4 / With LED Dresser Mirror,"Sleek lines and integrated lighting define this contemporary bedroom set. The bed showcases a white high gloss headboard with built-in blue LED lighting, activated by a touch switch, and a faux leather upholstered frame for added refinement. Paired with a coordinating dresser mirror featuring perimeter LED lights and a touch sensor, the set balances utility with clean, modern design. Chrome hardware and smooth-glide drawers complete the polished look.","57.75""w x 81""d x 48.5""h",83.79,coasterfurniture.com listed,"Headboard includes touch-activated blue LED lighting in a high gloss frame | LED dresser mirror features perimeter lighting with touch sensor activation | Bed frame upholstered in soft, durable, and smooth white faux leather | Bedroom set featuring an LED panel bed and LED dresser mirror combination | Chrome-finished metal handles and feet add a refined modern touch | Storage drawers glide smoothly on durable metal extension hardware",15,203500F-S4L-1.jpg,https://www.coasterfurniture.com/furniture/category/Bedroom-Sets/Felicity-Bedroom-Set-(LED-Bed)/203500Q-S5L
203500F-S5L,Felicity 5-piece Full Bedroom Set White High Gloss,Bedroom Sets,Full Bed,Full / 5 / With LED Dresser Mirror,"Sleek lines and integrated lighting define this contemporary bedroom set. The bed showcases a white high gloss headboard with built-in blue LED lighting, activated by a touch switch, and a faux leather upholstered frame for added refinement. Paired with a coordinating dresser mirror featuring perimeter LED lights and a touch sensor, the set balances utility with clean, modern design. Chrome hardware and smooth-glide drawers complete the polished look.","57.75""w x 81""d x 48.5""h",83.79,coasterfurniture.com listed,"Bed frame upholstered in soft, durable, and smooth white faux leather | Headboard includes touch-activated blue LED lighting in a high gloss frame | LED dresser mirror features perimeter lighting with touch sensor activation | Bedroom set featuring an LED panel bed and LED dresser mirror combination | Chrome-finished metal handles and feet add a refined modern touch | Storage drawers glide smoothly on durable metal extension hardware",18,203500F-S5L-1.jpg,https://www.coasterfurniture.com/furniture/category/Bedroom-Sets/Felicity-Bedroom-Set-(LED-Bed)/203500Q-S5L
203500T-S4L,Felicity 4-piece Twin Bedroom Set White High Gloss,Bedroom Sets,Twin Bed,Twin / 4 / With LED Dresser Mirror,"Sleek lines and integrated lighting define this contemporary bedroom set. The bed showcases a white high gloss headboard with built-in blue LED lighting, activated by a touch switch, and a faux leather upholstered frame for added refinement. Paired with a coordinating dresser mirror featuring perimeter LED lights and a touch sensor, the set balances utility with clean, modern design. Chrome hardware and smooth-glide drawers complete the polished look.","42.25""w x 81""d x 48.5""h",70.56,coasterfurniture.com listed,"Bedroom set featuring an LED panel bed and LED dresser mirror combination | LED dresser mirror features perimeter lighting with touch sensor activation | Chrome-finished metal handles and feet add a refined modern touch | Storage drawers glide smoothly on durable metal extension hardware | Headboard includes touch-activated blue LED lighting in a high gloss frame | Bed frame upholstered in soft, durable, and smooth white faux leather",15,203500T-S4L-1.jpg,https://www.coasterfurniture.com/furniture/category/Bedroom-Sets/Felicity-Bedroom-Set-(LED-Bed)/203500Q-S5L
203500T-S5L,Felicity 5-piece Twin Bedroom Set White High Gloss,Bedroom Sets,Twin Bed,Twin / 5 / With LED Dresser Mirror,"Sleek lines and integrated lighting define this contemporary bedroom set. The bed showcases a white high gloss headboard with built-in blue LED lighting, activated by a touch switch, and a faux leather upholstered frame for added refinement. Paired with a coordinating dresser mirror featuring perimeter LED lights and a touch sensor, the set balances utility with clean, modern design. Chrome hardware and smooth-glide drawers complete the polished look.","42.25""w x 81""d x 48.5""h",70.56,coasterfurniture.com listed,"Bedroom set featuring an LED panel bed and LED dresser mirror combination | LED dresser mirror features perimeter lighting with touch sensor activation | Chrome-finished metal handles and feet add a refined modern touch | Storage drawers glide smoothly on durable metal extension hardware | Headboard includes touch-activated blue LED lighting in a high gloss frame | Bed frame upholstered in soft, durable, and smooth white faux leather",18,203500T-S5L-1.jpg,https://www.coasterfurniture.com/furniture/category/Bedroom-Sets/Felicity-Bedroom-Set-(LED-Bed)/203500Q-S5L
203500KE-S4,Felicity 4-piece Eastern King Bedroom Set White High Gloss,Bedroom Sets,Eastern King Bed,Eastern King / 4 / With Standard Dresser Mirror,"Modern design meets ambient lighting in this contemporary bedroom set. The bed features a white high gloss headboard with built-in blue LED lighting, activated by a convenient touch switch. A faux leather upholstered bed frame adds a refined touch, while matching storage elements offer smooth metal glides and chrome-finished details. With clean lines and integrated lighting, this set adds both functionality and visual impact to any modern bedroom.","79.5""w x 86.5""d x 48.5""h",103.64,coasterfurniture.com listed,"Bedroom set with a modern panel bed and integrated LED headboard lighting | Storage drawers include smooth metal extension glides for easy operation | Chrome-finished metal handles and feet deliver a sleek, modern accent | Designed for long-lasting performance with bold, contemporary appeal | White high gloss headboard features built-in blue LED light with touch switch | Bed frame upholstered in smooth, soft, and durable white faux leather",17,203500KE-S4-1.jpg,https://www.coasterfurniture.com/furniture/category/Bedroom-Sets/Felicity-Bedroom-Set-(LED-Bed)/203500Q-S5L
203500KE-S5,Felicity 5-piece Eastern King Bedroom Set White High Gloss,Bedroom Sets,Eastern King Bed,Eastern King / 5 / With Standard Dresser Mirror,"Modern design meets ambient lighting in this contemporary bedroom set. The bed features a white high gloss headboard with built-in blue LED lighting, activated by a convenient touch switch. A faux leather upholstered bed frame adds a refined touch, while matching storage elements offer smooth metal glides and chrome-finished details. With clean lines and integrated lighting, this set adds both functionality and visual impact to any modern bedroom.","79.5""w x 86.5""d x 48.5""h",103.64,coasterfurniture.com listed,"Bedroom set with a modern panel bed and integrated LED headboard lighting | Storage drawers include smooth metal extension glides for easy operation | Chrome-finished metal handles and feet deliver a sleek, modern accent | Designed for long-lasting performance with bold, contemporary appeal | White high gloss headboard features built-in blue LED light with touch switch | Bed frame upholstered in smooth, soft, and durable white faux leather",20,203500KE-S5-1.jpg,https://www.coasterfurniture.com/furniture/category/Bedroom-Sets/Felicity-Bedroom-Set-(LED-Bed)/203500Q-S5L
203500KW-S4,Felicity 4-piece California King Bedroom Set White Gloss,Bedroom Sets,California King Bed,California King / 4 / With Standard Dresser Mirror,"Modern design meets ambient lighting in this contemporary bedroom set. The bed features a white high gloss headboard with built-in blue LED lighting, activated by a convenient touch switch. A faux leather upholstered bed frame adds a refined touch, while matching storage elements offer smooth metal glides and chrome-finished details. With clean lines and integrated lighting, this set adds both functionality and visual impact to any modern bedroom.","75.5""w x 91.5""d x 48.5""h",106.28,coasterfurniture.com listed,"Chrome-finished metal handles and feet deliver a sleek, modern accent | Bedroom set with a modern panel bed and integrated LED headboard lighting | Storage drawers include smooth metal extension glides for easy operation | Bed frame upholstered in smooth, soft, and durable white faux leather | White high gloss headboard features built-in blue LED light with touch switch | Designed for long-lasting performance with bold, contemporary appeal",17,203500KW-S4-1.jpg,https://www.coasterfurniture.com/furniture/category/Bedroom-Sets/Felicity-Bedroom-Set-(LED-Bed)/203500Q-S5L
203500KW-S5,Felicity 5-piece California King Bedroom Set White Gloss,Bedroom Sets,California King Bed,California King / 5 / With Standard Dresser Mirror,"Modern design meets ambient lighting in this contemporary bedroom set. The bed features a white high gloss headboard with built-in blue LED lighting, activated by a convenient touch switch. A faux leather upholstered bed frame adds a refined touch, while matching storage elements offer smooth metal glides and chrome-finished details. With clean lines and integrated lighting, this set adds both functionality and visual impact to any modern bedroom.","75.5""w x 91.5""d x 48.5""h",106.28,coasterfurniture.com listed,"Designed for long-lasting performance with bold, contemporary appeal | Bed frame upholstered in smooth, soft, and durable white faux leather | Bedroom set with a modern panel bed and integrated LED headboard lighting | Chrome-finished metal handles and feet deliver a sleek, modern accent | White high gloss headboard features built-in blue LED light with touch switch | Storage drawers include smooth metal extension glides for easy operation",20,203500KW-S5-1.jpg,https://www.coasterfurniture.com/furniture/category/Bedroom-Sets/Felicity-Bedroom-Set-(LED-Bed)/203500Q-S5L
203500KE-S6,Felicity 6-piece Eastern King Bedroom Set White High Gloss,Bedroom Sets,Eastern King Bed,Eastern King / 6 / With Standard Dresser Mirror,"Modern design meets ambient lighting in this contemporary bedroom set. The bed features a white high gloss headboard with built-in blue LED lighting, activated by a convenient touch switch. A faux leather upholstered bed frame adds a refined touch, while matching storage elements offer smooth metal glides and chrome-finished details. With clean lines and integrated lighting, this set adds both functionality and visual impact to any modern bedroom.","79.5""w x 86.5""d x 48.5""h",103.64,coasterfurniture.com listed,"White high gloss headboard features built-in blue LED light with touch switch | Chrome-finished metal handles and feet deliver a sleek, modern accent | Bed frame upholstered in smooth, soft, and durable white faux leather | Bedroom set with a modern panel bed and integrated LED headboard lighting | Storage drawers include smooth metal extension glides for easy operation | Designed for long-lasting performance with bold, contemporary appeal",20,203500KE-S6-1.jpg,https://www.coasterfurniture.com/furniture/category/Bedroom-Sets/Felicity-Bedroom-Set-(LED-Bed)/203500Q-S5L
203500KW-S6,Felicity 6-piece California King Bedroom Set White Gloss,Bedroom Sets,California King Bed,California King / 6 / With Standard Dresser Mirror,"Modern design meets ambient lighting in this contemporary bedroom set. The bed features a white high gloss headboard with built-in blue LED lighting, activated by a convenient touch switch. A faux leather upholstered bed frame adds a refined touch, while matching storage elements offer smooth metal glides and chrome-finished details. With clean lines and integrated lighting, this set adds both functionality and visual impact to any modern bedroom.","75.5""w x 91.5""d x 48.5""h",106.28,coasterfurniture.com listed,"Bed frame upholstered in smooth, soft, and durable white faux leather | White high gloss headboard features built-in blue LED light with touch switch | Chrome-finished metal handles and feet deliver a sleek, modern accent | Bedroom set with a modern panel bed and integrated LED headboard lighting | Storage drawers include smooth metal extension glides for easy operation | Designed for long-lasting performance with bold, contemporary appeal",20,203500KW-S6-1.jpg,https://www.coasterfurniture.com/furniture/category/Bedroom-Sets/Felicity-Bedroom-Set-(LED-Bed)/203500Q-S5L
203500Q-S4L,Felicity 4-piece Queen Bedroom Set White High Gloss,Bedroom Sets,Queen Bed,Queen / 4 / With LED Dresser Mirror,"Sleek lines and integrated lighting define this contemporary bedroom set. The bed showcases a white high gloss headboard with built-in blue LED lighting, activated by a touch switch, and a faux leather upholstered frame for added refinement. Paired with a coordinating dresser mirror featuring perimeter LED lights and a touch sensor, the set balances utility with clean, modern design. Chrome hardware and smooth-glide drawers complete the polished look.","63.5""w x 86.5""d x 48.5""h",91.07,coasterfurniture.com listed,"Bed frame upholstered in soft, durable, and smooth white faux leather | Chrome-finished metal handles and feet add a refined modern touch | LED dresser mirror features perimeter lighting with touch sensor activation | Headboard includes touch-activated blue LED lighting in a high gloss frame | Bedroom set featuring an LED panel bed and LED dresser mirror combination | Storage drawers glide smoothly on durable metal extension hardware",17,203500Q-S4L-1.jpg,https://www.coasterfurniture.com/furniture/category/Bedroom-Sets/Felicity-Bedroom-Set-(LED-Bed)/203500Q-S5L
203500Q-S5L,Felicity 5-piece Queen Bedroom Set White High Gloss,Bedroom Sets,Queen Bed,Queen / 5 / With LED Dresser Mirror,"Sleek lines and integrated lighting define this contemporary bedroom set. The bed showcases a white high gloss headboard with built-in blue LED lighting, activated by a touch switch, and a faux leather upholstered frame for added refinement. Paired with a coordinating dresser mirror featuring perimeter LED lights and a touch sensor, the set balances utility with clean, modern design. Chrome hardware and smooth-glide drawers complete the polished look.","63.5""w x 86.5""d x 48.5""h",91.07,coasterfurniture.com listed,"Headboard includes touch-activated blue LED lighting in a high gloss frame | Bedroom set featuring an LED panel bed and LED dresser mirror combination | Bed frame upholstered in soft, durable, and smooth white faux leather | LED dresser mirror features perimeter lighting with touch sensor activation | Storage drawers glide smoothly on durable metal extension hardware | Chrome-finished metal handles and feet add a refined modern touch",20,203500Q-S5L-1.jpg,https://www.coasterfurniture.com/furniture/category/Bedroom-Sets/Felicity-Bedroom-Set-(LED-Bed)/203500Q-S5L
203500F-S4,Felicity 4-piece Full Bedroom Set White High Gloss,Bedroom Sets,Full Bed,Full / 4 / With Standard Dresser Mirror,"Modern design meets ambient lighting in this contemporary bedroom set. The bed features a white high gloss headboard with built-in blue LED lighting, activated by a convenient touch switch. A faux leather upholstered bed frame adds a refined touch, while matching storage elements offer smooth metal glides and chrome-finished details. With clean lines and integrated lighting, this set adds both functionality and visual impact to any modern bedroom.","57.75""w x 81""d x 48.5""h",83.79,coasterfurniture.com listed,"White high gloss headboard features built-in blue LED light with touch switch | Bedroom set with a modern panel bed and integrated LED headboard lighting | Bed frame upholstered in smooth, soft, and durable white faux leather | Storage drawers include smooth metal extension glides for easy operation | Designed for long-lasting performance with bold, contemporary appeal | Chrome-finished metal handles and feet deliver a sleek, modern accent",15,203500F-S4-1.jpg,https://www.coasterfurniture.com/furniture/category/Bedroom-Sets/Felicity-Bedroom-Set-(LED-Bed)/203500Q-S5L
203500F-S5,Felicity 5-piece Full Bedroom Set White High Gloss,Bedroom Sets,Full Bed,Full / 5 / With Standard Dresser Mirror,"Modern design meets ambient lighting in this contemporary bedroom set. The bed features a white high gloss headboard with built-in blue LED lighting, activated by a convenient touch switch. A faux leather upholstered bed frame adds a refined touch, while matching storage elements offer smooth metal glides and chrome-finished details. With clean lines and integrated lighting, this set adds both functionality and visual impact to any modern bedroom.","57.75""w x 81""d x 48.5""h",83.79,coasterfurniture.com listed,"Bed frame upholstered in smooth, soft, and durable white faux leather | White high gloss headboard features built-in blue LED light with touch switch | Bedroom set with a modern panel bed and integrated LED headboard lighting | Chrome-finished metal handles and feet deliver a sleek, modern accent | Storage drawers include smooth metal extension glides for easy operation | Designed for long-lasting performance with bold, contemporary appeal",18,203500F-S5-1.jpg,https://www.coasterfurniture.com/furniture/category/Bedroom-Sets/Felicity-Bedroom-Set-(LED-Bed)/203500Q-S5L
203500T-S4,Felicity 4-piece Twin Bedroom Set White High Gloss,Bedroom Sets,Twin Bed,Twin / 4 / With Standard Dresser Mirror,"Modern design meets ambient lighting in this contemporary bedroom set. The bed features a white high gloss headboard with built-in blue LED lighting, activated by a convenient touch switch. A faux leather upholstered bed frame adds a refined touch, while matching storage elements offer smooth metal glides and chrome-finished details. With clean lines and integrated lighting, this set adds both functionality and visual impact to any modern bedroom.","42.25""w x 81""d x 48.5""h",70.56,coasterfurniture.com listed,"Chrome-finished metal handles and feet deliver a sleek, modern accent | Bedroom set with a modern panel bed and integrated LED headboard lighting | Bed frame upholstered in smooth, soft, and durable white faux leather | White high gloss headboard features built-in blue LED light with touch switch | Storage drawers include smooth metal extension glides for easy operation | Designed for long-lasting performance with bold, contemporary appeal",15,203500T-S4-1.jpg,https://www.coasterfurniture.com/furniture/category/Bedroom-Sets/Felicity-Bedroom-Set-(LED-Bed)/203500Q-S5L
203500T-S5,Felicity 5-piece Twin Bedroom Set White High Gloss,Bedroom Sets,Twin Bed,Twin / 5 / With Standard Dresser Mirror,"Modern design meets ambient lighting in this contemporary bedroom set. The bed features a white high gloss headboard with built-in blue LED lighting, activated by a convenient touch switch. A faux leather upholstered bed frame adds a refined touch, while matching storage elements offer smooth metal glides and chrome-finished details. With clean lines and integrated lighting, this set adds both functionality and visual impact to any modern bedroom.","42.25""w x 81""d x 48.5""h",70.56,coasterfurniture.com listed,"Bed frame upholstered in smooth, soft, and durable white faux leather | White high gloss headboard features built-in blue LED light with touch switch | Storage drawers include smooth metal extension glides for easy operation | Chrome-finished metal handles and feet deliver a sleek, modern accent | Bedroom set with a modern panel bed and integrated LED headboard lighting | Designed for long-lasting performance with bold, contemporary appeal",18,203500T-S5-1.jpg,https://www.coasterfurniture.com/furniture/category/Bedroom-Sets/Felicity-Bedroom-Set-(LED-Bed)/203500Q-S5L
203500Q-S4,Felicity 4-piece Queen Bedroom Set White High Gloss,Bedroom Sets,Queen Bed,Queen / 4 / With Standard Dresser Mirror,"Modern design meets ambient lighting in this contemporary bedroom set. The bed features a white high gloss headboard with built-in blue LED lighting, activated by a convenient touch switch. A faux leather upholstered bed frame adds a refined touch, while matching storage elements offer smooth metal glides and chrome-finished details. With clean lines and integrated lighting, this set adds both functionality and visual impact to any modern bedroom.","63.5""w x 86.5""d x 48.5""h",91.07,coasterfurniture.com listed,"Bed frame upholstered in smooth, soft, and durable white faux leather | White high gloss headboard features built-in blue LED light with touch switch | Storage drawers include smooth metal extension glides for easy operation | Chrome-finished metal handles and feet deliver a sleek, modern accent | Bedroom set with a modern panel bed and integrated LED headboard lighting | Designed for long-lasting performance with bold, contemporary appeal",17,203500Q-S4-1.jpg,https://www.coasterfurniture.com/furniture/category/Bedroom-Sets/Felicity-Bedroom-Set-(LED-Bed)/203500Q-S5L
203500Q-S5,Felicity 5-piece Queen Bedroom Set White High Gloss,Bedroom Sets,Queen Bed,Queen / 5 / With Standard Dresser Mirror,"Modern design meets ambient lighting in this contemporary bedroom set. The bed features a white high gloss headboard with built-in blue LED lighting, activated by a convenient touch switch. A faux leather upholstered bed frame adds a refined touch, while matching storage elements offer smooth metal glides and chrome-finished details. With clean lines and integrated lighting, this set adds both functionality and visual impact to any modern bedroom.","63.5""w x 86.5""d x 48.5""h",91.07,coasterfurniture.com listed,"Designed for long-lasting performance with bold, contemporary appeal | Bed frame upholstered in smooth, soft, and durable white faux leather | Bedroom set with a modern panel bed and integrated LED headboard lighting | Chrome-finished metal handles and feet deliver a sleek, modern accent | White high gloss headboard features built-in blue LED light with touch switch | Storage drawers include smooth metal extension glides for easy operation",20,203500Q-S5-1.jpg,https://www.coasterfurniture.com/furniture/category/Bedroom-Sets/Felicity-Bedroom-Set-(LED-Bed)/203500Q-S5L
203500Q-S6,Felicity 6-piece Queen Bedroom Set White High Gloss,Bedroom Sets,Queen Bed,Queen / 6 / With Standard Dresser Mirror,"Modern design meets ambient lighting in this contemporary bedroom set. The bed features a white high gloss headboard with built-in blue LED lighting, activated by a convenient touch switch. A faux leather upholstered bed frame adds a refined touch, while matching storage elements offer smooth metal glides and chrome-finished details. With clean lines and integrated lighting, this set adds both functionality and visual impact to any modern bedroom.","63.5""w x 86.5""d x 48.5""h",91.07,coasterfurniture.com listed,"Bedroom set with a modern panel bed and integrated LED headboard lighting | Designed for long-lasting performance with bold, contemporary appeal | Chrome-finished metal handles and feet deliver a sleek, modern accent | Storage drawers include smooth metal extension glides for easy operation | White high gloss headboard features built-in blue LED light with touch switch | Bed frame upholstered in smooth, soft, and durable white faux leather",20,203500Q-S6-1.jpg,https://www.coasterfurniture.com/furniture/category/Bedroom-Sets/Felicity-Bedroom-Set-(LED-Bed)/203500Q-S5L
205111KE-S4,Miranda 4-piece Eastern King Bedroom Set White,Bedroom Sets,Eastern King Storage Bed,White / Eastern King / 4,"Brighten up your bedroom with this charming, four-piece set. With a bed, dresser, mirror, and nightstand all included, it instantly completes your space. A striking, one-color finish gives it a fresh, updated look. Hidden jewelry drawers in each case piece are a pleasingly convenient touch. The drawers are constructed with full extension glides for versatile ease of use.","79.25""w x 83.75""d x 50.25""h",191.4,coasterfurniture.com listed,Crystal drawer pulls and glitter accents enhance the glam aesthetic | Case pieces include hidden felt-lined jewelry drawers behind glitter panels | Dresser includes seven drawers with framed mirror to match | Nightstand features dual drawers and full-extension glides | Storage panel bed with integrated drawers in footboard design | Crafted with engineered wood in a white laminate veneer finish,17,205111KE-S4-1.jpg,https://www.coasterfurniture.com/furniture/category/Bedroom-Sets/Miranda-Bedroom-Set-A/205111Q-S5
205111KE-S5,Miranda 5-piece Eastern King Bedroom Set White,Bedroom Sets,Eastern King Storage Bed,White / Eastern King / 5,"Create the bedroom of your dreams with this elegant, five-piece furniture set. Complete with a bed, nightstand, dresser, mirror and chest, it has all you need to complete your space. Each case piece includes a hidden jewelry drawer to keep valuables safe and secure. The two additional drawers built into the bed are ideal for storing shoes, bedding, clothing, and more. Each piece in this set is finished in a solid color for an appealing, monochromatic look.","79.25""w x 83.75""d x 50.25""h",191.4,coasterfurniture.com listed,Crafted with engineered wood in a white laminate veneer finish | Crystal drawer pulls and glitter accents enhance the glam aesthetic | Storage panel bed with integrated drawers in footboard design | Nightstand features dual drawers and full-extension glides | Case pieces include hidden felt-lined jewelry drawers behind glitter panels | Dresser includes seven drawers with framed mirror to match,19,205111KE-S5-1.jpg,https://www.coasterfurniture.com/furniture/category/Bedroom-Sets/Miranda-Bedroom-Set-A/205111Q-S5
205111KW-S4,Miranda 4-piece California King Bedroom Set White,Bedroom Sets,California King Storage Bed,White / California King / 4,"Brighten up your bedroom with this charming, four-piece set. With a bed, dresser, mirror, and nightstand all included, it instantly completes your space. A striking, one-color finish gives it a fresh, updated look. Hidden jewelry drawers in each case piece are a pleasingly convenient touch. The drawers are constructed with full extension glides for versatile ease of use.","79.25""w x 88.75""d x 50.25""h",201.1,coasterfurniture.com listed,Crystal drawer pulls and glitter accents enhance the glam aesthetic | Nightstand features dual drawers and full-extension glides | Case pieces include hidden felt-lined jewelry drawers behind glitter panels | Storage panel bed with integrated drawers in footboard design | Dresser includes seven drawers with framed mirror to match | Crafted with engineered wood in a white laminate veneer finish,17,205111KW-S4-1.jpg,https://www.coasterfurniture.com/furniture/category/Bedroom-Sets/Miranda-Bedroom-Set-A/205111Q-S5
205111KW-S5,Miranda 5-piece California King Bedroom Set White,Bedroom Sets,California King Storage Bed,White / California King / 5,"Create the bedroom of your dreams with this elegant, five-piece furniture set. Complete with a bed, nightstand, dresser, mirror and chest, it has all you need to complete your space. Each case piece includes a hidden jewelry drawer to keep valuables safe and secure. The two additional drawers built into the bed are ideal for storing shoes, bedding, clothing, and more. Each piece in this set is finished in a solid color for an appealing, monochromatic look.","79.25""w x 88.75""d x 50.25""h",201.1,coasterfurniture.com listed,Case pieces include hidden felt-lined jewelry drawers behind glitter panels | Storage panel bed with integrated drawers in footboard design | Crystal drawer pulls and glitter accents enhance the glam aesthetic | Crafted with engineered wood in a white laminate veneer finish | Dresser includes seven drawers with framed mirror to match | Nightstand features dual drawers and full-extension glides,19,205111KW-S5-1.jpg,https://www.coasterfurniture.com/furniture/category/Bedroom-Sets/Miranda-Bedroom-Set-A/205111Q-S5
206361KE-S4,Miranda 4-piece Eastern King Bedroom Set Black,Bedroom Sets,Eastern King Storage Bed,Black / Eastern King / 4,"Brighten up your bedroom with this charming, four-piece set. With a bed, dresser, mirror, and nightstand all included, it instantly completes your space. A striking, one-color finish gives it a fresh, updated look. Hidden jewelry drawers in each case piece are a pleasingly convenient touch. The drawers are constructed with full extension glides for versatile ease of use.","79.25""w x 83.75""d x 50.25""h",191.4,coasterfurniture.com listed,Dresser includes seven drawers with framed mirror to match | Nightstand features dual drawers and full-extension glides | Case pieces include hidden felt-lined jewelry drawers behind glitter panels | Storage panel bed with integrated drawers in footboard design | Crystal drawer pulls and glitter accents enhance the glam aesthetic | Crafted with engineered wood in a black laminate veneer finish,20,206361KE-S4-1.jpg,https://www.coasterfurniture.com/furniture/category/Bedroom-Sets/Miranda-Bedroom-Set-A/205111Q-S5
206361KE-S5,Miranda 5-piece Eastern King Bedroom Set Black,Bedroom Sets,Eastern King Storage Bed,Black / Eastern King / 5,"Create the bedroom of your dreams with this elegant, five-piece furniture set. Complete with a bed, nightstand, dresser, mirror and chest, it has all you need to complete your space. Each case piece includes a hidden jewelry drawer to keep valuables safe and secure. The two additional drawers built into the bed are ideal for storing shoes, bedding, clothing, and more. Each piece in this set is finished in a solid color for an appealing, monochromatic look.","79.25""w x 83.75""d x 50.25""h",191.4,coasterfurniture.com listed,Storage panel bed with integrated drawers in footboard design | Dresser includes seven drawers with framed mirror to match | Crafted with engineered wood in a black laminate veneer finish | Nightstand features dual drawers and full-extension glides | Crystal drawer pulls and glitter accents enhance the glam aesthetic | Case pieces include hidden felt-lined jewelry drawers behind glitter panels,19,206361KE-S5-1.jpg,https://www.coasterfurniture.com/furniture/category/Bedroom-Sets/Miranda-Bedroom-Set-A/205111Q-S5
206361KW-S4,Miranda 4-piece California King Bedroom Set Black,Bedroom Sets,California King Storage Bed,Black / California King / 4,"Brighten up your bedroom with this charming, four-piece set. With a bed, dresser, mirror, and nightstand all included, it instantly completes your space. A striking, one-color finish gives it a fresh, updated look. Hidden jewelry drawers in each case piece are a pleasingly convenient touch. The drawers are constructed with full extension glides for versatile ease of use.","79.25""w x 88.75""d x 50.25""h",201.1,coasterfurniture.com listed,Crystal drawer pulls and glitter accents enhance the glam aesthetic | Storage panel bed with integrated drawers in footboard design | Case pieces include hidden felt-lined jewelry drawers behind glitter panels | Crafted with engineered wood in a black laminate veneer finish | Nightstand features dual drawers and full-extension glides | Dresser includes seven drawers with framed mirror to match,20,206361KW-S4-1.jpg,https://www.coasterfurniture.com/furniture/category/Bedroom-Sets/Miranda-Bedroom-Set-A/205111Q-S5
206361KW-S5,Miranda 5-piece California King Bedroom Set Black,Bedroom Sets,California King Storage Bed,Black / California King / 5,"Create the bedroom of your dreams with this elegant, five-piece furniture set. Complete with a bed, nightstand, dresser, mirror and chest, it has all you need to complete your space. Each case piece includes a hidden jewelry drawer to keep valuables safe and secure. The two additional drawers built into the bed are ideal for storing shoes, bedding, clothing, and more. Each piece in this set is finished in a solid color for an appealing, monochromatic look.","79.25""w x 88.75""d x 50.25""h",201.1,coasterfurniture.com listed,Storage panel bed with integrated drawers in footboard design | Dresser includes seven drawers with framed mirror to match | Crafted with engineered wood in a black laminate veneer finish | Nightstand features dual drawers and full-extension glides | Case pieces include hidden felt-lined jewelry drawers behind glitter panels | Crystal drawer pulls and glitter accents enhance the glam aesthetic,19,206361KW-S5-1.jpg,https://www.coasterfurniture.com/furniture/category/Bedroom-Sets/Miranda-Bedroom-Set-A/205111Q-S5
205111F-S4,Miranda 4-piece Full Bedroom Set White,Bedroom Sets,Full Storage Bed,White / Full / 4,"Create a stunning bedroom ensemble that's fit for modern royalty. Each gorgeous piece in this four-piece set flaunts silvery, sparkling accents for a truly glamorous look. The bed features a solid, straight silhouette and two storage drawers built into the base. The case pieces bring you even more storage space to keep your room looking neat and tidy. Available in a variety of colors and sizes, there's an option to bring any bedroom to life.","57.25""w x 78.25""d x 50.25""h",138.92,coasterfurniture.com listed,Nightstand features dual drawers and full-extension glides | Storage panel bed with integrated drawers in footboard design | Case pieces include hidden felt-lined jewelry drawers behind glitter panels | Crystal drawer pulls and glitter accents enhance the glam aesthetic | Dresser includes seven drawers with framed mirror to match | Crafted with engineered wood in a white laminate veneer finish,17,205111F-S4-1.jpg,https://www.coasterfurniture.com/furniture/category/Bedroom-Sets/Miranda-Bedroom-Set-A/205111Q-S5
205111F-S5,Miranda 5-piece Full Bedroom Set White,Bedroom Sets,Full Storage Bed,White / Full / 5,"Stylish and ultra-chic, this glamorous, five-piece bedroom set is the ultimate in modern luxury. A bed, nightstand, dresser, mirror, and chest are all included, giving you everything you need to complete your bedroom ensemble. The mattress-ready platform bed offers the added bonus of footboard storage. The dresser, nightstand, and chest are also equipped with roomy drawers to maximize storage space. Glittery stripes and rhinestone detailing add a brilliant touch of bling to this exquisite bedroom set.","57.25""w x 78.25""d x 50.25""h",138.92,coasterfurniture.com listed,Nightstand features dual drawers and full-extension glides | Storage panel bed with integrated drawers in footboard design | Case pieces include hidden felt-lined jewelry drawers behind glitter panels | Crystal drawer pulls and glitter accents enhance the glam aesthetic | Dresser includes seven drawers with framed mirror to match | Crafted with engineered wood in a white laminate veneer finish,19,205111F-S5-1.jpg,https://www.coasterfurniture.com/furniture/category/Bedroom-Sets/Miranda-Bedroom-Set-A/205111Q-S5
205111T-S4,Miranda 4-piece Twin Bedroom Set White,Bedroom Sets,Twin Storage Bed,White / Twin / 4,"Create a stunning bedroom ensemble that's fit for modern royalty. Each gorgeous piece in this four-piece set flaunts silvery, sparkling accents for a truly glamorous look. The bed features a solid, straight silhouette and two storage drawers built into the base. The case pieces bring you even more storage space to keep your room looking neat and tidy. Available in a variety of colors and sizes, there's an option to bring any bedroom to life.","42.25""w x 78.25""d x 50.25""h",114.67,coasterfurniture.com listed,Case pieces include hidden felt-lined jewelry drawers behind glitter panels | Storage panel bed with integrated drawers in footboard design | Dresser includes seven drawers with framed mirror to match | Crafted with engineered wood in a white laminate veneer finish | Nightstand features dual drawers and full-extension glides | Crystal drawer pulls and glitter accents enhance the glam aesthetic,17,205111T-S4-1.jpg,https://www.coasterfurniture.com/furniture/category/Bedroom-Sets/Miranda-Bedroom-Set-A/205111Q-S5
205111T-S5,Miranda 5-piece Twin Bedroom Set White,Bedroom Sets,Twin Storage Bed,White / Twin / 5,"Stylish and ultra-chic, this glamorous, five-piece bedroom set is the ultimate in modern luxury. A bed, nightstand, dresser, mirror, and chest are all included, giving you everything you need to complete your bedroom ensemble. The mattress-ready platform bed offers the added bonus of footboard storage. The dresser, nightstand, and chest are also equipped with roomy drawers to maximize storage space. Glittery stripes and rhinestone detailing add a brilliant touch of bling to this exquisite bedroom set.","42.25""w x 78.25""d x 50.25""h",114.67,coasterfurniture.com listed,Crystal drawer pulls and glitter accents enhance the glam aesthetic | Nightstand features dual drawers and full-extension glides | Storage panel bed with integrated drawers in footboard design | Dresser includes seven drawers with framed mirror to match | Case pieces include hidden felt-lined jewelry drawers behind glitter panels | Crafted with engineered wood in a white laminate veneer finish,19,205111T-S5-1.jpg,https://www.coasterfurniture.com/furniture/category/Bedroom-Sets/Miranda-Bedroom-Set-A/205111Q-S5
206361F-S4,Miranda 4-piece Full Bedroom Set Black,Bedroom Sets,Full Storage Bed,Black / Full / 4,"Create a stunning bedroom ensemble that's fit for modern royalty. Each gorgeous piece in this four-piece set flaunts silvery, sparkling accents for a truly glamorous look. The bed features a solid, straight silhouette and two storage drawers built into the base. The case pieces bring you even more storage space to keep your room looking neat and tidy. Available in a variety of colors and sizes, there's an option to bring any bedroom to life.","57.25""w x 78.25""d x 50.25""h",138.92,coasterfurniture.com listed,Case pieces include hidden felt-lined jewelry drawers behind glitter panels | Crystal drawer pulls and glitter accents enhance the glam aesthetic | Dresser includes seven drawers with framed mirror to match | Nightstand features dual drawers and full-extension glides | Storage panel bed with integrated drawers in footboard design | Crafted with engineered wood in a black laminate veneer finish,20,206361F-S4-1.jpg,https://www.coasterfurniture.com/furniture/category/Bedroom-Sets/Miranda-Bedroom-Set-A/205111Q-S5
206361F-S5,Miranda 5-piece Full Bedroom Set Black,Bedroom Sets,Full Storage Bed,Black / Full / 5,"Stylish and ultra-chic, this glamorous, five-piece bedroom set is the ultimate in modern luxury. A bed, nightstand, dresser, mirror, and chest are all included, giving you everything you need to complete your bedroom ensemble. The mattress-ready platform bed offers the added bonus of footboard storage. The dresser, nightstand, and chest are also equipped with roomy drawers to maximize storage space. Glittery stripes and rhinestone detailing add a brilliant touch of bling to this exquisite bedroom set.","57.25""w x 78.25""d x 50.25""h",138.92,coasterfurniture.com listed,Nightstand features dual drawers and full-extension glides | Storage panel bed with integrated drawers in footboard design | Crystal drawer pulls and glitter accents enhance the glam aesthetic | Case pieces include hidden felt-lined jewelry drawers behind glitter panels | Dresser includes seven drawers with framed mirror to match | Crafted with engineered wood in a black laminate veneer finish,19,206361F-S5-1.jpg,https://www.coasterfurniture.com/furniture/category/Bedroom-Sets/Miranda-Bedroom-Set-A/205111Q-S5
206361T-S4,Miranda 4-piece Twin Bedroom Set Black,Bedroom Sets,Twin Storage Bed,Black / Twin / 4,"Create a stunning bedroom ensemble that's fit for modern royalty. Each gorgeous piece in this four-piece set flaunts silvery, sparkling accents for a truly glamorous look. The bed features a solid, straight silhouette and two storage drawers built into the base. The case pieces bring you even more storage space to keep your room looking neat and tidy. Available in a variety of colors and sizes, there's an option to bring any bedroom to life.","42.25""w x 78.25""d x 50.25""h",114.67,coasterfurniture.com listed,Crystal drawer pulls and glitter accents enhance the glam aesthetic | Case pieces include hidden felt-lined jewelry drawers behind glitter panels | Storage panel bed with integrated drawers in footboard design | Nightstand features dual drawers and full-extension glides | Dresser includes seven drawers with framed mirror to match | Crafted with engineered wood in a black laminate veneer finish,20,206361T-S4-1.jpg,https://www.coasterfurniture.com/furniture/category/Bedroom-Sets/Miranda-Bedroom-Set-A/205111Q-S5
206361T-S5,Miranda 5-piece Twin Bedroom Set Black,Bedroom Sets,Twin Storage Bed,Black / Twin / 5,"Stylish and ultra-chic, this glamorous, five-piece bedroom set is the ultimate in modern luxury. A bed, nightstand, dresser, mirror, and chest are all included, giving you everything you need to complete your bedroom ensemble. The mattress-ready platform bed offers the added bonus of footboard storage. The dresser, nightstand, and chest are also equipped with roomy drawers to maximize storage space. Glittery stripes and rhinestone detailing add a brilliant touch of bling to this exquisite bedroom set.","42.25""w x 78.25""d x 50.25""h",114.67,coasterfurniture.com listed,Case pieces include hidden felt-lined jewelry drawers behind glitter panels | Storage panel bed with integrated drawers in footboard design | Crystal drawer pulls and glitter accents enhance the glam aesthetic | Dresser includes seven drawers with framed mirror to match | Crafted with engineered wood in a black laminate veneer finish | Nightstand features dual drawers and full-extension glides,19,206361T-S5-1.jpg,https://www.coasterfurniture.com/furniture/category/Bedroom-Sets/Miranda-Bedroom-Set-A/205111Q-S5
205111Q-S4,Miranda 4-piece Queen Bedroom Set White,Bedroom Sets,Queen Storage Bed,White / Queen / 4,"Brighten up your bedroom with this charming, four-piece set. With a bed, dresser, mirror, and nightstand all included, it instantly completes your space. A striking, one-color finish gives it a fresh, updated look. Hidden jewelry drawers in each case piece are a pleasingly convenient touch. The drawers are constructed with full extension glides for versatile ease of use.","63.5""w x 83.75""d x 50.25""h",164.95,coasterfurniture.com listed,Crystal drawer pulls and glitter accents enhance the glam aesthetic | Nightstand features dual drawers and full-extension glides | Case pieces include hidden felt-lined jewelry drawers behind glitter panels | Storage panel bed with integrated drawers in footboard design | Dresser includes seven drawers with framed mirror to match | Crafted with engineered wood in a white laminate veneer finish,17,205111Q-S4-1.jpg,https://www.coasterfurniture.com/furniture/category/Bedroom-Sets/Miranda-Bedroom-Set-A/205111Q-S5
205111Q-S5,Miranda 5-piece Queen Bedroom Set White,Bedroom Sets,Queen Storage Bed,White / Queen / 5,"Create the bedroom of your dreams with this elegant, five-piece furniture set. Complete with a bed, nightstand, dresser, mirror and chest, it has all you need to complete your space. Each case piece includes a hidden jewelry drawer to keep valuables safe and secure. The two additional drawers built into the bed are ideal for storing shoes, bedding, clothing, and more. Each piece in this set is finished in a solid color for an appealing, monochromatic look.","63.5""w x 83.75""d x 50.25""h",164.95,coasterfurniture.com listed,Case pieces include hidden felt-lined jewelry drawers behind glitter panels | Storage panel bed with integrated drawers in footboard design | Crystal drawer pulls and glitter accents enhance the glam aesthetic | Crafted with engineered wood in a white laminate veneer finish | Dresser includes seven drawers with framed mirror to match | Nightstand features dual drawers and full-extension glides,19,205111Q-S5-1.jpg,https://www.coasterfurniture.com/furniture/category/Bedroom-Sets/Miranda-Bedroom-Set-A/205111Q-S5
206361Q-S4,Miranda 4-piece Queen Bedroom Set Black,Bedroom Sets,Queen Storage Bed,Black / Queen / 4,"Brighten up your bedroom with this charming, four-piece set. With a bed, dresser, mirror, and nightstand all included, it instantly completes your space. A striking, one-color finish gives it a fresh, updated look. Hidden jewelry drawers in each case piece are a pleasingly convenient touch. The drawers are constructed with full extension glides for versatile ease of use.","63.5""w x 83.75""d x 50.25""h",164.95,coasterfurniture.com listed,Dresser includes seven drawers with framed mirror to match | Nightstand features dual drawers and full-extension glides | Case pieces include hidden felt-lined jewelry drawers behind glitter panels | Storage panel bed with integrated drawers in footboard design | Crystal drawer pulls and glitter accents enhance the glam aesthetic | Crafted with engineered wood in a black laminate veneer finish,20,206361Q-S4-1.jpg,https://www.coasterfurniture.com/furniture/category/Bedroom-Sets/Miranda-Bedroom-Set-A/205111Q-S5
206361Q-S5,Miranda 5-piece Queen Bedroom Set Black,Bedroom Sets,Queen Storage Bed,Black / Queen / 5,"Create the bedroom of your dreams with this elegant, five-piece furniture set. Complete with a bed, nightstand, dresser, mirror and chest, it has all you need to complete your space. Each case piece includes a hidden jewelry drawer to keep valuables safe and secure. The two additional drawers built into the bed are ideal for storing shoes, bedding, clothing, and more. Each piece in this set is finished in a solid color for an appealing, monochromatic look.","63.5""w x 83.75""d x 50.25""h",164.95,coasterfurniture.com listed,Storage panel bed with integrated drawers in footboard design | Case pieces include hidden felt-lined jewelry drawers behind glitter panels | Nightstand features dual drawers and full-extension glides | Crystal drawer pulls and glitter accents enhance the glam aesthetic | Dresser includes seven drawers with framed mirror to match | Crafted with engineered wood in a black laminate veneer finish,19,206361Q-S5-1.jpg,https://www.coasterfurniture.com/furniture/category/Bedroom-Sets/Miranda-Bedroom-Set-A/205111Q-S5
224451KE-S4,Kendall 4-piece Eastern King Bedroom Set Black,Bedroom Sets,Eastern King Bed,Black / Eastern King / 4,"Transform a bedroom into a sophisticated retreat with this modern glam set, pairing a soft upholstered bed with sleek black storage pieces and warm gold accents. The bed’s diamond tufted headboard creates a comfortable focal point, while the black finish across the case pieces adds bold contrast and a clean tailored look. A framed mirror and metallic details complete the arrangement with polished glamour.","80""w x 87""d x 49.25""h",62.62,coasterfurniture.com listed,Eastern king four-piece bedroom set creates a bold polished glam retreat | Black finish gives the set a chic clean and tailored bedroom presence | Gold bracket legs and warm metallic accents add glamorous contrast | Diamond tufted upholstered headboard offers a soft place to lean back | Matching storage pieces help organize garments and everyday essentials | Batten slats support the bed while a foundation is required for use,18,224451KE-S4-1.jpg,https://www.coasterfurniture.com/furniture/category/Bedroom-Sets/Kendall-Bedroom-Set-A/224401Q-S5
224401KE-S5,Kendall 5-piece Eastern King Bedroom Set White,Bedroom Sets,Eastern King Bed,White / Eastern King / 5,"Instantly elevate a bedroom oasis with this modern glam set, defined by bright white surfaces, warm gold accents, and a polished coordinated look. The upholstered bed features a diamond tufted headboard with bar button details, while matching storage pieces extend the airy contemporary aesthetic throughout the room. Gold bracket legs and hardware add a luxe finishing touch that brings refined glamour to the full arrangement.","80""w x 87""d x 49.25""h",62.62,coasterfurniture.com listed,Eastern king five-piece bedroom set creates a bright polished glam retreat | Bright white finish keeps the full set airy clean and contemporary | Gold bracket legs and hardware bring warm metallic contrast throughout | Diamond tufted headboard with bar buttons adds tailored decorative detail | Matching storage pieces create a cohesive and organized bedroom layout | Batten slats support the bed while a foundation is required for use,18,224401KE-S5-1.jpg,https://www.coasterfurniture.com/furniture/category/Bedroom-Sets/Kendall-Bedroom-Set-A/224401Q-S5
224451KW-S4,Kendall 4-piece California King Bedroom Set Black,Bedroom Sets,California King Bed,Black / California King / 4,"Transform a bedroom into a sophisticated retreat with this modern glam set, pairing a soft upholstered bed with sleek black storage pieces and warm gold accents. The bed’s diamond tufted headboard creates a comfortable focal point, while the black finish across the case pieces adds bold contrast and a clean tailored look. A framed mirror and metallic details complete the arrangement with polished glamour.","76""w x 92.25""d x 49.25""h",62.4,coasterfurniture.com listed,California king four-piece bedroom set creates a bold glam retreat | Black finish gives the set a chic clean and tailored bedroom presence | Gold bracket legs and warm metallic accents add glamorous contrast | Diamond tufted upholstered headboard offers a soft place to lean back | Matching storage pieces help organize garments and everyday essentials | Batten slats support the bed while a foundation is required for use,18,224451KW-S4-1.jpg,https://www.coasterfurniture.com/furniture/category/Bedroom-Sets/Kendall-Bedroom-Set-A/224401Q-S5
224401KE-S4,Kendall 4-piece Eastern King Bedroom Set White,Bedroom Sets,Eastern King Bed,White / Eastern King / 4,"Instantly elevate a bedroom oasis with this modern glam set, defined by bright white surfaces, warm gold accents, and a polished coordinated look. The upholstered bed features a diamond tufted headboard with bar button details, while matching storage pieces extend the airy contemporary aesthetic throughout the room. Gold bracket legs and hardware add a luxe finishing touch that brings refined glamour to the full arrangement.","80""w x 87""d x 49.25""h",62.62,coasterfurniture.com listed,Eastern king four-piece bedroom set creates a bright polished glam retreat | Bright white finish keeps the full set airy clean and contemporary | Gold bracket legs and hardware bring warm metallic contrast throughout | Diamond tufted headboard with bar buttons adds tailored decorative detail | Matching storage pieces create a cohesive and organized bedroom layout | Batten slats support the bed while a foundation is required for use,15,224401KE-S4-1.jpg,https://www.coasterfurniture.com/furniture/category/Bedroom-Sets/Kendall-Bedroom-Set-A/224401Q-S5
224401KW-S4,Kendall 4-piece California King Bedroom Set White,Bedroom Sets,California King Bed,White / California King / 4,"Instantly elevate a bedroom oasis with this modern glam set, defined by bright white surfaces, warm gold accents, and a polished coordinated look. The upholstered bed features a diamond tufted headboard with bar button details, while matching storage pieces extend the airy contemporary aesthetic throughout the room. Gold bracket legs and hardware add a luxe finishing touch that brings refined glamour to the full arrangement.","76""w x 92.25""d x 49.25""h",62.4,coasterfurniture.com listed,California king four-piece bedroom set creates a bright glam retreat | Bright white finish keeps the full set airy clean and contemporary | Gold bracket legs and hardware bring warm metallic contrast throughout | Diamond tufted headboard with bar buttons adds tailored decorative detail | Matching storage pieces create a cohesive and organized bedroom layout | Batten slats support the bed while a foundation is required for use,15,224401KW-S4-1.jpg,https://www.coasterfurniture.com/furniture/category/Bedroom-Sets/Kendall-Bedroom-Set-A/224401Q-S5
224401KW-S5,Kendall 5-piece California King Bedroom Set White,Bedroom Sets,California King Bed,White / California King / 5,"Instantly elevate a bedroom oasis with this modern glam set, defined by bright white surfaces, warm gold accents, and a polished coordinated look. The upholstered bed features a diamond tufted headboard with bar button details, while matching storage pieces extend the airy contemporary aesthetic throughout the room. Gold bracket legs and hardware add a luxe finishing touch that brings refined glamour to the full arrangement.","76""w x 92.25""d x 49.25""h",62.4,coasterfurniture.com listed,California king five-piece bedroom set creates a bright glam retreat | Bright white finish keeps the full set airy clean and contemporary | Gold bracket legs and hardware bring warm metallic contrast throughout | Diamond tufted headboard with bar buttons adds tailored decorative detail | Matching storage pieces create a cohesive and organized bedroom layout | Batten slats support the bed while a foundation is required for use,18,224401KW-S5-1.jpg,https://www.coasterfurniture.com/furniture/category/Bedroom-Sets/Kendall-Bedroom-Set-A/224401Q-S5
224451KE-S5,Kendall 5-piece Eastern King Bedroom Set Black,Bedroom Sets,Eastern King Bed,Black / Eastern King / 5,"Transform a bedroom into a sophisticated retreat with this modern glam set, pairing a soft upholstered bed with sleek black storage pieces and warm gold accents. The bed’s diamond tufted headboard creates a comfortable focal point, while the black finish across the case pieces adds bold contrast and a clean tailored look. A framed mirror and metallic details complete the arrangement with polished glamour.","80""w x 87""d x 49.25""h",62.62,coasterfurniture.com listed,Eastern king five-piece bedroom set creates a bold polished glam retreat | Black finish gives the set a chic clean and tailored bedroom presence | Gold bracket legs and warm metallic accents add glamorous contrast | Diamond tufted upholstered headboard offers a soft place to lean back | Matching storage pieces help organize garments and everyday essentials | Batten slats support the bed while a foundation is required for use,19,224451KE-S5-1.jpg,https://www.coasterfurniture.com/furniture/category/Bedroom-Sets/Kendall-Bedroom-Set-A/224401Q-S5
224451Q-S4,Kendall 4-piece Queen Bedroom Set Black,Bedroom Sets,Queen Bed,Black / Queen / 4,"Transform a bedroom into a sophisticated retreat with this modern glam set, pairing a soft upholstered bed with sleek black storage pieces and warm gold accents. The bed’s diamond tufted headboard creates a comfortable focal point, while the black finish across the case pieces adds bold contrast and a clean tailored look. A framed mirror and metallic details complete the arrangement with polished glamour.","64.25""w x 87""d x 49.25""h",55.57,coasterfurniture.com listed,Queen four-piece bedroom set creates a bold and polished glam retreat | Black finish gives the set a chic clean and tailored bedroom presence | Gold bracket legs and warm metallic accents add glamorous contrast | Diamond tufted upholstered headboard offers a soft place to lean back | Matching storage pieces help organize garments and everyday essentials | Batten slats support the bed while a foundation is required for use,18,224451Q-S4-1.jpg,https://www.coasterfurniture.com/furniture/category/Bedroom-Sets/Kendall-Bedroom-Set-A/224401Q-S5
224451Q-S5,Kendall 5-piece Queen Bedroom Set Black,Bedroom Sets,Queen Bed,Black / Queen / 5,"Transform a bedroom into a sophisticated retreat with this modern glam set, pairing a soft upholstered bed with sleek black storage pieces and warm gold accents. The bed’s diamond tufted headboard creates a comfortable focal point, while the black finish across the case pieces adds bold contrast and a clean tailored look. A framed mirror and metallic details complete the arrangement with polished glamour.","64.25""w x 87""d x 49.25""h",55.57,coasterfurniture.com listed,Queen five-piece bedroom set creates a bold and polished glam retreat | Black finish gives the set a chic clean and tailored bedroom presence | Gold bracket legs and warm metallic accents add glamorous contrast | Diamond tufted upholstered headboard offers a soft place to lean back | Matching storage pieces help organize garments and everyday essentials | Batten slats support the bed while a foundation is required for use,19,224451Q-S5-1.jpg,https://www.coasterfurniture.com/furniture/category/Bedroom-Sets/Kendall-Bedroom-Set-A/224401Q-S5
224401Q-S4,Kendall 4-piece Queen Bedroom Set White,Bedroom Sets,Queen Bed,White / Queen / 4,"Instantly elevate a bedroom oasis with this modern glam set, defined by bright white surfaces, warm gold accents, and a polished coordinated look. The upholstered bed features a diamond tufted headboard with bar button details, while matching storage pieces extend the airy contemporary aesthetic throughout the room. Gold bracket legs and hardware add a luxe finishing touch that brings refined glamour to the full arrangement.","64.25""w x 87""d x 49.25""h",55.57,coasterfurniture.com listed,Queen four-piece bedroom set creates a bright and polished glam retreat | Bright white finish keeps the full set airy clean and contemporary | Gold bracket legs and hardware bring warm metallic contrast throughout | Diamond tufted headboard with bar buttons adds tailored decorative detail | Matching storage pieces create a cohesive and organized bedroom layout | Batten slats support the bed while a foundation is required for use,15,224401Q-S4-1.jpg,https://www.coasterfurniture.com/furniture/category/Bedroom-Sets/Kendall-Bedroom-Set-A/224401Q-S5
224401Q-S5,Kendall 5-piece Queen Bedroom Set White,Bedroom Sets,Queen Bed,White / Queen / 5,"Instantly elevate a bedroom oasis with this modern glam set, defined by bright white surfaces, warm gold accents, and a polished coordinated look. The upholstered bed features a diamond tufted headboard with bar button details, while matching storage pieces extend the airy contemporary aesthetic throughout the room. Gold bracket legs and hardware add a luxe finishing touch that brings refined glamour to the full arrangement.","64.25""w x 87""d x 49.25""h",55.57,coasterfurniture.com listed,Queen five-piece bedroom set creates a bright and polished glam retreat | Bright white finish keeps the full set airy clean and contemporary | Gold bracket legs and hardware bring warm metallic contrast throughout | Diamond tufted headboard with bar buttons adds tailored decorative detail | Matching storage pieces create a cohesive and organized bedroom layout | Batten slats support the bed while a foundation is required for use,18,224401Q-S5-1.jpg,https://www.coasterfurniture.com/furniture/category/Bedroom-Sets/Kendall-Bedroom-Set-A/224401Q-S5
224451KW-S5,Kendall 5-piece California King Bedroom Set Black,Bedroom Sets,California King Bed,Black / California King / 5,"Transform a bedroom into a sophisticated retreat with this modern glam set, pairing a soft upholstered bed with sleek black storage pieces and warm gold accents. The bed’s diamond tufted headboard creates a comfortable focal point, while the black finish across the case pieces adds bold contrast and a clean tailored look. A framed mirror and metallic details complete the arrangement with polished glamour.","76""w x 92.25""d x 49.25""h",62.4,coasterfurniture.com listed,California king five-piece bedroom set creates a bold glam retreat | Black finish gives the set a chic clean and tailored bedroom presence | Gold bracket legs and warm metallic accents add glamorous contrast | Diamond tufted upholstered headboard offers a soft place to lean back | Matching storage pieces help organize garments and everyday essentials | Batten slats support the bed while a foundation is required for use,19,224451KW-S5-1.jpg,https://www.coasterfurniture.com/furniture/category/Bedroom-Sets/Kendall-Bedroom-Set-A/224401Q-S5
223471KE-S4,Bexhill 4-piece Eastern King Bedroom Set White,Bedroom Sets,Eastern King Bed,Eastern King / 4,"Textured rattan drawer fronts create a fresh, modern coastal aesthetic for this contemporary bedroom set. Offering ample storage and a clean look and feel, the set centers on a wooden bed with a gently flared upholstered headboard and plush foam padding for easy comfort. A bright white finish offers easy contrast to the rattan and linen-colored fabric upholstery, creating cool ambiance. Top drawers include black felt lining and drawers are dotted with round metal knobs for a refined finishing touch.","83.75""w x 92.5""d x 57""h",135.57,coasterfurniture.com listed,Eastern king bedroom set delivers fresh coastal style with layered texture and comfort | Top drawers include black felt lining for delicate bedside or dresser items | Upholstered headboard with foam cushioning offers supportive lounging comfort | Crisp white finish contrasts beautifully with natural rattan drawer fronts | Round metal knobs and tapered legs add refined detail to each case piece | Designed to create a bright airy bedroom with practical everyday storage,20,223471KE-S4-1.jpg,https://www.coasterfurniture.com/furniture/category/Bedroom-Sets/Bexhill-Bedroom-Set/223471Q-S5
223471KW-S4,Bexhill 4-piece California King Bedroom Set White,Bedroom Sets,California King Bed,California King / 4,"Textured rattan drawer fronts create a fresh, modern coastal aesthetic for this contemporary bedroom set. Offering ample storage and a clean look and feel, the set centers on a wooden bed with a gently flared upholstered headboard and plush foam padding for easy comfort. A bright white finish offers easy contrast to the rattan and linen-colored fabric upholstery, creating cool ambiance. Top drawers include black felt lining and drawers are dotted with round metal knobs for a refined finishing touch.","83.75""w x 96.5""d x 55.75""h",154.31,coasterfurniture.com listed,California king bedroom set delivers fresh coastal style with layered texture and comfort | Top drawers include black felt lining for delicate bedside or dresser items | Upholstered headboard with foam cushioning offers supportive lounging comfort | Crisp white finish contrasts beautifully with natural rattan drawer fronts | Round metal knobs and tapered legs add refined detail to each case piece | Designed to create a bright airy bedroom with practical everyday storage,20,223471KW-S4-1.jpg,https://www.coasterfurniture.com/furniture/category/Bedroom-Sets/Bexhill-Bedroom-Set/223471Q-S5
223471KE-S5,Bexhill 5-piece Eastern King Bedroom Set White,Bedroom Sets,Eastern King Bed,Eastern King / 5,"Textured rattan drawer fronts create a fresh, modern coastal aesthetic for this contemporary bedroom set. Offering ample storage and a clean look and feel, the set centers on a wooden bed with a gently flared upholstered headboard and plush foam padding for easy comfort. A bright white finish offers easy contrast to the rattan and linen-colored fabric upholstery, creating cool ambiance. Top drawers include black felt lining and drawers are dotted with round metal knobs for a refined finishing touch.","83.75""w x 92.5""d x 57""h",135.57,coasterfurniture.com listed,Eastern king bedroom set delivers fresh coastal style with layered texture and comfort | Top drawers include black felt lining for delicate bedside or dresser items | Upholstered headboard with foam cushioning offers supportive lounging comfort | Crisp white finish contrasts beautifully with natural rattan drawer fronts | Round metal knobs and tapered legs add refined detail to each case piece | Designed to create a bright airy bedroom with practical everyday storage,19,223471KE-S5-1.jpg,https://www.coasterfurniture.com/furniture/category/Bedroom-Sets/Bexhill-Bedroom-Set/223471Q-S5
223471KW-S5,Bexhill 5-piece California King Bedroom Set White,Bedroom Sets,California King Bed,California King / 5,"Textured rattan drawer fronts create a fresh, modern coastal aesthetic for this contemporary bedroom set. Offering ample storage and a clean look and feel, the set centers on a wooden bed with a gently flared upholstered headboard and plush foam padding for easy comfort. A bright white finish offers easy contrast to the rattan and linen-colored fabric upholstery, creating cool ambiance. Top drawers include black felt lining and drawers are dotted with round metal knobs for a refined finishing touch.","83.75""w x 96.5""d x 55.75""h",154.31,coasterfurniture.com listed,California king bedroom set delivers fresh coastal style with layered texture and comfort | Top drawers include black felt lining for delicate bedside or dresser items | Upholstered headboard with foam cushioning offers supportive lounging comfort | Crisp white finish contrasts beautifully with natural rattan drawer fronts | Round metal knobs and tapered legs add refined detail to each case piece | Designed to create a bright airy bedroom with practical everyday storage,19,223471KW-S5-1.jpg,https://www.coasterfurniture.com/furniture/category/Bedroom-Sets/Bexhill-Bedroom-Set/223471Q-S5
223471Q-S5,Bexhill 5-piece Queen Bedroom Set White,Bedroom Sets,Queen Bed,Queen / 5,"Textured rattan drawer fronts create a fresh, modern coastal aesthetic for this contemporary bedroom set. Offering ample storage and a clean look and feel, the set centers on a wooden bed with a gently flared upholstered headboard and plush foam padding for easy comfort. A bright white finish offers easy contrast to the rattan and linen-colored fabric upholstery, creating cool ambiance. Top drawers include black felt lining and drawers are dotted with round metal knobs for a refined finishing touch.","67.75""w x 92.5""d x 57""h",121.24,coasterfurniture.com listed,Queen bedroom set delivers fresh coastal style with layered texture and comfort | Top drawers include black felt lining for delicate bedside or dresser items | Upholstered headboard with foam cushioning offers supportive lounging comfort | Crisp white finish contrasts beautifully with natural rattan drawer fronts | Round metal knobs and tapered legs add refined detail to each case piece | Designed to create a bright airy bedroom with practical everyday storage,19,223471Q-S5-1.jpg,https://www.coasterfurniture.com/furniture/category/Bedroom-Sets/Bexhill-Bedroom-Set/223471Q-S5
223471Q-S4,Bexhill 4-piece Queen Bedroom Set White,Bedroom Sets,Queen Bed,Queen / 4,"Textured rattan drawer fronts create a fresh, modern coastal aesthetic for this contemporary bedroom set. Offering ample storage and a clean look and feel, the set centers on a wooden bed with a gently flared upholstered headboard and plush foam padding for easy comfort. A bright white finish offers easy contrast to the rattan and linen-colored fabric upholstery, creating cool ambiance. Top drawers include black felt lining and drawers are dotted with round metal knobs for a refined finishing touch.","67.75""w x 92.5""d x 57""h",121.24,coasterfurniture.com listed,Queen bedroom set delivers fresh coastal style with layered texture and comfort | Top drawers include black felt lining for delicate bedside or dresser items | Upholstered headboard with foam cushioning offers supportive lounging comfort | Crisp white finish contrasts beautifully with natural rattan drawer fronts | Round metal knobs and tapered legs add refined detail to each case piece | Designed to create a bright airy bedroom with practical everyday storage,20,223471Q-S4-1.jpg,https://www.coasterfurniture.com/furniture/category/Bedroom-Sets/Bexhill-Bedroom-Set/223471Q-S5
202091KE-S4,Carlton 4-piece Eastern King Bedroom Set Cappuccino,Bedroom Sets,Eastern King Bed,Eastern King / 4,"Create a refined retreat with this transitional bedroom set, pairing modern simplicity with timeless craftsmanship. The bed features channel-stitched black leatherette panels framed in a warm cappuccino finish, complemented by clean-lined storage pieces with brushed silver hardware. Each component is crafted from solid wood, veneer, and engineered wood for enduring strength. Blending style and function, this coordinated suite transforms the bedroom into a space of comfort and sophistication.","79.25""w x 86.5""d x 50.5""h",79.38,coasterfurniture.com listed,"Four-piece bedroom set in cappuccino finish with modern simplicity | Bed showcases black leatherette channel padding for comfort | Nightstand and dresser provide practical drawer storage | Mirror framed in matching finish with padded leatherette accent | Engineered wood, veneer, and rubberwood ensure sturdy construction | Metal hardware adds contrast and long-lasting durability",20,202091KE-S4-1.jpg,https://www.coasterfurniture.com/furniture/category/Bedroom-Sets/Carlton-Bedroom-Set/202091Q-S5
202091KE-S5,Carlton 5-piece Eastern King Bedroom Set Cappuccino,Bedroom Sets,Eastern King Bed,Eastern King / 5,"Create a refined retreat with this transitional bedroom set, pairing modern simplicity with timeless craftsmanship. The bed features channel-stitched black leatherette panels framed in a warm cappuccino finish, complemented by clean-lined storage pieces with brushed silver hardware. Each component is crafted from solid wood, veneer, and engineered wood for enduring strength. Blending style and function, this coordinated suite transforms the bedroom into a space of comfort and sophistication.","79.25""w x 86.5""d x 50.5""h",79.38,coasterfurniture.com listed,"Five-piece bedroom set in cappuccino finish with confident symmetry | Bed includes channel-stitched black leatherette headboard and footboard | Nightstand, dresser, and chest deliver plentiful storage space | Mirror framed in coordinating cappuccino with padded leatherette trim | Constructed from veneer, engineered wood, and rubberwood | Brushed silver hardware enhances the clean, refined look",20,202091KE-S5-1.jpg,https://www.coasterfurniture.com/furniture/category/Bedroom-Sets/Carlton-Bedroom-Set/202091Q-S5
202091KW-S4,Carlton 4-piece California King Bedroom Set Cappuccino,Bedroom Sets,California King Bed,California King / 4,"Create a refined retreat with this transitional bedroom set, pairing modern simplicity with timeless craftsmanship. The bed features channel-stitched black leatherette panels framed in a warm cappuccino finish, complemented by clean-lined storage pieces with brushed silver hardware. Each component is crafted from solid wood, veneer, and engineered wood for enduring strength. Blending style and function, this coordinated suite transforms the bedroom into a space of comfort and sophistication.","79.25""w x 91.25""d x 50.5""h",83.79,coasterfurniture.com listed,"Four-piece bedroom set in cappuccino finish with graceful proportions | Bed features black leatherette channel panels for rich texture | Nightstand and dresser deliver ample organization and display space | Mirror includes padded leatherette trim for visual unity | Rubberwood, veneer, and engineered wood offer lasting structure | Brushed silver pulls bring sleek contrast and timeless detail",20,202091KW-S4-1.jpg,https://www.coasterfurniture.com/furniture/category/Bedroom-Sets/Carlton-Bedroom-Set/202091Q-S5
202091KW-S5,Carlton 5-piece California King Bedroom Set Cappuccino,Bedroom Sets,California King Bed,California King / 5,"Create a refined retreat with this transitional bedroom set, pairing modern simplicity with timeless craftsmanship. The bed features channel-stitched black leatherette panels framed in a warm cappuccino finish, complemented by clean-lined storage pieces with brushed silver hardware. Each component is crafted from solid wood, veneer, and engineered wood for enduring strength. Blending style and function, this coordinated suite transforms the bedroom into a space of comfort and sophistication.","79.25""w x 91.25""d x 50.5""h",83.79,coasterfurniture.com listed,"Five-piece bedroom set in cappuccino finish with sophisticated tone | Bed’s vertical black leatherette panels enhance depth and dimension | Nightstand, dresser, and chest provide versatile storage options | Mirror features a padded leatherette border for seamless balance | Built from rubberwood, veneer, and engineered wood for resilience | Brushed silver accents complete the sleek, unified aesthetic",20,202091KW-S5-1.jpg,https://www.coasterfurniture.com/furniture/category/Bedroom-Sets/Carlton-Bedroom-Set/202091Q-S5
202091Q-S4,Carlton 4-piece Queen Bedroom Set Cappuccino,Bedroom Sets,Queen Bed,Queen / 4,"Create a refined retreat with this transitional bedroom set, pairing modern simplicity with timeless craftsmanship. The bed features channel-stitched black leatherette panels framed in a warm cappuccino finish, complemented by clean-lined storage pieces with brushed silver hardware. Each component is crafted from solid wood, veneer, and engineered wood for enduring strength. Blending style and function, this coordinated suite transforms the bedroom into a space of comfort and sophistication.","63.25""w x 86.5""d x 50.5""h",68.36,coasterfurniture.com listed,"Four-piece bedroom set in cappuccino finish with cohesive design | Bed features black leatherette panels with vertical stitching | Nightstand and dresser offer generous drawer capacity | Mirror’s leatherette trim ties the collection together visually | Constructed from rubberwood, veneer, and engineered wood | Metal hardware creates contrast and ease of use",20,202091Q-S4-1.jpg,https://www.coasterfurniture.com/furniture/category/Bedroom-Sets/Carlton-Bedroom-Set/202091Q-S5
202091Q-S5,Carlton 5-piece Queen Bedroom Set Cappuccino,Bedroom Sets,Queen Bed,Queen / 5,"Create a refined retreat with this transitional bedroom set, pairing modern simplicity with timeless craftsmanship. The bed features channel-stitched black leatherette panels framed in a warm cappuccino finish, complemented by clean-lined storage pieces with brushed silver hardware. Each component is crafted from solid wood, veneer, and engineered wood for enduring strength. Blending style and function, this coordinated suite transforms the bedroom into a space of comfort and sophistication.","63.25""w x 86.5""d x 50.5""h",68.36,coasterfurniture.com listed,"Five-piece bedroom set in cappuccino finish with timeless appeal | Bed’s channel-tufted black leatherette design offers soft texture | Nightstand, dresser, and chest organize wardrobe and accessories | Mirror features a padded leatherette trim for visual continuity | Engineered wood, veneer, and rubberwood ensure lasting strength | Brushed silver knobs provide modern contrast and subtle shine",20,202091Q-S5-1.jpg,https://www.coasterfurniture.com/furniture/category/Bedroom-Sets/Carlton-Bedroom-Set/202091Q-S5
202091F-S4,Carlton 4-piece Full Bedroom Set Cappuccino,Bedroom Sets,Full Bed,Full / 4,"Create a refined retreat with this transitional bedroom set, pairing modern simplicity with timeless craftsmanship. The bed features channel-stitched black leatherette panels framed in a warm cappuccino finish, complemented by clean-lined storage pieces with brushed silver hardware. Each component is crafted from solid wood, veneer, and engineered wood for enduring strength. Blending style and function, this coordinated suite transforms the bedroom into a space of comfort and sophistication.","57""w x 80""d x 50.5""h",66.15,coasterfurniture.com listed,"Four-piece bedroom set in cappuccino finish with sleek, clean lines | Bed showcases vertical black leatherette channel details | Nightstand and dresser offer organized bedside and wardrobe space | Mirror includes padded leatherette trim for a cohesive appearance | Built from engineered wood, veneer, and rubberwood for stability | Brushed silver knobs add subtle contrast and modern character",20,202091F-S4-1.jpg,https://www.coasterfurniture.com/furniture/category/Bedroom-Sets/Carlton-Bedroom-Set/202091Q-S5
202091F-S5,Carlton 5-piece Full Bedroom Set Cappuccino,Bedroom Sets,Full Bed,Full / 5,"Create a refined retreat with this transitional bedroom set, pairing modern simplicity with timeless craftsmanship. The bed features channel-stitched black leatherette panels framed in a warm cappuccino finish, complemented by clean-lined storage pieces with brushed silver hardware. Each component is crafted from solid wood, veneer, and engineered wood for enduring strength. Blending style and function, this coordinated suite transforms the bedroom into a space of comfort and sophistication.","57""w x 80""d x 50.5""h",66.15,coasterfurniture.com listed,"Five-piece bedroom set in cappuccino finish with sleek proportions | Bed includes black leatherette channel panels for tailored charm | Nightstand, dresser, and chest provide layered storage capacity | Mirror framed with matching padded leatherette accent detail | Built from rubberwood, veneer, and engineered wood for longevity | Brushed silver hardware adds crisp definition and contrast",20,202091F-S5-1.jpg,https://www.coasterfurniture.com/furniture/category/Bedroom-Sets/Carlton-Bedroom-Set/202091Q-S5
202091T-S4,Carlton 4-piece Twin Bedroom Set Cappuccino,Bedroom Sets,Twin Bed,Twin / 4,"Create a refined retreat with this transitional bedroom set, pairing modern simplicity with timeless craftsmanship. The bed features channel-stitched black leatherette panels framed in a warm cappuccino finish, complemented by clean-lined storage pieces with brushed silver hardware. Each component is crafted from solid wood, veneer, and engineered wood for enduring strength. Blending style and function, this coordinated suite transforms the bedroom into a space of comfort and sophistication.","42.25""w x 80""d x 50.5""h",50.72,coasterfurniture.com listed,Four-piece bedroom set in cappuccino finish with transitional style | Bed includes black leatherette channel panels for cushioned appeal | Nightstand and dresser provide convenient storage for essentials | Mirror framed with coordinating finish and padded leatherette top | Engineered wood and veneer construction ensures long-term durability | Brushed silver hardware adds subtle shine and modern refinement,20,202091T-S4-1.jpg,https://www.coasterfurniture.com/furniture/category/Bedroom-Sets/Carlton-Bedroom-Set/202091Q-S5
202091T-S5,Carlton 5-piece Twin Bedroom Set Cappuccino,Bedroom Sets,Twin Bed,Twin / 5,"Create a refined retreat with this transitional bedroom set, pairing modern simplicity with timeless craftsmanship. The bed features channel-stitched black leatherette panels framed in a warm cappuccino finish, complemented by clean-lined storage pieces with brushed silver hardware. Each component is crafted from solid wood, veneer, and engineered wood for enduring strength. Blending style and function, this coordinated suite transforms the bedroom into a space of comfort and sophistication.","42.25""w x 80""d x 50.5""h",50.72,coasterfurniture.com listed,"Five-piece bedroom set in cappuccino finish with modern styling | Bed features channel-tufted black leatherette panels | Nightstand, dresser, and chest offer organized storage solutions | Mirror includes padded leatherette detail along the top | Rubberwood, veneer, and engineered wood construction provides strength | Brushed silver hardware complements the set with metallic contrast",20,202091T-S5-1.jpg,https://www.coasterfurniture.com/furniture/category/Bedroom-Sets/Carlton-Bedroom-Set/202091Q-S5
225041KE-S4,Kailani 4-piece Eastern King Bedroom Set Beige Oak,Bedroom Sets,Eastern King Bed,Eastern King / 4,"The bedroom set combines timeless elegance with modern functionality, creating a serene and sophisticated retreat. A beige oak finish pairs with resin cane detailing and antique brass hardware for understated luxury, while the upholstered wingback headboard adds a soft, inviting layer of comfort. The platform bed design eliminates the need for a foundation, and the nightstand includes USB-A and USB-C charging for everyday convenience. Crafted with quality materials, this set balances beauty, comfort, and practical storage.","85.75""w x 88""d x 52.25""h",267.85,coasterfurniture.com listed,Four-piece eastern king bedroom set offers refined coastal style | Antique brass hardware and resin cane enhance the elegant finish | USB-A and USB-C ports in the nightstand add daily convenience | Upholstered wingback headboard adds softness and inviting comfort | Platform bed design removes the need for a separate foundation | Beige oak wood tone brings warmth and relaxed sophistication,19,225041KE-S4-1.jpg,https://www.coasterfurniture.com/furniture/category/Bedroom-Sets/Kailani-Bedroom-Set/225041Q-S5
225041KE-S5,Kailani 5-piece Eastern King Bedroom Set Beige Oak,Bedroom Sets,Eastern King Bed,Eastern King / 5,"The bedroom set combines timeless elegance with modern functionality, creating a serene and sophisticated retreat. A beige oak finish pairs with resin cane detailing and antique brass hardware for understated luxury, while the upholstered wingback headboard adds a soft, inviting layer of comfort. The platform bed design eliminates the need for a foundation, and the nightstand includes USB-A and USB-C charging for everyday convenience. Crafted with quality materials, this set balances beauty, comfort, and practical storage.","85.75""w x 88""d x 52.25""h",267.85,coasterfurniture.com listed,Five-piece eastern king bedroom set offers refined coastal style | Antique brass hardware and resin cane enhance the elegant finish | Upholstered wingback headboard adds softness and inviting comfort | USB-A and USB-C ports in the nightstand add daily convenience | Platform bed design removes the need for a separate foundation | Beige oak wood tone brings warmth and relaxed sophistication,20,225041KE-S5-1.jpg,https://www.coasterfurniture.com/furniture/category/Bedroom-Sets/Kailani-Bedroom-Set/225041Q-S5
225041KW-S4,Kailani 4-piece California King Bedroom Set Beige Oak,Bedroom Sets,California King Bed,California King / 4,"The bedroom set combines timeless elegance with modern functionality, creating a serene and sophisticated retreat. A beige oak finish pairs with resin cane detailing and antique brass hardware for understated luxury, while the upholstered wingback headboard adds a soft, inviting layer of comfort. The platform bed design eliminates the need for a foundation, and the nightstand includes USB-A and USB-C charging for everyday convenience. Crafted with quality materials, this set balances beauty, comfort, and practical storage.","85.75""w x 92""d x 52.25""h",260.13,coasterfurniture.com listed,Four-piece California king bedroom set offers refined coastal style | Antique brass hardware and resin cane enhance the elegant finish | Upholstered wingback headboard adds softness and inviting comfort | USB-A and USB-C ports in the nightstand add daily convenience | Platform bed design removes the need for a separate foundation | Beige oak wood tone brings warmth and relaxed sophistication,19,225041KW-S4-1.jpg,https://www.coasterfurniture.com/furniture/category/Bedroom-Sets/Kailani-Bedroom-Set/225041Q-S5
225041KW-S5,Kailani 5-piece California King Bedroom Set Beige Oak,Bedroom Sets,California King Bed,California King / 5,"The bedroom set combines timeless elegance with modern functionality, creating a serene and sophisticated retreat. A beige oak finish pairs with resin cane detailing and antique brass hardware for understated luxury, while the upholstered wingback headboard adds a soft, inviting layer of comfort. The platform bed design eliminates the need for a foundation, and the nightstand includes USB-A and USB-C charging for everyday convenience. Crafted with quality materials, this set balances beauty, comfort, and practical storage.","85.75""w x 92""d x 52.25""h",260.13,coasterfurniture.com listed,Five-piece California king bedroom set offers refined coastal style | Antique brass hardware and resin cane enhance the elegant finish | Upholstered wingback headboard adds softness and inviting comfort | USB-A and USB-C ports in the nightstand add daily convenience | Platform bed design removes the need for a separate foundation | Beige oak wood tone brings warmth and relaxed sophistication,20,225041KW-S5-1.jpg,https://www.coasterfurniture.com/furniture/category/Bedroom-Sets/Kailani-Bedroom-Set/225041Q-S5
225041Q-S4,Kailani 4-piece Queen Bedroom Set Beige Oak,Bedroom Sets,Queen Bed,Queen / 4,"The bedroom set combines timeless elegance with modern functionality, creating a serene and sophisticated retreat. A beige oak finish pairs with resin cane detailing and antique brass hardware for understated luxury, while the upholstered wingback headboard adds a soft, inviting layer of comfort. The platform bed design eliminates the need for a foundation, and the nightstand includes USB-A and USB-C charging for everyday convenience. Crafted with quality materials, this set balances beauty, comfort, and practical storage.","73.5""w x 88""d x 52.25""h",230.36,coasterfurniture.com listed,Four-piece queen bedroom set offers refined coastal bedroom style | Antique brass hardware and resin cane enhance the elegant finish | USB-A and USB-C ports in the nightstand add daily convenience | Upholstered wingback headboard adds softness and inviting comfort | Platform bed design removes the need for a separate foundation | Beige oak wood tone brings warmth and relaxed sophistication,19,225041Q-S4-1.jpg,https://www.coasterfurniture.com/furniture/category/Bedroom-Sets/Kailani-Bedroom-Set/225041Q-S5
225041Q-S5,Kailani 5-piece Queen Bedroom Set Beige Oak,Bedroom Sets,Queen Bed,Queen / 5,"The bedroom set combines timeless elegance with modern functionality, creating a serene and sophisticated retreat. A beige oak finish pairs with resin cane detailing and antique brass hardware for understated luxury, while the upholstered wingback headboard adds a soft, inviting layer of comfort. The platform bed design eliminates the need for a foundation, and the nightstand includes USB-A and USB-C charging for everyday convenience. Crafted with quality materials, this set balances beauty, comfort, and practical storage.","73.5""w x 88""d x 52.25""h",230.36,coasterfurniture.com listed,Five-piece queen bedroom set offers refined coastal bedroom style | Antique brass hardware and resin cane enhance the elegant finish | USB-A and USB-C ports in the nightstand add daily convenience | Upholstered wingback headboard adds softness and inviting comfort | Platform bed design removes the need for a separate foundation | Beige oak wood tone brings warmth and relaxed sophistication,20,225041Q-S5-1.jpg,https://www.coasterfurniture.com/furniture/category/Bedroom-Sets/Kailani-Bedroom-Set/225041Q-S5
223661KE-S4,Cavelle 4-piece Eastern King Bedroom Set Black,Bedroom Sets,Eastern King Bed,Eastern King / 4,"Modern bedroom set blends upholstered comfort with streamlined storage to create a cohesive bedroom environment. A tall charcoal chenille headboard framed in burnished black engineered wood anchors the space while coordinating storage pieces provide practical organization. Rounded case edges soften the silhouettes, and brass finish hardware introduces subtle contrast against the dark finish. Together the pieces deliver balanced style and functional storage for a refined modern bedroom.","79.25""w x 85""d x 50.5""h",81.69,coasterfurniture.com listed,Rounded case edges soften the overall contemporary bedroom silhouette | Four-piece bedroom set includes bed nightstand dresser and dresser mirror | Charcoal chenille headboard adds comfort texture and visual softness | Drawers offer convenient storage for clothing accessories and essentials | Burnished black finish creates a bold modern bedroom presence throughout | Brass finish hardware adds subtle warmth against the dark wood finish,19,223661KE-S4-1.jpg,https://www.coasterfurniture.com/furniture/category/Bedroom-Sets/Cavelle-Bedroom-Set/223661Q-S5
223661KE-S5,Cavelle 5-piece Eastern King Bedroom Set Black,Bedroom Sets,Eastern King Bed,Eastern King / 5,"Modern bedroom set blends upholstered comfort with streamlined storage to create a cohesive bedroom environment. A tall charcoal chenille headboard framed in burnished black engineered wood anchors the space while coordinating storage pieces provide practical organization. Rounded case edges soften the silhouettes, and brass finish hardware introduces subtle contrast against the dark finish. Together the pieces deliver balanced style and functional storage for a refined modern bedroom.","79.25""w x 85""d x 50.5""h",81.69,coasterfurniture.com listed,Rounded case edges soften the overall contemporary bedroom silhouette | Five-piece bedroom set includes bed nightstand dresser mirror and chest | Charcoal chenille headboard adds comfort texture and visual softness | Drawers offer convenient storage for clothing accessories and essentials | Burnished black finish creates a bold modern bedroom presence throughout | Brass finish hardware adds subtle warmth against the dark wood finish,20,223661KE-S5-1.jpg,https://www.coasterfurniture.com/furniture/category/Bedroom-Sets/Cavelle-Bedroom-Set/223661Q-S5
223661F-S4,Cavelle 4-piece Full Bedroom Set Black,Bedroom Sets,Full Bed,Full / 4,"Modern bedroom set blends upholstered comfort with streamlined storage to create a cohesive bedroom environment. A tall charcoal chenille headboard framed in black engineered wood anchors the space while coordinating storage pieces provide practical organization. Rounded case edges soften the silhouettes, and brass finish hardware introduces subtle contrast against the dark finish. Together the pieces deliver balanced style and functional storage for a refined modern bedroom.","57""w x 79.75""d x 50.5""h",65.78,coasterfurniture.com listed,Four-piece bedroom set includes bed nightstand dresser and dresser mirror | Black finish creates a bold modern bedroom presence throughout | Charcoal chenille headboard adds comfort texture and visual softness | Rounded case edges soften the overall contemporary bedroom silhouette | Drawers offer convenient storage for clothing accessories and essentials | Brass finish hardware adds subtle warmth against the dark wood finish,19,223661F-S4-1.jpg,https://www.coasterfurniture.com/furniture/category/Bedroom-Sets/Cavelle-Bedroom-Set/223661Q-S5
223661F-S5,Cavelle 5-piece Full Bedroom Set Black,Bedroom Sets,Full Bed,Full / 5,"Modern bedroom set blends upholstered comfort with streamlined storage to create a cohesive bedroom environment. A tall charcoal chenille headboard framed in black engineered wood anchors the space while coordinating storage pieces provide practical organization. Rounded case edges soften the silhouettes, and brass finish hardware introduces subtle contrast against the dark finish. Together the pieces deliver balanced style and functional storage for a refined modern bedroom.","57""w x 79.75""d x 50.5""h",65.78,coasterfurniture.com listed,Five-piece bedroom set includes bed nightstand dresser mirror and chest | Black finish creates a bold modern bedroom presence throughout | Charcoal chenille headboard adds comfort texture and visual softness | Rounded case edges soften the overall contemporary bedroom silhouette | Drawers offer convenient storage for clothing accessories and essentials | Brass finish hardware adds subtle warmth against the dark wood finish,20,223661F-S5-1.jpg,https://www.coasterfurniture.com/furniture/category/Bedroom-Sets/Cavelle-Bedroom-Set/223661Q-S5
223661T-S4,Cavelle 4-piece Twin Bedroom Set Black,Bedroom Sets,Twin Bed,Twin / 4,"Modern bedroom set blends upholstered comfort with streamlined storage to create a cohesive bedroom environment. A tall charcoal chenille headboard framed in black engineered wood anchors the space while coordinating storage pieces provide practical organization. Rounded case edges soften the silhouettes, and brass finish hardware introduces subtle contrast against the dark finish. Together the pieces deliver balanced style and functional storage for a refined modern bedroom.","42.25""w x 79.75""d x 50.5""h",55.24,coasterfurniture.com listed,Four-piece bedroom set includes bed nightstand dresser and dresser mirror | Black finish creates a bold modern bedroom presence throughout | Charcoal chenille headboard adds comfort texture and visual softness | Rounded case edges soften the overall contemporary bedroom silhouette | Drawers offer convenient storage for clothing accessories and essentials | Brass finish hardware adds subtle warmth against the dark wood finish,19,223661T-S4-1.jpg,https://www.coasterfurniture.com/furniture/category/Bedroom-Sets/Cavelle-Bedroom-Set/223661Q-S5
223661T-S5,Cavelle 5-piece Twin Bedroom Set Black,Bedroom Sets,Twin Bed,Twin / 5,"Modern bedroom set blends upholstered comfort with streamlined storage to create a cohesive bedroom environment. A tall charcoal chenille headboard framed in black engineered wood anchors the space while coordinating storage pieces provide practical organization. Rounded case edges soften the silhouettes, and brass finish hardware introduces subtle contrast against the dark finish. Together the pieces deliver balanced style and functional storage for a refined modern bedroom.","42.25""w x 79.75""d x 50.5""h",55.24,coasterfurniture.com listed,Drawers offer convenient storage for clothing accessories and essentials | Brass finish hardware adds subtle warmth against the dark wood finish | Five-piece bedroom set includes bed nightstand dresser mirror and chest | Black finish creates a bold modern bedroom presence throughout | Charcoal chenille headboard adds comfort texture and visual softness | Rounded case edges soften the overall contemporary bedroom silhouette,20,223661T-S5-1.jpg,https://www.coasterfurniture.com/furniture/category/Bedroom-Sets/Cavelle-Bedroom-Set/223661Q-S5
223661Q-S4,Cavelle 4-piece Queen Bedroom Set Black,Bedroom Sets,Queen Bed,Queen / 4,"Modern bedroom set blends upholstered comfort with streamlined storage to create a cohesive bedroom environment. A tall charcoal chenille headboard framed in burnished black engineered wood anchors the space while coordinating storage pieces provide practical organization. Rounded case edges soften the silhouettes, and brass finish hardware introduces subtle contrast against the dark finish. Together the pieces deliver balanced style and functional storage for a refined modern bedroom.","63.5""w x 85""d x 50.5""h",70.8,coasterfurniture.com listed,Rounded case edges soften the overall contemporary bedroom silhouette | Four-piece bedroom set includes bed nightstand dresser and dresser mirror | Charcoal chenille headboard adds comfort texture and visual softness | Drawers offer convenient storage for clothing accessories and essentials | Burnished black finish creates a bold modern bedroom presence throughout | Brass finish hardware adds subtle warmth against the dark wood finish,19,223661Q-S4-1.jpg,https://www.coasterfurniture.com/furniture/category/Bedroom-Sets/Cavelle-Bedroom-Set/223661Q-S5
223661Q-S5,Cavelle 5-piece Queen Bedroom Set Black,Bedroom Sets,Queen Bed,Queen / 5,"Modern bedroom set blends upholstered comfort with streamlined storage to create a cohesive bedroom environment. A tall charcoal chenille headboard framed in burnished black engineered wood anchors the space while coordinating storage pieces provide practical organization. Rounded case edges soften the silhouettes, and brass finish hardware introduces subtle contrast against the dark finish. Together the pieces deliver balanced style and functional storage for a refined modern bedroom.","63.5""w x 85""d x 50.5""h",70.8,coasterfurniture.com listed,Rounded case edges soften the overall contemporary bedroom silhouette | Five-piece bedroom set includes bed nightstand dresser mirror and chest | Charcoal chenille headboard adds comfort texture and visual softness | Drawers offer convenient storage for clothing accessories and essentials | Burnished black finish creates a bold modern bedroom presence throughout | Brass finish hardware adds subtle warmth against the dark wood finish,20,223661Q-S5-1.jpg,https://www.coasterfurniture.com/furniture/category/Bedroom-Sets/Cavelle-Bedroom-Set/223661Q-S5
215651KE-S4,Hyland 4-piece Eastern King Bedroom Set Natural,Bedroom Sets,Eastern King Bed,Eastern King / 4,"Transform your bedroom into a haven of modern elegance with this exquisite bedroom set. Inspired by contemporary Italian design, each piece in the collection features a sophisticated blend of natural wood tones and crisp white panels crafted from durable laminate veneer and engineered wood. The bed, nightstand, dresser, and mirror create a harmonious blend of style and functionality, bringing cohesive beauty and practical storage to your space while elevating the room with clean modern character.","79.5""w x 83.5""d x 51.5""h",100.33,coasterfurniture.com listed,Two-drawer nightstand and six-drawer dresser provide ample everyday storage | Eastern king bedroom set pairs a lighted panel bed with coordinated storage pieces | Mirror reflects light to enhance depth and openness in the room | Natural and white two-tone finish creates a crisp modern bedroom palette | Integrated LED touch lighting adds soft ambiance at the headboard | Laminate veneer and engineered wood construction offer durable lasting quality,19,215651KE-S4-1.jpg,https://www.coasterfurniture.com/furniture/category/Bedroom-Sets/Hyland-Bedroom-Set/215651Q-S5
215651KE-S5,Hyland 5-piece Eastern King Bedroom Set Natural,Bedroom Sets,Eastern King Bed,Eastern King / 5,"Transform your bedroom into a haven of modern elegance with this exquisite bedroom set. Inspired by contemporary Italian design, each piece in the collection features a sophisticated blend of natural wood tones and crisp white panels crafted from durable laminate veneer and engineered wood. The bed, nightstand, dresser, and mirror create a harmonious blend of style and functionality, bringing cohesive beauty and practical storage to your space while elevating the room with clean modern character.","79.5""w x 83.5""d x 51.5""h",100.33,coasterfurniture.com listed,Two-drawer nightstand and six-drawer dresser provide ample everyday storage | Eastern king bedroom set pairs a lighted panel bed with coordinated storage pieces | Mirror reflects light to enhance depth and openness in the room | Natural and white two-tone finish creates a crisp modern bedroom palette | Integrated LED touch lighting adds soft ambiance at the headboard | Laminate veneer and engineered wood construction offer durable lasting quality,20,215651KE-S5-1.jpg,https://www.coasterfurniture.com/furniture/category/Bedroom-Sets/Hyland-Bedroom-Set/215651Q-S5
215651Q-S4,Hyland 4-piece Queen Bedroom Set Natural,Bedroom Sets,Queen Bed,Queen / 4,"Transform your bedroom into a haven of modern elegance with this exquisite bedroom set. Inspired by contemporary Italian design, each piece in the collection features a sophisticated blend of natural wood tones and crisp white panels crafted from durable laminate veneer and engineered wood. The bed, nightstand, dresser, and mirror create a harmonious blend of style and functionality, bringing cohesive beauty and practical storage to your space while elevating the room with clean modern character.","63.5""w x 83.5""d x 51.5""h",87.1,coasterfurniture.com listed,Two-drawer nightstand and six-drawer dresser provide ample everyday storage | Queen bedroom set pairs a lighted panel bed with coordinated storage pieces | Mirror reflects light to enhance depth and openness in the room | Natural and white two-tone finish creates a crisp modern bedroom palette | Integrated LED touch lighting adds soft ambiance at the headboard | Laminate veneer and engineered wood construction offer durable lasting quality,19,215651Q-S4-1.jpg,https://www.coasterfurniture.com/furniture/category/Bedroom-Sets/Hyland-Bedroom-Set/215651Q-S5
215651Q-S5,Hyland 5-piece Queen Bedroom Set Natural,Bedroom Sets,Queen Bed,Queen / 5,"Transform your bedroom into a haven of modern elegance with this exquisite bedroom set. Inspired by contemporary Italian design, each piece in the collection features a sophisticated blend of natural wood tones and crisp white panels crafted from durable laminate veneer and engineered wood. The bed, nightstand, dresser, and mirror create a harmonious blend of style and functionality, bringing cohesive beauty and practical storage to your space while elevating the room with clean modern character.","63.5""w x 83.5""d x 51.5""h",87.1,coasterfurniture.com listed,Two-drawer nightstand and six-drawer dresser provide ample everyday storage | Queen bedroom set pairs a lighted panel bed with coordinated storage pieces | Mirror reflects light to enhance depth and openness in the room | Natural and white two-tone finish creates a crisp modern bedroom palette | Integrated LED touch lighting adds soft ambiance at the headboard | Laminate veneer and engineered wood construction offer durable lasting quality,20,215651Q-S5-1.jpg,https://www.coasterfurniture.com/furniture/category/Bedroom-Sets/Hyland-Bedroom-Set/215651Q-S5
224271Q-S4,Amsbury 4-piece Queen Bedroom Set Nutmeg,Bedroom Sets,Queen Bed,Queen / 4,"Warm nutmeg tones and softly rounded silhouettes give this bedroom set a calm, inviting presence, while the boucle headboard adds a layer of texture and comfort. The bed anchors the room with clean lines and vertical channeling, and the coordinating storage pieces keep the look polished with matte nickel hardware and smooth function. Altogether, the set creates a serene retreat that feels modern, practical, and beautifully cohesive.","64.25""w x 86.5""d x 58.5""h",95.25,coasterfurniture.com listed,Four-piece queen bedroom set features a warm nutmeg wood profile | Coordinated dresser nightstand and mirror complete the room with ease | Beige boucle headboard adds soft texture with vertical channeling | Rounded lines keep the set calm tailored and quietly modern | Designed for a queen mattress with foundation support required | Matte nickel hardware adds crisp contrast across the case pieces,18,224271Q-S4-1.jpg,https://www.coasterfurniture.com/furniture/category/Bedroom-Sets/Amsbury-Bedroom-Set/224271Q-S5
224271Q-S5,Amsbury 5-piece Queen Bedroom Set Nutmeg,Bedroom Sets,Queen Bed,Queen / 5,"Warm nutmeg tones and softly rounded silhouettes give this bedroom set a calm, inviting presence, while the boucle headboard adds a layer of texture and comfort. The bed anchors the room with clean lines and vertical channeling, and the coordinating storage pieces keep the look polished with matte nickel hardware and smooth function. Altogether, the set creates a serene retreat that feels modern, practical, and beautifully cohesive.","64.25""w x 86.5""d x 58.5""h",95.25,coasterfurniture.com listed,Five-piece queen bedroom set features a warm nutmeg wood profile | Dresser chest nightstand and mirror create complete bedroom storage | Beige boucle headboard adds soft texture with vertical channeling | Rounded lines keep the set calm tailored and quietly modern | Designed for a queen mattress with foundation support required | Matte nickel hardware adds crisp contrast across the case pieces,20,224271Q-S5-1.jpg,https://www.coasterfurniture.com/furniture/category/Bedroom-Sets/Amsbury-Bedroom-Set/224271Q-S5
224421KE-S4,Wilkes 4-piece Eastern King Bedroom Set Dark Cocoa,Bedroom Sets,Eastern King Bed,Eastern King / 4,"A modern bedroom set blends comfort and storage with a refined contemporary design. Finished in rich dark cocoa, it creates a warm and inviting atmosphere. The bed features a padded headboard and footboard with vertical channel tufting for added texture and comfort. Coordinating storage pieces include a six-drawer dresser and two-drawer nightstand, offering eight total drawers with English dovetail joinery and center metal glides for smooth performance and durability.","79.25""w x 86.5""d x 50.5""h",77.18,coasterfurniture.com listed,Drawers feature English dovetail joinery and center metal glides | Eastern king bedroom set includes bed dresser mirror and nightstand with eight drawers | Six drawer dresser and two drawer nightstand provide storage capacity | Dark cocoa finish creates warmth and refined bedroom style | Tufted headboard and footboard add texture and padded comfort | Brushed nickel hardware adds modern contrast to each piece,20,224421KE-S4-1.jpg,https://www.coasterfurniture.com/furniture/category/Bedroom-Sets/Wilkes-Bedroom-Set/224421Q-S5
224421KE-S5,Wilkes 5-piece Eastern King Bedroom Set Dark Cocoa,Bedroom Sets,Eastern King Bed,Eastern King / 5,"A modern bedroom set blends comfort and storage with a refined contemporary design. Finished in rich dark cocoa, it creates a warm and inviting atmosphere. The bed features a padded headboard and footboard with vertical channel tufting for added texture and comfort. Coordinating storage pieces expand capacity with a six-drawer dresser, two-drawer nightstand, and four-drawer chest, offering twelve total drawers with English dovetail joinery and center metal glides for smooth performance and durability.","79.25""w x 86.5""d x 50.5""h",77.18,coasterfurniture.com listed,Drawers feature English dovetail joinery and center metal glides | Eastern king bedroom set includes bed dresser mirror nightstand and chest with twelve drawers | Six drawer dresser two drawer nightstand and four drawer chest maximize storage | Dark cocoa finish creates warmth and refined bedroom style | Tufted headboard and footboard add texture and padded comfort | Brushed nickel hardware adds modern contrast to each piece,20,224421KE-S5-1.jpg,https://www.coasterfurniture.com/furniture/category/Bedroom-Sets/Wilkes-Bedroom-Set/224421Q-S5
224421KW-S4,Wilkes 4-piece California King Bedroom Set Dark Cocoa,Bedroom Sets,California King Bed,California King / 4,"A modern bedroom set blends comfort and storage with a refined contemporary design. Finished in rich dark cocoa, it creates a warm and inviting atmosphere. The bed features a padded headboard and footboard with vertical channel tufting for added texture and comfort. Coordinating storage pieces include a six-drawer dresser and two-drawer nightstand, offering eight total drawers with English dovetail joinery and center metal glides for smooth performance and durability.","79.25""w x 91""d x 50.5""h",83.8,coasterfurniture.com listed,Drawers feature English dovetail joinery and center metal glides | California king bedroom set includes bed dresser mirror and nightstand with eight drawers | Six drawer dresser and two drawer nightstand provide storage capacity | Dark cocoa finish creates warmth and refined bedroom style | Tufted headboard and footboard add texture and padded comfort | Brushed nickel hardware adds modern contrast to each piece,20,224421KW-S4-1.jpg,https://www.coasterfurniture.com/furniture/category/Bedroom-Sets/Wilkes-Bedroom-Set/224421Q-S5
224421KW-S5,Wilkes 5-piece California King Bedroom Set Dark Cocoa,Bedroom Sets,California King Bed,California King / 5,"A modern bedroom set blends comfort and storage with a refined contemporary design. Finished in rich dark cocoa, it creates a warm and inviting atmosphere. The bed features a padded headboard and footboard with vertical channel tufting for added texture and comfort. Coordinating storage pieces expand capacity with a six-drawer dresser, two-drawer nightstand, and four-drawer chest, offering twelve total drawers with English dovetail joinery and center metal glides for smooth performance and durability.","79.25""w x 91""d x 50.5""h",83.8,coasterfurniture.com listed,Drawers feature English dovetail joinery and center metal glides | California king bedroom set includes bed dresser mirror nightstand and chest with twelve drawers | Six drawer dresser two drawer nightstand and four drawer chest maximize storage | Dark cocoa finish creates warmth and refined bedroom style | Tufted headboard and footboard add texture and padded comfort | Brushed nickel hardware adds modern contrast to each piece,20,224421KW-S5-1.jpg,https://www.coasterfurniture.com/furniture/category/Bedroom-Sets/Wilkes-Bedroom-Set/224421Q-S5
224421Q-S4,Wilkes 4-piece Queen Bedroom Set Dark Cocoa,Bedroom Sets,Queen Bed,Queen / 4,"A modern bedroom set blends comfort and storage with a refined contemporary design. Finished in rich dark cocoa, it creates a warm and inviting atmosphere. The bed features a padded headboard and footboard with vertical channel tufting for added texture and comfort. Coordinating storage pieces include a six-drawer dresser and two-drawer nightstand, offering eight total drawers with English dovetail joinery and center metal glides for smooth performance and durability.","63.25""w x 86.5""d x 50.5""h",64.26,coasterfurniture.com listed,Drawers feature English dovetail joinery and center metal glides | Queen bedroom set includes bed dresser mirror and nightstand with eight drawers | Six drawer dresser and two drawer nightstand provide storage capacity | Dark cocoa finish creates warmth and refined bedroom style | Tufted headboard and footboard add texture and padded comfort | Brushed nickel hardware adds modern contrast to each piece,20,224421Q-S4-1.jpg,https://www.coasterfurniture.com/furniture/category/Bedroom-Sets/Wilkes-Bedroom-Set/224421Q-S5
224421Q-S5,Wilkes 5-piece Queen Bedroom Set Dark Cocoa,Bedroom Sets,Queen Bed,Queen / 5,"A modern bedroom set blends comfort and storage with a refined contemporary design. Finished in rich dark cocoa, it creates a warm and inviting atmosphere. The bed features a padded headboard and footboard with vertical channel tufting for added texture and comfort. Coordinating storage pieces expand capacity with a six-drawer dresser, two-drawer nightstand, and four-drawer chest, offering twelve total drawers with English dovetail joinery and center metal glides for smooth performance and durability.","63.25""w x 86.5""d x 50.5""h",64.26,coasterfurniture.com listed,Drawers feature English dovetail joinery and center metal glides | Queen bedroom set includes bed dresser mirror nightstand and chest with twelve drawers | Six drawer dresser two drawer nightstand and four drawer chest maximize storage | Dark cocoa finish creates warmth and refined bedroom style | Tufted headboard and footboard add texture and padded comfort | Brushed nickel hardware adds modern contrast to each piece,20,224421Q-S5-1.jpg,https://www.coasterfurniture.com/furniture/category/Bedroom-Sets/Wilkes-Bedroom-Set/224421Q-S5
224421T-S4,Wilkes 4-piece Twin Bedroom Set Dark Cocoa,Bedroom Sets,Twin Bed,Twin / 4,"A modern bedroom set blends comfort and storage with a refined contemporary design. Finished in rich dark cocoa, it creates a warm and inviting atmosphere. The bed features a padded headboard and footboard with vertical channel tufting for added texture and comfort. Coordinating storage pieces include a six-drawer dresser and two-drawer nightstand, offering eight total drawers with English dovetail joinery and center metal glides for smooth performance and durability.","42.25""w x 80""d x 50.5""h",49.61,coasterfurniture.com listed,Twin bedroom set includes bed dresser mirror and nightstand with eight drawers | Six drawer dresser and two drawer nightstand provide storage capacity | Drawers feature English dovetail joinery and center metal glides | Dark cocoa finish creates warmth and refined bedroom style | Tufted headboard and footboard add texture and padded comfort | Brushed nickel hardware adds modern contrast to each piece,20,224421T-S4-1.jpg,https://www.coasterfurniture.com/furniture/category/Bedroom-Sets/Wilkes-Bedroom-Set/224421Q-S5
224421T-S5,Wilkes 5-piece Twin Bedroom Set Dark Cocoa,Bedroom Sets,Twin Bed,Twin / 5,"A modern bedroom set blends comfort and storage with a refined contemporary design. Finished in rich dark cocoa, it creates a warm and inviting atmosphere. The bed features a padded headboard and footboard with vertical channel tufting for added texture and comfort. Coordinating storage pieces expand capacity with a six-drawer dresser, two-drawer nightstand, and four-drawer chest, offering twelve total drawers with English dovetail joinery and center metal glides for smooth performance and durability.","42.25""w x 80""d x 50.5""h",49.61,coasterfurniture.com listed,Twin bedroom set includes bed dresser mirror nightstand and chest with twelve drawers | Six drawer dresser two drawer nightstand and four drawer chest maximize storage | Drawers feature English dovetail joinery and center metal glides | Dark cocoa finish creates warmth and refined bedroom style | Tufted headboard and footboard add texture and padded comfort | Brushed nickel hardware adds modern contrast to each piece,20,224421T-S5-1.jpg,https://www.coasterfurniture.com/furniture/category/Bedroom-Sets/Wilkes-Bedroom-Set/224421Q-S5
224421F-S4,Wilkes 4-piece Full Bedroom Set Dark Cocoa,Bedroom Sets,Full Bed,Full / 4,"This bedroom set brings together a luxurious blend of contemporary design and functional elegance. Featuring a platform bed with vertical channel tufting on the padded headboard and footboard, the set is finished in rich dark cocoa, creating a warm and inviting atmosphere. The case pieces provide ample storage with deep drawers, each complemented by brushed nickel hardware for a sleek, modern look. The matching dresser mirror enhances the sense of space and light, adding a finishing touch to the overall aesthetic. Crafted from solid rubberwood and tropical wood veneers, this set offers both style and durability, making it a perfect choice for your bedroom.","57""w x 80""d x 50.5""h",62.84,coasterfurniture.com listed,"Full bedroom set with vertical channel tufting on the headboard and footboard | Crafted from rubberwood, engineered wood, and okume veneer for durability and style | Brushed nickel hardware and center metal glides adds a modern touch | Brown fabric upholstery adds a soft, luxurious touch | Dark cocoa finish adds warmth and sophistication",20,224421F-S4-1.jpg,https://www.coasterfurniture.com/furniture/category/Bedroom-Sets/Wilkes-Bedroom-Set/224421Q-S5
224421F-S5,Wilkes 5-piece Full Bedroom Set Dark Cocoa,Bedroom Sets,Full Bed,Full / 5,"A modern bedroom set blends comfort and storage with a refined contemporary design. Finished in rich dark cocoa, it creates a warm and inviting atmosphere. The bed features a padded headboard and footboard with vertical channel tufting for added texture and comfort. Coordinating storage pieces expand capacity with a six-drawer dresser, two-drawer nightstand, and four-drawer chest, offering twelve total drawers with English dovetail joinery and center metal glides for smooth performance and durability.","57""w x 80""d x 50.5""h",62.84,coasterfurniture.com listed,Full bedroom set includes bed dresser mirror nightstand and chest with twelve drawers | Six drawer dresser two drawer nightstand and four drawer chest maximize storage | Drawers feature English dovetail joinery and center metal glides | Dark cocoa finish creates warmth and refined bedroom style | Tufted headboard and footboard add texture and padded comfort | Brushed nickel hardware adds modern contrast to each piece,20,224421F-S5-1.jpg,https://www.coasterfurniture.com/furniture/category/Bedroom-Sets/Wilkes-Bedroom-Set/224421Q-S5
223631KE-S4,Andover 4-piece Eastern King Bedroom Set Dark Oak,Bedroom Sets,Eastern King Bed,Eastern King / 4,"This bedroom set captures the essence of American traditional elegance with a nod to British Colonial design. A four-poster bed with turned posts and a serpentine headboard brings stately presence, while the dark oak finish highlights rich wood grain throughout. Storage pieces add smooth-gliding drawers and felt-lined top storage for a refined touch. Crafted with poplar and oak veneer, the set creates a warm and polished retreat.","83.5""w x 91.25""d x 63.5""h",159.82,coasterfurniture.com listed,Eastern king four-piece bedroom set creates a stately traditional retreat | Gunmetal hardware offers subtle contrast against the warm oak finish | Four-poster bed with turned posts brings classic height and elegant presence | Batten slats support the bed while a foundation is required for mattress use | Dark oak finish highlights rich wood grain with timeless warmth and depth | Felt-lined top drawers add a refined touch to everyday bedroom storage,19,223631KE-S4-1.jpg,https://www.coasterfurniture.com/furniture/category/Bedroom-Sets/Andover-Bedroom-Set/223631Q-S5
223631KW-S4,Andover 4-piece California King Bedroom Set Dark Oak,Bedroom Sets,Cal King Bed,California King / 4,"This bedroom set captures the essence of American traditional elegance with a nod to British Colonial design. A four-poster bed with turned posts and a serpentine headboard brings stately presence, while the dark oak finish highlights rich wood grain throughout. Storage pieces add smooth-gliding drawers and felt-lined top storage for a refined touch. Crafted with poplar and oak veneer, the set creates a warm and polished retreat.","83""w x 95.25""d x 63.5""h",178.9,coasterfurniture.com listed,California king four-piece bedroom set creates a warm traditional retreat | Gunmetal hardware offers subtle contrast against the warm oak finish | Four-poster bed with turned posts brings classic height and elegant presence | Batten slats support the bed while a foundation is required for mattress use | Dark oak finish highlights rich wood grain with timeless warmth and depth | Felt-lined top drawers add a refined touch to everyday bedroom storage,19,223631KW-S4-1.jpg,https://www.coasterfurniture.com/furniture/category/Bedroom-Sets/Andover-Bedroom-Set/223631Q-S5
223631KE-S5,Andover 5-piece Eastern King Bedroom Set Dark Oak,Bedroom Sets,Eastern King Bed,Eastern King / 5,"This bedroom set captures the essence of American traditional elegance with a nod to British Colonial design. A four-poster bed with turned posts and a serpentine headboard brings stately presence, while the dark oak finish highlights rich wood grain throughout. Storage pieces add smooth-gliding drawers and felt-lined top storage for a refined touch. Crafted with poplar and oak veneer, the set creates a warm and polished retreat.","83.5""w x 91.25""d x 63.5""h",159.82,coasterfurniture.com listed,Eastern king five-piece bedroom set creates a stately traditional retreat | Gunmetal hardware offers subtle contrast against the warm oak finish | Four-poster bed with turned posts brings classic height and elegant presence | Batten slats support the bed while a foundation is required for mattress use | Dark oak finish highlights rich wood grain with timeless warmth and depth | Felt-lined top drawers add a refined touch to everyday bedroom storage,20,223631KE-S5-1.jpg,https://www.coasterfurniture.com/furniture/category/Bedroom-Sets/Andover-Bedroom-Set/223631Q-S5
223631KW-S5,Andover 5-piece California King Bedroom Set Dark Oak,Bedroom Sets,Cal King Bed,California King / 5,"This bedroom set captures the essence of American traditional elegance with a nod to British Colonial design. A four-poster bed with turned posts and a serpentine headboard brings stately presence, while the dark oak finish highlights rich wood grain throughout. Storage pieces add smooth-gliding drawers and felt-lined top storage for a refined touch. Crafted with poplar and oak veneer, the set creates a warm and polished retreat.","83""w x 95.25""d x 63.5""h",178.9,coasterfurniture.com listed,California king five-piece bedroom set creates a warm traditional retreat | Gunmetal hardware offers subtle contrast against the warm oak finish | Four-poster bed with turned posts brings classic height and elegant presence | Batten slats support the bed while a foundation is required for mattress use | Dark oak finish highlights rich wood grain with timeless warmth and depth | Felt-lined top drawers add a refined touch to everyday bedroom storage,20,223631KW-S5-1.jpg,https://www.coasterfurniture.com/furniture/category/Bedroom-Sets/Andover-Bedroom-Set/223631Q-S5
223631Q-S5,Andover 5-piece Queen Bedroom Set Dark Oak,Bedroom Sets,Queen Bed,Queen / 5,"This bedroom set captures the essence of American traditional elegance with a nod to British Colonial design. A four-poster bed with turned posts and a serpentine headboard brings stately presence, while the dark oak finish highlights rich wood grain throughout. Storage pieces add smooth-gliding drawers and felt-lined top storage for a refined touch. Crafted with poplar and oak veneer, the set creates a warm and polished retreat.","67.25""w x 91.25""d x 63.5""h",141.07,coasterfurniture.com listed,Queen five-piece bedroom set creates a warm and stately traditional retreat | Gunmetal hardware offers subtle contrast against the warm oak finish | Four-poster bed with turned posts brings classic height and elegant presence | Batten slats support the bed while a foundation is required for mattress use | Dark oak finish highlights rich wood grain with timeless warmth and depth | Felt-lined top drawers add a refined touch to everyday bedroom storage,20,223631Q-S5-1.jpg,https://www.coasterfurniture.com/furniture/category/Bedroom-Sets/Andover-Bedroom-Set/223631Q-S5
223631Q-S4,Andover 4-piece Queen Bedroom Set Dark Oak,Bedroom Sets,Queen Bed,Queen / 4,"This bedroom set captures the essence of American traditional elegance with a nod to British Colonial design. A four-poster bed with turned posts and a serpentine headboard brings stately presence, while the dark oak finish highlights rich wood grain throughout. Storage pieces add smooth-gliding drawers and felt-lined top storage for a refined touch. Crafted with poplar and oak veneer, the set creates a warm and polished retreat.","67.25""w x 91.25""d x 63.5""h",141.07,coasterfurniture.com listed,Queen four-piece bedroom set creates a warm and stately traditional retreat | Gunmetal hardware offers subtle contrast against the warm oak finish | Four-poster bed with turned posts brings classic height and elegant presence | Batten slats support the bed while a foundation is required for mattress use | Dark oak finish highlights rich wood grain with timeless warmth and depth | Felt-lined top drawers add a refined touch to everyday bedroom storage,19,223631Q-S4-1.jpg,https://www.coasterfurniture.com/furniture/category/Bedroom-Sets/Andover-Bedroom-Set/223631Q-S5
205110KE-S4,Miranda 4-piece Eastern King Bedroom Set White,Bedroom Sets,Eastern King Bed,White / Eastern King / 4,"Encourage a glam vibe in your refined bedroom with a modern four-piece bedroom set. Centering on a stylish bed with an upholstered headboard and low footboard, the set includes a two-drawer nightstand for easy bedside storage and display space. A seven drawer dresser and mirror complete the set, adding diamond-like trim across its face that catches the light and offers a sophisticated touch. Bracket feet add a touch of dimensionality and movement to each piece and jewel-like bar pulls add intriguing sparkle. A cool white finish is textured, while white finish trim is smooth, creating a touch of textural contrast that add engaging style.","79.5""w x 83.75""d x 53.75""h",110.92,coasterfurniture.com listed,Textured white panel surfaces contrasted by smooth white molded trim throughout | Low profile footboard and bracket legs offer a modern and airy foundation | Storage cases include secret jewelry drawers behind glittery front panels | Bedroom set with upholstered panel bed featuring glitter-accented headboard stripe | Drawers are felt-lined and glide on full-extension hardware for smooth operation | Crystal-style handles and sparkling trim provide glam-inspired sophistication,20,205110KE-S4-1.jpg,https://www.coasterfurniture.com/furniture/category/Bedroom-Sets/Miranda-Bedroom-Set-B/206360Q-S5
205110KE-S5,Miranda 5-piece Eastern King Bedroom Set White,Bedroom Sets,Eastern King Bed,White / Eastern King / 5,"Sparkling diamond-like trim ups the glamour for a five-piece modern bedroom set. Compelling in its elegant simplicity, it centers on an upholstered bed and features a lightly textured white finish paired with smooth white molded trim. A nightstand, dresser with mirror, and chest provide plenty of drawers for easy storage and organization. Stripes of glittering, diamond-like trim and jewel-like bar pulls elevate the set, creating a fresh, sophisticated look and feel for your bedroom. Bracket feet complete the look with a touch of movement.","79.5""w x 83.75""d x 53.75""h",110.92,coasterfurniture.com listed,Textured white panel surfaces contrasted by smooth white molded trim throughout | Storage cases include secret jewelry drawers behind glittery front panels | Low profile footboard and bracket legs offer a modern and airy foundation | Bedroom set with upholstered panel bed featuring glitter-accented headboard stripe | Drawers are felt-lined and glide on full-extension hardware for smooth operation | Crystal-style handles and sparkling trim provide glam-inspired sophistication,20,205110KE-S5-1.jpg,https://www.coasterfurniture.com/furniture/category/Bedroom-Sets/Miranda-Bedroom-Set-B/206360Q-S5
206360KE-S4,Miranda 4-piece Eastern King Bedroom Set Black,Bedroom Sets,Eastern King Bed,Black / Eastern King / 4,"Glittering trim and a black finish create a sense of sophistication for a four-piece modern bedroom set. Designed to make a statement, the set focuses on a bed that boasts a crisp, clean-lined silhouette that pairs a rectangular headboard with padded black upholstery. Glittering diamond-like trim adorns the head and footboards of the bed and makes a statement on both the nightstand and dresser. Drawers are accentuated with jewelry inspired bar pulls that add to a gleaming presentation. Bracket feet complete the look of each piece in this set, offering a touch of timeless character and subtle movement.","79.5""w x 83.75""d x 53.75""h",110.92,coasterfurniture.com listed,Bedroom set with upholstered panel bed and glitter-striped headboard detail | Case pieces feature hidden felt-lined jewelry drawers beneath glittery panels | All drawers offer full-extension glides and are lined to protect delicate items | Crystal drawer pulls and shimmering accents complete the glam black design | Sleek black finish with tonal variation pairs with chrome-like accents for contrast | Low footboard enhances open visual space while maintaining modern structure,20,206360KE-S4-1.jpg,https://www.coasterfurniture.com/furniture/category/Bedroom-Sets/Miranda-Bedroom-Set-B/206360Q-S5
206360KE-S5,Miranda 5-piece Eastern King Bedroom Set Black,Bedroom Sets,Eastern King Bed,Black / Eastern King / 5,"Sparkling trim brings the glamour of diamonds to this five-piece modern bedroom set. Designed to make a statement, it showcases a deep black finish with tuxedo inspired design elements that add glittering allure. The set centers on a chic bed, complete with an upholstered headboard and low footboard that create an airy, inviting pairing. The dresser, chest and nightstand each add ample storage, perfect for an organized bedroom ambiance. Each piece is complete with sparkling trim and jewelry inspired bar pulls on its drawer fronts that pull the look together perfectly.","79.5""w x 83.75""d x 53.75""h",110.92,coasterfurniture.com listed,Bedroom set with upholstered panel bed and glitter-striped headboard detail | Case pieces feature hidden felt-lined jewelry drawers beneath glittery panels | All drawers offer full-extension glides and are lined to protect delicate items | Crystal drawer pulls and shimmering accents complete the glam black design | Sleek black finish with tonal variation pairs with chrome-like accents for contrast | Low footboard enhances open visual space while maintaining modern structure,20,206360KE-S5-1.jpg,https://www.coasterfurniture.com/furniture/category/Bedroom-Sets/Miranda-Bedroom-Set-B/206360Q-S5
206360KW-S4,Miranda 4-piece California King Bedroom Set Black,Bedroom Sets,California King Bed,Black / California King / 4,"Glittering trim and a black finish create a sense of sophistication for a four-piece modern bedroom set. Designed to make a statement, the set focuses on a bed that boasts a crisp, clean-lined silhouette that pairs a rectangular headboard with padded black upholstery. Glittering diamond-like trim adorns the head and footboards of the bed and makes a statement on both the nightstand and dresser. Drawers are accentuated with jewelry inspired bar pulls that add to a gleaming presentation. Bracket feet complete the look of each piece in this set, offering a touch of timeless character and subtle movement.","79.5""w x 88.5""d x 53.75""h",120.07,coasterfurniture.com listed,All drawers offer full-extension glides and are lined to protect delicate items | Case pieces feature hidden felt-lined jewelry drawers beneath glittery panels | Low footboard enhances open visual space while maintaining modern structure | Sleek black finish with tonal variation pairs with chrome-like accents for contrast | Bedroom set with upholstered panel bed and glitter-striped headboard detail | Crystal drawer pulls and shimmering accents complete the glam black design,20,206360KW-S4-1.jpg,https://www.coasterfurniture.com/furniture/category/Bedroom-Sets/Miranda-Bedroom-Set-B/206360Q-S5
206360KW-S5,Miranda 5-piece California King Bedroom Set Black,Bedroom Sets,California King Bed,Black / California King / 5,"Sparkling trim brings the glamour of diamonds to this five-piece modern bedroom set. Designed to make a statement, it showcases a deep black finish with tuxedo inspired design elements that add glittering allure. The set centers on a chic bed, complete with an upholstered headboard and low footboard that create an airy, inviting pairing. The dresser, chest and nightstand each add ample storage, perfect for an organized bedroom ambiance. Each piece is complete with sparkling trim and jewelry inspired bar pulls on its drawer fronts that pull the look together perfectly.","79.5""w x 88.5""d x 53.75""h",120.07,coasterfurniture.com listed,Crystal drawer pulls and shimmering accents complete the glam black design | Case pieces feature hidden felt-lined jewelry drawers beneath glittery panels | Bedroom set with upholstered panel bed and glitter-striped headboard detail | Low footboard enhances open visual space while maintaining modern structure | Sleek black finish with tonal variation pairs with chrome-like accents for contrast | All drawers offer full-extension glides and are lined to protect delicate items,20,206360KW-S5-1.jpg,https://www.coasterfurniture.com/furniture/category/Bedroom-Sets/Miranda-Bedroom-Set-B/206360Q-S5
205110KW-S4,Miranda 4-piece California King Bedroom Set White,Bedroom Sets,California King Bed,White / California King / 4,"Encourage a glam vibe in your refined bedroom with a modern four-piece bedroom set. Centering on a stylish bed with an upholstered headboard and low footboard, the set includes a two-drawer nightstand for easy bedside storage and display space. A seven drawer dresser and mirror complete the set, adding diamond-like trim across its face that catches the light and offers a sophisticated touch. Bracket feet add a touch of dimensionality and movement to each piece and jewel-like bar pulls add intriguing sparkle. A cool white finish is textured, while white finish trim is smooth, creating a touch of textural contrast that add engaging style.","79.5""w x 88.5""d x 53.75""h",120.07,coasterfurniture.com listed,Bedroom set with upholstered panel bed featuring glitter-accented headboard stripe | Low profile footboard and bracket legs offer a modern and airy foundation | Textured white panel surfaces contrasted by smooth white molded trim throughout | Crystal-style handles and sparkling trim provide glam-inspired sophistication | Drawers are felt-lined and glide on full-extension hardware for smooth operation | Storage cases include secret jewelry drawers behind glittery front panels,20,205110KW-S4-1.jpg,https://www.coasterfurniture.com/furniture/category/Bedroom-Sets/Miranda-Bedroom-Set-B/206360Q-S5
205110KW-S5,Miranda 5-piece California King Bedroom Set White,Bedroom Sets,California King Bed,White / California King / 5,"Sparkling diamond-like trim ups the glamour for a five-piece modern bedroom set. Compelling in its elegant simplicity, it centers on an upholstered bed and features a lightly textured white finish paired with smooth white molded trim. A nightstand, dresser with mirror, and chest provide plenty of drawers for easy storage and organization. Stripes of glittering, diamond-like trim and jewel-like bar pulls elevate the set, creating a fresh, sophisticated look and feel for your bedroom. Bracket feet complete the look with a touch of movement.","79.5""w x 88.5""d x 53.75""h",120.07,coasterfurniture.com listed,Bedroom set with upholstered panel bed featuring glitter-accented headboard stripe | Drawers are felt-lined and glide on full-extension hardware for smooth operation | Crystal-style handles and sparkling trim provide glam-inspired sophistication | Storage cases include secret jewelry drawers behind glittery front panels | Textured white panel surfaces contrasted by smooth white molded trim throughout | Low profile footboard and bracket legs offer a modern and airy foundation,20,205110KW-S5-1.jpg,https://www.coasterfurniture.com/furniture/category/Bedroom-Sets/Miranda-Bedroom-Set-B/206360Q-S5
205110F-S4,Miranda 4-piece Full Bedroom Set White,Bedroom Sets,Full Bed,White / Full / 4,"Encourage a glam vibe in your refined bedroom with a modern four-piece bedroom set. Centering on a stylish bed with an upholstered headboard and low footboard, the set includes a two-drawer nightstand for easy bedside storage and display space. A seven drawer dresser and mirror complete the set, adding diamond-like trim across its face that catches the light and offers a sophisticated touch. Bracket feet add a touch of dimensionality and movement to each piece and jewel-like bar pulls add intriguing sparkle. A cool white finish is textured, while white finish trim is smooth, creating a touch of textural contrast that add engaging style.","57.25""w x 78.5""d x 53.75""h",90.07,coasterfurniture.com listed,Low profile footboard and bracket legs offer a modern and airy foundation | Storage cases include secret jewelry drawers behind glittery front panels | Textured white panel surfaces contrasted by smooth white molded trim throughout | Bedroom set with upholstered panel bed featuring glitter-accented headboard stripe | Drawers are felt-lined and glide on full-extension hardware for smooth operation | Crystal-style handles and sparkling trim provide glam-inspired sophistication,20,205110F-S4-1.jpg,https://www.coasterfurniture.com/furniture/category/Bedroom-Sets/Miranda-Bedroom-Set-B/206360Q-S5
205110F-S5,Miranda 5-piece Full Bedroom Set White,Bedroom Sets,Full Bed,White / Full / 5,"Sparkling diamond-like trim ups the glamour for a five-piece modern bedroom set. Compelling in its elegant simplicity, it centers on an upholstered bed and features a lightly textured white finish paired with smooth white molded trim. A nightstand, dresser with mirror, and chest provide plenty of drawers for easy storage and organization. Stripes of glittering, diamond-like trim and jewel-like bar pulls elevate the set, creating a fresh, sophisticated look and feel for your bedroom. Bracket feet complete the look with a touch of movement.","57.25""w x 78.5""d x 53.75""h",90.07,coasterfurniture.com listed,Storage cases include secret jewelry drawers behind glittery front panels | Bedroom set with upholstered panel bed featuring glitter-accented headboard stripe | Drawers are felt-lined and glide on full-extension hardware for smooth operation | Textured white panel surfaces contrasted by smooth white molded trim throughout | Low profile footboard and bracket legs offer a modern and airy foundation | Crystal-style handles and sparkling trim provide glam-inspired sophistication,20,205110F-S5-1.jpg,https://www.coasterfurniture.com/furniture/category/Bedroom-Sets/Miranda-Bedroom-Set-B/206360Q-S5
206360Q-S4,Miranda 4-piece Queen Bedroom Set Black,Bedroom Sets,Queen Bed,Black / Queen / 4,"Glittering trim and a black finish create a sense of sophistication for a four-piece modern bedroom set. Designed to make a statement, the set focuses on a bed that boasts a crisp, clean-lined silhouette that pairs a rectangular headboard with padded black upholstery. Glittering diamond-like trim adorns the head and footboards of the bed and makes a statement on both the nightstand and dresser. Drawers are accentuated with jewelry inspired bar pulls that add to a gleaming presentation. Bracket feet complete the look of each piece in this set, offering a touch of timeless character and subtle movement.","63.5""w x 83.75""d x 53.75""h",93.72,coasterfurniture.com listed,Sleek black finish with tonal variation pairs with chrome-like accents for contrast | Low footboard enhances open visual space while maintaining modern structure | Case pieces feature hidden felt-lined jewelry drawers beneath glittery panels | Bedroom set with upholstered panel bed and glitter-striped headboard detail | All drawers offer full-extension glides and are lined to protect delicate items | Crystal drawer pulls and shimmering accents complete the glam black design,20,206360Q-S4-1.jpg,https://www.coasterfurniture.com/furniture/category/Bedroom-Sets/Miranda-Bedroom-Set-B/206360Q-S5
206360Q-S5,Miranda 5-piece Queen Bedroom Set Black,Bedroom Sets,Queen Bed,Black / Queen / 5,"Sparkling trim brings the glamour of diamonds to this five-piece modern bedroom set. Designed to make a statement, it showcases a deep black finish with tuxedo inspired design elements that add glittering allure. The set centers on a chic bed, complete with an upholstered headboard and low footboard that create an airy, inviting pairing. The dresser, chest and nightstand each add ample storage, perfect for an organized bedroom ambiance. Each piece is complete with sparkling trim and jewelry inspired bar pulls on its drawer fronts that pull the look together perfectly.","63.5""w x 83.75""d x 53.75""h",93.72,coasterfurniture.com listed,Crystal drawer pulls and shimmering accents complete the glam black design | Case pieces feature hidden felt-lined jewelry drawers beneath glittery panels | Bedroom set with upholstered panel bed and glitter-striped headboard detail | Low footboard enhances open visual space while maintaining modern structure | Sleek black finish with tonal variation pairs with chrome-like accents for contrast | All drawers offer full-extension glides and are lined to protect delicate items,20,206360Q-S5-1.jpg,https://www.coasterfurniture.com/furniture/category/Bedroom-Sets/Miranda-Bedroom-Set-B/206360Q-S5
206360T-S4,Miranda 4-piece Twin Bedroom Set Black,Bedroom Sets,Twin Bed,Black / Twin / 4,"Glittering trim and a black finish create a sense of sophistication for a four-piece modern bedroom set. Designed to make a statement, the set focuses on a bed that boasts a crisp, clean-lined silhouette that pairs a rectangular headboard with padded black upholstery. Glittering diamond-like trim adorns the head and footboards of the bed and makes a statement on both the nightstand and dresser. Drawers are accentuated with jewelry inspired bar pulls that add to a gleaming presentation. Bracket feet complete the look of each piece in this set, offering a touch of timeless character and subtle movement.","42.25""w x 78.5""d x 53.75""h",76.74,coasterfurniture.com listed,Bedroom set with upholstered panel bed and glitter-striped headboard detail | All drawers offer full-extension glides and are lined to protect delicate items | Crystal drawer pulls and shimmering accents complete the glam black design | Case pieces feature hidden felt-lined jewelry drawers beneath glittery panels | Low footboard enhances open visual space while maintaining modern structure | Sleek black finish with tonal variation pairs with chrome-like accents for contrast,20,206360T-S4-1.jpg,https://www.coasterfurniture.com/furniture/category/Bedroom-Sets/Miranda-Bedroom-Set-B/206360Q-S5
206360T-S5,Miranda 5-piece Twin Bedroom Set Black,Bedroom Sets,Twin Bed,Black / Twin / 5,"Sparkling trim brings the glamour of diamonds to this five-piece modern bedroom set. Designed to make a statement, it showcases a deep black finish with tuxedo inspired design elements that add glittering allure. The set centers on a chic bed, complete with an upholstered headboard and low footboard that create an airy, inviting pairing. The dresser, chest and nightstand each add ample storage, perfect for an organized bedroom ambiance. Each piece is complete with sparkling trim and jewelry inspired bar pulls on its drawer fronts that pull the look together perfectly.","42.25""w x 78.5""d x 53.75""h",76.74,coasterfurniture.com listed,Bedroom set with upholstered panel bed and glitter-striped headboard detail | Low footboard enhances open visual space while maintaining modern structure | Sleek black finish with tonal variation pairs with chrome-like accents for contrast | Crystal drawer pulls and shimmering accents complete the glam black design | All drawers offer full-extension glides and are lined to protect delicate items | Case pieces feature hidden felt-lined jewelry drawers beneath glittery panels,20,206360T-S5-1.jpg,https://www.coasterfurniture.com/furniture/category/Bedroom-Sets/Miranda-Bedroom-Set-B/206360Q-S5
205110Q-S4,Miranda 4-piece Queen Bedroom Set White,Bedroom Sets,Queen Bed,White / Queen / 4,"Encourage a glam vibe in your refined bedroom with a modern four-piece bedroom set. Centering on a stylish bed with an upholstered headboard and low footboard, the set includes a two-drawer nightstand for easy bedside storage and display space. A seven drawer dresser and mirror complete the set, adding diamond-like trim across its face that catches the light and offers a sophisticated touch. Bracket feet add a touch of dimensionality and movement to each piece and jewel-like bar pulls add intriguing sparkle. A cool white finish is textured, while white finish trim is smooth, creating a touch of textural contrast that add engaging style.","63.5""w x 83.75""d x 53.75""h",93.72,coasterfurniture.com listed,Bedroom set with upholstered panel bed featuring glitter-accented headboard stripe | Textured white panel surfaces contrasted by smooth white molded trim throughout | Storage cases include secret jewelry drawers behind glittery front panels | Low profile footboard and bracket legs offer a modern and airy foundation | Drawers are felt-lined and glide on full-extension hardware for smooth operation | Crystal-style handles and sparkling trim provide glam-inspired sophistication,20,205110Q-S4-1.jpg,https://www.coasterfurniture.com/furniture/category/Bedroom-Sets/Miranda-Bedroom-Set-B/206360Q-S5
205110Q-S5,Miranda 5-piece Queen Bedroom Set White,Bedroom Sets,Queen Bed,White / Queen / 5,"Sparkling diamond-like trim ups the glamour for a five-piece modern bedroom set. Compelling in its elegant simplicity, it centers on an upholstered bed and features a lightly textured white finish paired with smooth white molded trim. A nightstand, dresser with mirror, and chest provide plenty of drawers for easy storage and organization. Stripes of glittering, diamond-like trim and jewel-like bar pulls elevate the set, creating a fresh, sophisticated look and feel for your bedroom. Bracket feet complete the look with a touch of movement.","63.5""w x 83.75""d x 53.75""h",93.72,coasterfurniture.com listed,Crystal-style handles and sparkling trim provide glam-inspired sophistication | Storage cases include secret jewelry drawers behind glittery front panels | Bedroom set with upholstered panel bed featuring glitter-accented headboard stripe | Low profile footboard and bracket legs offer a modern and airy foundation | Textured white panel surfaces contrasted by smooth white molded trim throughout | Drawers are felt-lined and glide on full-extension hardware for smooth operation,20,205110Q-S5-1.jpg,https://www.coasterfurniture.com/furniture/category/Bedroom-Sets/Miranda-Bedroom-Set-B/206360Q-S5
205110T-S4,Miranda 4-piece Twin Bedroom Set White,Bedroom Sets,Twin Bed,White / Twin / 4,"Encourage a glam vibe in your refined bedroom with a modern four-piece bedroom set. Centering on a stylish bed with an upholstered headboard and low footboard, the set includes a two-drawer nightstand for easy bedside storage and display space. A seven drawer dresser and mirror complete the set, adding diamond-like trim across its face that catches the light and offers a sophisticated touch. Bracket feet add a touch of dimensionality and movement to each piece and jewel-like bar pulls add intriguing sparkle. A cool white finish is textured, while white finish trim is smooth, creating a touch of textural contrast that add engaging style.","42.25""w x 78.5""d x 53.75""h",76.74,coasterfurniture.com listed,Bedroom set with upholstered panel bed featuring glitter-accented headboard stripe | Drawers are felt-lined and glide on full-extension hardware for smooth operation | Crystal-style handles and sparkling trim provide glam-inspired sophistication | Storage cases include secret jewelry drawers behind glittery front panels | Low profile footboard and bracket legs offer a modern and airy foundation | Textured white panel surfaces contrasted by smooth white molded trim throughout,20,205110T-S4-1.jpg,https://www.coasterfurniture.com/furniture/category/Bedroom-Sets/Miranda-Bedroom-Set-B/206360Q-S5
205110T-S5,Miranda 5-piece Twin Bedroom Set White,Bedroom Sets,Twin Bed,White / Twin / 5,"Sparkling diamond-like trim ups the glamour for a five-piece modern bedroom set. Compelling in its elegant simplicity, it centers on an upholstered bed and features a lightly textured white finish paired with smooth white molded trim. A nightstand, dresser with mirror, and chest provide plenty of drawers for easy storage and organization. Stripes of glittering, diamond-like trim and jewel-like bar pulls elevate the set, creating a fresh, sophisticated look and feel for your bedroom. Bracket feet complete the look with a touch of movement.","42.25""w x 78.5""d x 53.75""h",76.74,coasterfurniture.com listed,Bedroom set with upholstered panel bed featuring glitter-accented headboard stripe | Low profile footboard and bracket legs offer a modern and airy foundation | Textured white panel surfaces contrasted by smooth white molded trim throughout | Crystal-style handles and sparkling trim provide glam-inspired sophistication | Drawers are felt-lined and glide on full-extension hardware for smooth operation | Storage cases include secret jewelry drawers behind glittery front panels,20,205110T-S5-1.jpg,https://www.coasterfurniture.com/furniture/category/Bedroom-Sets/Miranda-Bedroom-Set-B/206360Q-S5
206360F-S4,Miranda 4-piece Full Bedroom Set Black,Bedroom Sets,Full Bed,Black / Full / 4,"Glittering trim and a black finish create a sense of sophistication for a four-piece modern bedroom set. Designed to make a statement, the set focuses on a bed that boasts a crisp, clean-lined silhouette that pairs a rectangular headboard with padded black upholstery. Glittering diamond-like trim adorns the head and footboards of the bed and makes a statement on both the nightstand and dresser. Drawers are accentuated with jewelry inspired bar pulls that add to a gleaming presentation. Bracket feet complete the look of each piece in this set, offering a touch of timeless character and subtle movement.","57.25""w x 78.5""d x 53.75""h",90.07,coasterfurniture.com listed,Low footboard enhances open visual space while maintaining modern structure | Case pieces feature hidden felt-lined jewelry drawers beneath glittery panels | Sleek black finish with tonal variation pairs with chrome-like accents for contrast | Bedroom set with upholstered panel bed and glitter-striped headboard detail | All drawers offer full-extension glides and are lined to protect delicate items | Crystal drawer pulls and shimmering accents complete the glam black design,20,206360F-S4-1.jpg,https://www.coasterfurniture.com/furniture/category/Bedroom-Sets/Miranda-Bedroom-Set-B/206360Q-S5
206360F-S5,Miranda 5-piece Full Bedroom Set Black,Bedroom Sets,Full Bed,Black / Full / 5,"Sparkling trim brings the glamour of diamonds to this five-piece modern bedroom set. Designed to make a statement, it showcases a deep black finish with tuxedo inspired design elements that add glittering allure. The set centers on a chic bed, complete with an upholstered headboard and low footboard that create an airy, inviting pairing. The dresser, chest and nightstand each add ample storage, perfect for an organized bedroom ambiance. Each piece is complete with sparkling trim and jewelry inspired bar pulls on its drawer fronts that pull the look together perfectly.","57.25""w x 78.5""d x 53.75""h",90.07,coasterfurniture.com listed,Crystal drawer pulls and shimmering accents complete the glam black design | Case pieces feature hidden felt-lined jewelry drawers beneath glittery panels | Bedroom set with upholstered panel bed and glitter-striped headboard detail | Low footboard enhances open visual space while maintaining modern structure | Sleek black finish with tonal variation pairs with chrome-like accents for contrast | All drawers offer full-extension glides and are lined to protect delicate items,20,206360F-S5-1.jpg,https://www.coasterfurniture.com/furniture/category/Bedroom-Sets/Miranda-Bedroom-Set-B/206360Q-S5
225001KE-S4,Kaywood 4-piece Eastern King Bedroom Set Natural Pine,Bedroom Sets,Eastern King Bed,Eastern King / 4,"Transform your bedroom into a stylish retreat with this bedroom set. Combining mid-century modern design with a rustic wood grain effect, it creates a warm and sophisticated ambiance. The weathered brown and natural pine finish is accented by matte black metal pull handles for contrast. Crafted from engineered wood with laminate veneer, each piece offers durability and cohesive styling, bringing together practical storage and refined design for a complete and inviting bedroom environment.","78.25""w x 85.25""d x 51.5""h",93.93,coasterfurniture.com listed,Four-piece eastern king bedroom set in natural pine creates a cohesive space | Matte black metal pull handles introduce modern contrast and detail | Weathered brown and natural pine finish adds warmth and rustic character | Eastern king bed offers a structured centerpiece with clean modern lines | Engineered wood with laminate veneer delivers durability and texture | Drawers feature smooth glides and dovetail construction for reliability,20,225001KE-S4-1.jpg,https://www.coasterfurniture.com/furniture/category/Bedroom-Sets/Kaywood-Bedroom-Set/225001Q-S5
225001KE-S5,Kaywood 5-piece Eastern King Bedroom Set Natural Pine,Bedroom Sets,Eastern King Bed,Eastern King / 5,"Transform your bedroom into a stylish retreat with this bedroom set. Combining mid-century modern design with a rustic wood grain effect, it creates a warm and sophisticated ambiance. The weathered brown and natural pine finish is accented by matte black metal pull handles for contrast. Crafted from engineered wood with laminate veneer, each piece offers durability and cohesive styling, bringing together practical storage and refined design for a complete and inviting bedroom environment.","78.25""w x 85.25""d x 51.5""h",93.93,coasterfurniture.com listed,Five-piece eastern king bedroom set in natural pine creates a cohesive space | Matte black metal pull handles introduce modern contrast and detail | Weathered brown and natural pine finish adds warmth and rustic character | Eastern king bed offers a structured centerpiece with clean modern lines | Engineered wood with laminate veneer delivers durability and texture | Drawers feature smooth glides and dovetail construction for reliability,20,225001KE-S5-1.jpg,https://www.coasterfurniture.com/furniture/category/Bedroom-Sets/Kaywood-Bedroom-Set/225001Q-S5
225001F-S4,Kaywood 4-piece Full Bedroom Set Natural Pine,Bedroom Sets,Full Bed,Full / 4,"Transform your bedroom into a stylish retreat with this bedroom set. Combining mid-century modern design with a rustic wood grain effect, it creates a warm and sophisticated ambiance. The weathered brown and natural pine finish is accented by matte black metal pull handles for contrast. Crafted from engineered wood with laminate veneer, each piece offers durability and cohesive styling, bringing together practical storage and refined design for a complete and inviting bedroom environment.","56.25""w x 80""d x 51.5""h",72.9,coasterfurniture.com listed,Four-piece full bedroom set in natural pine creates a cohesive space | Matte black metal pull handles introduce modern contrast and detail | Weathered brown and natural pine finish adds warmth and rustic character | Full bed offers a structured centerpiece with clean modern lines | Engineered wood with laminate veneer delivers durability and texture | Drawers feature smooth glides and dovetail construction for reliability,20,225001F-S4-1.jpg,https://www.coasterfurniture.com/furniture/category/Bedroom-Sets/Kaywood-Bedroom-Set/225001Q-S5
225001F-S5,Kaywood 5-piece Full Bedroom Set Natural Pine,Bedroom Sets,Full Bed,Full / 5,"Transform your bedroom into a stylish retreat with this bedroom set. Combining mid-century modern design with a rustic wood grain effect, it creates a warm and sophisticated ambiance. The weathered brown and natural pine finish is accented by matte black metal pull handles for contrast. Crafted from engineered wood with laminate veneer, each piece offers durability and cohesive styling, bringing together practical storage and refined design for a complete and inviting bedroom environment.","56.25""w x 80""d x 51.5""h",72.9,coasterfurniture.com listed,Five-piece full bedroom set in natural pine creates a cohesive space | Matte black metal pull handles introduce modern contrast and detail | Weathered brown and natural pine finish adds warmth and rustic character | Full bed offers a structured centerpiece with clean modern lines | Engineered wood with laminate veneer delivers durability and texture | Drawers feature smooth glides and dovetail construction for reliability,20,225001F-S5-1.jpg,https://www.coasterfurniture.com/furniture/category/Bedroom-Sets/Kaywood-Bedroom-Set/225001Q-S5
225001T-S4,Kaywood 4-piece Twin Bedroom Set Natural Pine,Bedroom Sets,Twin Bed,Twin / 4,"Transform your bedroom into a stylish retreat with this bedroom set. Combining mid-century modern design with a rustic wood grain effect, it creates a warm and sophisticated ambiance. The weathered brown and natural pine finish is accented by matte black metal pull handles for contrast. Crafted from engineered wood with laminate veneer, each piece offers durability and cohesive styling, bringing together practical storage and refined design for a complete and inviting bedroom environment.","41.25""w x 80""d x 51.5""h",58.2,coasterfurniture.com listed,Four-piece twin bedroom set in natural pine creates a cohesive space | Matte black metal pull handles introduce modern contrast and detail | Weathered brown and natural pine finish adds warmth and rustic character | Twin bed offers a structured centerpiece with clean modern lines | Engineered wood with laminate veneer delivers durability and texture | Drawers feature smooth glides and dovetail construction for reliability,20,225001T-S4-1.jpg,https://www.coasterfurniture.com/furniture/category/Bedroom-Sets/Kaywood-Bedroom-Set/225001Q-S5
225001T-S5,Kaywood 5-piece Twin Bedroom Set Natural Pine,Bedroom Sets,Twin Bed,Twin / 5,"Transform your bedroom into a stylish retreat with this bedroom set. Combining mid-century modern design with a rustic wood grain effect, it creates a warm and sophisticated ambiance. The weathered brown and natural pine finish is accented by matte black metal pull handles for contrast. Crafted from engineered wood with laminate veneer, each piece offers durability and cohesive styling, bringing together practical storage and refined design for a complete and inviting bedroom environment.","41.25""w x 80""d x 51.5""h",58.2,coasterfurniture.com listed,Five-piece twin bedroom set in natural pine creates a cohesive space | Matte black metal pull handles introduce modern contrast and detail | Weathered brown and natural pine finish adds warmth and rustic character | Twin bed offers a structured centerpiece with clean modern lines | Engineered wood with laminate veneer delivers durability and texture | Drawers feature smooth glides and dovetail construction for reliability,20,225001T-S5-1.jpg,https://www.coasterfurniture.com/furniture/category/Bedroom-Sets/Kaywood-Bedroom-Set/225001Q-S5
225001Q-S4,Kaywood 4-piece Queen Bedroom Set Natural Pine,Bedroom Sets,Queen Bed,Queen / 4,"Transform your bedroom into a stylish retreat with this bedroom set. Combining mid-century modern design with a rustic wood grain effect, it creates a warm and sophisticated ambiance. The weathered brown and natural pine finish is accented by matte black metal pull handles for contrast. Crafted from engineered wood with laminate veneer, each piece offers durability and cohesive styling, bringing together practical storage and refined design for a complete and inviting bedroom environment.","62.5""w x 85.25""d x 51.5""h",77.17,coasterfurniture.com listed,Four-piece queen bedroom set in natural pine creates a cohesive space | Matte black metal pull handles introduce modern contrast and detail | Weathered brown and natural pine finish adds warmth and rustic character | Queen bed offers a structured centerpiece with clean modern lines | Engineered wood with laminate veneer delivers durability and texture | Drawers feature smooth glides and dovetail construction for reliability,20,225001Q-S4-1.jpg,https://www.coasterfurniture.com/furniture/category/Bedroom-Sets/Kaywood-Bedroom-Set/225001Q-S5
225001Q-S5,Kaywood 5-piece Queen Bedroom Set Natural Pine,Bedroom Sets,Queen Bed,Queen / 5,"Transform your bedroom into a stylish retreat with this bedroom set. Combining mid-century modern design with a rustic wood grain effect, it creates a warm and sophisticated ambiance. The weathered brown and natural pine finish is accented by matte black metal pull handles for contrast. Crafted from engineered wood with laminate veneer, each piece offers durability and cohesive styling, bringing together practical storage and refined design for a complete and inviting bedroom environment.","62.5""w x 85.25""d x 51.5""h",77.17,coasterfurniture.com listed,Five-piece queen bedroom set in natural pine creates a cohesive space | Matte black metal pull handles introduce modern contrast and detail | Weathered brown and natural pine finish adds warmth and rustic character | Queen bed offers a structured centerpiece with clean modern lines | Engineered wood with laminate veneer delivers durability and texture | Drawers feature smooth glides and dovetail construction for reliability,20,225001Q-S5-1.jpg,https://www.coasterfurniture.com/furniture/category/Bedroom-Sets/Kaywood-Bedroom-Set/225001Q-S5
224931Q-S4,Gran Park 4-piece Queen Bedroom Set Dark Cocoa,Bedroom Sets,Queen Bed,Queen / 4,"Dark cocoa wood tones and softly rounded forms give this bedroom set a refined canopy silhouette with a warm, tailored presence. Ash veneer surfaces bring subtle grain character, while brass knobs and boucle upholstery add contrast and texture across the collection. The coordinated case pieces support organized storage with a polished, cohesive look. Designed for a queen bed with foundation support, the set creates a sophisticated bedroom retreat.","63""w x 87""d x 80.25""h",133.18,coasterfurniture.com listed,Four-piece queen bedroom set features a dark cocoa canopy bed profile | Nightstand dresser and mirror create a cohesive storage arrangement | Ash veneer surfaces add warm grain character across the collection | Beige boucle upholstery softens the bed with tailored texture | Brass knobs add polished contrast to the coordinated case pieces | Designed for a queen mattress with foundation support required,20,224931Q-S4-1.jpg,https://www.coasterfurniture.com/furniture/category/Bedroom-Sets/Gran-Park-Bedroom-Set/224931Q-S5
224931Q-S5,Gran Park 5-piece Queen Bedroom Set Dark Cocoa,Bedroom Sets,Queen Bed,Queen / 5,"Dark cocoa wood tones and softly rounded forms give this bedroom set a refined canopy silhouette with a warm, tailored presence. Ash veneer surfaces bring subtle grain character, while brass knobs and boucle upholstery add contrast and texture across the collection. The coordinated case pieces support organized storage with a polished, cohesive look. Designed for a queen bed with foundation support, the set creates a sophisticated bedroom retreat.","63""w x 87""d x 80.25""h",133.18,coasterfurniture.com listed,Five-piece queen bedroom set features a dark cocoa canopy bed profile | Dresser chest and nightstand expand organized bedroom storage | Ash veneer surfaces add warm grain character across the collection | Beige boucle upholstery softens the bed with tailored texture | Brass knobs add polished contrast to the coordinated case pieces | Designed for a queen mattress with foundation support required,20,224931Q-S5-1.jpg,https://www.coasterfurniture.com/furniture/category/Bedroom-Sets/Gran-Park-Bedroom-Set/224931Q-S5
224921KE-S4,Granada 4-piece Eastern King Bedroom Set Natural Pine,Bedroom Sets,Eastern King Bed,Eastern King / 4,"Create a cohesive and inviting bedroom retreat with this coordinated bedroom set that blends transitional style with modern highlights. Finished in natural pine, each piece brings warmth and quiet sophistication to the room. The bed features a vertical channeled upholstered headboard for soft texture and comfort, while matching storage pieces add practical organization. Softly curved fronts, square tapered legs, and antique nickel hardware unify the collection with timeless character and polished ease.","80.25""w x 89.75""d x 53.25""h",97.68,coasterfurniture.com listed,Granada bedroom set in natural pine creates a warm cohesive bedroom retreat | Matching storage pieces keep clothing and bedside essentials neatly organized | Vertical channeled headboard upholstery adds soft texture and tailored comfort | Eastern king configuration includes bed nightstand dresser and coordinating mirror | Softly curved fronts bring graceful movement to the collection’s clean profile | Antique nickel hardware adds subtle contrast and timeless finishing detail,20,224921KE-S4-1.jpg,https://www.coasterfurniture.com/furniture/category/Bedroom-Sets/Granada-Bedroom-Set/224921Q-S5
224921KE-S5,Granada 5-piece Eastern King Bedroom Set Natural Pine,Bedroom Sets,Eastern King Bed,Eastern King / 5,"Create a cohesive and inviting bedroom retreat with this coordinated bedroom set that blends transitional style with modern highlights. Finished in natural pine, each piece brings warmth and quiet sophistication to the room. The bed features a vertical channeled upholstered headboard for soft texture and comfort, while matching storage pieces add practical organization. Softly curved fronts, square tapered legs, and antique nickel hardware unify the collection with timeless character and polished ease.","80.25""w x 89.75""d x 53.25""h",97.68,coasterfurniture.com listed,Granada bedroom set in natural pine creates a warm cohesive bedroom retreat | Matching storage pieces keep clothing and bedside essentials neatly organized | Vertical channeled headboard upholstery adds soft texture and tailored comfort | Eastern king setup expands storage with bed nightstand dresser mirror and chest | Softly curved fronts bring graceful movement to the collection’s clean profile | Antique nickel hardware adds subtle contrast and timeless finishing detail,20,224921KE-S5-1.jpg,https://www.coasterfurniture.com/furniture/category/Bedroom-Sets/Granada-Bedroom-Set/224921Q-S5
224921KW-S4,Granada 4-piece California King Bedroom Set Natural Pine,Bedroom Sets,California King Bed,California King / 4,"Create a cohesive and inviting bedroom retreat with this coordinated bedroom set that blends transitional style with modern highlights. Finished in natural pine, each piece brings warmth and quiet sophistication to the room. The bed features a vertical channeled upholstered headboard for soft texture and comfort, while matching storage pieces add practical organization. Softly curved fronts, square tapered legs, and antique nickel hardware unify the collection with timeless character and polished ease.","80.25""w x 93.75""d x 53.25""h",105.18,coasterfurniture.com listed,Granada bedroom set in natural pine creates a warm cohesive bedroom retreat | Matching storage pieces keep clothing and bedside essentials neatly organized | Vertical channeled headboard upholstery adds soft texture and tailored comfort | California king setup includes bed nightstand dresser and coordinating mirror | Softly curved fronts bring graceful movement to the collection’s clean profile | Antique nickel hardware adds subtle contrast and timeless finishing detail,20,224921KW-S4-1.jpg,https://www.coasterfurniture.com/furniture/category/Bedroom-Sets/Granada-Bedroom-Set/224921Q-S5
224921KW-S5,Granada 5-piece California King Bedroom Set Natural Pine,Bedroom Sets,California King Bed,California King / 5,"Create a cohesive and inviting bedroom retreat with this coordinated bedroom set that blends transitional style with modern highlights. Finished in natural pine, each piece brings warmth and quiet sophistication to the room. The bed features a vertical channeled upholstered headboard for soft texture and comfort, while matching storage pieces add practical organization. Softly curved fronts, square tapered legs, and antique nickel hardware unify the collection with timeless character and polished ease.","80.25""w x 93.75""d x 53.25""h",105.18,coasterfurniture.com listed,Granada bedroom set in natural pine creates a warm cohesive bedroom retreat | Matching storage pieces keep clothing and bedside essentials neatly organized | Vertical channeled headboard upholstery adds soft texture and tailored comfort | California king setup expands storage with bed nightstand dresser mirror and chest | Softly curved fronts bring graceful movement to the collection’s clean profile | Antique nickel hardware adds subtle contrast and timeless finishing detail,20,224921KW-S5-1.jpg,https://www.coasterfurniture.com/furniture/category/Bedroom-Sets/Granada-Bedroom-Set/224921Q-S5
224921Q-S4,Granada 4-piece Queen Bedroom Set Natural Pine,Bedroom Sets,Queen Bed,Queen / 4,"Create a cohesive and inviting bedroom retreat with this coordinated bedroom set that blends transitional style with modern highlights. Finished in natural pine, each piece brings warmth and quiet sophistication to the room. The bed features a vertical channeled upholstered headboard for soft texture and comfort, while matching storage pieces add practical organization. Softly curved fronts, square tapered legs, and antique nickel hardware unify the collection with timeless character and polished ease.","64""w x 89.75""d x 53.25""h",88.2,coasterfurniture.com listed,Granada bedroom set in natural pine creates a warm cohesive bedroom retreat | Matching storage pieces keep clothing and bedside essentials neatly organized | Vertical channeled headboard upholstery adds soft texture and tailored comfort | Queen configuration offers coordinated style with bed nightstand dresser and mirror | Softly curved fronts bring graceful movement to the collection’s clean profile | Antique nickel hardware adds subtle contrast and timeless finishing detail,20,224921Q-S4-1.jpg,https://www.coasterfurniture.com/furniture/category/Bedroom-Sets/Granada-Bedroom-Set/224921Q-S5
224921Q-S5,Granada 5-piece Queen Bedroom Set Natural Pine,Bedroom Sets,Queen Bed,Queen / 5,"Create a cohesive and inviting bedroom retreat with this coordinated bedroom set that blends transitional style with modern highlights. Finished in natural pine, each piece brings warmth and quiet sophistication to the room. The bed features a vertical channeled upholstered headboard for soft texture and comfort, while matching storage pieces add practical organization. Softly curved fronts, square tapered legs, and antique nickel hardware unify the collection with timeless character and polished ease.","64""w x 89.75""d x 53.25""h",88.2,coasterfurniture.com listed,Granada bedroom set in natural pine creates a warm cohesive bedroom retreat | Matching storage pieces keep clothing and bedside essentials neatly organized | Vertical channeled headboard upholstery adds soft texture and tailored comfort | Queen configuration expands storage with bed nightstand dresser mirror and chest | Softly curved fronts bring graceful movement to the collection’s clean profile | Antique nickel hardware adds subtle contrast and timeless finishing detail,20,224921Q-S5-1.jpg,https://www.coasterfurniture.com/furniture/category/Bedroom-Sets/Granada-Bedroom-Set/224921Q-S5
223061Q-S4,Emberlyn 4-piece Queen Bedroom Set Brown,Bedroom Sets,Queen Bed,Queen / 4,"Create the soothing bedroom retreat of your dreams with a modern bedroom set centered on a four-poster bed with clean lines and a rich brown finish. Tall tapering posts, metallic caps, a floating-style headboard, and an ultra-low footboard lend contrast and depth with a refined, airy presence. Coordinating storage pieces add everyday function with felt-lined top drawers, cedar-lined bottom drawers, and brushed nickel knobs, making the set a stylish choice for a primary suite designed around relaxation.","65""w x 87.25""d x 83.5""h",130.06,coasterfurniture.com listed,Case pieces include felt-lined top drawers and cedar-lined bottom drawers | Bedroom set centers on a queen four-poster bed with rich refined presence | Floating-style headboard and low footboard add a chic airy silhouette | Drawers feature dovetail joinery and brushed nickel knobs for durability | Tapering posts and feet feature metallic caps for contrast and dimension | Rich brown finish creates a warm neutral palette for restful bedrooms,20,223061Q-S4-1.jpg,https://www.coasterfurniture.com/furniture/category/Bedroom-Sets/Emberlyn-Bedroom-Set/223061Q-S5
223061Q-S5,Emberlyn 5-piece Queen Bedroom Set Brown,Bedroom Sets,Queen Bed,Queen / 5,"Create the soothing bedroom retreat of your dreams with a modern bedroom set centered on a four-poster bed with clean lines and a rich brown finish. Tall tapering posts, metallic caps, a floating-style headboard, and an ultra-low footboard lend contrast and depth with a refined, airy presence. Coordinating storage pieces add everyday function with felt-lined top drawers, cedar-lined bottom drawers, and brushed nickel knobs, making the set a stylish choice for a primary suite designed around relaxation.","65""w x 87.25""d x 83.5""h",130.06,coasterfurniture.com listed,Case pieces include felt-lined top drawers and cedar-lined bottom drawers | Bedroom set centers on a queen four-poster bed with rich refined presence | Floating-style headboard and low footboard add a chic airy silhouette | Drawers feature dovetail joinery and brushed nickel knobs for durability | Tapering posts and feet feature metallic caps for contrast and dimension | Rich brown finish creates a warm neutral palette for restful bedrooms,20,223061Q-S5-1.jpg,https://www.coasterfurniture.com/furniture/category/Bedroom-Sets/Emberlyn-Bedroom-Set/223061Q-S5
202990KE-S5P,Jessica 5-piece Eastern King LED Bedroom Set Snow White,Bedroom Sets,Eastern King Bed,Snow White / Eastern King / 5,"Architectural balance defines this bedroom set, complete with headboard extension panels that gracefully frame coordinating nightstands for a cohesive composition. Integrated LED lighting beneath the bed’s platform rail casts a gentle glow, enhancing its floating presence. Complementary storage pieces feature felt-lined drawers and sleek bar hardware, blending form and function seamlessly. Crafted from rubberwood and engineered wood, it delivers a modern vision of warmth and unity.","88""w x 88.75""d x 43.25""h",185.65,coasterfurniture.com listed,Five-piece eastern king bedroom set with extension panels attached | Snow white finish brightens interiors with graceful sophistication | LED lighting under the bed base produces subtle evening glow | Felt-lined drawers keep accessories safe with refined softness | Silver-tone hardware complements minimalist structural flow | Rubberwood and engineered wood ensure dependable longevity,20,202990KE-S5P-1.jpg,https://www.coasterfurniture.com/furniture/category/Bedroom-Sets/Jessica-Wall-Panel-Bedroom-Set/202990Q-S5P
202990KE-S6P,Jessica 6-piece Eastern King LED Bedroom Set Snow White,Bedroom Sets,Eastern King Bed,Snow White / Eastern King / 6,"Architectural balance defines this bedroom set, complete with headboard extension panels that gracefully frame coordinating nightstands for a cohesive composition. Integrated LED lighting beneath the bed’s platform rail casts a gentle glow, enhancing its floating presence. Complementary storage pieces feature felt-lined drawers and sleek bar hardware, blending form and function seamlessly. Crafted from rubberwood and engineered wood, it delivers a modern vision of warmth and unity.","88""w x 88.75""d x 43.25""h",185.65,coasterfurniture.com listed,Six-piece eastern king bedroom set with full-height headboard panels | Snow white finish radiates clarity and luminous sophistication | LED lighting under platform bed creates tranquil ambient light | Felt-lined drawers protect treasured pieces with care and style | Silver-tone hardware reinforces sleek modern visual rhythm | Rubberwood and engineered wood ensure lasting structural quality,20,202990KE-S6P-1.jpg,https://www.coasterfurniture.com/furniture/category/Bedroom-Sets/Jessica-Wall-Panel-Bedroom-Set/202990Q-S5P
202990Q-S5P,Jessica 5-piece Queen LED Bedroom Set Snow White,Bedroom Sets,Queen Bed,Snow White / Queen / 5,"Architectural balance defines this bedroom set, complete with headboard extension panels that gracefully frame coordinating nightstands for a cohesive composition. Integrated LED lighting beneath the bed’s platform rail casts a gentle glow, enhancing its floating presence. Complementary storage pieces feature felt-lined drawers and sleek bar hardware, blending form and function seamlessly. Crafted from rubberwood and engineered wood, it delivers a modern vision of warmth and unity.","73""w x 88.75""d x 43.25""h",164.79,coasterfurniture.com listed,Five-piece bedroom set with full-height headboard extension panels | Snow white finish enhances modern spaces with radiant clarity | LED lighting beneath the bed illuminates the floor softly | Felt-lined drawers protect accessories in stylish organization | Silver-tone hardware contrasts with refined minimalist detail | Rubberwood and engineered wood ensure strength and precision,20,202990Q-S5P-1.jpg,https://www.coasterfurniture.com/furniture/category/Bedroom-Sets/Jessica-Wall-Panel-Bedroom-Set/202990Q-S5P
202990Q-S6P,Jessica 6-piece Queen LED Bedroom Set Snow White,Bedroom Sets,Queen Bed,Snow White / Queen / 6,"Architectural balance defines this bedroom set, complete with headboard extension panels that gracefully frame coordinating nightstands for a cohesive composition. Integrated LED lighting beneath the bed’s platform rail casts a gentle glow, enhancing its floating presence. Complementary storage pieces feature felt-lined drawers and sleek bar hardware, blending form and function seamlessly. Crafted from rubberwood and engineered wood, it delivers a modern vision of warmth and unity.","73""w x 88.75""d x 43.25""h",164.79,coasterfurniture.com listed,Rubberwood and engineered wood structure ensures longevity | Six-piece bedroom set with architectural headboard extension panels | Snow white finish enhances brightness and spatial harmony | LED lighting under bed base casts ambient floating illumination | Felt-lined drawers cushion fine accessories with gentle elegance | Silver-tone bar pulls lend clean minimalist refinement,20,202990Q-S6P-1.jpg,https://www.coasterfurniture.com/furniture/category/Bedroom-Sets/Jessica-Wall-Panel-Bedroom-Set/202990Q-S5P
200711Q-S5P,Jessica 5-piece Queen LED Bedroom Set Cappuccino,Bedroom Sets,Queen Bed,Cappuccino / Queen / 5,"Architectural balance defines this bedroom set, complete with headboard extension panels that gracefully frame coordinating nightstands for a cohesive composition. Integrated LED lighting beneath the bed’s platform rail casts a gentle glow, enhancing its floating presence. Complementary storage pieces feature felt-lined drawers and sleek bar hardware, blending form and function seamlessly. Crafted from rubberwood and engineered wood, it delivers a modern vision of warmth and unity.","73""w x 88.75""d x 43.25""h",194.91,coasterfurniture.com listed,Five-piece bedroom set with headboard extension panels for symmetry | Cappuccino finish brings inviting depth to contemporary interiors | LED lighting under bed rails and foot adds tranquil ambient glow | Felt-lined drawers cushion jewelry and cherished accessories | Silver-tone hardware enhances sleek architectural balance | Rubberwood and engineered wood deliver durable lasting quality,17,200711Q-S5P-1.jpg,https://www.coasterfurniture.com/furniture/category/Bedroom-Sets/Jessica-Wall-Panel-Bedroom-Set/202990Q-S5P
200711Q-S6P,Jessica 6-piece Queen LED Bedroom Set Cappuccino,Bedroom Sets,Queen Bed,Cappuccino / Queen / 6,"Architectural balance defines this bedroom set, complete with headboard extension panels that gracefully frame coordinating nightstands for a cohesive composition. Integrated LED lighting beneath the bed’s platform rail casts a gentle glow, enhancing its floating presence. Complementary storage pieces feature felt-lined drawers and sleek bar hardware, blending form and function seamlessly. Crafted from rubberwood and engineered wood, it delivers a modern vision of warmth and unity.","73""w x 88.75""d x 43.25""h",194.91,coasterfurniture.com listed,Six-piece bedroom set with headboard extension panels for unity | Cappuccino finish exudes warmth with rich contemporary character | LED lighting beneath the bed adds soft evening illumination | Felt-lined drawers protect delicate accessories in refined style | Silver-tone bar pulls highlight minimalist modern design | Rubberwood and engineered wood ensure long-lasting stability,18,200711Q-S6P-1.jpg,https://www.coasterfurniture.com/furniture/category/Bedroom-Sets/Jessica-Wall-Panel-Bedroom-Set/202990Q-S5P
200711KE-S5P,Jessica 5-piece Eastern King LED Bedroom Set Cappuccino,Bedroom Sets,Eastern King Bed,Cappuccino / Eastern King / 5,"Architectural balance defines this bedroom set, complete with headboard extension panels that gracefully frame coordinating nightstands for a cohesive composition. Integrated LED lighting beneath the bed’s platform rail casts a gentle glow, enhancing its floating presence. Complementary storage pieces feature felt-lined drawers and sleek bar hardware, blending form and function seamlessly. Crafted from rubberwood and engineered wood, it delivers a modern vision of warmth and unity.","88""w x 88.75""d x 43.25""h",214.87,coasterfurniture.com listed,Five-piece eastern king bedroom set with full-height headboard panels | Cappuccino finish enriches the look with inviting warm undertones | LED lighting beneath bed rails and foot enhances ambient glow | Felt-lined drawers cushion jewelry and delicate keepsakes gently | Silver-tone bar pulls bring sleek contemporary visual balance | Rubberwood and engineered wood ensure enduring modern design,18,200711KE-S5P-1.jpg,https://www.coasterfurniture.com/furniture/category/Bedroom-Sets/Jessica-Wall-Panel-Bedroom-Set/202990Q-S5P
200711KE-S6P,Jessica 6-piece Eastern King LED Bedroom Set Cappuccino,Bedroom Sets,Eastern King Bed,Cappuccino / Eastern King / 6,"Architectural balance defines this bedroom set, complete with headboard extension panels that gracefully frame coordinating nightstands for a cohesive composition. Integrated LED lighting beneath the bed’s platform rail casts a gentle glow, enhancing its floating presence. Complementary storage pieces feature felt-lined drawers and sleek bar hardware, blending form and function seamlessly. Crafted from rubberwood and engineered wood, it delivers a modern vision of warmth and unity.","88""w x 88.75""d x 43.25""h",214.87,coasterfurniture.com listed,Six-piece eastern king bedroom set with architectural headboard panels | Cappuccino finish enhances warmth and rich tonal character | LED lighting under bed platform offers subtle ambient glow | Felt-lined drawers protect valuables with refined convenience | Silver-tone hardware pairs perfectly with modern case silhouettes | Rubberwood and engineered wood ensure timeless structural quality,19,200711KE-S6P-1.jpg,https://www.coasterfurniture.com/furniture/category/Bedroom-Sets/Jessica-Wall-Panel-Bedroom-Set/202990Q-S5P
224781KE-S5,Caraway 5-piece Eastern King Bedroom Set Black,Bedroom Sets,Eastern King Bed,Black / Eastern King / 5,"Bedroom set delivers modern styling with a streamlined silhouette and coordinated storage pieces designed for everyday function. Crafted from engineered wood with laminate veneer, it features a two-tone look with metallic accents for visual contrast. The upholstered headboard includes integrated LED lighting for ambient illumination, while drawers provide organized storage. Designed as a bedroom set or furniture suite, it creates a cohesive and contemporary bedroom environment.","79.25""w x 84.25""d x 55.25""h",119.08,coasterfurniture.com listed,Drawers provide organized storage for clothing and everyday essentials | Eastern king bedroom set in black includes upholstered LED headboard and storage pieces | Clean lined design supports a cohesive contemporary bedroom layout | LED headboard lighting creates ambient illumination with touch control | Two tone finish with metallic accents adds contrast and modern appeal | Engineered wood construction ensures durability and long term stability,19,224781KE-S5-1.jpg,https://www.coasterfurniture.com/furniture/category/Bedroom-Sets/Caraway-Bedroom-Set/224781Q-S5
224781KW-S4,Caraway 4-piece California King Bedroom Set Black,Bedroom Sets,California King Bed,Black / California King / 4,"Bedroom set delivers modern styling with a streamlined silhouette and coordinated storage pieces designed for everyday function. Crafted from engineered wood with laminate veneer, it features a two-tone look with metallic accents for visual contrast. The upholstered headboard includes integrated LED lighting for ambient illumination, while drawers provide organized storage. Designed as a bedroom set or furniture suite, it creates a cohesive and contemporary bedroom environment.","79.25""w x 89""d x 55.25""h",126.79,coasterfurniture.com listed,Drawers provide organized storage for clothing and everyday essentials | California king bedroom set in black includes upholstered LED headboard and storage pieces | Clean lined design supports a cohesive contemporary bedroom layout | LED headboard lighting creates ambient illumination with touch control | Two tone finish with metallic accents adds contrast and modern appeal | Engineered wood construction ensures durability and long term stability,16,224781KW-S4-1.jpg,https://www.coasterfurniture.com/furniture/category/Bedroom-Sets/Caraway-Bedroom-Set/224781Q-S5
224781KW-S5,Caraway 5-piece California King Bedroom Set Black,Bedroom Sets,California King Bed,Black / California King / 5,"Bedroom set delivers modern styling with a streamlined silhouette and coordinated storage pieces designed for everyday function. Crafted from engineered wood with laminate veneer, it features a two-tone look with metallic accents for visual contrast. The upholstered headboard includes integrated LED lighting for ambient illumination, while drawers provide organized storage. Designed as a bedroom set or furniture suite, it creates a cohesive and contemporary bedroom environment.","79.25""w x 89""d x 55.25""h",126.79,coasterfurniture.com listed,Drawers provide organized storage for clothing and everyday essentials | California king bedroom set in black includes upholstered LED headboard and storage pieces | Clean lined design supports a cohesive contemporary bedroom layout | LED headboard lighting creates ambient illumination with touch control | Two tone finish with metallic accents adds contrast and modern appeal | Engineered wood construction ensures durability and long term stability,19,224781KW-S5-1.jpg,https://www.coasterfurniture.com/furniture/category/Bedroom-Sets/Caraway-Bedroom-Set/224781Q-S5
224771KE-S4,Caraway 4-piece Eastern King Bedroom Set White,Bedroom Sets,Eastern King Bed,White / Eastern King / 4,"Bedroom set delivers modern styling with a streamlined silhouette and coordinated storage pieces designed for everyday function. Crafted from engineered wood with laminate veneer, it features a two-tone look with metallic accents for visual contrast. The upholstered headboard includes integrated LED lighting for ambient illumination, while drawers provide organized storage. Designed as a bedroom set or furniture suite, it creates a cohesive and contemporary bedroom environment.","79.25""w x 84.25""d x 55.25""h",119.08,coasterfurniture.com listed,Drawers provide organized storage for clothing and everyday essentials | Eastern king bedroom set in white includes upholstered LED headboard and storage pieces | Clean lined design supports a cohesive contemporary bedroom layout | Two tone finish with metallic accents adds contrast and modern appeal | LED headboard lighting creates ambient illumination with touch control | Engineered wood construction ensures durability and long term stability,16,224771KE-S4-1.jpg,https://www.coasterfurniture.com/furniture/category/Bedroom-Sets/Caraway-Bedroom-Set/224781Q-S5
224771KE-S5,Caraway 5-piece Eastern King Bedroom Set White,Bedroom Sets,Eastern King Bed,White / Eastern King / 5,"Bedroom set delivers modern styling with a streamlined silhouette and coordinated storage pieces designed for everyday function. Crafted from engineered wood with laminate veneer, it features a two-tone look with metallic accents for visual contrast. The upholstered headboard includes integrated LED lighting for ambient illumination, while drawers provide organized storage. Designed as a bedroom set or furniture suite, it creates a cohesive and contemporary bedroom environment.","79.25""w x 84.25""d x 55.25""h",119.08,coasterfurniture.com listed,Drawers provide organized storage for clothing and everyday essentials | Eastern king bedroom set in white includes upholstered LED headboard and storage pieces | Clean lined design supports a cohesive contemporary bedroom layout | Two tone finish with metallic accents adds contrast and modern appeal | LED headboard lighting creates ambient illumination with touch control | Engineered wood construction ensures durability and long term stability,19,224771KE-S5-1.jpg,https://www.coasterfurniture.com/furniture/category/Bedroom-Sets/Caraway-Bedroom-Set/224781Q-S5
224771KW-S4,Caraway 4-piece California King Bedroom Set White,Bedroom Sets,California King Bed,White / California King / 4,"Bedroom set delivers modern styling with a streamlined silhouette and coordinated storage pieces designed for everyday function. Crafted from engineered wood with laminate veneer, it features a two-tone look with metallic accents for visual contrast. The upholstered headboard includes integrated LED lighting for ambient illumination, while drawers provide organized storage. Designed as a bedroom set or furniture suite, it creates a cohesive and contemporary bedroom environment.","79.25""w x 89""d x 55.25""h",126.79,coasterfurniture.com listed,Drawers provide organized storage for clothing and everyday essentials | California king bedroom set in white includes upholstered LED headboard and storage pieces | Clean lined design supports a cohesive contemporary bedroom layout | Two tone finish with metallic accents adds contrast and modern appeal | LED headboard lighting creates ambient illumination with touch control | Engineered wood construction ensures durability and long term stability,16,224771KW-S4-1.jpg,https://www.coasterfurniture.com/furniture/category/Bedroom-Sets/Caraway-Bedroom-Set/224781Q-S5
224771KW-S5,Caraway 5-piece California King Bedroom Set White,Bedroom Sets,California King Bed,White / California King / 5,"Bedroom set delivers modern styling with a streamlined silhouette and coordinated storage pieces designed for everyday function. Crafted from engineered wood with laminate veneer, it features a two-tone look with metallic accents for visual contrast. The upholstered headboard includes integrated LED lighting for ambient illumination, while drawers provide organized storage. Designed as a bedroom set or furniture suite, it creates a cohesive and contemporary bedroom environment.","79.25""w x 89""d x 55.25""h",126.79,coasterfurniture.com listed,Drawers provide organized storage for clothing and everyday essentials | California king bedroom set in white includes upholstered LED headboard and storage pieces | Clean lined design supports a cohesive contemporary bedroom layout | Two tone finish with metallic accents adds contrast and modern appeal | LED headboard lighting creates ambient illumination with touch control | Engineered wood construction ensures durability and long term stability,19,224771KW-S5-1.jpg,https://www.coasterfurniture.com/furniture/category/Bedroom-Sets/Caraway-Bedroom-Set/224781Q-S5
224781KE-S4,Caraway 4-piece Eastern King Bedroom Set Black,Bedroom Sets,Eastern King Bed,Black / Eastern King / 4,"Bedroom set delivers modern styling with a streamlined silhouette and coordinated storage pieces designed for everyday function. Crafted from engineered wood with laminate veneer, it features a two-tone look with metallic accents for visual contrast. The upholstered headboard includes integrated LED lighting for ambient illumination, while drawers provide organized storage. Designed as a bedroom set or furniture suite, it creates a cohesive and contemporary bedroom environment.","79.25""w x 84.25""d x 55.25""h",119.08,coasterfurniture.com listed,Drawers provide organized storage for clothing and everyday essentials | Eastern king bedroom set in black includes upholstered LED headboard and storage pieces | Clean lined design supports a cohesive contemporary bedroom layout | LED headboard lighting creates ambient illumination with touch control | Two tone finish with metallic accents adds contrast and modern appeal | Engineered wood construction ensures durability and long term stability,16,224781KE-S4-1.jpg,https://www.coasterfurniture.com/furniture/category/Bedroom-Sets/Caraway-Bedroom-Set/224781Q-S5
224781Q-S4,Caraway 4-piece Queen Bedroom Set Black,Bedroom Sets,Queen Bed,Black / Queen / 4,"Bedroom set delivers modern styling with a streamlined silhouette and coordinated storage pieces designed for everyday function. Crafted from engineered wood with laminate veneer, it features a two-tone look with metallic accents for visual contrast. The upholstered headboard includes integrated LED lighting for ambient illumination, while drawers provide organized storage. Designed as a bedroom set or furniture suite, it creates a cohesive and contemporary bedroom environment.","63.5""w x 84.25""d x 55.25""h",99.23,coasterfurniture.com listed,Drawers provide organized storage for clothing and everyday essentials | Queen bedroom set in black includes upholstered LED headboard and storage pieces | Clean lined design supports a cohesive contemporary bedroom layout | Two tone finish with metallic accents adds contrast and modern appeal | Engineered wood construction ensures durability and long term stability | LED headboard lighting creates ambient illumination with touch control,16,224781Q-S4-1.jpg,https://www.coasterfurniture.com/furniture/category/Bedroom-Sets/Caraway-Bedroom-Set/224781Q-S5
224781Q-S5,Caraway 5-piece Queen Bedroom Set Black,Bedroom Sets,Queen Bed,Black / Queen / 5,"Bedroom set delivers modern styling with a streamlined silhouette and coordinated storage pieces designed for everyday function. Crafted from engineered wood with laminate veneer, it features a two-tone look with metallic accents for visual contrast. The upholstered headboard includes integrated LED lighting for ambient illumination, while drawers provide organized storage. Designed as a bedroom set or furniture suite, it creates a cohesive and contemporary bedroom environment.","63.5""w x 84.25""d x 55.25""h",99.23,coasterfurniture.com listed,Drawers provide organized storage for clothing and everyday essentials | Queen bedroom set in black includes upholstered LED headboard and storage pieces | Clean lined design supports a cohesive contemporary bedroom layout | Two tone finish with metallic accents adds contrast and modern appeal | Engineered wood construction ensures durability and long term stability | LED headboard lighting creates ambient illumination with touch control,19,224781Q-S5-1.jpg,https://www.coasterfurniture.com/furniture/category/Bedroom-Sets/Caraway-Bedroom-Set/224781Q-S5
224771Q-S4,Caraway 4-piece Queen Bedroom Set White,Bedroom Sets,Queen Bed,White / Queen / 4,"Bedroom set delivers modern styling with a streamlined silhouette and coordinated storage pieces designed for everyday function. Crafted from engineered wood with laminate veneer, it features a two-tone look with metallic accents for visual contrast. The upholstered headboard includes integrated LED lighting for ambient illumination, while drawers provide organized storage. Designed as a bedroom set or furniture suite, it creates a cohesive and contemporary bedroom environment.","63.5""w x 84.25""d x 55.25""h",99.23,coasterfurniture.com listed,Drawers provide organized storage for clothing and everyday essentials | Queen bedroom set in white includes upholstered LED headboard and storage pieces | Clean lined design supports a cohesive contemporary bedroom layout | Two tone finish with metallic accents adds contrast and modern appeal | LED headboard lighting creates ambient illumination with touch control | Engineered wood construction ensures durability and long term stability,16,224771Q-S4-1.jpg,https://www.coasterfurniture.com/furniture/category/Bedroom-Sets/Caraway-Bedroom-Set/224781Q-S5
224771Q-S5,Caraway 5-piece Queen Bedroom Set White,Bedroom Sets,Queen Bed,White / Queen / 5,"Bedroom set delivers modern styling with a streamlined silhouette and coordinated storage pieces designed for everyday function. Crafted from engineered wood with laminate veneer, it features a two-tone look with metallic accents for visual contrast. The upholstered headboard includes integrated LED lighting for ambient illumination, while drawers provide organized storage. Designed as a bedroom set or furniture suite, it creates a cohesive and contemporary bedroom environment.","63.5""w x 84.25""d x 55.25""h",99.23,coasterfurniture.com listed,Drawers provide organized storage for clothing and everyday essentials | Queen bedroom set in white includes upholstered LED headboard and storage pieces | Clean lined design supports a cohesive contemporary bedroom layout | Two tone finish with metallic accents adds contrast and modern appeal | LED headboard lighting creates ambient illumination with touch control | Engineered wood construction ensures durability and long term stability,19,224771Q-S5-1.jpg,https://www.coasterfurniture.com/furniture/category/Bedroom-Sets/Caraway-Bedroom-Set/224781Q-S5
204390KE-S4,Kauffman 4-piece Eastern King Bedroom Set Dark Cocoa,Bedroom Sets,Eastern King Storage Bed,Dark Cocoa / Eastern King / 4,"Warm, rich, and inviting, this four-piece bedroom set will instantly transform your space. Complete with a bed, dresser, mirror, and nightstand, it finishes off a bedroom in spectacular style. Each piece is expertly crafted with crisp, clean lines and a transitional design. A deep, dark cocoa finish is enhanced by cool, contrasting, black recessed grooves. Exclusive to Coaster, this set offers glamour, convenience, and exceptional value.","78.75""w x 84.75""d x 53.5""h",187.43,coasterfurniture.com listed,"Bedroom set with four-drawer storage bed and bold rectangular framing throughout | Antique brass handles add contrast and easy access to storage compartments | Smooth-operating drawers use Kenlin glides for durability and functionality | All case pieces include picture frame drawer fronts for added visual depth | Dark cocoa finish features a warm wood grain look with black recessed grooves | Built from engineered wood, scratch-resistant laminate, and sturdy composite materials",17,204390KE-S4-1.jpg,https://www.coasterfurniture.com/furniture/category/Bedroom-Sets/Kauffman-Bedroom-Set-(Storage-Bed)/204190Q-S5
204390KE-S5,Kauffman 5-piece Eastern King Bedroom Set Dark Cocoa,Bedroom Sets,Eastern King Storage Bed,Dark Cocoa / Eastern King / 5,"Beauty and convenience combine to create a complete, five-piece bedroom set that's fashionable and functional all at once. Impeccably crafted, it has everything you need to rest and relax in style. A magnificent finish of deep, rich, dark cocoa is enhanced by clean, straight lines and black recessed grooves. A large chest, dresser, and nightstand offer ample storage space to help you stay organized. A sturdy bed and oversized mirror complete this stunning set with elegant versatility.","78.75""w x 84.75""d x 53.5""h",187.43,coasterfurniture.com listed,"Built from engineered wood, scratch-resistant laminate, and sturdy composite materials | All case pieces include picture frame drawer fronts for added visual depth | Bedroom set with four-drawer storage bed and bold rectangular framing throughout | Antique brass handles add contrast and easy access to storage compartments | Dark cocoa finish features a warm wood grain look with black recessed grooves | Smooth-operating drawers use Kenlin glides for durability and functionality",18,204390KE-S5-1.jpg,https://www.coasterfurniture.com/furniture/category/Bedroom-Sets/Kauffman-Bedroom-Set-(Storage-Bed)/204190Q-S5
204390KW-S4,Kauffman 4-piece California King Bedroom Set Dark Cocoa,Bedroom Sets,California King Storage Bed,Dark Cocoa / California King / 4,"Warm, rich, and inviting, this four-piece bedroom set will instantly transform your space. Complete with a bed, dresser, mirror, and nightstand, it finishes off a bedroom in spectacular style. Each piece is expertly crafted with crisp, clean lines and a transitional design. A deep, dark cocoa finish is enhanced by cool, contrasting, black recessed grooves. Exclusive to Coaster, this set offers glamour, convenience, and exceptional value.","78.75""w x 89.5""d x 53.5""h",200.66,coasterfurniture.com listed,"All case pieces include picture frame drawer fronts for added visual depth | Dark cocoa finish features a warm wood grain look with black recessed grooves | Bedroom set with four-drawer storage bed and bold rectangular framing throughout | Antique brass handles add contrast and easy access to storage compartments | Smooth-operating drawers use Kenlin glides for durability and functionality | Built from engineered wood, scratch-resistant laminate, and sturdy composite materials",17,204390KW-S4-1.jpg,https://www.coasterfurniture.com/furniture/category/Bedroom-Sets/Kauffman-Bedroom-Set-(Storage-Bed)/204190Q-S5
204390KW-S5,Kauffman 5-piece California King Bedroom Set Dark Cocoa,Bedroom Sets,California King Storage Bed,Dark Cocoa / California King / 5,"Beauty and convenience combine to create a complete, five-piece bedroom set that's fashionable and functional all at once. Impeccably crafted, it has everything you need to rest and relax in style. A magnificent finish of deep, rich, dark cocoa is enhanced by clean, straight lines and black recessed grooves. A large chest, dresser, and nightstand offer ample storage space to help you stay organized. A sturdy bed and oversized mirror complete this stunning set with elegant versatility.","78.75""w x 89.5""d x 53.5""h",200.66,coasterfurniture.com listed,"Dark cocoa finish features a warm wood grain look with black recessed grooves | All case pieces include picture frame drawer fronts for added visual depth | Antique brass handles add contrast and easy access to storage compartments | Bedroom set with four-drawer storage bed and bold rectangular framing throughout | Smooth-operating drawers use Kenlin glides for durability and functionality | Built from engineered wood, scratch-resistant laminate, and sturdy composite materials",18,204390KW-S5-1.jpg,https://www.coasterfurniture.com/furniture/category/Bedroom-Sets/Kauffman-Bedroom-Set-(Storage-Bed)/204190Q-S5
204390Q-S4,Kauffman 4-piece Queen Bedroom Set Dark Cocoa,Bedroom Sets,Queen Storage Bed,Dark Cocoa / Queen / 4,"Warm, rich, and inviting, this four-piece bedroom set will instantly transform your space. Complete with a bed, dresser, mirror, and nightstand, it finishes off a bedroom in spectacular style. Each piece is expertly crafted with crisp, clean lines and a transitional design. A deep, dark cocoa finish is enhanced by cool, contrasting, black recessed grooves. Exclusive to Coaster, this set offers glamour, convenience, and exceptional value.","63""w x 84.75""d x 53.5""h",165.38,coasterfurniture.com listed,"All case pieces include picture frame drawer fronts for added visual depth | Dark cocoa finish features a warm wood grain look with black recessed grooves | Smooth-operating drawers use Kenlin glides for durability and functionality | Antique brass handles add contrast and easy access to storage compartments | Bedroom set with four-drawer storage bed and bold rectangular framing throughout | Built from engineered wood, scratch-resistant laminate, and sturdy composite materials",17,204390Q-S4-1.jpg,https://www.coasterfurniture.com/furniture/category/Bedroom-Sets/Kauffman-Bedroom-Set-(Storage-Bed)/204190Q-S5
204390Q-S5,Kauffman 5-piece Queen Bedroom Set Dark Cocoa,Bedroom Sets,Queen Storage Bed,Dark Cocoa / Queen / 5,"Beauty and convenience combine to create a complete, five-piece bedroom set that's fashionable and functional all at once. Impeccably crafted, it has everything you need to rest and relax in style. A magnificent finish of deep, rich, dark cocoa is enhanced by clean, straight lines and black recessed grooves. A large chest, dresser, and nightstand offer ample storage space to help you stay organized. A sturdy bed and oversized mirror complete this stunning set with elegant versatility.","63""w x 84.75""d x 53.5""h",165.38,coasterfurniture.com listed,"Built from engineered wood, scratch-resistant laminate, and sturdy composite materials | All case pieces include picture frame drawer fronts for added visual depth | Bedroom set with four-drawer storage bed and bold rectangular framing throughout | Antique brass handles add contrast and easy access to storage compartments | Dark cocoa finish features a warm wood grain look with black recessed grooves | Smooth-operating drawers use Kenlin glides for durability and functionality",18,204390Q-S5-1.jpg,https://www.coasterfurniture.com/furniture/category/Bedroom-Sets/Kauffman-Bedroom-Set-(Storage-Bed)/204190Q-S5
204190KW-S4,Kauffman 4-piece California King Bedroom Set Washed Taupe,Bedroom Sets,California King Storage Bed,Washed Taupe / California King / 4,"With a gorgeous, transitional design, this four-piece bedroom set infuses a room with chic sophistication. Exquisitely crafted with engineered wood, each piece features raised, natural oak wood grain with a stunning, greyish brown patina. Black recessed grooves create a beautiful contrast with its tasteful, washed taupe finish. Picture framed case fronts add depth and dimension to the sleek, straight silhouette of each case piece. Complete with shining, silvery hardware and plenty of convenient storage space, this set exudes elegance and versatility.","78.75""w x 89.5""d x 53.5""h",200.66,coasterfurniture.com listed,"Washed taupe finish features a warm wood grain look with black recessed grooves | All case pieces include picture frame drawer fronts for added visual depth | Antique brass handles add contrast and easy access to storage compartments | Bedroom set with four-drawer storage bed and bold rectangular framing throughout | Smooth-operating drawers use Kenlin glides for durability and functionality | Built from engineered wood, scratch-resistant laminate, and sturdy composite materials",15,204190KW-S4-1.jpg,https://www.coasterfurniture.com/furniture/category/Bedroom-Sets/Kauffman-Bedroom-Set-(Storage-Bed)/204190Q-S5
204190KW-S5,Kauffman 5-piece California King Bedroom Set Washed Taupe,Bedroom Sets,California King Storage Bed,Washed Taupe / California King / 5,"Keep your bedroom looking neat and stylish with this transitional five-piece set. It comes complete with a bed, dresser, nightstand, mirror, and chest, all beautifully crafted with an elegant design. Gorgeous, engineered wood construction is enhanced by natural oak wood grain and a beautiful patina in a greyish brown tone. Black recessed grooves create a stunning contrast that really stands out. Each case piece features a chic picture framed front and ample storage space to keep you organized with ease.","78.75""w x 89.5""d x 53.5""h",200.66,coasterfurniture.com listed,"All case pieces include picture frame drawer fronts for added visual depth | Washed taupe finish features a warm wood grain look with black recessed grooves | Bedroom set with four-drawer storage bed and bold rectangular framing throughout | Antique brass handles add contrast and easy access to storage compartments | Smooth-operating drawers use Kenlin glides for durability and functionality | Built from engineered wood, scratch-resistant laminate, and sturdy composite materials",19,204190KW-S5-1.jpg,https://www.coasterfurniture.com/furniture/category/Bedroom-Sets/Kauffman-Bedroom-Set-(Storage-Bed)/204190Q-S5
204190KE-S4,Kauffman 4-piece Eastern King Bedroom Set Washed Taupe,Bedroom Sets,Eastern King Storage Bed,Washed Taupe / Eastern King / 4,"With a gorgeous, transitional design, this four-piece bedroom set infuses a room with chic sophistication. Exquisitely crafted with engineered wood, each piece features raised, natural oak wood grain with a stunning, greyish brown patina. Black recessed grooves create a beautiful contrast with its tasteful, washed taupe finish. Picture framed case fronts add depth and dimension to the sleek, straight silhouette of each case piece. Complete with shining, silvery hardware and plenty of convenient storage space, this set exudes elegance and versatility.","78.75""w x 84.75""d x 53.5""h",187.43,coasterfurniture.com listed,"Washed taupe finish features a warm wood grain look with black recessed grooves | Bedroom set with four-drawer storage bed and bold rectangular framing throughout | All case pieces include picture frame drawer fronts for added visual depth | Built from engineered wood, scratch-resistant laminate, and sturdy composite materials | Smooth-operating drawers use Kenlin glides for durability and functionality | Antique brass handles add contrast and easy access to storage compartments",15,204190KE-S4-1.jpg,https://www.coasterfurniture.com/furniture/category/Bedroom-Sets/Kauffman-Bedroom-Set-(Storage-Bed)/204190Q-S5
204190KE-S5,Kauffman 5-piece Eastern King Bedroom Set Washed Taupe,Bedroom Sets,Eastern King Storage Bed,Washed Taupe / Eastern King / 5,"Keep your bedroom looking neat and stylish with this transitional five-piece set. It comes complete with a bed, dresser, nightstand, mirror, and chest, all beautifully crafted with an elegant design. Gorgeous, engineered wood construction is enhanced by natural oak wood grain and a beautiful patina in a greyish brown tone. Black recessed grooves create a stunning contrast that really stands out. Each case piece features a chic picture framed front and ample storage space to keep you organized with ease.","78.75""w x 84.75""d x 53.5""h",187.43,coasterfurniture.com listed,"All case pieces include picture frame drawer fronts for added visual depth | Antique brass handles add contrast and easy access to storage compartments | Washed taupe finish features a warm wood grain look with black recessed grooves | Bedroom set with four-drawer storage bed and bold rectangular framing throughout | Smooth-operating drawers use Kenlin glides for durability and functionality | Built from engineered wood, scratch-resistant laminate, and sturdy composite materials",19,204190KE-S5-1.jpg,https://www.coasterfurniture.com/furniture/category/Bedroom-Sets/Kauffman-Bedroom-Set-(Storage-Bed)/204190Q-S5
204190Q-S4,Kauffman 4-piece Queen Bedroom Set Washed Taupe,Bedroom Sets,Queen Storage Bed,Washed Taupe / Queen / 4,"With a gorgeous, transitional design, this four-piece bedroom set infuses a room with chic sophistication. Exquisitely crafted with engineered wood, each piece features raised, natural oak wood grain with a stunning, greyish brown patina. Black recessed grooves create a beautiful contrast with its tasteful, washed taupe finish. Picture framed case fronts add depth and dimension to the sleek, straight silhouette of each case piece. Complete with shining, silvery hardware and plenty of convenient storage space, this set exudes elegance and versatility.","63""w x 84.75""d x 53.5""h",165.38,coasterfurniture.com listed,"Washed taupe finish features a warm wood grain look with black recessed grooves | Bedroom set with four-drawer storage bed and bold rectangular framing throughout | All case pieces include picture frame drawer fronts for added visual depth | Built from engineered wood, scratch-resistant laminate, and sturdy composite materials | Smooth-operating drawers use Kenlin glides for durability and functionality | Antique brass handles add contrast and easy access to storage compartments",15,204190Q-S4-1.jpg,https://www.coasterfurniture.com/furniture/category/Bedroom-Sets/Kauffman-Bedroom-Set-(Storage-Bed)/204190Q-S5
204190Q-S5,Kauffman 5-piece Queen Bedroom Set Washed Taupe,Bedroom Sets,Queen Storage Bed,Washed Taupe / Queen / 5,"Keep your bedroom looking neat and stylish with this transitional five-piece set. It comes complete with a bed, dresser, nightstand, mirror, and chest, all beautifully crafted with an elegant design. Gorgeous, engineered wood construction is enhanced by natural oak wood grain and a beautiful patina in a greyish brown tone. Black recessed grooves create a stunning contrast that really stands out. Each case piece features a chic picture framed front and ample storage space to keep you organized with ease.","63""w x 84.75""d x 53.5""h",165.38,coasterfurniture.com listed,"All case pieces include picture frame drawer fronts for added visual depth | Antique brass handles add contrast and easy access to storage compartments | Washed taupe finish features a warm wood grain look with black recessed grooves | Bedroom set with four-drawer storage bed and bold rectangular framing throughout | Smooth-operating drawers use Kenlin glides for durability and functionality | Built from engineered wood, scratch-resistant laminate, and sturdy composite materials",19,204190Q-S5-1.jpg,https://www.coasterfurniture.com/furniture/category/Bedroom-Sets/Kauffman-Bedroom-Set-(Storage-Bed)/204190Q-S5
224971KE-S4,Ives 4-piece Eastern King Bedroom Set Grey High Gloss,Bedroom Sets,Eastern King Bed,Grey High Gloss / Eastern King / 4,"High gloss surfaces and diamond tile emboss bring this bedroom set together with a polished, contemporary Italian-inspired look. The bed anchors the room with touch LED lighting at the headboard, while the nightstand and dresser add practical storage with felt-lined top drawers. A coordinating mirror completes the arrangement with bright reflection and sleek continuity. The overall effect is clean, modern, and thoughtfully composed.","79.25""w x 83.5""d x 56.75""h",133.62,coasterfurniture.com listed,Four-piece eastern king bedroom set in grey high gloss has style | Nightstand and dresser offer felt-lined top drawer storage | Coordinating mirror adds bright reflection and cohesive style | High gloss finish and diamond tile emboss create polished visual texture | Bed includes touch LED lighting for modern bedroom ambiance | Designed for an eastern king mattress with foundation support required,18,224971KE-S4-1.jpg,https://www.coasterfurniture.com/furniture/category/Bedroom-Sets/Ives-Bedroom-Set/224941Q-S5
224971KE-S5,Ives 5-piece Eastern King Bedroom Set Grey High Gloss,Bedroom Sets,Eastern King Bed,Grey High Gloss / Eastern King / 5,"High gloss surfaces and diamond tile emboss bring this bedroom set together with a polished, contemporary Italian-inspired look. The bed anchors the room with touch LED lighting at the headboard, while the nightstand and dresser add practical storage with felt-lined top drawers. A coordinating mirror completes the arrangement with bright reflection and sleek continuity. The overall effect is clean, modern, and thoughtfully composed.","79.25""w x 83.5""d x 56.75""h",133.62,coasterfurniture.com listed,Five-piece eastern king bedroom set in grey high gloss has style | Nightstand and dresser offer felt-lined top drawer storage | Chest expands the set with added vertical bedroom organization | High gloss finish and diamond tile emboss create polished visual texture | Bed includes touch LED lighting for modern bedroom ambiance | Designed for an eastern king mattress with foundation support required,20,224971KE-S5-1.jpg,https://www.coasterfurniture.com/furniture/category/Bedroom-Sets/Ives-Bedroom-Set/224941Q-S5
224941KE-S4,Ives 4-piece Eastern King Bedroom Set White High Gloss,Bedroom Sets,Eastern King Bed,White High Gloss / Eastern King / 4,"High gloss surfaces and diamond tile emboss bring this bedroom set together with a polished, contemporary Italian-inspired look. The bed anchors the room with touch LED lighting at the headboard, while the nightstand and dresser add practical storage with felt-lined top drawers. A coordinating mirror completes the arrangement with bright reflection and sleek continuity. The overall effect is clean, modern, and thoughtfully composed.","79.25""w x 83.5""d x 56.75""h",133.62,coasterfurniture.com listed,Four-piece eastern king bedroom set features a sleek contemporary profile | Coordinating mirror adds bright reflection and cohesive style | High gloss finish and diamond tile emboss create polished visual texture | Bed includes touch LED lighting for modern bedroom ambiance | Nightstand and dresser offer felt-lined top drawer storage | Designed for an eastern king mattress with foundation support required,18,224941KE-S4-1.jpg,https://www.coasterfurniture.com/furniture/category/Bedroom-Sets/Ives-Bedroom-Set/224941Q-S5
224941KE-S5,Ives 5-piece Eastern King Bedroom Set White High Gloss,Bedroom Sets,Eastern King Bed,White High Gloss / Eastern King / 5,"High gloss surfaces and diamond tile emboss bring this bedroom set together with a polished, contemporary Italian-inspired look. The bed anchors the room with touch LED lighting at the headboard, while the nightstand and dresser add practical storage with felt-lined top drawers. A coordinating mirror completes the arrangement with bright reflection and sleek continuity. The overall effect is clean, modern, and thoughtfully composed.","79.25""w x 83.5""d x 56.75""h",133.62,coasterfurniture.com listed,Five-piece eastern king bedroom set features a sleek contemporary profile | Chest expands the set with added vertical bedroom organization | High gloss finish and diamond tile emboss create polished visual texture | Bed includes touch LED lighting for modern bedroom ambiance | Nightstand and dresser offer felt-lined top drawer storage | Designed for an eastern king mattress with foundation support required,20,224941KE-S5-1.jpg,https://www.coasterfurniture.com/furniture/category/Bedroom-Sets/Ives-Bedroom-Set/224941Q-S5
224941Q-S4,Ives 4-piece Queen Bedroom Set White High Gloss,Bedroom Sets,Queen Bed,White High Gloss / Queen / 4,"High gloss surfaces and diamond tile emboss bring this bedroom set together with a polished, contemporary Italian-inspired look. The bed anchors the room with touch LED lighting at the headboard, while the nightstand and dresser add practical storage with felt-lined top drawers. A coordinating mirror completes the arrangement with bright reflection and sleek continuity. The overall effect is clean, modern, and thoughtfully composed.","63.5""w x 83.5""d x 56.75""h",112.46,coasterfurniture.com listed,Four-piece queen bedroom set features a sleek contemporary bedroom profile | Nightstand and dresser offer felt-lined top drawer storage | High gloss finish and diamond tile emboss create polished visual texture | Coordinating mirror adds bright reflection and cohesive style | Bed includes touch LED lighting for modern bedroom ambiance | Designed for a queen mattress with foundation support required,18,224941Q-S4-1.jpg,https://www.coasterfurniture.com/furniture/category/Bedroom-Sets/Ives-Bedroom-Set/224941Q-S5
224941Q-S5,Ives 5-piece Queen Bedroom Set White High Gloss,Bedroom Sets,Queen Bed,White High Gloss / Queen / 5,"High gloss surfaces and diamond tile emboss bring this bedroom set together with a polished, contemporary Italian-inspired look. The bed anchors the room with touch LED lighting at the headboard, while the nightstand and dresser add practical storage with felt-lined top drawers. A coordinating mirror completes the arrangement with bright reflection and sleek continuity. The overall effect is clean, modern, and thoughtfully composed.","63.5""w x 83.5""d x 56.75""h",112.46,coasterfurniture.com listed,Five-piece queen bedroom set features a sleek contemporary bedroom profile | Nightstand and dresser offer felt-lined top drawer storage | High gloss finish and diamond tile emboss create polished visual texture | Chest expands the set with added vertical bedroom organization | Bed includes touch LED lighting for modern bedroom ambiance | Designed for a queen mattress with foundation support required,20,224941Q-S5-1.jpg,https://www.coasterfurniture.com/furniture/category/Bedroom-Sets/Ives-Bedroom-Set/224941Q-S5
224971Q-S4,Ives 4-piece Queen Bedroom Set Grey High Gloss,Bedroom Sets,Queen Bed,Grey High Gloss / Queen / 4,"High gloss surfaces and diamond tile emboss bring this bedroom set together with a polished, contemporary Italian-inspired look. The bed anchors the room with touch LED lighting at the headboard, while the nightstand and dresser add practical storage with felt-lined top drawers. A coordinating mirror completes the arrangement with bright reflection and sleek continuity. The overall effect is clean, modern, and thoughtfully composed.","63.5""w x 83.5""d x 56.75""h",112.46,coasterfurniture.com listed,Four-piece queen bedroom set in grey high gloss has a sleek profile | Coordinating mirror adds bright reflection and cohesive style | High gloss finish and diamond tile emboss create polished visual texture | Bed includes touch LED lighting for modern bedroom ambiance | Nightstand and dresser offer felt-lined top drawer storage | Designed for a queen mattress with foundation support required,18,224971Q-S4-1.jpg,https://www.coasterfurniture.com/furniture/category/Bedroom-Sets/Ives-Bedroom-Set/224941Q-S5
224971Q-S5,Ives 5-piece Queen Bedroom Set Grey High Gloss,Bedroom Sets,Queen Bed,Grey High Gloss / Queen / 5,"High gloss surfaces and diamond tile emboss bring this bedroom set together with a polished, contemporary Italian-inspired look. The bed anchors the room with touch LED lighting at the headboard, while the nightstand and dresser add practical storage with felt-lined top drawers. A coordinating mirror completes the arrangement with bright reflection and sleek continuity. The overall effect is clean, modern, and thoughtfully composed.","63.5""w x 83.5""d x 56.75""h",112.46,coasterfurniture.com listed,Five-piece queen bedroom set in grey high gloss has a sleek profile | Chest expands the set with added vertical bedroom organization | High gloss finish and diamond tile emboss create polished visual texture | Bed includes touch LED lighting for modern bedroom ambiance | Nightstand and dresser offer felt-lined top drawer storage | Designed for a queen mattress with foundation support required,20,224971Q-S5-1.jpg,https://www.coasterfurniture.com/furniture/category/Bedroom-Sets/Ives-Bedroom-Set/224941Q-S5
205891KE-S4,Barzini 4-piece Eastern King Bedroom Set White,Bedroom Sets,Eastern King Bed,Eastern King / 4,"Transform your bedroom with the elegant design of this white set. The panel bed showcases metallic leatherette channel tufting framed by crisp molding and finished with turned feet for timeless charm. Coordinated storage brings added sparkle with glittery acrylic panels and faceted crystal hardware, blending modern radiance with classic details. Sculpted bun feet complete the look, creating a glamorous and polished bedroom retreat.","79.25""w x 84.75""d x 56""h",102.1,coasterfurniture.com listed,Sculpted bun feet complete the set with classic glamour and polish | Sparkling acrylic accents add radiance to the clean white storage pieces | Panel bed features metallic leatherette channel tufting and crisp molding | Batten slats support the bed with no foundation required for use | Crystal hardware brings jewelry-like shine to drawers and case fronts | Eastern king four-piece bedroom set creates a bright glamorous retreat,19,205891KE-S4-1.jpg,https://www.coasterfurniture.com/furniture/category/Bedroom-Sets/Barzini-Bedroom-Set/205891Q-S4
205891KE-S5,Barzini 5-piece Eastern King Bedroom Set White,Bedroom Sets,Eastern King Bed,Eastern King / 5,"Transform your bedroom with the elegant design of this white set. The panel bed showcases metallic leatherette channel tufting framed by crisp molding and finished with turned feet for timeless charm. Coordinated storage brings added sparkle with glittery acrylic panels and faceted crystal hardware, blending modern radiance with classic details. Sculpted bun feet complete the look, creating a glamorous and polished bedroom retreat.","79.25""w x 84.75""d x 56""h",102.1,coasterfurniture.com listed,Sculpted bun feet complete the set with classic glamour and polish | Sparkling acrylic accents add radiance to the clean white storage pieces | Panel bed features metallic leatherette channel tufting and crisp molding | Batten slats support the bed with no foundation required for use | Crystal hardware brings jewelry-like shine to drawers and case fronts | Eastern king five-piece bedroom set creates a bright glamorous retreat,19,205891KE-S5-1.jpg,https://www.coasterfurniture.com/furniture/category/Bedroom-Sets/Barzini-Bedroom-Set/205891Q-S4
205891KW-S4,Barzini 4-piece California King Bedroom Set White,Bedroom Sets,California King Bed,California King / 4,"Transform your bedroom with the elegant design of this white set. The panel bed showcases metallic leatherette channel tufting framed by crisp molding and finished with turned feet for timeless charm. Coordinated storage brings added sparkle with glittery acrylic panels and faceted crystal hardware, blending modern radiance with classic details. Sculpted bun feet complete the look, creating a glamorous and polished bedroom retreat.","79.25""w x 89.5""d x 56""h",110.69,coasterfurniture.com listed,Sculpted bun feet complete the set with classic glamour and polish | Sparkling acrylic accents add radiance to the clean white storage pieces | Panel bed features metallic leatherette channel tufting and crisp molding | Batten slats support the bed with no foundation required for use | Crystal hardware brings jewelry-like shine to drawers and case fronts | California king four-piece bedroom set creates a bright glamorous retreat,19,205891KW-S4-1.jpg,https://www.coasterfurniture.com/furniture/category/Bedroom-Sets/Barzini-Bedroom-Set/205891Q-S4
205891KW-S5,Barzini 5-piece California King Bedroom Set White,Bedroom Sets,California King Bed,California King / 5,"Transform your bedroom with the elegant design of this white set. The panel bed showcases metallic leatherette channel tufting framed by crisp molding and finished with turned feet for timeless charm. Coordinated storage brings added sparkle with glittery acrylic panels and faceted crystal hardware, blending modern radiance with classic details. Sculpted bun feet complete the look, creating a glamorous and polished bedroom retreat.","79.25""w x 89.5""d x 56""h",110.69,coasterfurniture.com listed,Sculpted bun feet complete the set with classic glamour and polish | Sparkling acrylic accents add radiance to the clean white storage pieces | Panel bed features metallic leatherette channel tufting and crisp molding | Batten slats support the bed with no foundation required for use | Crystal hardware brings jewelry-like shine to drawers and case fronts | California king five-piece bedroom set creates a bright glamorous retreat,19,205891KW-S5-1.jpg,https://www.coasterfurniture.com/furniture/category/Bedroom-Sets/Barzini-Bedroom-Set/205891Q-S4
205891Q-S4,Barzini 4-piece Queen Bedroom Set White,Bedroom Sets,Queen Bed,Queen / 4,"Transform your bedroom with the elegant design of this white set. The panel bed showcases metallic leatherette channel tufting framed by crisp molding and finished with turned feet for timeless charm. Coordinated storage brings added sparkle with glittery acrylic panels and faceted crystal hardware, blending modern radiance with classic details. Sculpted bun feet complete the look, creating a glamorous and polished bedroom retreat.","63.5""w x 84.75""d x 56""h",84.68,coasterfurniture.com listed,Sculpted bun feet complete the set with classic glamour and polish | Sparkling acrylic accents add radiance to the clean white storage pieces | Panel bed features metallic leatherette channel tufting and crisp molding | Batten slats support the bed with no foundation required for use | Crystal hardware brings jewelry-like shine to drawers and case fronts | Queen four-piece bedroom set creates a bright glamorous retreat,19,205891Q-S4-1.jpg,https://www.coasterfurniture.com/furniture/category/Bedroom-Sets/Barzini-Bedroom-Set/205891Q-S4
205891Q-S5,Barzini 5-piece Queen Bedroom Set White,Bedroom Sets,Queen Bed,Queen / 5,"Transform your bedroom with the elegant design of this white set. The panel bed showcases metallic leatherette channel tufting framed by crisp molding and finished with turned feet for timeless charm. Coordinated storage brings added sparkle with glittery acrylic panels and faceted crystal hardware, blending modern radiance with classic details. Sculpted bun feet complete the look, creating a glamorous and polished bedroom retreat.","63.5""w x 84.75""d x 56""h",84.68,coasterfurniture.com listed,Sculpted bun feet complete the set with classic glamour and polish | Sparkling acrylic accents add radiance to the clean white storage pieces | Panel bed features metallic leatherette channel tufting and crisp molding | Batten slats support the bed with no foundation required for use | Crystal hardware brings jewelry-like shine to drawers and case fronts | Queen five-piece bedroom set creates a bright glamorous retreat,19,205891Q-S5-1.jpg,https://www.coasterfurniture.com/furniture/category/Bedroom-Sets/Barzini-Bedroom-Set/205891Q-S4
205131KE-S4,Robyn 4-piece Eastern King Bedroom Set Dark Walnut,Bedroom Sets,Eastern King Bed,Dark Walnut / Eastern King / 4,"Transform your bedroom into the ultimate retreat with this mid-century modern bedroom set. Expertly crafted from pine, engineered wood, and walnut veneer, the set includes a bed, nightstand, dresser, mirror, and optional chest for a cohesive look. Rounded edges, tapered legs, and square tufting lend a retro-inspired flair, while felt-lined top drawers in case pieces and dual USB ports in nightstand add practical convenience. This collection combines style and functionality for a truly luxurious bedroom experience.","78.25""w x 86.5""d x 53.25""h",118.41,coasterfurniture.com listed,"Mid-century modern bedroom set with a cohesive aesthetic | Felt-lined top drawers protect delicate items | Constructed with pine, engineered wood, and walnut veneer | Nightstand includes dual USB ports for device charging | Rounded corners throughout add an updated, modern flair | Fabric upholstered bed with thick padding and square tufting",17,205131KE-S4-1.jpg,https://www.coasterfurniture.com/furniture/category/Bedroom-Sets/Robyn-Bedroom-Set/205131Q-S5
205131KE-S5,Robyn 5-piece Eastern King Bedroom Set Dark Walnut,Bedroom Sets,Eastern King Bed,Dark Walnut / Eastern King / 5,"Transform your bedroom into the ultimate retreat with this mid-century modern bedroom set. Expertly crafted from pine, engineered wood, and walnut veneer, the set includes a bed, nightstand, dresser, mirror, and optional chest for a cohesive look. Rounded edges, tapered legs, and square tufting lend a retro-inspired flair, while felt-lined top drawers in case pieces and dual USB ports in nightstand add practical convenience. This collection combines style and functionality for a truly luxurious bedroom experience.","78.25""w x 86.5""d x 53.25""h",118.41,coasterfurniture.com listed,"Rounded corners throughout add an updated, modern flair | Nightstand includes dual USB ports for device charging | Fabric upholstered bed with thick padding and square tufting | Mid-century modern bedroom set with a cohesive aesthetic | Felt-lined top drawers protect delicate items | Constructed with pine, engineered wood, and walnut veneer",20,205131KE-S5-1.jpg,https://www.coasterfurniture.com/furniture/category/Bedroom-Sets/Robyn-Bedroom-Set/205131Q-S5
205131KW-S4,Robyn 4-piece California King Bedroom Set Dark Walnut,Bedroom Sets,California King Bed,Dark Walnut / California King / 4,"Transform your bedroom into the ultimate retreat with this mid-century modern bedroom set. Expertly crafted from pine, engineered wood, and walnut veneer, the set includes a bed, nightstand, dresser, mirror, and optional chest for a cohesive look. Rounded edges, tapered legs, and square tufting lend a retro-inspired flair, while felt-lined top drawers in case pieces and dual USB ports in nightstand add practical convenience. This collection combines style and functionality for a truly luxurious bedroom experience.","78.25""w x 90.5""d x 53.25""h",128.55,coasterfurniture.com listed,"Mid-century modern bedroom set with a cohesive aesthetic | Felt-lined top drawers protect delicate items | Constructed with pine, engineered wood, and walnut veneer | Nightstand includes dual USB ports for device charging | Fabric upholstered bed with thick padding and square tufting | Rounded corners throughout add an updated, modern flair",17,205131KW-S4-1.jpg,https://www.coasterfurniture.com/furniture/category/Bedroom-Sets/Robyn-Bedroom-Set/205131Q-S5
205131KW-S5,Robyn 5-piece California King Bedroom Set Dark Walnut,Bedroom Sets,California King Bed,Dark Walnut / California King / 5,"Transform your bedroom into the ultimate retreat with this mid-century modern bedroom set. Expertly crafted from pine, engineered wood, and walnut veneer, the set includes a bed, nightstand, dresser, mirror, and optional chest for a cohesive look. Rounded edges, tapered legs, and square tufting lend a retro-inspired flair, while felt-lined top drawers in case pieces and dual USB ports in nightstand add practical convenience. This collection combines style and functionality for a truly luxurious bedroom experience.","78.25""w x 90.5""d x 53.25""h",128.55,coasterfurniture.com listed,"Fabric upholstered bed with thick padding and square tufting | Felt-lined top drawers protect delicate items | Nightstand includes dual USB ports for device charging | Rounded corners throughout add an updated, modern flair | Mid-century modern bedroom set with a cohesive aesthetic | Constructed with pine, engineered wood, and walnut veneer",20,205131KW-S5-1.jpg,https://www.coasterfurniture.com/furniture/category/Bedroom-Sets/Robyn-Bedroom-Set/205131Q-S5
225091KE-S4,Robyn 4-piece Eastern King Bedroom Set Light Ash,Bedroom Sets,Eastern King Bed,Light Ash / Eastern King / 4,"Transform your bedroom into the ultimate retreat with this mid-century modern bedroom set. Expertly crafted from rubberwood, engineered wood, and ash veneer, the set includes a bed, nightstand, dresser, mirror, and optional chest for a cohesive look. Rounded edges, tapered legs, and square tufting lend a retro-inspired flair, while felt-lined top drawers in case pieces and dual USB ports in nightstand add practical convenience. This collection combines style and functionality for a truly luxurious bedroom experience.","78.25""w x 86.5""d x 53.25""h",118.41,coasterfurniture.com listed,"Mid-century modern bedroom set with a cohesive aesthetic | Nightstand includes dual USB ports for device charging | Felt-lined top drawers protect delicate items | Constructed from rubberwood, engineered wood, and ash veneer | Rounded corners throughout add an updated, modern flair | Fabric upholstered bed with thick padding and square tufting",16,225091KE-S4-1.jpg,https://www.coasterfurniture.com/furniture/category/Bedroom-Sets/Robyn-Bedroom-Set/205131Q-S5
225091KW-S4,Robyn 4-piece California King Bedroom Set Light Ash,Bedroom Sets,Cal King Bed,Light Ash / California King / 4,"Transform your bedroom into the ultimate retreat with this mid-century modern bedroom set. Expertly crafted from rubberwood, engineered wood, and ash veneer, the set includes a bed, nightstand, dresser, mirror, and optional chest for a cohesive look. Rounded edges, tapered legs, and square tufting lend a retro-inspired flair, while felt-lined top drawers in case pieces and dual USB ports in nightstand add practical convenience. This collection combines style and functionality for a truly luxurious bedroom experience.","78.25""w x 90.5""d x 53.25""h",128.55,coasterfurniture.com listed,"Rounded corners throughout add an updated, modern flair | Mid-century modern bedroom set with a cohesive aesthetic | Fabric upholstered bed with thick padding and square tufting | Nightstand includes dual USB ports for device charging | Constructed from rubberwood, engineered wood, and ash veneer | Felt-lined top drawers protect delicate items",16,225091KW-S4-1.jpg,https://www.coasterfurniture.com/furniture/category/Bedroom-Sets/Robyn-Bedroom-Set/205131Q-S5
225091KE-S5,Robyn 5-piece Eastern King Bedroom Set Light Ash,Bedroom Sets,Eastern King Bed,Light Ash / Eastern King / 5,"Transform your bedroom into the ultimate retreat with this mid-century modern bedroom set. Expertly crafted from rubberwood, engineered wood, and ash veneer, the set includes a bed, nightstand, dresser, mirror, and optional chest for a cohesive look. Rounded edges, tapered legs, and square tufting lend a retro-inspired flair, while felt-lined top drawers in case pieces and dual USB ports in nightstand add practical convenience. This collection combines style and functionality for a truly luxurious bedroom experience.","78.25""w x 86.5""d x 53.25""h",118.41,coasterfurniture.com listed,"Felt-lined top drawers protect delicate items | Nightstand includes dual USB ports for device charging | Fabric upholstered bed with thick padding and square tufting | Rounded corners throughout add an updated, modern flair | Mid-century modern bedroom set with a cohesive aesthetic | Constructed from rubberwood, engineered wood, and ash veneer",19,225091KE-S5-1.jpg,https://www.coasterfurniture.com/furniture/category/Bedroom-Sets/Robyn-Bedroom-Set/205131Q-S5
225091KW-S5,Robyn 5-piece California King Bedroom Set Light Ash,Bedroom Sets,Cal King Bed,Light Ash / California King / 5,"Transform your bedroom into the ultimate retreat with this mid-century modern bedroom set. Expertly crafted from rubberwood, engineered wood, and ash veneer, the set includes a bed, nightstand, dresser, mirror, and optional chest for a cohesive look. Rounded edges, tapered legs, and square tufting lend a retro-inspired flair, while felt-lined top drawers in case pieces and dual USB ports in nightstand add practical convenience. This collection combines style and functionality for a truly luxurious bedroom experience.","78.25""w x 90.5""d x 53.25""h",128.55,coasterfurniture.com listed,"Mid-century modern bedroom set with a cohesive aesthetic | Rounded corners throughout add an updated, modern flair | Felt-lined top drawers protect delicate items | Nightstand includes dual USB ports for device charging | Constructed from rubberwood, engineered wood, and ash veneer | Fabric upholstered bed with thick padding and square tufting",19,225091KW-S5-1.jpg,https://www.coasterfurniture.com/furniture/category/Bedroom-Sets/Robyn-Bedroom-Set/205131Q-S5
225091T-S4,Robyn 4-piece Twin Bedroom Set Light Ash,Bedroom Sets,Twin Bed,Light Ash / Twin / 4,"Transform your bedroom into the ultimate retreat with this mid-century modern bedroom set. Expertly crafted from rubberwood, engineered wood, and ash veneer, the set includes a bed, nightstand, dresser, mirror, and optional chest for a cohesive look. Rounded edges, tapered legs, and square tufting lend a retro-inspired flair, while felt-lined top drawers in case pieces and dual USB ports in nightstand add practical convenience. This collection combines style and functionality for a truly luxurious bedroom experience.","41.5""w x 81.5""d x 53.25""h",63.94,coasterfurniture.com listed,"Fabric upholstered bed with thick padding and square tufting | Rounded corners throughout add an updated, modern flair | Felt-lined top drawers protect delicate items | Mid-century modern bedroom set with a cohesive aesthetic | Nightstand includes dual USB ports for device charging | Constructed from rubberwood, engineered wood, and ash veneer",16,225091T-S4-1.jpg,https://www.coasterfurniture.com/furniture/category/Bedroom-Sets/Robyn-Bedroom-Set/205131Q-S5
225091Q-S5,Robyn 5-piece Queen Bedroom Set Light Ash,Bedroom Sets,Queen Bed,Light Ash / Queen / 5,"Transform your bedroom into the ultimate retreat with this mid-century modern bedroom set. Expertly crafted from rubberwood, engineered wood, and ash veneer, the set includes a bed, nightstand, dresser, mirror, and optional chest for a cohesive look. Rounded edges, tapered legs, and square tufting lend a retro-inspired flair, while felt-lined top drawers in case pieces and dual USB ports in nightstand add practical convenience. This collection combines style and functionality for a truly luxurious bedroom experience.","63""w x 86.5""d x 53.25""h",97.24,coasterfurniture.com listed,"Fabric upholstered bed with thick padding and square tufting | Rounded corners throughout add an updated, modern flair | Nightstand includes dual USB ports for device charging | Mid-century modern bedroom set with a cohesive aesthetic | Felt-lined top drawers protect delicate items | Constructed from rubberwood, engineered wood, and ash veneer",19,225091Q-S5-1.jpg,https://www.coasterfurniture.com/furniture/category/Bedroom-Sets/Robyn-Bedroom-Set/205131Q-S5
225091T-S5,Robyn 5-piece Twin Bedroom Set Light Ash,Bedroom Sets,Twin Bed,Light Ash / Twin / 5,"Transform your bedroom into the ultimate retreat with this mid-century modern bedroom set. Expertly crafted from rubberwood, engineered wood, and ash veneer, the set includes a bed, nightstand, dresser, mirror, and optional chest for a cohesive look. Rounded edges, tapered legs, and square tufting lend a retro-inspired flair, while felt-lined top drawers in case pieces and dual USB ports in nightstand add practical convenience. This collection combines style and functionality for a truly luxurious bedroom experience.","41.5""w x 81.5""d x 53.25""h",63.94,coasterfurniture.com listed,"Mid-century modern bedroom set with a cohesive aesthetic | Rounded corners throughout add an updated, modern flair | Felt-lined top drawers protect delicate items | Nightstand includes dual USB ports for device charging | Constructed from rubberwood, engineered wood, and ash veneer | Fabric upholstered bed with thick padding and square tufting",19,225091T-S5-1.jpg,https://www.coasterfurniture.com/furniture/category/Bedroom-Sets/Robyn-Bedroom-Set/205131Q-S5
225091F-S5,Robyn 5-piece Full Bedroom Set Light Ash,Bedroom Sets,Full Bed,Light Ash / Full / 5,"Transform your bedroom into the ultimate retreat with this mid-century modern bedroom set. Expertly crafted from rubberwood, engineered wood, and ash veneer, the set includes a bed, nightstand, dresser, mirror, and optional chest for a cohesive look. Rounded edges, tapered legs, and square tufting lend a retro-inspired flair, while felt-lined top drawers in case pieces and dual USB ports in nightstand add practical convenience. This collection combines style and functionality for a truly luxurious bedroom experience.","56.5""w x 81.5""d x 53.25""h",89.3,coasterfurniture.com listed,"Nightstand includes dual USB ports for device charging | Fabric upholstered bed with thick padding and square tufting | Rounded corners throughout add an updated, modern flair | Mid-century modern bedroom set with a cohesive aesthetic | Felt-lined top drawers protect delicate items | Constructed from rubberwood, engineered wood, and ash veneer",19,225091F-S5-1.jpg,https://www.coasterfurniture.com/furniture/category/Bedroom-Sets/Robyn-Bedroom-Set/205131Q-S5
205131Q-S4,Robyn 4-piece Queen Bedroom Set Dark Walnut,Bedroom Sets,Queen Bed,Dark Walnut / Queen / 4,"Transform your bedroom into the ultimate retreat with this mid-century modern bedroom set. Expertly crafted from pine, engineered wood, and walnut veneer, the set includes a bed, nightstand, dresser, mirror, and optional chest for a cohesive look. Rounded edges, tapered legs, and square tufting lend a retro-inspired flair, while felt-lined top drawers in case pieces and dual USB ports in nightstand add practical convenience. This collection combines style and functionality for a truly luxurious bedroom experience.","63""w x 86.5""d x 53.25""h",97.24,coasterfurniture.com listed,"Felt-lined top drawers protect delicate items | Nightstand includes dual USB ports for device charging | Fabric upholstered bed with thick padding and square tufting | Mid-century modern bedroom set with a cohesive aesthetic | Rounded corners throughout add an updated, modern flair | Constructed with pine, engineered wood, and walnut veneer",17,205131Q-S4-1.jpg,https://www.coasterfurniture.com/furniture/category/Bedroom-Sets/Robyn-Bedroom-Set/205131Q-S5
205131Q-S5,Robyn 5-piece Queen Bedroom Set Dark Walnut,Bedroom Sets,Queen Bed,Dark Walnut / Queen / 5,"Transform your bedroom into the ultimate retreat with this mid-century modern bedroom set. Expertly crafted from pine, engineered wood, and walnut veneer, the set includes a bed, nightstand, dresser, mirror, and optional chest for a cohesive look. Rounded edges, tapered legs, and square tufting lend a retro-inspired flair, while felt-lined top drawers in case pieces and dual USB ports in nightstand add practical convenience. This collection combines style and functionality for a truly luxurious bedroom experience.","63""w x 86.5""d x 53.25""h",97.24,coasterfurniture.com listed,"Nightstand includes dual USB ports for device charging | Mid-century modern bedroom set with a cohesive aesthetic | Felt-lined top drawers protect delicate items | Rounded corners throughout add an updated, modern flair | Fabric upholstered bed with thick padding and square tufting | Constructed with pine, engineered wood, and walnut veneer",20,205131Q-S5-1.jpg,https://www.coasterfurniture.com/furniture/category/Bedroom-Sets/Robyn-Bedroom-Set/205131Q-S5
205131T-S4,Robyn 4-piece Twin Bedroom Set Dark Walnut,Bedroom Sets,Twin Bed,Dark Walnut / Twin / 4,"Transform your bedroom into the ultimate retreat with this mid-century modern bedroom set. Expertly crafted from pine, engineered wood, and walnut veneer, the set includes a bed, nightstand, dresser, mirror, and optional chest for a cohesive look. Rounded edges, tapered legs, and square tufting lend a retro-inspired flair, while felt-lined top drawers in case pieces and dual USB ports in nightstand add practical convenience. This collection combines style and functionality for a truly luxurious bedroom experience.","41.75""w x 81.5""d x 53.25""h",63.94,coasterfurniture.com listed,"Felt-lined top drawers protect delicate items | Nightstand includes dual USB ports for device charging | Fabric upholstered bed with thick padding and square tufting | Rounded corners throughout add an updated, modern flair | Mid-century modern bedroom set with a cohesive aesthetic | Constructed with pine, engineered wood, and walnut veneer",17,205131T-S4-1.jpg,https://www.coasterfurniture.com/furniture/category/Bedroom-Sets/Robyn-Bedroom-Set/205131Q-S5
205131T-S5,Robyn 5-piece Twin Bedroom Set Dark Walnut,Bedroom Sets,Twin Bed,Dark Walnut / Twin / 5,"Transform your bedroom into the ultimate retreat with this mid-century modern bedroom set. Expertly crafted from pine, engineered wood, and walnut veneer, the set includes a bed, nightstand, dresser, mirror, and optional chest for a cohesive look. Rounded edges, tapered legs, and square tufting lend a retro-inspired flair, while felt-lined top drawers in case pieces and dual USB ports in nightstand add practical convenience. This collection combines style and functionality for a truly luxurious bedroom experience.","41.75""w x 81.5""d x 53.25""h",63.94,coasterfurniture.com listed,"Fabric upholstered bed with thick padding and square tufting | Rounded corners throughout add an updated, modern flair | Nightstand includes dual USB ports for device charging | Mid-century modern bedroom set with a cohesive aesthetic | Felt-lined top drawers protect delicate items | Constructed with pine, engineered wood, and walnut veneer",20,205131T-S5-1.jpg,https://www.coasterfurniture.com/furniture/category/Bedroom-Sets/Robyn-Bedroom-Set/205131Q-S5
205131F-S4,Robyn 4-piece Full Bedroom Set Dark Walnut,Bedroom Sets,Full Bed,Dark Walnut / Full / 4,"Transform your bedroom into the ultimate retreat with this mid-century modern bedroom set. Expertly crafted from pine, engineered wood, and walnut veneer, the set includes a bed, nightstand, dresser, mirror, and optional chest for a cohesive look. Rounded edges, tapered legs, and square tufting lend a retro-inspired flair, while felt-lined top drawers in case pieces and dual USB ports in nightstand add practical convenience. This collection combines style and functionality for a truly luxurious bedroom experience.","56.75""w x 81.5""d x 53.25""h",89.3,coasterfurniture.com listed,"Rounded corners throughout add an updated, modern flair | Fabric upholstered bed with thick padding and square tufting | Mid-century modern bedroom set with a cohesive aesthetic | Nightstand includes dual USB ports for device charging | Felt-lined top drawers protect delicate items | Constructed with pine, engineered wood, and walnut veneer",17,205131F-S4-1.jpg,https://www.coasterfurniture.com/furniture/category/Bedroom-Sets/Robyn-Bedroom-Set/205131Q-S5
205131F-S5,Robyn 5-piece Full Bedroom Set Dark Walnut,Bedroom Sets,Full Bed,Dark Walnut / Full / 5,"Transform your bedroom into the ultimate retreat with this mid-century modern bedroom set. Expertly crafted from pine, engineered wood, and walnut veneer, the set includes a bed, nightstand, dresser, mirror, and optional chest for a cohesive look. Rounded edges, tapered legs, and square tufting lend a retro-inspired flair, while felt-lined top drawers in case pieces and dual USB ports in nightstand add practical convenience. This collection combines style and functionality for a truly luxurious bedroom experience.","56.75""w x 81.5""d x 53.25""h",89.3,coasterfurniture.com listed,"Nightstand includes dual USB ports for device charging | Mid-century modern bedroom set with a cohesive aesthetic | Fabric upholstered bed with thick padding and square tufting | Rounded corners throughout add an updated, modern flair | Felt-lined top drawers protect delicate items | Constructed with pine, engineered wood, and walnut veneer",20,205131F-S5-1.jpg,https://www.coasterfurniture.com/furniture/category/Bedroom-Sets/Robyn-Bedroom-Set/205131Q-S5
225091F-S4,Robyn 4-piece Full Bedroom Set Light Ash,Bedroom Sets,Full Bed,Light Ash / Full / 4,"Transform your bedroom into the ultimate retreat with this mid-century modern bedroom set. Expertly crafted from rubberwood, engineered wood, and ash veneer, the set includes a bed, nightstand, dresser, mirror, and optional chest for a cohesive look. Rounded edges, tapered legs, and square tufting lend a retro-inspired flair, while felt-lined top drawers in case pieces and dual USB ports in nightstand add practical convenience. This collection combines style and functionality for a truly luxurious bedroom experience.","56.5""w x 81.5""d x 53.25""h",89.3,coasterfurniture.com listed,"Mid-century modern bedroom set with a cohesive aesthetic | Constructed from rubberwood, engineered wood, and ash veneer | Nightstand includes dual USB ports for device charging | Felt-lined top drawers protect delicate items | Fabric upholstered bed with thick padding and square tufting | Rounded corners throughout add an updated, modern flair",16,225091F-S4-1.jpg,https://www.coasterfurniture.com/furniture/category/Bedroom-Sets/Robyn-Bedroom-Set/205131Q-S5
225091Q-S4,Robyn 4-piece Queen Bedroom Set Light Ash,Bedroom Sets,Queen Bed,Light Ash / Queen / 4,"Transform your bedroom into the ultimate retreat with this mid-century modern bedroom set. Expertly crafted from rubberwood, engineered wood, and ash veneer, the set includes a bed, nightstand, dresser, mirror, and optional chest for a cohesive look. Rounded edges, tapered legs, and square tufting lend a retro-inspired flair, while felt-lined top drawers in case pieces and dual USB ports in nightstand add practical convenience. This collection combines style and functionality for a truly luxurious bedroom experience.","63""w x 86.5""d x 53.25""h",97.24,coasterfurniture.com listed,"Fabric upholstered bed with thick padding and square tufting | Mid-century modern bedroom set with a cohesive aesthetic | Rounded corners throughout add an updated, modern flair | Constructed from rubberwood, engineered wood, and ash veneer | Felt-lined top drawers protect delicate items | Nightstand includes dual USB ports for device charging",16,225091Q-S4-1.jpg,https://www.coasterfurniture.com/furniture/category/Bedroom-Sets/Robyn-Bedroom-Set/205131Q-S5
222831KE-S4,Marceline 4-piece Eastern King Bedroom Set Black,Bedroom Sets,Eastern King Bed,Black / Eastern King / 4,"Build a modern bedroom oasis with the chic style and impressive simplicity of this contemporary bedroom set. Clean-lined silhouettes are paired with metallic accents that add dimension and a polished glam edge. The centerpiece is a streamlined bed with a squared headboard framed by built-in LED lighting, controlled by touch switches on both sides for easy ambiance. Coordinating storage pieces offer roomy drawers and a framed dresser mirror, creating a cohesive set that blends everyday function with a sleek, elevated look.","78.25""w x 84.5""d x 50.5""h",104.29,coasterfurniture.com listed,Roomy drawers with vertical pulls keep clothing and essentials organized | Four-piece eastern king bedroom set features modern bed and coordinated storage | Framed dresser mirror adds reflectivity and a polished finishing touch | Clean-lined silhouettes create a cohesive and elevated bedroom presentation | Sleek black finish and gold accents create bold contemporary glam character | Squared headboard includes built-in LED lighting with touch switches on both sides,16,222831KE-S4-1.jpg,https://www.coasterfurniture.com/furniture/category/Bedroom-Sets/Marceline-Bedroom-Set/222831Q-S5
222831KE-S5,Marceline 5-piece Eastern King Bedroom Set Black,Bedroom Sets,Eastern King Bed,Black / Eastern King / 5,"Build a modern bedroom oasis with the chic style and impressive simplicity of this contemporary bedroom set. Clean-lined silhouettes are paired with metallic accents that add dimension and a polished glam edge. The centerpiece is a streamlined bed with a squared headboard framed by built-in LED lighting, controlled by touch switches on both sides for easy ambiance. Coordinating storage pieces offer roomy drawers and a framed dresser mirror, creating a cohesive set that blends everyday function with a sleek, elevated look.","78.25""w x 84.5""d x 50.5""h",104.29,coasterfurniture.com listed,Roomy drawers with vertical pulls keep clothing and essentials organized | Five-piece eastern king bedroom set features modern bed and added storage | Framed dresser mirror adds reflectivity and a polished finishing touch | Clean-lined silhouettes create a cohesive and elevated bedroom presentation | Sleek black finish and gold accents create bold contemporary glam character | Squared headboard includes built-in LED lighting with touch switches on both sides,19,222831KE-S5-1.jpg,https://www.coasterfurniture.com/furniture/category/Bedroom-Sets/Marceline-Bedroom-Set/222831Q-S5
222931KE-S4,Marceline 4-piece Eastern King Bedroom Set White,Bedroom Sets,Eastern King Bed,White / Eastern King / 4,"Build a modern bedroom oasis with the chic style and impressive simplicity of this contemporary bedroom set. Clean-lined silhouettes are paired with metallic accents that add dimension and a polished glam edge. The centerpiece is a streamlined bed with a squared headboard framed by built-in LED lighting, controlled by touch switches on both sides for easy ambiance. Coordinating storage pieces offer roomy drawers and a framed dresser mirror, creating a cohesive set that blends everyday function with a sleek, elevated look.","78.25""w x 84.5""d x 50.5""h",104.29,coasterfurniture.com listed,Roomy drawers with vertical pulls keep clothing and essentials organized | Four-piece eastern king bedroom set features modern bed and coordinated storage | Framed dresser mirror adds reflectivity and a polished finishing touch | Clean-lined silhouettes create a cohesive and elevated bedroom presentation | Cool white finish and gold accents create bright contemporary glam character | Squared headboard includes built-in LED lighting with touch switches on both sides,20,222931KE-S4-1.jpg,https://www.coasterfurniture.com/furniture/category/Bedroom-Sets/Marceline-Bedroom-Set/222831Q-S5
222931KE-S5,Marceline 5-piece Eastern King Bedroom Set White,Bedroom Sets,Eastern King Bed,White / Eastern King / 5,"Build a modern bedroom oasis with the chic style and impressive simplicity of this contemporary bedroom set. Clean-lined silhouettes are paired with metallic accents that add dimension and a polished glam edge. The centerpiece is a streamlined bed with a squared headboard framed by built-in LED lighting, controlled by touch switches on both sides for easy ambiance. Coordinating storage pieces offer roomy drawers and a framed dresser mirror, creating a cohesive set that blends everyday function with a sleek, elevated look.","78.25""w x 84.5""d x 50.5""h",104.29,coasterfurniture.com listed,Roomy drawers with vertical pulls keep clothing and essentials organized | Five-piece eastern king bedroom set features modern bed and added storage | Framed dresser mirror adds reflectivity and a polished finishing touch | Clean-lined silhouettes create a cohesive and elevated bedroom presentation | Cool white finish and gold accents create bright contemporary glam character | Squared headboard includes built-in LED lighting with touch switches on both sides,20,222931KE-S5-1.jpg,https://www.coasterfurniture.com/furniture/category/Bedroom-Sets/Marceline-Bedroom-Set/222831Q-S5
222931F-S4,Marceline 4-piece Full Bedroom Set White,Bedroom Sets,Full Bed,White / Full / 4,"Build a modern bedroom oasis with the chic style and impressive simplicity of this contemporary bedroom set. Clean-lined silhouettes are paired with metallic accents that add dimension and a polished glam edge. The centerpiece is a streamlined bed with a squared headboard framed by built-in LED lighting, controlled by touch switches on both sides for easy ambiance. Coordinating storage pieces offer roomy drawers and a framed dresser mirror, creating a cohesive set that blends everyday function with a sleek, elevated look.","56""w x 79.25""d x 50.5""h",84.78,coasterfurniture.com listed,Squared headboard includes built-in LED lighting with touch switches on both sides | Four-piece full bedroom set features a sleek modern bed and coordinated storage | Framed dresser mirror adds reflectivity and a polished finishing touch | Clean-lined silhouettes create a cohesive and elevated bedroom presentation | Cool white finish and gold accents create bright contemporary glam character | Roomy drawers with vertical pulls keep clothing and essentials organized,20,222931F-S4-1.jpg,https://www.coasterfurniture.com/furniture/category/Bedroom-Sets/Marceline-Bedroom-Set/222831Q-S5
222931F-S5,Marceline 5-piece Full Bedroom Set White,Bedroom Sets,Full Bed,White / Full / 5,"Build a modern bedroom oasis with the chic style and impressive simplicity of this contemporary bedroom set. Clean-lined silhouettes are paired with metallic accents that add dimension and a polished glam edge. The centerpiece is a streamlined bed with a squared headboard framed by built-in LED lighting, controlled by touch switches on both sides for easy ambiance. Coordinating storage pieces offer roomy drawers and a framed dresser mirror, creating a cohesive set that blends everyday function with a sleek, elevated look.","56""w x 79.25""d x 50.5""h",84.78,coasterfurniture.com listed,Squared headboard includes built-in LED lighting with touch switches on both sides | Five-piece full bedroom set features a sleek modern bed and added storage | Framed dresser mirror adds reflectivity and a polished finishing touch | Clean-lined silhouettes create a cohesive and elevated bedroom presentation | Cool white finish and gold accents create bright contemporary glam character | Roomy drawers with vertical pulls keep clothing and essentials organized,20,222931F-S5-1.jpg,https://www.coasterfurniture.com/furniture/category/Bedroom-Sets/Marceline-Bedroom-Set/222831Q-S5
222831T-S5,Marceline 5-piece Twin Bedroom Set Black,Bedroom Sets,Twin Bed,Black / Twin / 5,"Build a modern bedroom oasis with the chic style and impressive simplicity of this contemporary bedroom set. Clean-lined silhouettes are paired with metallic accents that add dimension and a polished glam edge. The centerpiece is a streamlined bed with a squared headboard framed by built-in LED lighting, controlled by touch switches on both sides for easy ambiance. Coordinating storage pieces offer roomy drawers and a framed dresser mirror, creating a cohesive set that blends everyday function with a sleek, elevated look.","41.25""w x 79.25""d x 50.5""h",75.52,coasterfurniture.com listed,Squared headboard includes built-in LED lighting with touch switches on both sides | Five-piece twin bedroom set features a sleek modern bed and added storage | Framed dresser mirror adds reflectivity and a polished finishing touch | Clean-lined silhouettes create a cohesive and elevated bedroom presentation | Sleek black finish and gold accents create bold contemporary glam character | Roomy drawers with vertical pulls keep clothing and essentials organized,19,222831T-S5-1.jpg,https://www.coasterfurniture.com/furniture/category/Bedroom-Sets/Marceline-Bedroom-Set/222831Q-S5
222931Q-S4,Marceline 4-piece Queen Bedroom Set White,Bedroom Sets,Queen Bed,White / Queen / 4,"Build a modern bedroom oasis with the chic style and impressive simplicity of this contemporary bedroom set. Clean-lined silhouettes are paired with metallic accents that add dimension and a polished glam edge. The centerpiece is a streamlined bed with a squared headboard framed by built-in LED lighting, controlled by touch switches on both sides for easy ambiance. Coordinating storage pieces offer roomy drawers and a framed dresser mirror, creating a cohesive set that blends everyday function with a sleek, elevated look.","62.5""w x 84.5""d x 50.5""h",91.5,coasterfurniture.com listed,Roomy drawers with vertical pulls keep clothing and essentials organized | Four-piece queen bedroom set features a sleek modern bed and coordinated storage | Framed dresser mirror adds reflectivity and a polished finishing touch | Clean-lined silhouettes create a cohesive and elevated bedroom presentation | Cool white finish and gold accents create bright contemporary glam character | Squared headboard includes built-in LED lighting with touch switches on both sides,20,222931Q-S4-1.jpg,https://www.coasterfurniture.com/furniture/category/Bedroom-Sets/Marceline-Bedroom-Set/222831Q-S5
222931Q-S5,Marceline 5-piece Queen Bedroom Set White,Bedroom Sets,Queen Bed,White / Queen / 5,"Build a modern bedroom oasis with the chic style and impressive simplicity of this contemporary bedroom set. Clean-lined silhouettes are paired with metallic accents that add dimension and a polished glam edge. The centerpiece is a streamlined bed with a squared headboard framed by built-in LED lighting, controlled by touch switches on both sides for easy ambiance. Coordinating storage pieces offer roomy drawers and a framed dresser mirror, creating a cohesive set that blends everyday function with a sleek, elevated look.","62.5""w x 84.5""d x 50.5""h",91.5,coasterfurniture.com listed,Roomy drawers with vertical pulls keep clothing and essentials organized | Five-piece queen bedroom set features a sleek modern bed and added storage | Framed dresser mirror adds reflectivity and a polished finishing touch | Clean-lined silhouettes create a cohesive and elevated bedroom presentation | Cool white finish and gold accents create bright contemporary glam character | Squared headboard includes built-in LED lighting with touch switches on both sides,20,222931Q-S5-1.jpg,https://www.coasterfurniture.com/furniture/category/Bedroom-Sets/Marceline-Bedroom-Set/222831Q-S5
222931T-S4,Marceline 4-piece Twin Bedroom Set White,Bedroom Sets,Twin Bed,White / Twin / 4,"Build a modern bedroom oasis with the chic style and impressive simplicity of this contemporary bedroom set. Clean-lined silhouettes are paired with metallic accents that add dimension and a polished glam edge. The centerpiece is a streamlined bed with a squared headboard framed by built-in LED lighting, controlled by touch switches on both sides for easy ambiance. Coordinating storage pieces offer roomy drawers and a framed dresser mirror, creating a cohesive set that blends everyday function with a sleek, elevated look.","41.25""w x 79.25""d x 50.5""h",75.52,coasterfurniture.com listed,Squared headboard includes built-in LED lighting with touch switches on both sides | Four-piece twin bedroom set features a sleek modern bed and coordinated storage | Framed dresser mirror adds reflectivity and a polished finishing touch | Clean-lined silhouettes create a cohesive and elevated bedroom presentation | Cool white finish and gold accents create bright contemporary glam character | Roomy drawers with vertical pulls keep clothing and essentials organized,20,222931T-S4-1.jpg,https://www.coasterfurniture.com/furniture/category/Bedroom-Sets/Marceline-Bedroom-Set/222831Q-S5
222931T-S5,Marceline 5-piece Twin Bedroom Set White,Bedroom Sets,Twin Bed,White / Twin / 5,"Build a modern bedroom oasis with the chic style and impressive simplicity of this contemporary bedroom set. Clean-lined silhouettes are paired with metallic accents that add dimension and a polished glam edge. The centerpiece is a streamlined bed with a squared headboard framed by built-in LED lighting, controlled by touch switches on both sides for easy ambiance. Coordinating storage pieces offer roomy drawers and a framed dresser mirror, creating a cohesive set that blends everyday function with a sleek, elevated look.","41.25""w x 79.25""d x 50.5""h",75.52,coasterfurniture.com listed,Squared headboard includes built-in LED lighting with touch switches on both sides | Five-piece twin bedroom set features a sleek modern bed and added storage | Framed dresser mirror adds reflectivity and a polished finishing touch | Clean-lined silhouettes create a cohesive and elevated bedroom presentation | Cool white finish and gold accents create bright contemporary glam character | Roomy drawers with vertical pulls keep clothing and essentials organized,20,222931T-S5-1.jpg,https://www.coasterfurniture.com/furniture/category/Bedroom-Sets/Marceline-Bedroom-Set/222831Q-S5
222831F-S4,Marceline 4-piece Full Bedroom Set Black,Bedroom Sets,Full Bed,Black / Full / 4,"Build a modern bedroom oasis with the chic style and impressive simplicity of this contemporary bedroom set. Clean-lined silhouettes are paired with metallic accents that add dimension and a polished glam edge. The centerpiece is a streamlined bed with a squared headboard framed by built-in LED lighting, controlled by touch switches on both sides for easy ambiance. Coordinating storage pieces offer roomy drawers and a framed dresser mirror, creating a cohesive set that blends everyday function with a sleek, elevated look.","56""w x 79.25""d x 50.5""h",84.78,coasterfurniture.com listed,Squared headboard includes built-in LED lighting with touch switches on both sides | Four-piece full bedroom set features a sleek modern bed and coordinated storage | Framed dresser mirror adds reflectivity and a polished finishing touch | Clean-lined silhouettes create a cohesive and elevated bedroom presentation | Sleek black finish and gold accents create bold contemporary glam character | Roomy drawers with vertical pulls keep clothing and essentials organized,16,222831F-S4-1.jpg,https://www.coasterfurniture.com/furniture/category/Bedroom-Sets/Marceline-Bedroom-Set/222831Q-S5
222831F-S5,Marceline 5-piece Full Bedroom Set Black,Bedroom Sets,Full Bed,Black / Full / 5,"Build a modern bedroom oasis with the chic style and impressive simplicity of this contemporary bedroom set. Clean-lined silhouettes are paired with metallic accents that add dimension and a polished glam edge. The centerpiece is a streamlined bed with a squared headboard framed by built-in LED lighting, controlled by touch switches on both sides for easy ambiance. Coordinating storage pieces offer roomy drawers and a framed dresser mirror, creating a cohesive set that blends everyday function with a sleek, elevated look.","56""w x 79.25""d x 50.5""h",84.78,coasterfurniture.com listed,Squared headboard includes built-in LED lighting with touch switches on both sides | Five-piece full bedroom set features a sleek modern bed and added storage | Framed dresser mirror adds reflectivity and a polished finishing touch | Clean-lined silhouettes create a cohesive and elevated bedroom presentation | Sleek black finish and gold accents create bold contemporary glam character | Roomy drawers with vertical pulls keep clothing and essentials organized,19,222831F-S5-1.jpg,https://www.coasterfurniture.com/furniture/category/Bedroom-Sets/Marceline-Bedroom-Set/222831Q-S5
222831T-S4,Marceline 4-piece Twin Bedroom Set Black,Bedroom Sets,Twin Bed,Black / Twin / 4,"Build a modern bedroom oasis with the chic style and impressive simplicity of this contemporary bedroom set. Clean-lined silhouettes are paired with metallic accents that add dimension and a polished glam edge. The centerpiece is a streamlined bed with a squared headboard framed by built-in LED lighting, controlled by touch switches on both sides for easy ambiance. Coordinating storage pieces offer roomy drawers and a framed dresser mirror, creating a cohesive set that blends everyday function with a sleek, elevated look.","41.25""w x 79.25""d x 50.5""h",75.52,coasterfurniture.com listed,Squared headboard includes built-in LED lighting with touch switches on both sides | Four-piece twin bedroom set features a sleek modern bed and coordinated storage | Framed dresser mirror adds reflectivity and a polished finishing touch | Clean-lined silhouettes create a cohesive and elevated bedroom presentation | Sleek black finish and gold accents create bold contemporary glam character | Roomy drawers with vertical pulls keep clothing and essentials organized,16,222831T-S4-1.jpg,https://www.coasterfurniture.com/furniture/category/Bedroom-Sets/Marceline-Bedroom-Set/222831Q-S5
222831Q-S4,Marceline 4-piece Queen Bedroom Set Black,Bedroom Sets,Queen Bed,Black / Queen / 4,"Build a modern bedroom oasis with the chic style and impressive simplicity of this contemporary bedroom set. Clean-lined silhouettes are paired with metallic accents that add dimension and a polished glam edge. The centerpiece is a streamlined bed with a squared headboard framed by built-in LED lighting, controlled by touch switches on both sides for easy ambiance. Coordinating storage pieces offer roomy drawers and a framed dresser mirror, creating a cohesive set that blends everyday function with a sleek, elevated look.","62.5""w x 84.5""d x 50.5""h",91.5,coasterfurniture.com listed,Roomy drawers with vertical pulls keep clothing and essentials organized | Four-piece queen bedroom set features a sleek modern bed and coordinated storage | Framed dresser mirror adds reflectivity and a polished finishing touch | Clean-lined silhouettes create a cohesive and elevated bedroom presentation | Sleek black finish and gold accents create bold contemporary glam character | Squared headboard includes built-in LED lighting with touch switches on both sides,16,222831Q-S4-1.jpg,https://www.coasterfurniture.com/furniture/category/Bedroom-Sets/Marceline-Bedroom-Set/222831Q-S5
222831Q-S5,Marceline 5-piece Queen Bedroom Set Black,Bedroom Sets,Queen Bed,Black / Queen / 5,"Build a modern bedroom oasis with the chic style and impressive simplicity of this contemporary bedroom set. Clean-lined silhouettes are paired with metallic accents that add dimension and a polished glam edge. The centerpiece is a streamlined bed with a squared headboard framed by built-in LED lighting, controlled by touch switches on both sides for easy ambiance. Coordinating storage pieces offer roomy drawers and a framed dresser mirror, creating a cohesive set that blends everyday function with a sleek, elevated look.","62.5""w x 84.5""d x 50.5""h",91.5,coasterfurniture.com listed,Roomy drawers with vertical pulls keep clothing and essentials organized | Five-piece queen bedroom set features a sleek modern bed and added storage | Framed dresser mirror adds reflectivity and a polished finishing touch | Clean-lined silhouettes create a cohesive and elevated bedroom presentation | Sleek black finish and gold accents create bold contemporary glam character | Squared headboard includes built-in LED lighting with touch switches on both sides,19,222831Q-S5-1.jpg,https://www.coasterfurniture.com/furniture/category/Bedroom-Sets/Marceline-Bedroom-Set/222831Q-S5
223211KE-S4,Gunnison 4-piece Eastern King Bedroom Set Silver Metallic,Bedroom Sets,Eastern King Bed,Eastern King / 4,"This contemporary 4-piece bedroom set featuring a bed, nightstand, dresser, and mirror imparts a glamorous look and feel to any modern home. Each piece of this exclusive Coaster design comes in a shimmering silver metallic finish that enlivens any space. The imposing bed headboard is upholstered with metallic leatherette that's fully tufted with crystal buttons. The headboard and mirror include white LED touch lighting for a vibrant ambiance, while the nightstand features USB ports. The drawers on each case good are crafted with fret work detail on the front panels and crystal-like pulls, with top drawers lined with black felt to protect your valuables.","79.25""w x 86""d x 62.5""h",165.23,coasterfurniture.com listed,Silver metallic finish pairs with mirrored trim and crystal hardware throughout | Engineered wood and polyresin construction offers style and lasting durability | Headboard features LED lighting and tufted metallic leatherette upholstery | Bedroom set includes matching platform bed and mirrored storage pieces | Drawer fronts include raised fretwork with felt-lined top drawers | Nightstand includes built-in USB ports for charging convenience,17,223211KE-S4-1.jpg,https://www.coasterfurniture.com/furniture/category/Bedroom-Sets/Gunnison-Bedroom-Set/223211Q-S5
223211KE-S5,Gunnison 5-piece Eastern King Bedroom Set Silver Metallic,Bedroom Sets,Eastern King Bed,Eastern King / 5,"Transform a bedroom into a stylish sanctuary. This stunning, five-piece bedroom set is a truly exquisite choice with its elegant fretwork and dramatic decorative accents. The metallic leatherette headboard flaunts crystal button tufting for a touch of bling. The headboard and mirror are traced with blue LED light for soft ambiance. The nightstand, chest, and dresser feature decorative drawer fronts and provide plenty of storage space for a neat and organized personal space.","79.25""w x 86""d x 62.5""h",165.23,coasterfurniture.com listed,Drawer fronts include raised fretwork with felt-lined top drawers | Bedroom set includes matching platform bed and mirrored storage pieces | Nightstand includes built-in USB ports for charging convenience | Silver metallic finish pairs with mirrored trim and crystal hardware throughout | Headboard features LED lighting and tufted metallic leatherette upholstery | Engineered wood and polyresin construction offers style and lasting durability,20,223211KE-S5-1.jpg,https://www.coasterfurniture.com/furniture/category/Bedroom-Sets/Gunnison-Bedroom-Set/223211Q-S5
223211KW-S4,Gunnison 4-piece California King Bedroom Set Silver Metallic,Bedroom Sets,California King Bed,California King / 4,"This contemporary 4-piece bedroom set featuring a bed, nightstand, dresser, and mirror imparts a glamorous look and feel to any modern home. Each piece of this exclusive Coaster design comes in a shimmering silver metallic finish that enlivens any space. The imposing bed headboard is upholstered with metallic leatherette that's fully tufted with crystal buttons. The headboard and mirror include white LED touch lighting for a vibrant ambiance, while the nightstand features USB ports. The drawers on each case good are crafted with fret work detail on the front panels and crystal-like pulls, with top drawers lined with black felt to protect your valuables.","79.25""w x 90.25""d x 62.5""h",170.84,coasterfurniture.com listed,Drawer fronts include raised fretwork with felt-lined top drawers | Bedroom set includes matching platform bed and mirrored storage pieces | Nightstand includes built-in USB ports for charging convenience | Silver metallic finish pairs with mirrored trim and crystal hardware throughout | Headboard features LED lighting and tufted metallic leatherette upholstery | Engineered wood and polyresin construction offers style and lasting durability,18,223211KW-S4-1.jpg,https://www.coasterfurniture.com/furniture/category/Bedroom-Sets/Gunnison-Bedroom-Set/223211Q-S5
223211KW-S5,Gunnison 5-piece California King Bedroom Set Silver Metallic,Bedroom Sets,California King Bed,California King / 5,"Transform a bedroom into a stylish sanctuary. This stunning, five-piece bedroom set is a truly exquisite choice with its elegant fretwork and dramatic decorative accents. The metallic leatherette headboard flaunts crystal button tufting for a touch of bling. The headboard and mirror are traced with blue LED light for soft ambiance. The nightstand, chest, and dresser feature decorative drawer fronts and provide plenty of storage space for a neat and organized personal space.","79.25""w x 90.25""d x 62.5""h",170.84,coasterfurniture.com listed,Bedroom set includes matching platform bed and mirrored storage pieces | Engineered wood and polyresin construction offers style and lasting durability | Drawer fronts include raised fretwork with felt-lined top drawers | Nightstand includes built-in USB ports for charging convenience | Silver metallic finish pairs with mirrored trim and crystal hardware throughout | Headboard features LED lighting and tufted metallic leatherette upholstery,20,223211KW-S5-1.jpg,https://www.coasterfurniture.com/furniture/category/Bedroom-Sets/Gunnison-Bedroom-Set/223211Q-S5
223211Q-S4,Gunnison 4-piece Queen Bedroom Set Silver Metallic,Bedroom Sets,Queen Bed,Queen / 4,"This contemporary 4-piece bedroom set featuring a bed, nightstand, dresser, and mirror imparts a glamorous look and feel to any modern home. Each piece of this exclusive Coaster design comes in a shimmering silver metallic finish that enlivens any space. The imposing bed headboard is upholstered with metallic leatherette that's fully tufted with crystal buttons. The headboard and mirror include white LED touch lighting for a vibrant ambiance, while the nightstand features USB ports. The drawers on each case good are crafted with fret work detail on the front panels and crystal-like pulls, with top drawers lined with black felt to protect your valuables.","63.25""w x 86""d x 62.5""h",139.98,coasterfurniture.com listed,Silver metallic finish pairs with mirrored trim and crystal hardware throughout | Drawer fronts include raised fretwork with felt-lined top drawers | Headboard features LED lighting and tufted metallic leatherette upholstery | Bedroom set includes matching platform bed and mirrored storage pieces | Nightstand includes built-in USB ports for charging convenience | Engineered wood and polyresin construction offers style and lasting durability,18,223211Q-S4-1.jpg,https://www.coasterfurniture.com/furniture/category/Bedroom-Sets/Gunnison-Bedroom-Set/223211Q-S5
223211Q-S5,Gunnison 5-piece Queen Bedroom Set Silver Metallic,Bedroom Sets,Queen Bed,Queen / 5,"Transform a bedroom into a stylish sanctuary. This stunning, five-piece bedroom set is a truly exquisite choice with its elegant fretwork and dramatic decorative accents. The metallic leatherette headboard flaunts crystal button tufting for a touch of bling. The headboard and mirror are traced with blue LED light for soft ambiance. The nightstand, chest, and dresser feature decorative drawer fronts and provide plenty of storage space for a neat and organized personal space.","63.25""w x 86""d x 62.5""h",139.98,coasterfurniture.com listed,Engineered wood and polyresin construction offers style and lasting durability | Bedroom set includes matching platform bed and mirrored storage pieces | Nightstand includes built-in USB ports for charging convenience | Drawer fronts include raised fretwork with felt-lined top drawers | Headboard features LED lighting and tufted metallic leatherette upholstery | Silver metallic finish pairs with mirrored trim and crystal hardware throughout,20,223211Q-S5-1.jpg,https://www.coasterfurniture.com/furniture/category/Bedroom-Sets/Gunnison-Bedroom-Set/223211Q-S5
224710KW-S4,Brookmead 4-piece Upholstered Cal King Bedroom Set Black,Bedroom Sets,California King Bed,California King / 4,"Upgrade your bedroom with the fresh, refined style of this modern bedroom set. The upholstered bed creates a chic focal point with ivory fabric and vertical channel tufting that emphasize its tall headboard and low footboard. Nightstand and dresser offer ample storage, with fluted drawer fronts and brushed gold demi-lune pulls adding rich dimension. A framed mirror completes the look, while tapered legs bring a light, airy character to the set.","80""w x 89""d x 60""h",198.4,coasterfurniture.com listed,Four-piece California king bedroom set pairs soft upholstery with bold contrast | Black wood finish and brushed gold pulls create rich refined contrast | Framed dresser mirror adds depth and completes the coordinated look | Ivory upholstered bed features vertical channel tufting for chic texture | Tall headboard and low footboard create an airy modern silhouette | Nightstand and dresser offer organized storage with fluted drawer fronts,20,224710KW-S4-1.jpg,https://www.coasterfurniture.com/furniture/category/Bedroom-Sets/Brookmead-Bedroom-Set-(Upholstered-Bed)/224710Q-S5
224710KW-S5,Brookmead 5-piece Upholstered Cal King Bedroom Set Black,Bedroom Sets,California King Bed,California King / 5,"Upgrade your bedroom with the fresh, refined style of this modern bedroom set. The upholstered bed creates a chic focal point with ivory fabric and vertical channel tufting that emphasize its tall headboard and low footboard. Nightstand, dresser, and chest offer abundant storage, with fluted drawer fronts and brushed gold demi-lune pulls adding rich dimension. A framed mirror completes the look, while tapered legs bring a light, airy character to the set.","80""w x 89""d x 60""h",198.4,coasterfurniture.com listed,Five-piece California king bedroom set adds storage with a polished modern look | Black wood finish and brushed gold pulls create rich refined contrast | Framed dresser mirror adds depth and completes the coordinated look | Ivory upholstered bed features vertical channel tufting for chic texture | Tall headboard and low footboard create an airy modern silhouette | Nightstand dresser and chest provide abundant organized bedroom storage,19,224710KW-S5-1.jpg,https://www.coasterfurniture.com/furniture/category/Bedroom-Sets/Brookmead-Bedroom-Set-(Upholstered-Bed)/224710Q-S5
224710KE-S4,Brookmead 4-piece Upholstered Eastern King Bedroom Set Black,Bedroom Sets,Eastern King Bed,Eastern King / 4,"Upgrade your bedroom with the fresh, refined style of this modern bedroom set. The upholstered bed creates a chic focal point with ivory fabric and vertical channel tufting that emphasize its tall headboard and low footboard. Nightstand and dresser offer ample storage, with fluted drawer fronts and brushed gold demi-lune pulls adding rich dimension. A framed mirror completes the look, while tapered legs bring a light, airy character to the set.","80""w x 85""d x 60""h",188.04,coasterfurniture.com listed,Four-piece eastern king bedroom set pairs soft upholstery with bold contrast | Black wood finish and brushed gold pulls create rich refined contrast | Framed dresser mirror adds depth and completes the coordinated look | Ivory upholstered bed features vertical channel tufting for chic texture | Tall headboard and low footboard create an airy modern silhouette | Nightstand and dresser offer organized storage with fluted drawer fronts,20,224710KE-S4-1.jpg,https://www.coasterfurniture.com/furniture/category/Bedroom-Sets/Brookmead-Bedroom-Set-(Upholstered-Bed)/224710Q-S5
224710KE-S5,Brookmead 5-piece Upholstered Eastern King Bedroom Set Black,Bedroom Sets,Eastern King Bed,Eastern King / 5,"Upgrade your bedroom with the fresh, refined style of this modern bedroom set. The upholstered bed creates a chic focal point with ivory fabric and vertical channel tufting that emphasize its tall headboard and low footboard. Nightstand, dresser, and chest offer abundant storage, with fluted drawer fronts and brushed gold demi-lune pulls adding rich dimension. A framed mirror completes the look, while tapered legs bring a light, airy character to the set.","80""w x 85""d x 60""h",188.04,coasterfurniture.com listed,Five-piece eastern king bedroom set adds storage with a polished modern look | Black wood finish and brushed gold pulls create rich refined contrast | Framed dresser mirror adds depth and completes the coordinated look | Ivory upholstered bed features vertical channel tufting for chic texture | Tall headboard and low footboard create an airy modern silhouette | Nightstand dresser and chest provide abundant organized bedroom storage,19,224710KE-S5-1.jpg,https://www.coasterfurniture.com/furniture/category/Bedroom-Sets/Brookmead-Bedroom-Set-(Upholstered-Bed)/224710Q-S5
224710Q-S4,Brookmead 4-piece Upholstered Queen Bedroom Set Black,Bedroom Sets,Queen Bed,Queen / 4,"Upgrade your bedroom with the fresh, refined style of this modern bedroom set. The upholstered bed creates a chic focal point with ivory fabric and vertical channel tufting that emphasize its tall headboard and low footboard. Nightstand and dresser offer ample storage, with fluted drawer fronts and brushed gold demi-lune pulls adding rich dimension. A framed mirror completes the look, while tapered legs bring a light, airy character to the set.","63.75""w x 85""d x 60""h",160.49,coasterfurniture.com listed,Four-piece queen bedroom set pairs soft upholstery with bold contrast | Black wood finish and brushed gold pulls create rich refined contrast | Framed dresser mirror adds depth and completes the coordinated look | Ivory upholstered bed features vertical channel tufting for chic texture | Tall headboard and low footboard create an airy modern silhouette | Nightstand and dresser offer organized storage with fluted drawer fronts,20,224710Q-S4-1.jpg,https://www.coasterfurniture.com/furniture/category/Bedroom-Sets/Brookmead-Bedroom-Set-(Upholstered-Bed)/224710Q-S5
224710Q-S5,Brookmead 5-piece Upholstered Queen Bedroom Set Black,Bedroom Sets,Queen Bed,Queen / 5,"Upgrade your bedroom with the fresh, refined style of this modern bedroom set. The upholstered bed creates a chic focal point with ivory fabric and vertical channel tufting that emphasize its tall headboard and low footboard. Nightstand, dresser, and chest offer abundant storage, with fluted drawer fronts and brushed gold demi-lune pulls adding rich dimension. A framed mirror completes the look, while tapered legs bring a light, airy character to the set.","63.75""w x 85""d x 60""h",160.49,coasterfurniture.com listed,Five-piece queen bedroom set adds storage with a polished modern look | Black wood finish and brushed gold pulls create rich refined contrast | Framed dresser mirror adds depth and completes the coordinated look | Ivory upholstered bed features vertical channel tufting for chic texture | Tall headboard and low footboard create an airy modern silhouette | Nightstand dresser and chest provide abundant organized bedroom storage,19,224710Q-S5-1.jpg,https://www.coasterfurniture.com/furniture/category/Bedroom-Sets/Brookmead-Bedroom-Set-(Upholstered-Bed)/224710Q-S5
