ProductCode,ProductName,Category,PieceType,ColorOption,Description,Dimensions,WeightLbs,WeightSource,MainFeatures,ImageCount,MainImage,SourceUrl
511231,Amador Chenille Upholstered Track Arm Sofa Camel,Sofas,Sofa,,"A low, boxy profile gives this chenille sofa a relaxed modern presence with broad track arms and deep loose cushions. Chenille upholstery adds soft texture across the tailored frame, while reversible seat and back cushions support everyday lounging. Foam and pocket coil seat cushions work with S-spring construction for a resilient feel, and two lumbar pillows finish the sofa with casual comfort.","84""w x 38""d x 35""h",130.46,coasterfurniture.com listed,Camel upholstery gives the sofa a warm neutral tone for transitional living rooms | Chenille sofa brings a low boxy profile with broad track arms and relaxed texture | Dark brown rubberwood legs ground the broad upholstered frame with subtle contrast | Foam and pocket coil seat cushions pair with S-spring support for everyday lounging | Reversible seat and back cushions help refresh the main seating areas over time | Two lumbar pillows add casual support and complete the soft layered sofa look,12,511231-1.jpg,https://www.coasterfurniture.com/furniture/category/Sofas/Amador-Track-Arm-Sofa/511231
511234,Amador Chenille Upholstered Track Arm Sofa Chocolate,Sofas,Sofa,,"A low, boxy profile gives this chenille sofa a relaxed modern presence with broad track arms and deep loose cushions. Chenille upholstery adds soft texture across the tailored frame, while reversible seat and back cushions support everyday lounging. Foam and pocket coil seat cushions work with S-spring construction for a resilient feel, and two lumbar pillows finish the sofa with casual comfort.","84""w x 38""d x 35""h",130.46,coasterfurniture.com listed,Chenille sofa brings a low boxy profile with broad track arms and rich texture | Chocolate upholstery gives the sofa a deep brown tone for transitional living rooms | Dark brown rubberwood legs ground the broad upholstered frame with tonal contrast | Foam and pocket coil seat cushions pair with S-spring support for everyday lounging | Reversible seat and back cushions help refresh the main seating areas over time | Two lumbar pillows add casual support and complete the soft layered sofa look,12,511234-1.jpg,https://www.coasterfurniture.com/furniture/category/Sofas/Amador-Track-Arm-Sofa/511231
610351P,Collins Modular Power Sofa Chocolate Brown,Sofas,Power Reclining Sofa,,"Modular power sofa settles into the room with a quieter kind of comfort, inviting you to pause as the evening light shifts. Fabric upholstery and foam cushioning rest on plywood and engineered wood construction, reinforced with metal and plastic for daily support. Black legs keep the profile grounded. Recline with power, find a comfortable angle, and let the living room feel composed, open, and ready for the hours you keep to yourself.","124""w x 40""d x 38""h",298.1,coasterfurniture.com listed,"Black legs add contrast and keep the silhouette consistent across modular arrangements | Chocolate brown modular power sofa brings reclining comfort with a clean, grounded presence | Corduroy upholstery in 100% polyester layers easily into contemporary room styling | Foam cushioning keeps seating supportive while the profile stays neat and modern | Plywood and engineered wood frame with metal and plastic reinforcement supports use | Power reclining adjusts smoothly to support relaxed conversation and nightly unwinding",12,610351P-1.jpg,https://www.coasterfurniture.com/furniture/category/Sofas/Collins-Power-Reclining-Sofa/610361P
609531P,Collins Modular Power Sofa Dark Grey,Sofas,Power Reclining Sofa,Dark Grey,"Modular power sofa settles into the room with a quieter kind of comfort, inviting you to pause as the evening light shifts. Fabric upholstery and foam cushioning rest on plywood and engineered wood construction, reinforced with metal and plastic for daily support. Black legs keep the profile grounded. Recline with power, find a comfortable angle, and let the living room feel composed, open, and ready for the hours you keep to yourself.","124""w x 40""d x 38""h",298.1,coasterfurniture.com listed,"Black legs add contrast and keep the silhouette consistent across modular arrangements | Dark grey modular power sofa brings reclining comfort with a clean, grounded presence | Fabric upholstery in 100% polyester coordinates easily with transitional room styling | Foam cushioning keeps seating supportive while the profile stays neat and modern | Plywood and engineered wood frame with metal and plastic reinforcement supports use | Power reclining adjusts smoothly to support relaxed conversation and nightly unwinding",14,609531P-1.jpg,https://www.coasterfurniture.com/furniture/category/Sofas/Collins-Power-Reclining-Sofa/610361P
609561P,Collins Modular Power Sofa Grey,Sofas,Power Reclining Sofa,Grey,"Modular power sofa settles into the room with a quieter kind of comfort, inviting you to pause as the evening light shifts. Fabric upholstery and foam cushioning rest on plywood and engineered wood construction, reinforced with metal and plastic for daily support. Black legs keep the profile grounded. Recline with power, find a comfortable angle, and let the living room feel composed, open, and ready for the hours you keep to yourself.","124""w x 40""d x 38""h",298.1,coasterfurniture.com listed,"Black legs add contrast and keep the silhouette consistent across modular arrangements | Fabric upholstery in 100% polyester coordinates easily with transitional room styling | Foam cushioning keeps seating supportive while the profile stays neat and modern | Grey modular power sofa brings reclining comfort with a clean, grounded presence | Plywood and engineered wood frame with metal and plastic reinforcement supports use | Power reclining adjusts smoothly to support relaxed conversation and nightly unwinding",14,609561P-1.jpg,https://www.coasterfurniture.com/furniture/category/Sofas/Collins-Power-Reclining-Sofa/610361P
610361P,Collins Modular Power Sofa Black,Sofas,Power Reclining Sofa,,"Modular power sofa settles into the room with a quieter kind of comfort, inviting you to pause as the evening light shifts. Fabric upholstery and foam cushioning rest on plywood and engineered wood construction, reinforced with metal and plastic for daily support. Black legs keep the profile grounded. Recline with power, find a comfortable angle, and let the living room feel composed, open, and ready for the hours you keep to yourself.","124""w x 40""d x 38""h",298.1,coasterfurniture.com listed,"Black legs add contrast and keep the silhouette consistent across modular arrangements | Black modular power sofa brings reclining comfort with a clean, grounded presence | Corduroy upholstery in 100% polyester layers easily into contemporary room styling | Foam cushioning keeps seating supportive while the profile stays neat and modern | Plywood and engineered wood frame with metal and plastic reinforcement supports use | Power reclining adjusts smoothly to support relaxed conversation and nightly unwinding",12,610361P-1.jpg,https://www.coasterfurniture.com/furniture/category/Sofas/Collins-Power-Reclining-Sofa/610361P
504971,Isabella Fabric Upholstered Sofa Sand,Sofas,Sofa,Sand,"Stationary sofa brings a rounded contemporary silhouette to the living room with smooth curves, sloped arms, and a softly sculpted profile. The tight back and broad bench-style seat keep the look clean and composed while supporting everyday lounging. Black legs add contrast beneath the low frame, and durable wood construction with foam and premium fill cushioning creates a comfortable seat for conversation areas, family rooms, and open-plan spaces.","90""w x 42""d x 32.5""h",134.2,coasterfurniture.com listed,"Sand sofa features a rounded silhouette with sloped arms and a clean low profile | Tight back and broad bench seat keep the look tailored and visually composed | Smooth fabric upholstery softens the sculpted frame with an inviting finish | Foam and premium fill cushioning supports everyday lounging, reading, and casual conversation | Black legs add crisp contrast and subtle lift beneath the curved silhouette | Durable wood construction reinforces reliable comfort for daily living room use",12,504971-1.jpg,https://www.coasterfurniture.com/furniture/category/Sofas/Isabella-Sofa/504971
509871,Isabella Faux Sheepskin Upholstered Sofa Natural,Sofas,Sofa,Ivory,"Stationary sofa brings a rounded contemporary silhouette to the living room with smooth curves, sloped arms, and a softly sculpted profile. The tight back and broad bench-style seat keep the look clean and composed while supporting everyday lounging. Black legs add contrast beneath the low frame, and durable wood construction with foam cushioning creates a comfortable seat for conversation areas, family rooms, and open-plan spaces.","90""w x 42""d x 32.5""h",134.2,coasterfurniture.com listed,"Faux sheepskin upholstery adds soft texture to the sculpted contemporary frame | Foam cushioning supports everyday lounging, reading, and casual conversation | Ivory faux sheepskin sofa features a rounded silhouette with sloped arms and scale | Tight back and broad bench seat keep the look tailored and visually composed | Black legs add crisp contrast and subtle lift beneath the curved silhouette | Durable wood construction reinforces reliable comfort for daily living room use",11,509871-1.jpg,https://www.coasterfurniture.com/furniture/category/Sofas/Isabella-Sofa/504971
610241,Camila Upholstered Motion Reclining Sofa Red,Sofas,Motion Sofa,Red,"Motion reclining sofa brings plush seating and tailored structure to living rooms, family rooms, and media spaces. Structured backs, padded pillow arms, and channeled seat styling create a composed silhouette that still feels relaxed for everyday lounging. Leatherette upholstery covers foam cushioning over a plywood frame with a metal reclining mechanism, giving the piece smooth manual motion and dependable support. The clean profile suits movie nights, reading, and daily downtime.","85.5""w x 38.25""d x 38""h",192.9,coasterfurniture.com listed,"Manual reclining seats adjust easily for lounging, reading, and movie night comfort | Padded pillow arms add comfort while softening the transitional sofa silhouette | Plywood frame and metal mechanism support dependable everyday reclining use | Red reclining sofa features smooth leatherette upholstery and plush supportive seating | Red upholstery adds bold warmth and character to family rooms and media spaces | Structured backs and channeled cushions keep the profile tailored and supportive",12,610241-1.jpg,https://www.coasterfurniture.com/furniture/category/Sofas/Camila-Reclining-Sofa/610247
610244,Camila Upholstered Motion Reclining Sofa Black,Sofas,Motion Sofa,Black,"Motion reclining sofa brings plush seating and tailored structure to living rooms, family rooms, and media spaces. Structured backs, padded pillow arms, and channeled seat styling create a composed silhouette that still feels relaxed for everyday lounging. Leatherette upholstery covers foam cushioning over a plywood frame with a metal reclining mechanism, giving the piece smooth manual motion and dependable support. The clean profile suits movie nights, reading, and daily downtime.","85.5""w x 38.25""d x 38""h",192.9,coasterfurniture.com listed,"Black reclining sofa features smooth leatherette upholstery and plush supportive seating | Black upholstery keeps the look sleek, versatile, and easy to coordinate at home | Manual reclining seats adjust easily for lounging, reading, and movie night comfort | Padded pillow arms add comfort while softening the transitional sofa silhouette | Plywood frame and metal mechanism support dependable everyday reclining use | Structured backs and channeled cushions keep the profile tailored and supportive",12,610244-1.jpg,https://www.coasterfurniture.com/furniture/category/Sofas/Camila-Reclining-Sofa/610247
610247,Camila Upholstered Motion Reclining Sofa White,Sofas,Motion Sofa,,"Motion reclining sofa brings plush seating and tailored structure to living rooms, family rooms, and media spaces. Structured backs, padded pillow arms, and channeled seat styling create a composed silhouette that still feels relaxed for everyday lounging. Leatherette upholstery covers foam cushioning over a plywood frame with a metal reclining mechanism, giving the piece smooth manual motion and dependable support. The clean profile suits movie nights, reading, and daily downtime.","85.5""w x 37.25""d x 39""h",192.9,coasterfurniture.com listed,"Manual reclining seats adjust easily for lounging, reading, and movie night comfort | Padded pillow arms add comfort while softening the transitional sofa silhouette | Plywood frame and metal mechanism support dependable everyday reclining use | Structured backs and channeled cushions keep the profile tailored and supportive | White reclining sofa features smooth leatherette upholstery and plush supportive seating | White upholstery keeps the look bright, clean, and easy to style at home",11,610247-1.jpg,https://www.coasterfurniture.com/furniture/category/Sofas/Camila-Reclining-Sofa/610247
503061,Aleisha Fabric Upholstered Sofa Mustard Yellow,Sofas,Sofa,Mustard Yellow,"Sofa with rounded shelter arms and textured fabric upholstery brings sculpted comfort to the living room. Gentle vertical channeling across the inside back and a low contemporary profile keep the silhouette tailored while wide seat cushions encourage relaxed lounging. A wood and plywood frame supports foam and polyester fiber cushioning for balanced comfort, while dark brown legs add lift and contrast to the warm mustard upholstery in modern homes and open living spaces.","90""w x 35""d x 29.5""h",132.88,coasterfurniture.com listed,Mustard yellow fabric sofa features rounded shelter arms and a low contemporary silhouette | Vertical channel back detail adds subtle texture and tailored visual interest | Soft fabric upholstery wraps broad cushions for inviting everyday lounging | Foam and polyester fiber cushioning supports relaxed comfort and daily seating | Dark brown legs provide contrast and lift beneath the sculpted sofa frame | Wood and plywood frame construction reinforces lasting support and durability,13,503061-1.jpg,https://www.coasterfurniture.com/furniture/category/Sofas/Aleisha-Chenille-Upholstered-Sofa/503064
503064,Aleisha Fabric Upholstered Sofa Sand,Sofas,Sofa,,"Sofa with rounded shelter arms and textured fabric upholstery brings sculpted comfort to the living room. Gentle vertical channeling across the inside back and a low contemporary profile keep the silhouette tailored while wide seat cushions encourage relaxed lounging. A wood and plywood frame supports foam and polyester fiber cushioning for balanced comfort, while dark brown legs add lift and contrast to the soft sand upholstery in modern homes and open living spaces.","90""w x 35""d x 29.5""h",132.88,coasterfurniture.com listed,Sand fabric sofa features rounded shelter arms and a low contemporary silhouette | Vertical channel back detail adds subtle texture and tailored visual interest | Soft fabric upholstery wraps broad cushions for inviting everyday lounging | Foam and polyester fiber cushioning supports relaxed comfort and daily seating | Dark brown legs provide contrast and lift beneath the sculpted sofa frame | Wood and plywood frame construction reinforces lasting support and durability,13,503064-1.jpg,https://www.coasterfurniture.com/furniture/category/Sofas/Aleisha-Chenille-Upholstered-Sofa/503064
603371,Hamilton Chenille Manual Reclining Sofa Sand,Sofas,Motion Sofa,Sand,"Generously padded arms and segmented back cushions give this manual reclining sofa an inviting, lounge-ready presence for family rooms and media spaces. Chenille upholstery wraps the cushioned seating in soft texture, while the broad profile feels substantial without losing its casual ease. Manual reclining footrests extend for a laid-back position, making the sofa a comfortable anchor for everyday relaxation.","71.25""w x 38.75""d x 39.25""h",156.52,coasterfurniture.com listed,Foam cushioning and metal reclining hardware support daily living room use | Generously padded arms give the sofa a plush and relaxed side silhouette | Manual reclining footrests extend for laid-back seating without power controls | Manual reclining sofa brings padded comfort to family rooms and media spaces | Sand chenille upholstery adds soft texture across the sofa’s cushioned frame | Segmented back cushions create a supportive profile for everyday lounging,12,603371-1.jpg,https://www.coasterfurniture.com/furniture/category/Sofas/Hagen-Power-Reclining-Sectional-Sofa/603371
603374,Hamilton Chenille Manual Reclining Sofa Charcoal Grey,Sofas,Motion Sofa,Charcoal Grey,"Generously padded arms and segmented back cushions give this manual reclining sofa an inviting, lounge-ready presence for family rooms and media spaces. Chenille upholstery wraps the cushioned seating in soft texture, while the broad profile feels substantial without losing its casual ease. Manual reclining footrests extend for a laid-back position, making the sofa a comfortable anchor for everyday relaxation.","71.25""w x 38.75""d x 39.25""h",156.52,coasterfurniture.com listed,Charcoal grey chenille adds soft texture across the sofa’s cushioned frame | Foam cushioning and metal reclining hardware support daily living room use | Generously padded arms give the sofa a plush and relaxed side silhouette | Manual reclining footrests extend for laid-back seating without power controls | Manual reclining sofa brings padded comfort to family rooms and media spaces | Segmented back cushions create a supportive profile for everyday lounging,12,603374-1.jpg,https://www.coasterfurniture.com/furniture/category/Sofas/Hagen-Power-Reclining-Sectional-Sofa/603371
503721,Whitney Contemporary Channel Tufted Woven Fabric Upholstered Sofa,Sofas,Sofa,,"Channel tufted Woven Fabric sofa brings sculpted curves and ribbed comfort to any room. A plywood and wood frame supports foam cushioning with polyester fiber fill, wrapped in 100% polyester Woven Fabric. Rounded arms and a low profile keep the silhouette clean, while loose back pillows add relaxed support. Vertical channeling across the seat and back creates dimensional style. Use this couch to anchor a living room and invite everyday lounging.","88.5""w x 37""d x 29""h",134.2,coasterfurniture.com listed,"Pebble Woven Fabric sofa features channel tufting, rounded arms, and dark brown legs below | Deep vertical channels add ribbed texture for a sculptural, modern look throughout | Plush foam cushioning with polyester fiber fill supports relaxed everyday lounging | Sturdy plywood and wood frame keeps support stable under the soft curved profile | Low silhouette pairs easily with contemporary decor and keeps sightlines open | Loose back pillows add flexible comfort for reading, streaming, and conversation",11,503721-1.jpg,https://www.coasterfurniture.com/furniture/category/Sofas/Whitney-Boucle-Upholstered-Sofa/503721
506591,Arabella Upholstered Padded Arm Sofa Grey,Sofas,Sofa,,"Add modern sophistication and everyday comfort to your living space with this sleek sofa. Upholstered in smooth grey leatherette with subtle stitched details, it brings an updated touch of style to any room. Plush padded seating and pillow-top arms provide exceptional comfort and support, while a sturdy wooden frame ensures durability. Perfectly sized for small or large spaces alike, this sofa blends practicality with a contemporary look, making it a versatile choice for your home.","76.5""w x 35""d x 37.5""h",104.71,coasterfurniture.com listed,"Sofa upholstered in smooth grey leatherette with stitched accents for a sleek modern look | Plush padded seating and wide pillow-top arms deliver long-lasting comfort and relaxation | High pillow back provides additional support, creating a cozy spot for lounging and reading | Dark brown block-style legs lend a grounded finish and add a modern touch to the overall design | Durable wooden frame construction ensures reliable stability and everyday lasting performance | Versatile size makes this sofa an ideal fit for both compact apartments and spacious living rooms",7,506591-1.jpg,https://www.coasterfurniture.com/furniture/category/Sofas/Arabella-Sofa/506591
506864,Sophia Upholstered Channel Tufted Sofa Grey,Sofas,Sofa,Grey,"Bring mid-century sophistication to your living space with this sculptural sofa, elegantly upholstered in smooth grey velvet. Its iconic kidney-shaped silhouette adds fluid movement, while vertical channel tufting along the interior back enhances depth and texture. The fully encased wooden frame provides lasting support, and tapered stainless steel legs in a gold finish offer a touch of glam. Perfect for modern and transitional interiors, this sofa blends timeless style with luxurious comfort.","84""w x 35.5""d x 33""h",84,coasterfurniture.com listed,Mid-century modern sofa in a sculptural kidney-shaped silhouette | Upholstered in soft grey velvet for a smooth and luxurious texture | Vertical channel tufting adds tailored dimension and visual depth | Gold stainless steel tapered legs lend a glamorous modern touch | Built with a fully encased solid wood frame for lasting durability | Perfect centerpiece for contemporary and transitional living rooms,10,506864-1.jpg,https://www.coasterfurniture.com/furniture/category/Sofas/Sophia-Sofa/506864
509171,Rainn Boucle Upholstered Sloped Arm Sofa Latte,Sofas,Sofa,,"Bring inviting sophistication to your space with this contemporary curved sofa, featuring a soft latte boucle fabric that highlights its smooth contours. The sloped armrests and tight back lend an elegant silhouette, while plush seat cushions ensure lasting comfort. Coordinating accent pillows filled with premium faux down add an extra touch of luxury. With its clean lines and textural appeal, this sofa becomes a refined centerpiece that blends warmth, modern style, and timeless comfort.","88.5""w x 40""d x 33""h",116.82,coasterfurniture.com listed,"Curved sofa wrapped in soft latte boucle upholstery for modern texture | Sloped armrests and rounded edges create a smooth sculptural profile | Three plush seat cushions offer supportive and lasting comfort | Tight back design maintains a tailored and refined appearance | Accent pillows with faux down fill complete its cozy, upscale look | Perfect for living rooms seeking contemporary elegance and warmth",13,509171-1.jpg,https://www.coasterfurniture.com/furniture/category/Sofas/Rainn-Sofa/509171
602551,Gilson Chenille Upholstered Reclining Sofa Grey,Sofas,Motion Sofa,,"Relax in total comfort with this manual reclining sofa designed for ultimate ease and support. Wrapped in soft grey chenille upholstery, it offers a plush and inviting touch that enhances any living room. The dual recliners allow you to lean back effortlessly, while generously padded backrests and pillow top arms provide soothing comfort. With smooth manual controls and durable construction, this reclining sofa is a cozy blend of relaxation and everyday functionality.","89.75""w x 40.5""d x 41.75""h",191.8,coasterfurniture.com listed,"Manual reclining sofa with dual reclining seats for total relaxation | Soft grey chenille upholstery offers a plush, inviting texture | Pillow top arms deliver enhanced comfort and casual support | Generously padded backrests provide full-body relaxation | Durable frame crafted from metal, plywood, and resilient foam | Smooth manual recline mechanism ensures effortless operation",12,602551-1.jpg,https://www.coasterfurniture.com/furniture/category/Sofas/Gilson-Reclining-Sofa/602551
360050,Simpson Upholstered Sofa Sleeper with Queen Mattress Grey,Sofas,Sofa,,"Center your living space on a sleeper sofa that brings together style, comfort, and welcome flexibility. Upholstered in light grey fabric with a soft, inviting hand, it offers plush seating with pocket coil support and foam cushions for everyday lounging. Track arms and black block feet create a clean, structured silhouette that works beautifully in a den or living room. When guests stay over, it easily shifts from stylish seating to overnight comfort.","82.25""w x 35.25""d x 34.5""h",163.34,coasterfurniture.com listed,Sleeper sofa in grey features a clean-lined silhouette with track arms | Light grey upholstery creates a soft inviting look in any living space | Black block feet add contrast and grounded modern definition | Pocket coil support and foam cushions offer lasting everyday comfort | Queen sleeper function provides convenient overnight accommodation | Versatile design suits dens living rooms and multifunctional spaces,12,360050-1.jpg,https://www.coasterfurniture.com/furniture/category/Sofas/Simpson-Sleeper-Sofa/360050
610281,Brentwood Upholstered Motion Reclining Sofa Taupe,Sofas,Motion Sofa,Taupe,"Spend the day looking forward to kicking back and relaxing on a modern reclining sofa. It boasts a pair of manual recliners, ideal for everything from movie marathons to enjoying game day with friends. Upholstery is suede-like with a matte look and feel, creating a soft taupe effect for your living room or den. The reclining sofa offers a modern look with smooth cushions and track arms, updating a classic recliner profile. Tufted accents and supportive foam cushioning complete a piece made for everyday comfort.","80.25""w x 36.5""d x 39.25""h",178.57,coasterfurniture.com listed,Taupe reclining sofa features a clean modern profile with track arms | Tufted accents add tailored detail and supportive comfort to the cushions | Sinuous spring seating and webbed backs support lasting everyday comfort | Pair of manual recliners support movie nights and everyday relaxation | Attached cushions and covered leg rests create a cozy inviting seat | Suede-like upholstery offers a soft matte texture in a versatile taupe tone,12,610281-1.jpg,https://www.coasterfurniture.com/furniture/category/Sofas/Brentwood-Reclining-Sofa/610284
610284,Brentwood Upholstered Motion Reclining Sofa Dark Charcoal,Sofas,Motion Sofa,Dark Charcoal,"Spend the day looking forward to kicking back and relaxing on a modern reclining sofa. It boasts a pair of manual recliners, ideal for everything from movie marathons to enjoying game day with friends. Upholstery is suede-like with a matte look and feel, creating a soft dark charcoal effect for your living room or den. The reclining sofa offers a modern look with smooth cushions and track arms, updating a classic recliner profile. Tufted accents and supportive foam cushioning complete a piece made for everyday comfort.","80.25""w x 36.5""d x 39.25""h",178.57,coasterfurniture.com listed,Dark charcoal reclining sofa features a clean modern profile with track arms | Tufted accents add tailored detail and supportive comfort to the cushions | Sinuous spring seating and webbed backs support lasting everyday comfort | Pair of manual recliners support movie nights and everyday relaxation | Attached cushions and covered leg rests create a cozy inviting seat | Suede-like upholstery offers a soft matte texture in a rich charcoal tone,13,610284-1.jpg,https://www.coasterfurniture.com/furniture/category/Sofas/Brentwood-Reclining-Sofa/610284
609541,Bahrain Upholstered Motion Sofa Charcoal,Sofas,Motion Sofa,,"Kick back and relax with the dual recliners featured in this transitional reclining sofa. Built for indulgent comfort, it offers plush and supportive seating with tufting that adds dimension and structure. Extra-thick pillowtop arms are ideal for lounging or even a quick afternoon nap, while charcoal upholstery delivers a smooth, soft look and feel that complements a variety of color palettes and surrounding decor. Complete with easy manual recline for smooth performance you can count on, this sofa is made for comfort, relaxation, and everyday unwinding.","99.25""w x 38.25""d x 39.75""h",184.8,coasterfurniture.com listed,Reclining sofa in charcoal fabric creates a soft inviting place to relax | Pillowtop arms enhance comfort for curling up or stretching out with ease | Neutral charcoal upholstery complements a wide range of surrounding decor | Dual recliners encourage rest and easy lounging in family living spaces | Pocket coil seating and cool gel memory foam support lasting comfort | Plush cushions with tufted detailing add support structure and dimension,17,609541-1.jpg,https://www.coasterfurniture.com/furniture/category/Sofas/Bahrain-Reclining-Sofa/609541
610261P,Greenfield Upholstered Power Reclining Sofa Dove Grey,Sofas,Power Reclining Sofa,Dove Grey,"Contemporary elegance plays out in a clean, modern design as the power sofa delivers beauty and comfort to a space reserved for easy entertaining and relaxing. Leatherette upholstery covers a wood and plywood frame to provide a sturdy build, embellished with plump foam filled in tall, attached back cushions and supportive seat cushions. Subtle tufting cradles body positioning, aided in luxurious comfort by power reclining at the touch of a button on a switch panel with a convenient USB port. The versatility of a clean neutral finish joins a delightfully simple yet elegant style motif to make this power reclining sofa a hit in any modern space.","82.75""w x 37""d x 39.75""h",199.55,coasterfurniture.com listed,Power reclining sofa features smooth leatherette upholstery in a soft neutral tone | Power reclining function offers customized comfort at the touch of a button | Wood and plywood frame with metal mechanism ensures lasting durability | Plump foam cushions with subtle tufting support comfortable body positioning | Built-in switch panel includes a convenient USB port for device charging | Attached seat and back cushions create a tailored clean modern silhouette,12,610261P-1.jpg,https://www.coasterfurniture.com/furniture/category/Sofas/Greenfield-Power-Reclining-Sofa/610261P
610264P,Greenfield Upholstered Power Reclining Sofa Saddle Brown,Sofas,Power Reclining Sofa,Saddle Brown,"Contemporary elegance plays out in a clean, modern design as the power sofa delivers beauty and comfort to a space reserved for easy entertaining and relaxing. Leatherette upholstery covers a wood and plywood frame to provide a sturdy build, embellished with plump foam filled in tall, attached back cushions and supportive seat cushions. Subtle tufting cradles body positioning, aided in luxurious comfort by power reclining at the touch of a button on a switch panel with a convenient USB port. The versatility of a clean neutral finish joins a delightfully simple yet elegant style motif to make this power reclining sofa a hit in any modern space.","82.75""w x 37""d x 39.75""h",199.55,coasterfurniture.com listed,Power reclining sofa features smooth leatherette upholstery in a rich neutral tone | Power reclining function offers customized comfort at the touch of a button | Wood and plywood frame with metal mechanism ensures lasting durability | Plump foam cushions with subtle tufting support comfortable body positioning | Built-in switch panel includes a convenient USB port for device charging | Attached seat and back cushions create a tailored clean modern silhouette,12,610264P-1.jpg,https://www.coasterfurniture.com/furniture/category/Sofas/Greenfield-Power-Reclining-Sofa/610261P
603191,Raelynn Upholstered Track Arm Motion Sofa Grey,Sofas,Motion Sofa,,"Relax in style with this transitional motion sofa that blends modern design and everyday comfort. Upholstered in smooth grey leatherette, it features decorative vertical topstitching for added dimension and appeal. Plush foam padding and pocket coil spring cushions provide long-lasting support, while ultra-padded headrests enhance relaxation. A wall-hugger reclining mechanism saves space, making this sofa a smart fit for any living area. Manual reclining allows customized comfort with ease.","80.75""w x 40.5""d x 41.25""h",179.85,coasterfurniture.com listed,Motion sofa upholstered in smooth grey leatherette with decorative topstitching | Manual reclining seats offer customizable comfort for everyday relaxation | Wall-hugger mechanism saves valuable floor space in compact living rooms | Plush foam cushioning and pocket coil springs provide lasting supportive seating | Attached back cushions with ultra-plush headrests enhance lounging comfort | Sturdy frame built with metal and plywood ensures durability and stability,12,603191-1.jpg,https://www.coasterfurniture.com/furniture/category/Sofas/Raelynn-Reclining-Sofa/603191
506551,Finley Upholstered Padded Arm Tufted Sofa Black,Sofas,Sofa,,"Sofa delivers plush contemporary comfort with smooth leatherette upholstery, tufted back cushions, and generously padded headrests and arms. Its broad silhouette creates a substantial seating presence while attached cushions help maintain a neat tailored look in active living spaces. Pocket coil seating and supportive foam cushioning contribute to resilient everyday comfort, and the reinforced frame beneath supports long-term use. Choose this sofa for living rooms that need comfortable lounging, clean styling, and an easy-to-coordinate black finish.","77.25""w x 35""d x 40.25""h",112.43,coasterfurniture.com listed,Attached cushions keep the profile neat and easy to maintain over time | Pocket coil seating helps deliver supportive comfort for daily lounging | Tufted back cushions add subtle detail to the broad supportive silhouette | Strong frame construction supports dependable use in busy living spaces | Sofa in black leatherette brings plush comfort to contemporary living rooms | Padded headrests and arms create a soft inviting place to unwind,10,506551-1.jpg,https://www.coasterfurniture.com/furniture/category/Sofas/Finley-Sofa/506551
610271,Sloane Upholstered Padded Arm Reclining Sofa Blue,Sofas,Motion Sofa,,"Whisk away to a world of comfort with this reclining sofa, where plush seating and thoughtful conveniences turn movie night into a favorite ritual. Blue leatherette upholstery gives the silhouette a rich, polished look, while padded arms and attached cushions keep the profile relaxed and inviting. A drop-down center console reveals stainless steel cup holders and pop-up power access, adding modern function to its easygoing style.","87.5""w x 39.25""d x 40.25""h",202.83,coasterfurniture.com listed,Reclining sofa in blue features padded arms and a tailored profile | Pop-up power access adds convenient charging during everyday lounging | Blue leatherette upholstery adds a rich and polished modern look | Drop-down center console includes stainless steel cup holders | Attached cushions with pocket coil seating support lasting comfort | Easy reclining motion creates a relaxed setting for movies and downtime,12,610271-1.jpg,https://www.coasterfurniture.com/furniture/category/Sofas/Sloane-Reclining-Sofa/610271
552061,Christine Upholstered Sloped Arm Sofa Beige,Sofas,Sofa,,"Brighten your living space with this upholstered sofa wrapped in soft beige chenille. Designed for comfort and elegance, it features gently sloped track arms and tall tapered wooden legs that create a refined transitional silhouette. The boxed seat and back cushions include classic welt trim for tailored appeal, while coordinating accent pillows in copper and coral tones bring subtle contrast. Built with a durable wooden frame and foam cushioning, this sofa blends timeless design with everyday comfort.","79.75""w x 36.25""d x 36.25""h",123.2,coasterfurniture.com listed,"Upholstered sofa with refined transitional design and clean lines | Soft beige chenille upholstery adds light, inviting texture | Sloped track arms offer comfort with graceful modern shape | Boxed seat and back cushions feature classic welt detailing | Copper and coral accent pillows provide subtle contrast tones | Solid wood tapered legs ensure stability and timeless appeal",13,552061-1.jpg,https://www.coasterfurniture.com/furniture/category/Sofas/Christine-Sofa/552061
508281,Ellington Upholstered Padded Arm Sofa Dark Brown,Sofas,Sofa,,"A chic mottled effect brings authenticity to the lush faux leather upholstery of a transitional sofa. Seating three, it features a dark brown color that's deep and rich, a perfect complement in a stylish but relaxed living room. The sofa boasts exceptional comfort and support, complete with pocket coil seating and full foam cushions. Pillowtop arms complement plush cushions, creating the perfect spot for lounging. Its relaxed stance makes this sofa the perfect choice for a family room or den, creating a welcoming aura that brims with comfort.","86.25""w x 39""d x 40.5""h",143.3,coasterfurniture.com listed,Plush foam cushions and pocket coil seating provide superior comfort | Dark brown coated microfiber with a chic mottled faux leather effect | Transitional three-seater sofa with a relaxed and inviting design | Pillowtop arms offer enhanced softness and full lounge-worthy support | Sinuous spring seat decking ensures long-term durability and resilience | Sturdy frame construction guarantees everyday reliability and stability,12,508281-1.jpg,https://www.coasterfurniture.com/furniture/category/Sofas/Ellington-Sofa/508281
651351,Greer Upholstered Motion Reclining Sofa Taupe,Sofas,Motion Sofa,Taupe,"A motion sofa made for effortless downtime. A drop-down center table brings order to movie night with a pop-up power hub and USB charging, while stainless steel cup holders keep drinks steady. Manual reclining seats glide back smoothly, and a wall-hugger design preserves floor space. Pocket-coil cushions topped with memory foam deliver supportive comfort, wrapped in easy-care leatherette with contrast stitching. Built on a durable mix of foam, engineered wood, and heavy gauge metal, it’s relaxation ready.","87""w x 38""d x 40""h",198.42,coasterfurniture.com listed,"Wall-hugger design allows full recline while conserving valuable space | Reclining sofa in taupe faux leather with contrast stitching and padded arms | Manual reclining seats provide smooth operation for everyday relaxation | Drop-down center table adds pop-up power hub with two AC and two USB ports | Two stainless steel cup holders secure beverages within easy reach | Pocket-coil seats with memory foam deliver supportive, cushioned comfort",9,651351-1.jpg,https://www.coasterfurniture.com/furniture/category/Sofas/Greer-Reclining-Sofa/651351
651354,Greer Upholstered Motion Reclining Sofa Brown,Sofas,Motion Sofa,Brown,"A motion sofa made for effortless downtime. A drop-down center table brings order to movie night with a pop-up power hub and USB charging, while stainless steel cup holders keep drinks steady. Manual reclining seats glide back smoothly, and a wall-hugger design preserves floor space. Pocket-coil cushions topped with memory foam deliver supportive comfort, wrapped in easy-care leatherette with contrast stitching. Built on a durable mix of foam, engineered wood, and heavy gauge metal, it’s relaxation ready.","87""w x 38""d x 40""h",198.42,coasterfurniture.com listed,"Reclining sofa in brown faux leather with contrast stitching and padded arms | Wall-hugger design provides full recline while preserving floor space | Manual reclining seats offer smooth motion for relaxed living room time | Drop-down table features pop-up power hub with two AC and two USB ports | Two stainless steel cup holders keep drinks steady during the show | Pocket-coil seats with memory foam supply supportive, cozy comfort",9,651354-1.jpg,https://www.coasterfurniture.com/furniture/category/Sofas/Greer-Reclining-Sofa/651351
500500,Duarto 3-tier Sofa Display Rack Black,Sofas,Sofa Bed Rack,,"Heavy-duty and highly adaptable, this sofa display rack is built to organize and present sofas with confidence. Its classic black finish keeps the profile clean and professional, while two height-adjustable arms help create a better fit for different display needs. Three tiers are engineered to support substantial weight, making the rack as functional as it is durable. It is a straightforward, hard-working solution for showroom display.","42.75""w x 42.25""d x 95.5""h",128.08,coasterfurniture.com listed,Each tier is designed to support up to 300 pounds | Two height-adjustable arms help customize fit for sofa display | Levelers help keep the rack stable on different floor surfaces | Classic black finish blends easily into a variety of settings | Heavy-duty metal construction supports reliable showroom performance | Sofa display rack in black features a sturdy three-tier structure,4,500500-1.jpg,https://www.coasterfurniture.com/furniture/category/Sofas/Duarto-Sofa-Display-Rack/500500
508681,Apperson Upholstered Track Arm Sofa Light Grey,Sofas,Sofa,,"You and your loved ones will be lounging in style on this chic, comfortable sofa. With its understated, transitional design, it blends seamlessly with the decor of any living room. Soft light grey upholstery subtly plays up its simple silhouette, while reversible seat and back cushions add easy versatility. Complete with plush feather and polyester fiber-filled cushions and matching accent pillows, this sofa takes comfort to the next level.","83.5""w x 34.25""d x 36""h",118.8,coasterfurniture.com listed,Sofa features clean lines and modern track arms for a sleek tailored look | Custom metal base design supports the frame with clean modern structure | Light grey linen-like upholstery offers a soft versatile transitional presence | Four accent pillows add contrast with plaid and faux suede-inspired texture | Reversible seat and back cushions add easy maintenance and lasting comfort | Feather and polyester fiber fill creates plush supportive everyday lounging,12,508681-1.jpg,https://www.coasterfurniture.com/furniture/category/Sofas/Apperson-Sofa/508681
506781,Bowen Upholstered Track Arm Tufted Sofa Grey,Sofas,Sofa,Grey,"This sofa blends timeless design with modern practicality, ideal for small spaces and contemporary homes. Its classic track arms and self-welt detailing highlight superior craftsmanship, while grid-tufted back cushions and pocket coil seating deliver supportive comfort. Upholstered in easy-to-clean performance fabric, it stands up beautifully to everyday living. Tall tapered brown legs add height and stability, completing a tailored look that pairs effortlessly with a variety of decor styles.","76""w x 32.75""d x 34.25""h",84.22,coasterfurniture.com listed,"Pocket coil spring construction ensures resilient cushioning and superior durability | Tall round tapered brown legs offer stability and a modern mid-century inspired look | Upholstered in easy-clean performance fabric designed for everyday family living | Perfect small-scale sofa design ideal for apartments, condos, or compact living rooms | Classic track arm silhouette with self-welt detailing enhances tailored craftsmanship | Grid-tufted boxed back cushions provide plush comfort and lasting seat support",11,506781-1.jpg,https://www.coasterfurniture.com/furniture/category/Sofas/Bowen-Sofa/506781
506785,Bowen Upholstered Track Arm Tufted Sofa Beige,Sofas,Sofa,Beige,"This sofa blends timeless design with modern practicality, ideal for small spaces and contemporary homes. Its classic track arms and self-welt detailing highlight superior craftsmanship, while grid-tufted back cushions and pocket coil seating deliver supportive comfort. Upholstered in easy-to-clean performance fabric, it stands up beautifully to everyday living. Tall tapered brown legs add height and stability, completing a tailored look that pairs effortlessly with a variety of decor styles.","76""w x 32.75""d x 34.25""h",84.22,coasterfurniture.com listed,"Perfect small-scale sofa design ideal for apartments, condos, or compact living rooms | Classic track arm silhouette with self-welt detailing enhances tailored craftsmanship | Grid-tufted boxed back cushions provide plush comfort and lasting seat support | Pocket coil spring construction ensures resilient cushioning and superior durability | Tall round tapered brown legs offer stability and a modern mid-century inspired look | Upholstered in easy-clean performance fabric designed for everyday family living",11,506785-1.jpg,https://www.coasterfurniture.com/furniture/category/Sofas/Bowen-Sofa/506781
650354,Conrad Upholstered Padded Arm Motion Sofa Grey,Sofas,Motion Sofa,,"Bring luxury and convenience to your living room with this reclining sofa upholstered in smooth grey faux leather. Designed with plush padded seating, headrests, and armrests, it ensures exceptional comfort. The drop-down centre table reveals dual cup holders, a pop-up power outlet with two AC and two USB ports, and a hidden storage drawer for added practicality. A wall-hugger mechanism saves space, while a one-inch cool gel memory foam topper enhances softness for an upgraded lounging experience.","87.5""w x 41""d x 40""h",225.91,coasterfurniture.com listed,"Manual reclining sofa with smooth wall-hugger space-saving design | Grey faux leather upholstery adds sleek, modern visual appeal | Drop-down centre table includes two cup holders for convenience | Pop-up power outlet with dual AC and USB ports enhances utility | Hidden storage drawer keeps remotes and accessories organised | Cool gel memory foam topper delivers long-lasting comfort",14,650354-1.jpg,https://www.coasterfurniture.com/furniture/category/Sofas/Conrad-Reclining-Sofa/650354
609541P,Bahrain Upholstered Power Sofa Charcoal,Sofas,Power Sofa,,"Kick back and relax with the power recliners featured in this transitional reclining sofa. Built for indulgent comfort, it offers plush and supportive seating with tufting that adds dimension and structure. Extra-thick pillowtop arms are ideal for lounging or even a quick afternoon nap, while charcoal gray upholstery delivers a rich neutral look that complements a variety of color palettes and surrounding decor. Complete with power recline at the touch of a button for smooth, easy performance, this sofa is designed for dependable comfort and effortless relaxation.","99.25""w x 38.25""d x 39.75""h",201.96,coasterfurniture.com listed,Power reclining sofa in charcoal fabric offers plush everyday relaxation | Pillowtop arms create a cozy place for lounging or afternoon naps | Neutral charcoal upholstery works beautifully in many living room settings | Power recliners operate smoothly at the touch of a button for comfort | Pocket coil seating and cool gel memory foam support lasting comfort | Tufted supportive seating adds dimension structure and inviting softness,10,609541P-1.jpg,https://www.coasterfurniture.com/furniture/category/Sofas/Bahrain-Power-Reclining-Sofa/609541P
508821,Corliss Upholstered Curved Track Arm Sofa Beige,Sofas,Sofa,Beige,"Sofa blends sculpted curves and plush support for a refined living room anchor with a soft, inviting feel. Reversible feather blend seat and back cushions pair with pocket coil seating to balance resilience and comfort, while textured velvet upholstery enhances the tailored silhouette. Gold-finished stainless steel legs introduce a polished accent beneath the smooth profile. Use this sofa to create a lounge-ready setting where comfort, graceful lines, and elevated finishes come together with ease.","91""w x 36.5""d x 36""h",126.39,coasterfurniture.com listed,Curved track arms soften the silhouette with sculptural modern elegance | Pocket coil seating and feather blend fill offer plush support and comfort | Gold-finished stainless steel legs add polished contrast beneath the frame | Accent pillows complete the sofa with added comfort and lounge appeal | Sofa in beige velvet brightens the room with plush tailored comfort | Reversible seat and back cushions help extend comfort and everyday wear,11,508821-1.jpg,https://www.coasterfurniture.com/furniture/category/Sofas/Corliss-Sofa/508821
508824,Corliss Upholstered Curved Track Arm Sofa Camel,Sofas,Sofa,Camel,"Sofa blends sculpted curves and plush support for a refined living room anchor with a soft, inviting feel. Reversible feather blend seat and back cushions pair with pocket coil seating to balance resilience and comfort, while textured velvet upholstery enhances the tailored silhouette. Gold-finished stainless steel legs introduce a polished accent beneath the smooth profile. Use this sofa to create a lounge-ready setting where comfort, graceful lines, and elevated finishes come together with ease.","91""w x 36.5""d x 36""h",126.39,coasterfurniture.com listed,Pocket coil seating and feather blend fill offer plush support and comfort | Sofa in camel velvet creates a warm tailored anchor for living rooms | Gold-finished stainless steel legs add polished contrast beneath the frame | Curved track arms soften the silhouette with sculptural modern elegance | Accent pillows complete the sofa with added comfort and lounge appeal | Reversible seat and back cushions help extend comfort and everyday wear,13,508824-1.jpg,https://www.coasterfurniture.com/furniture/category/Sofas/Corliss-Sofa/508821
504844,Brookside Velvet Upholstered Curved Sofa Dark Grey,Sofas,Sofa,,"Curved sofa brings a sculptural silhouette and layered texture to a refined living room. Sloping arms and a kidney-inspired profile create soft movement, while gold trim outlines the front with warm contrast. Dark grey velvet upholstery is paired with vertical channel tufting on the inside back and arms, while diamond quilting adds dimension to the outer surfaces. Matching accent pillows complete the tailored look and reinforce its polished lounging presence.","91.5""w x 43""d x 32""h",163.68,coasterfurniture.com listed,Dark grey curved sofa features a kidney-inspired silhouette with tailored velvet upholstery | Matching accent pillows complete the sofa with coordinated softness and visual depth | Gold trim outlines the front edge and arms with warm contrast and refined definition | The sculpted profile brings polished seating presence to living rooms and dens alike | Channel tufting on the inside back and arms adds texture and vertical dimension | Diamond quilting on the outer surfaces creates layered detail from every angle,14,504844-1.jpg,https://www.coasterfurniture.com/furniture/category/Sofas/Brookside-Sofa/504844
603504,Lawrence Upholstered Padded Arm Reclining Sofa Charcoal,Sofas,Motion Sofa,,"This reclining sofa blends plush comfort with supportive design for a relaxing seating experience. Upholstered in soft performance-grade microfiber, it features a padded back with subtle tufting and wide armrests for added ease. Cool gel memory foam and pocket coil cushions provide exceptional support and temperature-regulated comfort. With smooth manual reclining mechanisms on each side and a wall-hugger design that maximizes floor space, this sofa offers both functionality and inviting style for the living room.","84.75""w x 37.5""d x 39""h",180.78,coasterfurniture.com listed,Reclining sofa in charcoal microfiber with padded arms and tufted back cushions | Manual reclining seats allow smooth operation and effortless relaxation | Wall-hugger mechanism keeps sofa close to wall while maximizing space | Pocket coil cushions with cool gel memory foam enhance seating comfort | Performance-grade microfiber upholstery ensures softness and durability | Contrast stitching and piping provide subtle detail and tailored finishing,6,603504-1.jpg,https://www.coasterfurniture.com/furniture/category/Sofas/Lawrence-Reclining-Sofa/603504
509131,Jade Chenille Upholstered Modern Track Arm Sofa Green,Sofas,Sofa,Green,"Elevate your living space with the perfect blend of style, comfort, and functionality with this modern sofa. Its sculpted round shapes and bench waterfall seat cushion create a harmonious and inviting look, enhancing any room’s aesthetic. The textured chenille fabric provides an incredibly soft touch, adding a layer of luxury and durability to this standout piece. The rich green hue is complemented by vivid yellow and neutral beige accent pillows, while thin tall metal legs add a light airy presence and modern appeal.","84""w x 38.5""d x 32""h",133.1,coasterfurniture.com listed,Vivid yellow and beige accent pillows add warmth and lively contrast | Sofa features rich green chenille with a soft luxurious textured feel | Bench waterfall seat cushion delivers seamless comfort across the sofa | Thin tall metal legs give the sofa a light airy modern presence | Sculpted round shapes create a harmonious and inviting modern silhouette | Textured upholstery and plush foam create stylish everyday lounging comfort,13,509131-1.jpg,https://www.coasterfurniture.com/furniture/category/Sofas/Jade-Sofa/509131
509411,Jade Chenille Upholstered Sculpted Track Arm Sofa Latte,Sofas,Sofa,Latte,"Experience a sophisticated blend of architectural design and plush comfort with this sofa. The latte chenille upholstery provides subtle textured appeal, complemented by sculpted round arms and a matching back that mirror each other’s clean lines. Its waterfall bench seat offers a seamless look, supported by a sinuous spring seat deck and full foam cushioning for superior comfort. Reversible rust and chocolate accent pillows add warmth, while sleek tapered metal legs complete its contemporary charm.","84""w x 38.5""d x 32""h",133.1,coasterfurniture.com listed,Sofa features latte chenille upholstery with a soft subtle textured appeal | Four reversible accent pillows in rust and chocolate add warmth and contrast | Sinuous spring seat deck supports lasting comfort for everyday lounging | Sculpted round track arms and matching back create architectural symmetry | Sleek tapered metal legs complete the sofa with contemporary polish | Waterfall bench seat offers a seamless look with plush full foam comfort,15,509411-1.jpg,https://www.coasterfurniture.com/furniture/category/Sofas/Jade-Sofa/509131
509671,Tomkins Boucle Upholstered Sofa Light Grey,Sofas,Sofa,,"Create comfortable seating while embracing style with this well-tailored sofa. Upholstered in a textured, multidimensional light grey boucle fabric, it's perfect for adding rich texture and dimension in your living room. The sofa features sloped arms, boxed seat cushions, and tall back pillows, all finished with welt trim, offering welcome comfort and support for seating and lounging. A classic silhouette is updated with gently sloping, flared armrests and tapering block legs in a dark finish, providing a sturdy foundation and completing the look.","84""w x 38""d x 34.5""h",103.4,coasterfurniture.com listed,Tapering block legs in a dark finish provide sturdy visual contrast | Boxed seat cushions and tall back pillows create inviting everyday comfort | Light grey sofa features a tailored silhouette with gently sloping arms | The versatile profile suits relaxed living rooms with polished appeal | Textured boucle upholstery adds rich dimension and a refined modern look | Welt trim sharpens the profile with clean tailored definition throughout,13,509671-1.jpg,https://www.coasterfurniture.com/furniture/category/Sofas/Tomkins-Sofa/509671
552101,Selma Velvet Upholstered Crescent Arm Sofa Rust,Sofas,Sofa,,"Unwind in style with this chic retro-inspired sofa, designed to deliver both comfort and timeless elegance. Upholstered in a rust woven fabric, it features plush foam seat cushions and curved tufted arms for ultimate support. The fully encased engineered wood frame ensures lasting stability, while sinuous spring seating offers durable comfort. Solid wood legs in an espresso finish complete the sturdy construction, adding a sleek modern touch to this versatile seating option.","74.75""w x 35.75""d x 35""h",81.84,coasterfurniture.com listed,"Attached seat cushions and removable back cushions | Sinuous spring seating and foam cushion construction | Retro-inspired sofa with curved tufted arms | Rust woven fabric upholstery for a cozy, chic look | Fully encased engineered wood frame for durability | Solid wood tapered legs in espresso finish",13,552101-1.jpg,https://www.coasterfurniture.com/furniture/category/Sofas/Selma-Sofa/552101
509891,Ashlyn Upholstered Sloped Arm Sofa White,Sofas,Sofa,White,"Sofa blends sculpted lines and plush support for a tailored living room anchor with everyday comfort. Curved track arms soften the silhouette while reversible cushions help extend wear and maintain a neat appearance over time. Pocket coil seating and trillium blend fill create a soft yet supportive sit, paired with a sinuous spring deck and solid wood frame for dependable reinforcement. Textured upholstery and accent pillows complete this lounge-ready piece for relaxed spaces that value comfort, structure, and understated style.","89.5""w x 40""d x 37""h",140,coasterfurniture.com listed,Sofa in white textured fabric brightens the room with tailored comfort | Reversible box cushions help extend wear and maintain a neat appearance | Sloped track arms create a soft sculpted outline for the clean silhouette | Accent pillows complete the sofa with added comfort and visual balance | Cappuccino block legs add warm contrast beneath the crisp upholstery | Pocket coil seating with trillium blend fill offers plush support and comfort,11,509891-1.jpg,https://www.coasterfurniture.com/furniture/category/Sofas/Ashlyn-Sofa/552091
552091,Ashlyn Fabric Upholstered Track Arm Sofa Sand,Sofas,Sofa,Sand,"Sofa blends sculpted lines and plush support for a tailored living room anchor with everyday comfort. Curved track arms soften the silhouette while reversible cushions help extend wear and maintain a neat appearance over time. Pocket coil seating and trillium blend fill create a soft yet supportive sit, paired with a sinuous spring deck and solid wood frame for dependable reinforcement. Textured upholstery and accent pillows complete this lounge-ready piece for relaxed spaces that value comfort, structure, and understated style.","89.5""w x 40""d x 37""h",140,coasterfurniture.com listed,Sofa in sand textured fabric creates a soft tailored living room anchor | Pocket coil seating with trillium blend fill offers soft supportive comfort | Solid wood and plywood frame adds dependable strength and stability | Curved track arms bring sculpted style to the plush inviting silhouette | Accent pillows complete the sofa with added comfort and lounge appeal | Reversible seat and back cushions help extend comfort and everyday wear,12,552091-1.jpg,https://www.coasterfurniture.com/furniture/category/Sofas/Ashlyn-Sofa/552091
508361,Ruth Upholstered Track Arm Sofa Black,Sofas,Sofa,Black,"Establish the foundation of a stylish living room with a modern sofa. Smooth faux leather creates a sleek, neutral look that brims with sophistication. Track arms create a structured silhouette, offering tailored flair with an understated ambiance. Straight, tapered legs support the sofa and ensure stability. Supportive cushions create an inviting look and feel, with sinuous spring decking under seat cushions and webbing across the back for optimal comfort.","76.5""w x 31.5""d x 33.5""h",83.77,coasterfurniture.com listed,"Slim track arms contribute to a clean, contemporary aesthetic | Modern three-seater sofa with sleek lines and a minimalist profile | Plush foam seat and back cushions provide lasting support and comfort | Black faux leather upholstery offers a sophisticated and refined look | Tapered wooden legs ensure stability and add a mid-century touch | Durable frame construction provides long-lasting everyday reliability",11,508361-1.jpg,https://www.coasterfurniture.com/furniture/category/Sofas/Ruth-Sofa/511214
508365,Ruth Upholstered Track Arm Sofa Grey,Sofas,Sofa,Grey,"Establish the foundation of a stylish living room with a modern sofa. Smooth faux leather creates a sleek, neutral look that brims with sophistication. Track arms create a structured silhouette, offering tailored flair with an understated ambiance. Straight, tapered legs support the sofa and ensure stability. Supportive cushions create an inviting look and feel, with sinuous spring decking under seat cushions and webbing across the back for optimal comfort.","76.5""w x 31.5""d x 33.5""h",83.77,coasterfurniture.com listed,"Plush foam seat and back cushions provide lasting support and comfort | Grey faux leather upholstery offers a sophisticated and refined look | Tapered wooden legs ensure stability and add a mid-century touch | Slim track arms contribute to a clean, contemporary aesthetic | Modern three-seater sofa with sleek lines and a minimalist profile | Durable frame construction provides long-lasting everyday reliability",11,508365-1.jpg,https://www.coasterfurniture.com/furniture/category/Sofas/Ruth-Sofa/511214
511211,Ruth 77-inch Fabric Upholstered Track Arm Sofa Rust Red,Sofas,Sofa,Rust,"Streamlined and inviting, this modern sofa blends tailored form with everyday comfort. A low profile and clean lines define its silhouette, while plush foam cushions and tight upholstery create a polished yet relaxed look. The slim track arms and angled legs add a subtle mid-century touch. Perfect for compact apartments, casual lounges, or modern living rooms, this versatile three-seater anchors any space with softness and structure.","76.5""w x 31.5""d x 33.5""h",83.77,coasterfurniture.com listed,"Plush back and seat cushions provide supportive comfort for everyday lounging | Slim track arms and piped edges add tailored definition to the structured frame | Sofa in rust fabric features a clean-lined silhouette with modern visual softness | Angled plastic legs create lift and offer a sturdy, contemporary foundation | Upholstered in soft fabric with smooth texture and subtle tonal variation | Versatile size fits comfortably in apartments, open layouts, or casual living rooms",12,511211-1.jpg,https://www.coasterfurniture.com/furniture/category/Sofas/Ruth-Sofa/511214
511214,Ruth 77-inch Fabric Upholstered Track Arm Sofa Matcha Green,Sofas,Sofa,Matcha,"Streamlined and inviting, this modern sofa blends tailored form with everyday comfort. A low profile and clean lines define its silhouette, while plush foam cushions and tight upholstery create a polished yet relaxed look. The slim track arms and angled legs add a subtle mid-century touch. Perfect for compact apartments, casual lounges, or modern living rooms, this versatile three-seater anchors any space with softness and structure.","76.5""w x 31.5""d x 33.5""h",83.77,coasterfurniture.com listed,"Plush back and seat cushions provide supportive comfort for everyday lounging | Slim track arms and piped edges add tailored definition to the structured frame | Sofa in matcha green fabric features a clean-lined silhouette with modern visual softness | Angled plastic legs create lift and offer a sturdy, contemporary foundation | Upholstered in soft fabric with smooth texture and subtle tonal variation | Versatile size fits comfortably in apartments, open layouts, or casual living rooms",12,511214-1.jpg,https://www.coasterfurniture.com/furniture/category/Sofas/Ruth-Sofa/511214
511232,Amador Chenille Upholstered Track Arm Loveseat Camel,Loveseats,Loveseat,,"A compact version of the same relaxed silhouette, this chenille loveseat brings broad track arms and deep loose cushions into smaller living spaces. Chenille upholstery adds soft texture across the tailored frame, while reversible seat and back cushions support everyday use. Foam and pocket coil seat cushions pair with S-spring construction for resilient comfort, and two lumbar pillows add a finished lounge-ready layer.","64""w x 38""d x 35""h",106.48,coasterfurniture.com listed,Camel upholstery gives the loveseat a warm neutral look for everyday living spaces | Chenille loveseat brings broad track arms and relaxed texture to smaller rooms | Dark brown rubberwood legs ground the compact frame with understated contrast | Foam and pocket coil seat cushions work with S-spring support for casual comfort | Reversible seat and back cushions help keep the seating surface easy to refresh | Two lumbar pillows add soft support and complete the layered loveseat profile,12,511232-1.jpg,https://www.coasterfurniture.com/furniture/category/Loveseats/Amador-Track-Arm-Loveseat/511235
511235,Amador Chenille Upholstered Track Arm Loveseat Chocolate,Loveseats,Loveseat,,"A compact version of the same relaxed silhouette, this chenille loveseat brings broad track arms and deep loose cushions into smaller living spaces. Chenille upholstery adds soft texture across the tailored frame, while reversible seat and back cushions support everyday use. Foam and pocket coil seat cushions pair with S-spring construction for resilient comfort, and two lumbar pillows add a finished lounge-ready layer.","64""w x 38""d x 35""h",106.48,coasterfurniture.com listed,Chenille loveseat brings broad track arms and rich texture to smaller rooms | Chocolate upholstery gives the loveseat a deep brown look for everyday living spaces | Dark brown rubberwood legs ground the compact frame with understated contrast | Foam and pocket coil seat cushions work with S-spring support for casual comfort | Reversible seat and back cushions help keep the seating surface easy to refresh | Two lumbar pillows add soft support and complete the layered loveseat profile,12,511235-1.jpg,https://www.coasterfurniture.com/furniture/category/Loveseats/Amador-Track-Arm-Loveseat/511235
610352P,Collins Modular Power Loveseat Chocolate Brown,Loveseats,Power Reclining Loveseat,,"Modular power loveseat keeps the room feeling close and calm, inviting you to settle in as the day quiets down. Fabric upholstery and foam cushioning sit on plywood and engineered wood construction, reinforced with metal and plastic for daily support. Black legs keep the profile grounded. Recline with power, ease into a comfortable angle, and let a smaller space feel purposeful, relaxed, and ready for the evening.","86""w x 40""d x 38""h",241.12,coasterfurniture.com listed,"Black legs add contrast and keep the base grounded within flexible modular layouts | Chocolate brown modular power loveseat offers reclining comfort in a space-aware profile | Corduroy upholstery in 100% polyester layers easily into contemporary room styling | Foam cushioning keeps seating supportive while the profile stays neat and modern | Plywood and engineered wood frame with metal and plastic reinforcement supports use | Power reclining adjusts smoothly to support movie nights, reading, or quiet downtime",13,610352P-1.jpg,https://www.coasterfurniture.com/furniture/category/Loveseats/Collins-Power-Loveseat/610362P
609532P,Collins Modular Power Loveseat Dark Grey,Loveseats,Power Reclining Loveseat,Dark Grey,"Modular power loveseat keeps the room feeling close and calm, inviting you to settle in as the day quiets down. Fabric upholstery and foam cushioning sit on plywood and engineered wood construction, reinforced with metal and plastic for daily support. Black legs keep the profile grounded. Recline with power, ease into a comfortable angle, and let a smaller space feel purposeful, relaxed, and ready for the evening.","86""w x 40""d x 38""h",241.12,coasterfurniture.com listed,"Black legs add contrast and keep the base grounded within flexible modular layouts | Dark grey modular power loveseat offers reclining comfort in a space-aware seating profile | Fabric upholstery in 100% polyester coordinates easily with transitional room styling | Foam cushioning keeps seating supportive while the profile stays neat and modern | Plywood and engineered wood frame with metal and plastic reinforcement supports use | Power reclining adjusts smoothly to support movie nights, reading, or quiet downtime",13,609532P-1.jpg,https://www.coasterfurniture.com/furniture/category/Loveseats/Collins-Power-Loveseat/610362P
609562P,Collins Modular Power Loveseat Grey,Loveseats,Power Reclining Loveseat,Grey,"Modular power loveseat keeps the room feeling close and calm, inviting you to settle in as the day quiets down. Fabric upholstery and foam cushioning sit on plywood and engineered wood construction, reinforced with metal and plastic for daily support. Black legs keep the profile grounded. Recline with power, ease into a comfortable angle, and let a smaller space feel purposeful, relaxed, and ready for the evening.","86""w x 40""d x 38""h",241.12,coasterfurniture.com listed,"Black legs add contrast and keep the base grounded within flexible modular layouts | Fabric upholstery in 100% polyester coordinates easily with transitional room styling | Foam cushioning keeps seating supportive while the profile stays neat and modern | Grey modular power loveseat offers reclining comfort in a space-aware seating profile | Plywood and engineered wood frame with metal and plastic reinforcement supports use | Power reclining adjusts smoothly to support movie nights, reading, or quiet downtime",13,609562P-1.jpg,https://www.coasterfurniture.com/furniture/category/Loveseats/Collins-Power-Loveseat/610362P
610362P,Collins Modular Power Loveseat Black,Loveseats,Power Reclining Loveseat,,"Modular power loveseat keeps the room feeling close and calm, inviting you to settle in as the day quiets down. Fabric upholstery and foam cushioning sit on plywood and engineered wood construction, reinforced with metal and plastic for daily support. Black legs keep the profile grounded. Recline with power, ease into a comfortable angle, and let a smaller space feel purposeful, relaxed, and ready for the evening.","86""w x 40""d x 38""h",241.12,coasterfurniture.com listed,"Black legs add contrast and keep the base grounded within flexible modular layouts | Black modular power loveseat offers reclining comfort in a space-aware seating profile | Corduroy upholstery in 100% polyester layers easily into contemporary room styling | Foam cushioning keeps seating supportive while the profile stays neat and modern | Plywood and engineered wood frame with metal and plastic reinforcement supports use | Power reclining adjusts smoothly to support movie nights, reading, or quiet downtime",13,610362P-1.jpg,https://www.coasterfurniture.com/furniture/category/Loveseats/Collins-Power-Loveseat/610362P
603372,Hamilton Chenille Manual Reclining Loveseat Sand,Loveseats,Motion Loveseat,Sand,"Generously padded arms and segmented back cushions give this manual reclining loveseat an inviting, lounge-ready presence for shared seating areas. Chenille upholstery wraps the cushioned seating in soft texture, while the compact two-seat profile feels substantial without overpowering the room. Manual reclining footrests extend for a laid-back position, making the loveseat a comfortable choice for everyday relaxation.","50""w x 38.75""d x 39.25""h",120.15,coasterfurniture.com listed,Foam cushioning and metal reclining hardware support daily living room use | Generously padded arms give the loveseat a plush and relaxed side profile | Manual reclining footrests extend for laid-back seating without power controls | Manual reclining loveseat brings padded two-seat comfort to living rooms | Sand chenille upholstery adds soft texture across the loveseat frame | Segmented back cushions create supportive comfort for shared lounging,12,603372-1.jpg,https://www.coasterfurniture.com/furniture/category/Loveseats/Hamilton-Upholstered-Reclining-Sofa/603375
603375,Hamilton Chenille Manual Reclining Loveseat Charcoal Grey,Loveseats,Motion Loveseat,Charcoal Grey,"Generously padded arms and segmented back cushions give this manual reclining loveseat an inviting, lounge-ready presence for shared seating areas. Chenille upholstery wraps the cushioned seating in soft texture, while the compact two-seat profile feels substantial without overpowering the room. Manual reclining footrests extend for a laid-back position, making the loveseat a comfortable choice for everyday relaxation.","50""w x 38.75""d x 39.25""h",120.15,coasterfurniture.com listed,Charcoal grey chenille adds soft texture across the loveseat frame | Foam cushioning and metal reclining hardware support daily living room use | Generously padded arms give the loveseat a plush and relaxed side profile | Manual reclining footrests extend for laid-back seating without power controls | Manual reclining loveseat brings padded two-seat comfort to living rooms | Segmented back cushions create supportive comfort for shared lounging,12,603375-1.jpg,https://www.coasterfurniture.com/furniture/category/Loveseats/Hamilton-Upholstered-Reclining-Sofa/603375
503062,Aleisha Fabric Upholstered Loveseat Mustard Yellow,Loveseats,Loveseat,Mustard Yellow,"Loveseat with rounded shelter arms and textured fabric upholstery adds cozy two-seat comfort to living rooms and dens. Vertical channel detailing across the inside back creates subtle texture while plush seat cushions encourage relaxed seating. A wood and plywood frame supports foam and polyester fiber cushioning for reliable everyday comfort, and dark brown legs provide contrast and lift beneath the warm mustard upholstery.","67""w x 35""d x 29.5""h",106.7,coasterfurniture.com listed,Mustard yellow fabric loveseat features rounded shelter arms and compact seating | Channel back detail adds subtle texture and tailored contemporary style | Soft fabric upholstery covers plush cushions for inviting daily seating | Foam and polyester fiber cushioning supports comfortable two-seat lounging | Dark brown legs add contrast and elevate the upholstered silhouette | Wood and plywood frame construction ensures reliable everyday durability,13,503062-1.jpg,https://www.coasterfurniture.com/furniture/category/Loveseats/Aleisha-Chenille-Upholstered-Loveseat/503062
503065,Aleisha Fabric Upholstered Loveseat Sand,Loveseats,Loveseat,,"Loveseat with rounded shelter arms and textured fabric upholstery adds cozy two-seat comfort to living rooms and dens. Vertical channel detailing across the inside back creates subtle texture while plush seat cushions encourage relaxed seating. A wood and plywood frame supports foam and polyester fiber cushioning for reliable everyday comfort, and dark brown legs provide contrast and lift beneath the sand upholstery.","67""w x 35""d x 29.5""h",106.7,coasterfurniture.com listed,Sand fabric loveseat features rounded shelter arms and a tailored two-seat profile | Vertical channel back detail adds subtle texture and structured visual interest | Textured fabric upholstery brings a soft look across the cushioned silhouette | Foam and polyester fiber cushioning supports comfortable everyday seating | Dark brown legs add contrast and lift beneath the upholstered frame | Wood and plywood construction reinforces reliable daily use and support,13,503065-1.jpg,https://www.coasterfurniture.com/furniture/category/Loveseats/Aleisha-Chenille-Upholstered-Loveseat/503062
503722,Whitney Contemporary Channel Tufted Woven Fabric Upholstered Loveseat,Loveseats,Loveseat,,"Channel tufted Woven Fabric loveseat brings sculpted curves and ribbed comfort to smaller rooms. A plywood and wood frame supports foam cushioning with polyester fiber fill, wrapped in 100% polyester Woven Fabric. Rounded arms and a low profile keep the silhouette clean, while loose back pillows add relaxed support. Vertical channeling across the seat and back creates dimensional style. Use this settee to complete a conversation area and enjoy everyday lounging.","65.5""w x 37""d x 29""h",104.5,coasterfurniture.com listed,"Pebble Woven Fabric loveseat features channel tufting, rounded arms, and dark brown legs | Deep vertical channels add ribbed texture for a sculptural, modern look throughout | Plush foam cushioning with polyester fiber fill supports relaxed everyday lounging | Sturdy plywood and wood frame keeps support stable under the soft curved profile | Compact footprint fits smaller rooms while keeping the silhouette airy and open | Loose back pillows add flexible comfort for reading, streaming, and conversation",11,503722-1.jpg,https://www.coasterfurniture.com/furniture/category/Loveseats/Whitney-Boucle-Upholstered-Loveseat/503722
506552,Finley Upholstered Padded Arm Tufted Loveseat Black,Loveseats,Loveseat,,"Loveseat delivers plush contemporary comfort with smooth leatherette upholstery, tufted back cushions, and generously padded headrests and arms. Its compact scale makes it well suited to apartments, dens, and paired seating layouts while still offering substantial support for everyday use. Pocket coil seating and supportive foam cushioning contribute to resilient comfort, and attached cushions help preserve a tidy tailored appearance. Choose this loveseat for smaller seating areas that need comfort, clean styling, and an easy-to-coordinate black finish.","56.75""w x 35""d x 40.25""h",87.08,coasterfurniture.com listed,Attached cushions keep the profile neat and easy to care for daily | Pocket coil seating helps maintain comfort and resilience over time | Tufted back cushions add subtle detail to the clean tailored silhouette | Compact footprint works well in apartments dens and smaller seating areas | Loveseat in black leatherette offers compact comfort with modern style | Padded headrests and arms provide soft support for everyday relaxation,10,506552-1.jpg,https://www.coasterfurniture.com/furniture/category/Loveseats/Finley-Loveseat/506552
506592,Arabella Upholstered Padded Arm Loveseat Grey,Loveseats,Loveseat,,"Bring modern sophistication to your living space with this contemporary loveseat, designed for comfort and everyday durability. Upholstered in smooth grey leatherette with subtle stitched detailing, it offers a polished yet inviting look. Padded cushions and pillow-top arms create a relaxing seating experience, while a high pillow back provides excellent support. Supported by dark brown block-style legs and a sturdy wooden frame, this loveseat is both stylish and reliable, making it a versatile addition to small spaces or larger living rooms.","58.75""w x 35""d x 37.5""h",87.08,coasterfurniture.com listed,"Dark brown block-style legs add a grounded finish and enhance the loveseat’s sleek silhouette | Durable wooden frame construction ensures reliable stability and everyday lasting performance | Compact size makes this loveseat a versatile choice for small apartments or spacious homes | Loveseat upholstered in smooth grey leatherette with subtle stitched accents for modern style | Plush padded seating and pillow-top arms offer long-lasting comfort and everyday relaxation | High pillow back design provides supportive seating, ideal for lounging or casual entertaining",7,506592-1.jpg,https://www.coasterfurniture.com/furniture/category/Loveseats/Arabella-Loveseat/506592
504972,Isabella Fabric Upholstered Loveseat Sand,Loveseats,Loveseat,Sand,"Stationary loveseat brings a rounded contemporary silhouette to compact seating areas with smooth curves, sloped arms, and a softly sculpted profile. The tight back and broad seat keep the look clean and composed while supporting everyday lounging. Black legs add contrast beneath the low frame, and durable wood construction with foam and premium fill cushioning creates a comfortable seat for apartments, family rooms, and relaxed conversation spaces.","68""w x 42""d x 32.5""h",108.68,coasterfurniture.com listed,"Sand loveseat features a rounded silhouette with sloped arms and a clean profile | Tight back and broad seat keep the look tailored and visually composed | Smooth fabric upholstery softens the sculpted frame with an inviting finish | Foam and premium fill cushioning supports everyday lounging, reading, and casual conversation | Black legs add crisp contrast and subtle lift beneath the curved silhouette | Durable wood construction reinforces reliable comfort for daily living room use",12,504972-1.jpg,https://www.coasterfurniture.com/furniture/category/Loveseats/Isabella-Loveseat/509872
509872,Isabella Faux Sheepskin Upholstered Loveseat Natural,Loveseats,Loveseat,Ivory,"Stationary loveseat brings a rounded contemporary silhouette to compact seating areas with smooth curves, sloped arms, and a softly sculpted profile. The tight back and broad seat keep the look clean and composed while supporting everyday lounging. Black legs add contrast beneath the low frame, and durable wood construction with foam cushioning creates a comfortable seat for apartments, family rooms, and relaxed conversation spaces.","68""w x 42""d x 32.5""h",108.68,coasterfurniture.com listed,"Black legs add crisp contrast and subtle lift beneath the curved silhouette | Durable wood construction reinforces reliable comfort for daily living room use | Faux sheepskin upholstery adds soft texture to the sculpted contemporary frame | Foam cushioning supports everyday lounging, reading, and casual conversation | Ivory faux sheepskin loveseat features a rounded silhouette with sloped arms | Tight back and broad seat keep the look tailored and visually composed",11,509872-1.jpg,https://www.coasterfurniture.com/furniture/category/Loveseats/Isabella-Loveseat/509872
506865,Sophia Upholstered Channel Tufted Loveseat Grey,Loveseats,Loveseat,Grey,"Infuse your living space with vintage glamour and modern sophistication through this sculptural loveseat. Wrapped in smooth grey velvet, it showcases a striking kidney-shaped silhouette that brings graceful movement and charm. Vertical channel tufting along the interior back creates dimension and texture, enhancing its refined profile. Supported by tapered stainless steel legs in a lustrous gold finish, this piece embodies mid-century elegance while offering plush comfort for contemporary and transitional interiors.","73.5""w x 35.5""d x 33""h",77,coasterfurniture.com listed,"Curved kidney-shaped loveseat brings sculptural mid-century elegance | Upholstered in smooth grey velvet for a soft, refined texture and feel | Vertical channel tufting enhances depth and stylish visual dimension | Tapered gold stainless steel legs add a chic touch of modern glamour | Constructed with a fully encased solid wood frame for lasting support | Ideal for compact spaces or as a sophisticated living room centerpiece",10,506865-1.jpg,https://www.coasterfurniture.com/furniture/category/Loveseats/Sophia-Loveseat/506865
509172,Rainn Boucle Upholstered Sloped Arm Loveseat Latte,Loveseats,Loveseat,,"Gracefully contoured and inviting, this boucle loveseat brings soft sophistication to any space. The curved silhouette and sloped armrests offer a modern nod to mid-century design, while the latte boucle fabric provides tactile warmth and texture. Plush seat cushions ensure lasting comfort, complemented by accent pillows filled with premium faux down for a touch of luxury. Supported by discreet black legs, this loveseat balances elegance and coziness, creating a perfect retreat for contemporary living rooms.","65.5""w x 40""d x 33""h",98.78,coasterfurniture.com listed,"Curved loveseat wrapped in soft latte boucle upholstery for texture | Sloped armrests and rounded edges highlight graceful contours | Two plush seat cushions deliver superior comfort and support | Tight back design maintains a smooth, tailored modern appearance | Accent pillows with faux down fill enhance softness and appeal | Perfect for compact living areas seeking warmth and sophistication",12,509172-1.jpg,https://www.coasterfurniture.com/furniture/category/Loveseats/Rainn-Loveseat/509172
602552,Gilson Chenille Upholstered Reclining Loveseat Grey,Loveseats,Motion Loveseat,,"Experience superior comfort and functionality with this manual reclining loveseat. Upholstered in soft grey chenille, it combines cozy texture with supportive cushioning. The center console includes a soft-close compartment and removable stainless steel cup holders, keeping essentials within reach. Pillow top armrests and padded backs offer enhanced comfort for lounging. Perfect for movie nights or everyday relaxation, this loveseat balances luxury and practicality with effortless charm.","79.75""w x 40.5""d x 41.75""h",178.57,coasterfurniture.com listed,Manual reclining loveseat combines comfort and functionality | Soft grey chenille upholstery adds plush inviting appeal | Center console with removable stainless steel cup holders | Soft-close storage compartment for added convenience | Pillow top arms and padded backs ensure superior comfort | Smooth manual recline mechanism adjusts with ease,14,602552-1.jpg,https://www.coasterfurniture.com/furniture/category/Loveseats/Gilson-Reclining-Loveseat/602552
610242,Camila Upholstered Motion Reclining Loveseat Red,Loveseats,Motion Loveseat,Red,"Motion reclining loveseat brings plush comfort and tailored support to compact living rooms, family rooms, and media spaces. Structured backs, padded pillow arms, and channeled seat styling create a composed silhouette that still feels easy for everyday lounging. Leatherette upholstery covers foam cushioning over a plywood frame with a metal reclining mechanism, giving the piece smooth manual motion and dependable support. Its scaled profile suits movie nights, reading, and daily relaxation.","61.75""w x 38.25""d x 38""h",154.44,coasterfurniture.com listed,"Manual reclining seats adjust easily for reading, lounging, and movie night comfort | Padded pillow arms add comfort while softening the transitional loveseat silhouette | Plywood frame and metal mechanism support dependable everyday reclining use | Red reclining loveseat features smooth leatherette upholstery and plush seating | Red upholstery adds bold warmth and character to compact seating areas at home | Structured backs and channeled cushions keep the profile tailored and supportive",12,610242-1.jpg,https://www.coasterfurniture.com/furniture/category/Loveseats/Camila-Reclining-Loveseat/610242
610245,Camila Upholstered Motion Reclining Loveseat Black,Loveseats,Motion Loveseat,Black,"Motion reclining loveseat brings plush comfort and tailored support to compact living rooms, family rooms, and media spaces. Structured backs, padded pillow arms, and channeled seat styling create a composed silhouette that still feels easy for everyday lounging. Leatherette upholstery covers foam cushioning over a plywood frame with a metal reclining mechanism, giving the piece smooth manual motion and dependable support. Its scaled profile suits movie nights, reading, and daily relaxation.","61.75""w x 38.25""d x 38""h",154.44,coasterfurniture.com listed,"Black reclining loveseat features smooth leatherette upholstery and plush seating | Black upholstery keeps the look sleek, versatile, and easy to coordinate at home | Manual reclining seats adjust easily for reading, lounging, and movie night comfort | Padded pillow arms add comfort while softening the transitional loveseat silhouette | Plywood frame and metal mechanism support dependable everyday reclining use | Structured backs and channeled cushions keep the profile tailored and supportive",12,610245-1.jpg,https://www.coasterfurniture.com/furniture/category/Loveseats/Camila-Reclining-Loveseat/610242
610248,Camila Upholstered Motion Reclining Loveseat White,Loveseats,Motion Loveseat,,"Motion reclining loveseat brings plush seating and tailored structure to living rooms, family rooms, and media spaces. Structured backs, padded pillow arms, and channeled seat styling create a composed silhouette while maintaining relaxed comfort for everyday lounging. Leatherette upholstery covers foam cushioning over a plywood frame with a metal reclining mechanism, providing smooth manual motion and dependable support. The clean white upholstery adds a bright contemporary presence suited for movie nights, reading, and daily downtime.","61.75""w x 37.25""d x 39""h",154.32,coasterfurniture.com listed,White upholstery brightens compact seating areas with a clean modern look | White reclining loveseat features smooth leatherette upholstery and plush supportive seating | Manual reclining seats adjust easily for reading lounging and movie night comfort | Structured backs and channeled cushions maintain a tailored seating profile | Padded pillow arms provide comfort while softening the transitional loveseat silhouette | Plywood frame and metal mechanism support dependable everyday reclining use,11,610248-1.jpg,https://www.coasterfurniture.com/furniture/category/Loveseats/Camila-Reclining-Loveseat/610242
609542,Bahrain Upholstered Motion Loveseat Charcoal,Loveseats,Motion Sofa,,"Create the perfect retreat from the world, prioritizing comfort with this transitional reclining loveseat. Charcoal upholstery is smooth and soft, creating a stylish addition to your living room or den. Between the recliners is a center storage console with a compartment for accessories and essentials and a pair of cupholders to keep beverages within reach. Supportive seating is paired with plush cushions, offering exceptional comfort and relaxation for movie marathons and catching up with the family. Pillowtop armrests are a lush finishing touch, adding inviting comfort when curling up or kicking back.","86""w x 38.25""d x 39.75""h",177.54,coasterfurniture.com listed,Reclining loveseat in charcoal fabric creates a comfortable retreat for two | Plush cushions and supportive seating deliver inviting everyday comfort | Charcoal upholstery blends smoothly into living rooms dens and media spaces | Dual recliners encourage easy lounging for movies reading or family time | Pillowtop arms offer a soft finishing touch for curling up and relaxing | Center console adds storage and cupholders for essentials within easy reach,18,609542-1.jpg,https://www.coasterfurniture.com/furniture/category/Loveseats/Bahrain-Reclining-Loveseat/609542
610262P,Greenfield Upholstered Power Reclining Loveseat Dove Grey,Loveseats,Power Reclining Loveseat,Dove Grey,"Contemporary elegance plays out in a clean, modern design as the power loveseat delivers beauty and comfort to a space reserved for easy entertaining and relaxing. Leatherette upholstery covers a wood and plywood frame to provide a sturdy build, embellished with plump foam filled in tall, attached back cushions and supportive seat cushions. Subtle tufting cradles body positioning, aided in luxurious comfort by power reclining at the touch of a button on a switch panel with a convenient USB port. The loveseat includes a center console with storage and cup holders for added convenience.","71.75""w x 37""d x 39.75""h",189.59,coasterfurniture.com listed,Power reclining loveseat features smooth leatherette upholstery in a neutral tone | Power reclining function offers customized comfort at the touch of a button | Center console with storage and cup holders adds functional everyday convenience | Plump foam cushions with subtle tufting support comfortable body positioning | Built-in switch panel includes a convenient USB port for device charging | Attached seat and back cushions create a tailored clean modern silhouette,14,610262P-1.jpg,https://www.coasterfurniture.com/furniture/category/Loveseats/Greenfield-Power-Reclining-Loveseat/610262P
610265P,Greenfield Upholstered Power Reclining Loveseat Saddle Brown,Loveseats,Power Reclining Loveseat,Saddle Brown,"Contemporary elegance plays out in a clean, modern design as the power loveseat delivers beauty and comfort to a space reserved for easy entertaining and relaxing. Leatherette upholstery covers a wood and plywood frame to provide a sturdy build, embellished with plump foam filled in tall, attached back cushions and supportive seat cushions. Subtle tufting cradles body positioning, aided in luxurious comfort by power reclining at the touch of a button on a switch panel with a convenient USB port. The loveseat includes a center console with storage and cup holders for added convenience.","71.75""w x 37""d x 39.75""h",189.59,coasterfurniture.com listed,Power reclining loveseat features smooth leatherette upholstery in a rich tone | Power reclining function offers customized comfort at the touch of a button | Center console with storage and cup holders adds functional everyday convenience | Plump foam cushions with subtle tufting support comfortable body positioning | Built-in switch panel includes a convenient USB port for device charging | Attached seat and back cushions create a tailored clean modern silhouette,14,610265P-1.jpg,https://www.coasterfurniture.com/furniture/category/Loveseats/Greenfield-Power-Reclining-Loveseat/610262P
508282,Ellington Upholstered Padded Arm Loveseat Dark Brown,Loveseats,Loveseat,,"Spotlight comfort in a transitional loveseat. In dark brown faux leather upholstery, it features a slightly mottled look that adds authenticity. Cushions are filled with foam and seats include pocket coil springs, ensuring exceptional support for game days and relaxing at home. Pillowtop arms invite lounging, providing a great place to curl up with a book or a quick cat nap. Webbed decking support and sinuous spring seat decking complete the design with incredible comfort.","63""w x 39""d x 40.5""h",110.23,coasterfurniture.com listed,"Dark brown coated microfiber adds a rich, authentic leather-inspired look | Transitional loveseat designed for plush and cozy two-person seating | Pillowtop arms provide an ultra-comfortable feel for lounging or naps | Foam-filled cushions and pocket coil springs deliver premium support | Webbed seat decking and sinuous springs enhance durability and comfort | Compact size is perfect for smaller spaces or as part of a coordinated set",12,508282-1.jpg,https://www.coasterfurniture.com/furniture/category/Loveseats/Ellington-Loveseat/508282
610272,Sloane Upholstered Padded Arm Reclining Loveseat Blue,Loveseats,Motion Loveseat,,"Imagine a cozy spot made for shared evenings, where this reclining loveseat brings together soft support and polished comfort. Blue leatherette upholstery wraps the silhouette in a smooth, tailored finish, while padded arms and attached cushions create an inviting place to settle in. The center storage console keeps essentials close, with removable stainless steel cup holders and dual USB charging adding practical ease.","78.75""w x 39.25""d x 40.25""h",179.68,coasterfurniture.com listed,Reclining loveseat in blue features padded arms and a cozy profile | Removable stainless steel cup holders support everyday relaxation | Blue leatherette upholstery adds a smooth and tailored modern finish | Center console provides convenient storage between the two seats | Dual USB ports add easy charging access within the storage console | Attached cushions with pocket coil seating support lasting comfort,12,610272-1.jpg,https://www.coasterfurniture.com/furniture/category/Loveseats/Sloane-Reclining-Loveseat/610272
603192,Raelynn Upholstered Track Arm Motion Loveseat Grey,Loveseats,Motion Loveseat,,"Blending modern and transitional design, this motion loveseat delivers both style and comfort. Upholstered in smooth grey leatherette, it features decorative vertical topstitching for visual dimension. Plush foam padding and pocket coil spring cushions provide supportive comfort, while ultra-padded headrests enhance relaxation. A wall-hugger reclining mechanism saves space, and a flip-top center console offers storage for remotes and essentials. Two built-in cup holders keep beverages within reach, making this loveseat perfect for everyday lounging.","70.75""w x 40.5""d x 41.25""h",175.64,coasterfurniture.com listed,"Motion loveseat upholstered in smooth grey leatherette with vertical topstitching | Manual reclining seats offer customizable comfort for daily lounging needs | Wall-hugger mechanism allows reclining without taking up extra room space | Plush foam padding and pocket coil seating provide durable supportive comfort | Center console flips open to store remotes, magazines, and small accessories | Two built-in cup holders keep drinks within reach for movie nights or relaxing",13,603192-1.jpg,https://www.coasterfurniture.com/furniture/category/Loveseats/Raelynn-Reclining-Loveseat/603192
552062,Christine Upholstered Sloped Arm Loveseat Beige,Loveseats,Loveseat,,"Elevate your living space with this upholstered loveseat, wrapped in soft beige chenille for a cozy yet refined look. Designed with sloped track arms and tapered dark brown wooden legs, it offers a balanced blend of comfort and sophistication. Boxed seat and back cushions with classic welt trim highlight its tailored design, while coordinating accent pillows in copper and coral hues add a subtle touch of contrast. Ideal for modern or transitional interiors, this loveseat provides timeless style and inviting comfort.","63.25""w x 36.25""d x 36.25""h",90.64,coasterfurniture.com listed,Upholstered loveseat with smooth transitional styling and comfort | Soft beige chenille upholstery brightens and softens any space | Sloped track arms deliver a graceful and refined silhouette | Boxed seat and back cushions include classic welt detailing | Copper and coral accent pillows introduce warm tonal contrast | Tapered solid wood legs provide durability and subtle height,13,552062-1.jpg,https://www.coasterfurniture.com/furniture/category/Loveseats/Christine-Loveseat/552062
651352,Greer Upholstered Motion Reclining Loveseat Taupe,Loveseats,Glider Loveseat,Taupe,"This glider loveseat pairs cozy support with clever convenience. Manual reclining seats invite you to unwind as a smooth gliding mechanism soothes between scenes. A center console adds lift-top storage, a pop-up power hub with USB charging, and stainless steel cup holders to keep essentials close. Supportive pocket-coil cushions and memory foam cradle every position. Trim leatherette with contrast stitching covers a durable frame of foam, engineered wood, and heavy gauge metal.","77""w x 38""d x 40""h",192.9,coasterfurniture.com listed,"Smooth gliding motion adds soothing movement between shows or chats | Glider loveseat in taupe faux leather with contrast stitching and padded arms | Manual reclining seats deliver easy comfort for shared relaxation time | Lift-top console provides storage, pop-up power with two AC and two USB | Two stainless steel cup holders keep refreshments close at hand | Pocket-coil cushions with memory foam ensure supportive, lasting comfort",11,651352-1.jpg,https://www.coasterfurniture.com/furniture/category/Loveseats/Greer-Glider-Reclining-Loveseat/651352
651355,Greer Upholstered Motion Reclining Loveseat Brown,Loveseats,Glider Loveseat,Brown,"This glider loveseat pairs cozy support with clever convenience. Manual reclining seats invite you to unwind as a smooth gliding mechanism soothes between scenes. A center console adds lift-top storage, a pop-up power hub with USB charging, and stainless steel cup holders to keep essentials close. Supportive pocket-coil cushions and memory foam cradle every position. Trim leatherette with contrast stitching covers a durable frame of foam, engineered wood, and heavy gauge metal.","77""w x 38""d x 40""h",192.9,coasterfurniture.com listed,"Glider loveseat in brown faux leather with tailored contrast stitch detail | Gentle gliding mechanism provides calming motion while you relax | Manual reclining seats offer effortless comfort for everyday lounging | Lift-top console adds storage, pop-up power with two AC and two USB | Two stainless steel cup holders offer convenient beverage placement | Pocket-coil cushions with memory foam deliver supportive, plush seating",11,651355-1.jpg,https://www.coasterfurniture.com/furniture/category/Loveseats/Greer-Glider-Reclining-Loveseat/651352
610282,Brentwood Upholstered Motion Reclining Loveseat Taupe,Loveseats,Motion Loveseat,Taupe,"Revamp your living room or den with the inviting comfort of a modern reclining loveseat. Complete with a center console that adds storage and a pair of cupholders, this loveseat is sure to become your favorite on movie nights and game days. It features sleek track arms with modern tufted accents that create impeccable support. Suede-like upholstery has a soft, matte effect in taupe, perfect for augmenting with neutral appeal. Add a pair of throw pillows to bring a personal touch to this look.","71.25""w x 36.5""d x 39.25""h",170.85,coasterfurniture.com listed,Taupe reclining loveseat features a clean modern profile with track arms | Suede-like upholstery offers a soft matte texture in a versatile taupe tone | Sinuous spring seating and webbed backs support lasting everyday comfort | Manual recline on both seats supports movie nights and everyday relaxation | Tufted accents add tailored detail and supportive comfort to the cushions | Center console adds storage and removable cupholders for added convenience,15,610282-1.jpg,https://www.coasterfurniture.com/furniture/category/Loveseats/Brentwood-Reclining-Loveseat/610282
610285,Brentwood Upholstered Reclining Loveseat Dark Charcoal,Loveseats,Motion Loveseat,Dark Charcoal,"Revamp your living room or den with the inviting comfort of a modern reclining loveseat. Complete with a center console that adds storage and a pair of cupholders, this loveseat is sure to become your favorite on movie nights and game days. It features sleek track arms with modern tufted accents that create impeccable support. Suede-like upholstery has a soft, matte effect in dark charcoal, perfect for augmenting with neutral appeal. Add a pair of throw pillows to bring a personal touch to this look.","71.25""w x 36.5""d x 39.25""h",170.85,coasterfurniture.com listed,Dark charcoal reclining loveseat features a clean modern profile with track arms | Suede-like upholstery offers a soft matte texture in a rich charcoal tone | Sinuous spring seating and webbed backs support lasting everyday comfort | Manual recline on both seats supports movie nights and everyday relaxation | Tufted accents add tailored detail and supportive comfort to the cushions | Center console adds storage and removable cupholders for added convenience,14,610285-1.jpg,https://www.coasterfurniture.com/furniture/category/Loveseats/Brentwood-Reclining-Loveseat/610282
903075,Leon Upholstered Barrel Accent Swivel Chair Hunter Green,Chairs & Seating,Accent Chair,Hunter Green,"Swivel accent chair updates the classic club silhouette with cozy modern character and effortless versatility. Its rounded barrel back creates a supportive seat that feels inviting from every angle, while soft upholstery in a rich hunter green tone adds depth and personality to the room. The chair rotates smoothly on a black swivel base, encouraging conversation and easy movement in multifunctional spaces. Plush cushioning enhances comfort, making it a stylish choice for living rooms, dens, and relaxed corners that need warmth and flexibility.","30.75""w x 31""d x 30.5""h",50.72,coasterfurniture.com listed,Swivel accent chair updates the club silhouette with cozy modern style | Black swivel base allows easy movement and conversational flexibility | Rounded barrel back offers supportive comfort with inviting softness | Hunter green upholstery adds rich color and depth to living spaces | Plush cushioning creates a comfortable seat for lounging every day | A smart fit for dens living rooms and multifunctional seating areas,12,903075-1.jpg,https://www.coasterfurniture.com/furniture/category/Chairs-%26-Seating/Leon-Swivel-Accent-Chair/903411
903076,Leon Upholstered Barrel Accent Swivel Chair Mustard Yellow,Chairs & Seating,Accent Chair,Mustard Yellow,"Swivel accent chair updates the classic club silhouette with cozy modern character and effortless versatility. Its rounded barrel back creates a supportive seat that feels inviting from every angle, while soft upholstery in a warm mustard yellow tone adds depth and personality to the room. The chair rotates smoothly on a black swivel base, encouraging conversation and easy movement in multifunctional spaces. Plush cushioning enhances comfort, making it a stylish choice for living rooms, dens, and relaxed corners that need warmth and flexibility.","30.75""w x 31""d x 30.5""h",50.72,coasterfurniture.com listed,Swivel accent chair updates the club silhouette with cozy modern style | Black swivel base allows easy movement and conversational flexibility | Rounded barrel back offers supportive comfort with inviting softness | Mustard yellow upholstery adds warmth and vibrant character to a room | Plush cushioning creates a comfortable seat for lounging every day | A smart fit for dens living rooms and multifunctional seating areas,12,903076-1.jpg,https://www.coasterfurniture.com/furniture/category/Chairs-%26-Seating/Leon-Swivel-Accent-Chair/903411
903411,Leon Chenille Upholstered Swivel Accent Chair Beige,Chairs & Seating,Accent Chair,,"A rounded barrel profile gives this swivel accent chair a sculptural, lounge-ready presence. Chenille upholstery wraps the seat and curved back with soft texture, while foam cushioning shapes a generous place to settle in. Engineered wood and metal construction support the fully upholstered form, and the exposed black metal swivel base adds a practical rotating function. Place it in a living room, bedroom corner, or reading area where compact comfort needs a polished silhouette.","30.75""w x 31""d x 30.5""h",47.41,coasterfurniture.com listed,Beige chenille upholstery wraps the seat and curved back with soft visible texture | Black metal swivel base lets the chair rotate smoothly within a compact footprint | Curved wraparound back creates a sheltered profile for relaxed everyday seating comfort | Foam cushioning supports a generous seat while keeping the profile clean and tailored | Fully upholstered sides give the chair a polished look from multiple room angles | Swivel accent chair pairs compact lounge comfort with a rounded barrel silhouette,12,903411-1.jpg,https://www.coasterfurniture.com/furniture/category/Chairs-%26-Seating/Leon-Swivel-Accent-Chair/903411
903412,Leon Chenille Upholstered Swivel Accent Chair Green,Chairs & Seating,Accent Chair,,"A rounded barrel profile gives this swivel accent chair a sculptural, lounge-ready presence. Chenille upholstery wraps the seat and curved back with soft texture, while foam cushioning shapes a generous place to settle in. Engineered wood and metal construction support the fully upholstered form, and the exposed black metal swivel base adds a practical rotating function. Place it in a living room, bedroom corner, or reading area where compact comfort needs a polished silhouette.","30.75""w x 31""d x 30.5""h",47.41,coasterfurniture.com listed,Black metal swivel base lets the chair rotate smoothly within a compact footprint | Curved wraparound back creates a sheltered profile for relaxed everyday seating comfort | Foam cushioning supports a generous seat while keeping the profile clean and tailored | Fully upholstered sides give the chair a polished look from multiple room angles | Green chenille upholstery wraps the seat and curved back with soft visible texture | Swivel accent chair pairs compact lounge comfort with a rounded barrel silhouette,12,903412-1.jpg,https://www.coasterfurniture.com/furniture/category/Chairs-%26-Seating/Leon-Swivel-Accent-Chair/903411
903413,Leon Chenille Upholstered Swivel Accent Chair Black,Chairs & Seating,Accent Chair,,"A rounded barrel profile gives this swivel accent chair a sculptural, lounge-ready presence. Chenille upholstery wraps the seat and curved back with soft texture, while foam cushioning shapes a generous place to settle in. Engineered wood and metal construction support the fully upholstered form, and the exposed black metal swivel base adds a practical rotating function. Place it in a living room, bedroom corner, or reading area where compact comfort needs a polished silhouette.","30.75""w x 31""d x 30.5""h",47.41,coasterfurniture.com listed,Black chenille upholstery wraps the seat and curved back with soft visible texture | Black metal swivel base lets the chair rotate smoothly within a compact footprint | Curved wraparound back creates a sheltered profile for relaxed everyday seating comfort | Foam cushioning supports a generous seat while keeping the profile clean and tailored | Fully upholstered sides give the chair a polished look from multiple room angles | Swivel accent chair pairs compact lounge comfort with a rounded barrel silhouette,12,903413-1.jpg,https://www.coasterfurniture.com/furniture/category/Chairs-%26-Seating/Leon-Swivel-Accent-Chair/903411
511233,Amador Chenille Upholstered Track Arm Accent Chair Camel,Chairs & Seating,Chair,,"This chenille accent chair carries the seating profile into a single lounge piece with broad track arms, a loose back cushion, and a deep seat. Chenille upholstery adds soft texture over the boxy frame, while reversible seat and back cushions support practical everyday use. Foam and pocket coil seating pairs with S-spring construction, and one lumbar pillow adds a relaxed finishing layer.","42""w x 38""d x 35""h",75.46,coasterfurniture.com listed,Camel upholstery gives the chair a warm neutral tone for living room seating | Chenille accent chair brings broad track arms and a relaxed boxy lounge profile | Dark brown rubberwood legs finish the low chair profile with subtle grounding | Foam and pocket coil seat cushion pairs with S-spring support for everyday comfort | One lumbar pillow adds casual support across the deep upholstered seat | Reversible seat and back cushions help refresh the chair through regular use,11,511233-1.jpg,https://www.coasterfurniture.com/furniture/category/Chairs-%26-Seating/Amador-Track-Arm-Accent-Chair/511233
511236,Amador Chenille Upholstered Track Arm Accent Chair Chocolate,Chairs & Seating,Chair,,"This chenille accent chair carries the seating profile into a single lounge piece with broad track arms, a loose back cushion, and a deep seat. Chenille upholstery adds soft texture over the boxy frame, while reversible seat and back cushions support practical everyday use. Foam and pocket coil seating pairs with S-spring construction, and one lumbar pillow adds a relaxed finishing layer.","42""w x 38""d x 35""h",75.46,coasterfurniture.com listed,Chenille accent chair brings broad track arms and a relaxed boxy lounge profile | Chocolate upholstery gives the chair a rich brown tone for living room seating | Dark brown rubberwood legs finish the low chair profile with subtle grounding | Foam and pocket coil seat cushion pairs with S-spring support for everyday comfort | One lumbar pillow adds casual support across the deep upholstered seat | Reversible seat and back cushions help refresh the chair through regular use,11,511236-1.jpg,https://www.coasterfurniture.com/furniture/category/Chairs-%26-Seating/Amador-Track-Arm-Accent-Chair/511233
901372,Lawler Upholstered Barrel Back Accent Chair Ivory and Black,Chairs & Seating,Accent Chair,,"Accent chair introduces a sculptural barrel-back silhouette that wraps the seat in a smooth, continuous curve. Soft boucle upholstery adds visual texture while the rounded back and arms create a relaxed, inviting lounge profile. A generously padded seat rests within the upholstered frame, supported by a contrasting base that grounds the design. Contemporary in form yet warm in presence, this accent chair brings casual sophistication to living rooms, reading corners, or bedroom seating areas.","38""w x 32.75""d x 28""h",70.55,coasterfurniture.com listed,Accent chair features a sculpted barrel-back silhouette that wraps the seat in a soft continuous curve | Compact lounge profile works well in living rooms bedrooms or reading corners | Contrasting black base and legs ground the design with bold contemporary contrast | Generously padded seat cushion creates a relaxed lounge chair feel for everyday comfort | Ivory boucle upholstery introduces rich texture and a cozy contemporary seating profile | Rounded arms blend seamlessly into the curved back for a clean modern silhouette,11,901372-1.jpg,https://www.coasterfurniture.com/furniture/category/Chairs-%26-Seating/Lawler-Accent-Chair/901372
903169,Lawler Upholstered Barrel Back Accent Chair Ivory and Natural,Chairs & Seating,Accent Chair,Ivory / Natural,"Accent chair introduces a sculptural barrel-back silhouette that wraps the seat in a smooth, continuous curve. Soft boucle upholstery adds visual texture while the rounded back and arms create a relaxed, inviting lounge profile. A generously padded seat rests within the upholstered frame, supported by a contrasting base that grounds the design. Contemporary in form yet warm in presence, this accent chair brings casual sophistication to living rooms, reading corners, or bedroom seating areas.","38""w x 32.75""d x 28""h",70.55,coasterfurniture.com listed,Generously padded seat cushion creates a relaxed lounge chair feel for everyday comfort | Ivory boucle upholstery introduces rich texture and a cozy contemporary seating profile | Natural wood base and legs add warmth while supporting the sculptural chair form | Rounded arms blend seamlessly into the curved back for a clean modern silhouette | Accent chair features a sculpted barrel-back silhouette that wraps the seat in a soft continuous curve | Compact lounge profile works well in living rooms bedrooms or reading corners,11,903169-1.jpg,https://www.coasterfurniture.com/furniture/category/Chairs-%26-Seating/Lawler-Accent-Chair/901372
903170,Lawler Upholstered Barrel Back Accent Chair Brown and Black,Chairs & Seating,Accent Chair,Brown / Black,"Accent chair introduces a sculptural barrel-back silhouette that wraps the seat in a smooth, continuous curve. Soft boucle upholstery adds visual texture while the rounded back and arms create a relaxed, inviting lounge profile. A generously padded seat rests within the upholstered frame, supported by a contrasting base that grounds the design. Contemporary in form yet warm in presence, this accent chair brings casual sophistication to living rooms, reading corners, or bedroom seating areas.","38""w x 32.75""d x 28""h",70.55,coasterfurniture.com listed,Accent chair features a sculpted barrel-back silhouette that wraps the seat in a soft continuous curve | Black base and legs ground the sculptural chair form with bold contemporary contrast | Brown boucle upholstery adds warm texture and depth to the contemporary seating design | Compact lounge profile works well in living rooms bedrooms or reading corners | Generously padded seat cushion creates a relaxed lounge chair feel for everyday comfort | Rounded arms blend seamlessly into the curved back for a clean modern silhouette,11,903170-1.jpg,https://www.coasterfurniture.com/furniture/category/Chairs-%26-Seating/Lawler-Accent-Chair/901372
903255,Iris Fabric Upholstered Swivel Accent Chair Ivory,Chairs & Seating,Swivel Accent Chair,Ivory,"Swivel accent chair pairs a rounded contemporary silhouette with a smooth rotating pedestal base for flexible lounge seating. Polyester upholstery wraps foam cushioning and a loose back pillow, creating relaxed comfort for living rooms and reading areas. Wide track arms soften the profile while the circular coffee brown wood base introduces warmth and stability. Designed for everyday conversation seating, the chair rotates easily while maintaining a tailored modern presence.","29.25""w x 30""d x 33""h",72.75,coasterfurniture.com listed,"Foam cushioning creates comfortable support for reading and conversation | Ivory swivel accent chair features soft polyester upholstery and a lounge silhouette | Smooth 360-degree swivel base allows easy movement while seated | Wide track arms and loose back cushion support relaxed everyday seating | Coffee brown wood base adds warmth and stable pedestal support | Contemporary design fits living rooms, lounges, and reading corners",12,903255-1.jpg,https://www.coasterfurniture.com/furniture/category/Chairs-%26-Seating/Iris-Swivel-Accent-Chair/903255
903256,Iris Fabric Upholstered Swivel Accent Chair Rust,Chairs & Seating,Swivel Accent Chair,Rust,"Swivel accent chair pairs a rounded contemporary silhouette with a smooth rotating pedestal base for flexible lounge seating. Polyester upholstery wraps foam cushioning and a loose back pillow, creating relaxed comfort for living rooms and reading areas. Wide track arms soften the profile while the circular coffee brown wood base introduces warmth and stability. Designed for everyday conversation seating, the chair rotates easily while maintaining a tailored modern presence.","29.25""w x 30""d x 33""h",72.75,coasterfurniture.com listed,"Coffee brown wood base adds warmth and stable pedestal support | Contemporary design fits living rooms, lounges, and reading corners | Foam cushioning creates comfortable support for reading and conversation | Rust swivel accent chair features soft polyester upholstery and a lounge silhouette | Smooth 360-degree swivel base allows easy movement while seated | Wide track arms and loose back cushion support relaxed everyday seating",12,903256-1.jpg,https://www.coasterfurniture.com/furniture/category/Chairs-%26-Seating/Iris-Swivel-Accent-Chair/903255
903257,Iris Fabric Upholstered Swivel Accent Chair Matcha,Chairs & Seating,Swivel Accent Chair,Matcha,"Swivel accent chair pairs a rounded contemporary silhouette with a smooth rotating pedestal base for flexible lounge seating. Polyester upholstery wraps foam cushioning and a loose back pillow, creating relaxed comfort for living rooms and reading areas. Wide track arms soften the profile while the circular coffee brown wood base introduces warmth and stability. Designed for everyday conversation seating, the chair rotates easily while maintaining a tailored modern presence.","29.25""w x 30""d x 33""h",72.75,coasterfurniture.com listed,"Coffee brown wood base adds warmth and stable pedestal support | Contemporary design fits living rooms, lounges, and reading corners | Foam cushioning creates comfortable support for reading and conversation | Matcha swivel accent chair features soft polyester upholstery and a lounge silhouette | Smooth 360-degree swivel base allows easy movement while seated | Wide track arms and loose back cushion support relaxed everyday seating",12,903257-1.jpg,https://www.coasterfurniture.com/furniture/category/Chairs-%26-Seating/Iris-Swivel-Accent-Chair/903255
903258,Iris Fabric Upholstered Swivel Accent Chair Stone,Chairs & Seating,Swivel Accent Chair,Stone,"Swivel accent chair pairs a rounded contemporary silhouette with a smooth rotating pedestal base for flexible lounge seating. Polyester upholstery wraps foam cushioning and a loose back pillow, creating relaxed comfort for living rooms and reading areas. Wide track arms soften the profile while the circular coffee brown wood base introduces warmth and stability. Designed for everyday conversation seating, the chair rotates easily while maintaining a tailored modern presence.","29.25""w x 30""d x 33""h",72.75,coasterfurniture.com listed,"Contemporary design fits living rooms, lounges, and reading corners | Foam cushioning creates comfortable support for reading and conversation | Smooth 360-degree swivel base allows easy movement while seated | Stone swivel accent chair features soft polyester upholstery and a lounge silhouette | Wide track arms and loose back cushion support relaxed everyday seating | Coffee brown wood base adds warmth and stable pedestal support",12,903258-1.jpg,https://www.coasterfurniture.com/furniture/category/Chairs-%26-Seating/Iris-Swivel-Accent-Chair/903255
903019,Rosalind Upholstered Track Arm Accent Chair Brown,Chairs & Seating,Accent Chair,,"Accent chair presents a clean-lined silhouette framed by slim track arms and an exposed metal base that creates a light architectural profile. Upholstered cushions shape the seat and back while the gently angled backrest supports relaxed lounging. The structured metal frame outlines the chair with modern definition, supporting padded cushions in a balanced contemporary design suited to living rooms reading spaces or office seating.","28""w x 30.25""d x 33""h",45.19,coasterfurniture.com listed,Accent chair showcases a clean track arm silhouette framed by a modern metal base | Arm pad detailing softens the track arms while maintaining the modern shape | Brown leatherette upholstery adds warm contemporary character to lounge seating | Generously padded seat and back cushions support comfortable everyday relaxation | Slim metal frame outlines the chair with a structured architectural profile | Versatile lounge chair suits living rooms reading corners or office seating,11,903019-1.jpg,https://www.coasterfurniture.com/furniture/category/Chairs-%26-Seating/Rosalind-Accent-Chair/903019
903021,Rosalind Upholstered Track Arm Accent Chair Black,Chairs & Seating,Accent Chair,Black,"Accent chair presents a clean-lined silhouette framed by slim track arms and an exposed metal base that creates a light architectural profile. Upholstered cushions shape the seat and back while the gently angled backrest supports relaxed lounging. The structured metal frame outlines the chair with modern definition, supporting padded cushions in a balanced contemporary design suited to living rooms reading spaces or office seating.","28""w x 30.25""d x 33""h",45.19,coasterfurniture.com listed,Accent chair showcases a clean track arm silhouette framed by a modern metal base | Arm pad detailing softens the track arms while maintaining the modern shape | Black leatherette upholstery sharpens the contemporary lounge seating profile | Generously padded seat and back cushions support comfortable everyday relaxation | Slim metal frame outlines the chair with a structured architectural profile | Versatile lounge chair suits living rooms reading corners or office seating,12,903021-1.jpg,https://www.coasterfurniture.com/furniture/category/Chairs-%26-Seating/Rosalind-Accent-Chair/903019
902487,Arnaud Chenille Upholstered Swivel Accent Chair Green,Chairs & Seating,Accent Swivel Chair,,"Swivel accent chair brings a sculptural, cocooning silhouette to the room with rounded arms, a deep seat, and a fully upholstered barrel-inspired profile. Soft chenille upholstery wraps the generous form, while the loose back pillow adds layered comfort and a relaxed finish. Foam cushioning with polyester fiber support rests over a plywood frame, and the swivel base adds easy movement without disrupting the chair’s clean shape. It creates an inviting seat for living rooms, bedrooms, and reading corners.","33""w x 34""d x 30""h",82.06,coasterfurniture.com listed,Accent chair in green features a rounded silhouette with a smooth swivel base | Chenille upholstery gives the chair a soft textured look with rich visual depth | Loose back pillow adds layered comfort and a relaxed tailored finishing touch | Deep seat and curved arms create a cocooning profile for everyday lounging | Plywood frame with foam and polyester fiber supports comfortable daily seating | Fully assembled design makes placement easy in living rooms or reading corners,9,902487-1.jpg,https://www.coasterfurniture.com/furniture/category/Chairs-%26-Seating/Arnaud-Upholstered-Swivel-Accent-Chair/903487
903487,Arnaud Chenille Upholstered Swivel Accent Chair Navy,Chairs & Seating,Accent Swivel Chair,Navy,"Swivel accent chair brings a sculptural, cocooning silhouette to the room with rounded arms, a deep seat, and a fully upholstered barrel-inspired profile. Soft chenille upholstery wraps the generous form, while the loose back pillow adds layered comfort and a relaxed finish. Foam cushioning with polyester fiber support rests over a plywood frame, and the swivel base adds easy movement without disrupting the chair’s clean shape. It creates an inviting seat for living rooms, bedrooms, and reading corners.","33""w x 34""d x 30""h",82.06,coasterfurniture.com listed,Accent chair in navy features a rounded silhouette with a smooth swivel base | Chenille upholstery gives the chair a soft textured look with rich visual depth | Deep seat and curved arms create a cocooning profile for everyday lounging | Fully assembled design makes placement easy in living rooms or reading corners | Loose back pillow adds layered comfort and a relaxed tailored finishing touch | Plywood frame with foam and polyester fiber supports comfortable daily seating,9,903487-1.jpg,https://www.coasterfurniture.com/furniture/category/Chairs-%26-Seating/Arnaud-Upholstered-Swivel-Accent-Chair/903487
903488,Arnaud Chenille Upholstered Swivel Accent Chair Burnt Orange,Chairs & Seating,Accent Swivel Chair,Burnt Orange,"Swivel accent chair brings a sculptural, cocooning silhouette to the room with rounded arms, a deep seat, and a fully upholstered barrel-inspired profile. Soft chenille upholstery wraps the generous form, while the loose back pillow adds layered comfort and a relaxed finish. Foam cushioning with polyester fiber support rests over a plywood frame, and the swivel base adds easy movement without disrupting the chair’s clean shape. It creates an inviting seat for living rooms, bedrooms, and reading corners.","33""w x 34""d x 30""h",82.06,coasterfurniture.com listed,Accent chair in burnt orange features a rounded silhouette with swivel base | Chenille upholstery gives the chair a soft textured look with warm visual depth | Deep seat and curved arms create a cocooning profile for everyday lounging | Fully assembled design makes placement easy in living rooms or reading corners | Loose back pillow adds layered comfort and a relaxed tailored finishing touch | Plywood frame with foam and polyester fiber supports comfortable daily seating,9,903488-1.jpg,https://www.coasterfurniture.com/furniture/category/Chairs-%26-Seating/Arnaud-Upholstered-Swivel-Accent-Chair/903487
603373,Hamilton Chenille Manual Recliner Sand,Chairs & Seating,Recliner,Sand,"Generously padded arms and segmented back cushions give this manual recliner an inviting, lounge-ready presence for a personal relaxation spot. Chenille upholstery wraps the cushioned seating in soft texture, while the single-seat profile feels substantial without looking oversized. A manual reclining footrest extends for a laid-back position, making the recliner a comfortable accent for everyday unwinding.","29.5""w x 38.75""d x 39.25""h",70.54,coasterfurniture.com listed,Foam cushioning and metal reclining hardware support daily living room use | Generously padded arms give the recliner a plush and relaxed side profile | Manual recliner creates a cushioned personal seat for everyday relaxation | Manual reclining footrest extends for comfort without power controls | Sand chenille upholstery adds soft texture across the recliner frame | Segmented back cushions create supportive comfort for laid-back lounging,12,603373-1.jpg,https://www.coasterfurniture.com/furniture/category/Chairs-%26-Seating/Hamilton-Upholstered-Reclining-Loveseat/603373
900648,Monsen Fabric Upholstered Metal Frame Accent Chair Ivory,Chairs & Seating,Accent Chair,,"Upholstered accent chair pairs a slim black metal frame with warm rubberwood armrests for a clean contemporary profile. Built with plywood support and padded with foam, it is wrapped in ivory polyester fabric with a subtle woven texture and tailored stitching. A gently reclined back and broad seat create a comfortable lounge chair feel for reading or conversation. Use this armchair in a living room corner, bedroom, or office to add extra seating while keeping the space open and easy to style every day.","26.25""w x 29.5""d x 29.25""h",28.66,coasterfurniture.com listed,"Gently reclined back and broad seat create a relaxed lounge chair sit for reading | Ivory fabric accent chair features a black metal frame and warm wood armrests for modern style | Open sled-style base helps maintain an airy look around sofas, desks, or consoles | Plywood support with foam cushioning balances comfort and structure for daily use | Rubberwood armrests add a natural contrast that pairs well with mixed materials at home | Tailored upholstery seams keep the silhouette clean and refined in modern spaces",11,900648-1.jpg,https://www.coasterfurniture.com/furniture/category/Chairs-%26-Seating/Monsen-Upholstered-Accent-Chair/900648
903175,Thornton Faux Fur Upholstered Wingback Lounge Accent Chair Ivory,Chairs & Seating,Accent Chair,Ivory,"This lounge accent chair brings a sculptural wingback silhouette and softly rounded profile to living room seating. The tall back and enveloping arms create a tailored shape that feels grounded yet inviting in a reading corner or conversation area. Upholstered over durable wood construction, the chair balances visual softness with structured support. Light ash legs complete the look with a warm contrast that suits both classic and modern interiors.","30""w x 34.25""d x 42.25""h",46.29,coasterfurniture.com listed,"Ivory accent chair features a wingback lounge silhouette with soft faux fur upholstery | Ivory faux fur upholstery gives the sculpted frame a warm and inviting texture | Tall wingback sides and rounded arms create a tailored and enveloping profile | Light ash rubberwood legs add subtle contrast beneath the fully upholstered frame | Padded seat and back support everyday lounging with a soft, cushioned feel | Sized for living rooms and reading corners that call for sculptural seating",11,903175-1.jpg,https://www.coasterfurniture.com/furniture/category/Chairs-%26-Seating/Thornton-Upholstered-Accent-Chair/903175
903176,Thornton Velvet Upholstered Wingback Lounge Accent Chair Cognac,Chairs & Seating,Accent Chair,Cognac,"This lounge accent chair brings a sculptural wingback silhouette and softly rounded profile to living room seating. The tall back and enveloping arms create a tailored shape that feels grounded yet inviting in a reading corner or conversation area. Upholstered over durable wood construction, the chair balances visual softness with structured support. Light ash legs complete the look with a warm contrast that suits both classic and modern interiors.","30""w x 34.25""d x 42.25""h",46.29,coasterfurniture.com listed,"Cognac accent chair features a wingback lounge silhouette with velvet upholstery | Cognac velvet upholstery gives the sculpted frame a warm and tailored texture | Tall wingback sides and rounded arms create a shaped and enveloping profile | Light ash rubberwood legs add subtle contrast beneath the upholstered frame | Padded seat and back support everyday lounging with a soft, cushioned feel | Sized for living rooms and reading corners that call for sculptural seating",11,903176-1.jpg,https://www.coasterfurniture.com/furniture/category/Chairs-%26-Seating/Thornton-Upholstered-Accent-Chair/903175
903228,Myernick Velvet Upholstered Swivel Accent Chair Camel,Chairs & Seating,Swivel Chair,Camel,"Swivel accent chair with a rounded barrel silhouette adds sculptural comfort to any space. Velvet upholstery covers plush foam cushioning and a supportive seat atop a plywood frame, balanced on a black metal swivel base. Smooth, tailored seams and a wraparound back create a cozy cradle, while the deep seat cushion invites long conversations and relaxed lounging. Place it in a living room corner, bedroom, or reading nook for flexible seating that layers in soft texture, then pivot from chat to screen time without shifting the footprint.","35.75""w x 32.25""d x 29""h",58.42,coasterfurniture.com listed,"100% polyester velvet upholstery adds soft texture and rich depth to the surface | Black metal swivel base lets you pivot your view easily without moving the chair around | Camel velvet swivel accent chair features a rounded barrel back and plush seat cushion | Foam cushioning over a plywood frame supports everyday lounging in living room corners | Thick, rounded seat cushion offers sink-in comfort with smooth, tailored seams all around | Wraparound back and sloped arms create a cozy cradle for conversation seating at home",13,903228-1.jpg,https://www.coasterfurniture.com/furniture/category/Chairs-%26-Seating/Myernick-Upholstered-Swivel-Accent-Chair/903229
903229,Myernick Velvet Upholstered Swivel Accent Chair Olive,Chairs & Seating,Swivel Chair,Olive,"Swivel accent chair with a rounded barrel silhouette adds sculptural comfort to any space. Velvet upholstery covers plush foam cushioning and a supportive seat atop a plywood frame, balanced on a black metal swivel base. Smooth, tailored seams and a wraparound back create a cozy cradle, while the deep seat cushion invites long conversations and relaxed lounging. Place it in a living room corner, bedroom, or reading nook for flexible seating that layers in soft texture, then pivot from chat to screen time without shifting the footprint.","35.75""w x 32.25""d x 29""h",58.42,coasterfurniture.com listed,"100% polyester velvet upholstery adds soft texture and rich depth to the surface | Black metal swivel base lets you pivot your view easily without moving the chair around | Foam cushioning over a plywood frame supports everyday lounging in living room corners | Olive velvet swivel accent chair features a rounded barrel back and plush seat cushion | Thick, rounded seat cushion offers sink-in comfort with smooth, tailored seams all around | Wraparound back and sloped arms create a cozy cradle for conversation seating at home",13,903229-1.jpg,https://www.coasterfurniture.com/furniture/category/Chairs-%26-Seating/Myernick-Upholstered-Swivel-Accent-Chair/903229
551911,Amara Upholstered Armless Chair,Chairs & Seating,Armless Chair,,"Armless chair delivers modular flexibility with a low-profile silhouette and tailored tufted seating for contemporary living rooms. Designed to slip between sectional pieces, it keeps sightlines open while adding another comfortable place to land. Fabric upholstery wraps foam cushioning with polyester fiber support over a pine and plywood frame with wood reinforcement. Use it to expand lounge seating, complete a corner layout, or create adaptable conversation zones that adjust as your room changes.","31""w x 40""d x 30""h",56.14,coasterfurniture.com listed,Armless chair in ivory fabric brings tailored tufting and modular versatility daily | Black legs add crisp contrast beneath soft neutral upholstery for a refined look | Clean contemporary silhouette keeps layouts airy while matching modern seating styles | Foam cushioning with fiber fill delivers balanced support for everyday lounging comfort | Reinforced pine and plywood frame adds steady stability and long-lasting durability | Squared profile fits between modules to expand flexible living room arrangements,9,551911-1.jpg,https://www.coasterfurniture.com/furniture/category/Chairs-%26-Seating/Amara-Upholstered-Armless-Chair/551911
600130P,Dayes Upholstered Power Lift Recliner Chair Light Grey,Chairs & Seating,Power Recliner,Light Grey,"Power lift recliner chair creates a calm landing spot with a tall, segmented back and padded arms for sink-in comfort. Upholstered in polyester fabric over foam with polyester fiber fill, it's supported by a pine and plywood frame with a metal lift and reclining mechanism. Power lift motion helps you transition from sitting to standing, then ease back into a relaxed recline. Place it in a living room or bedroom for daily unwinding and lift-assist support. A side pocket keeps your remote or reading close at hand.","28.25""w x 35""d x 41.25""h",86.9,coasterfurniture.com listed,"Foam cushioning with polyester fiber fill supports a cozy feel for everyday lounging | Light grey power lift recliner chair offers plush pillow arms and a tall backrest | Reclining function and footrest extension create an easy spot for reading or TV time | Side pocket keeps a remote, book, or glasses close so comfort stays within reach | Smooth powered lift-assist helps you rise comfortably while keeping motion controlled | Textured fabric upholstery in light grey brings a subtle pattern that feels refined",15,600130P-1.jpg,https://www.coasterfurniture.com/furniture/category/Chairs-%26-Seating/Dayes-Upholstered-Power-Lift-Recliner-Chair/600130P
600131P,Dayes Upholstered Power Lift Recliner Chair Taupe,Chairs & Seating,Power Recliner,Taupe,"Power lift recliner chair creates a calm landing spot with a tall, segmented back and padded arms for sink-in comfort. Upholstered in polyester fabric over foam with polyester fiber fill, it's supported by a pine and plywood frame with a metal lift and reclining mechanism. Power lift motion helps you transition from sitting to standing, then ease back into a relaxed recline. Place it in a living room or bedroom for daily unwinding and lift-assist support. A side pocket keeps your remote or reading close at hand.","28.25""w x 35""d x 41.25""h",86.9,coasterfurniture.com listed,"Foam cushioning with polyester fiber fill supports a cozy feel for everyday lounging | Reclining function and footrest extension create an easy spot for reading or TV time | Side pocket keeps a remote, book, or glasses close so comfort stays within reach | Smooth powered lift-assist helps you rise comfortably while keeping motion controlled | Taupe power lift recliner chair brings plush pillow arms and a tall backrest for support | Textured fabric upholstery in taupe adds a warm tone with a subtle woven pattern",18,600131P-1.jpg,https://www.coasterfurniture.com/furniture/category/Chairs-%26-Seating/Dayes-Upholstered-Power-Lift-Recliner-Chair/600130P
902473,Gerley Chenille Upholstered Swivel Accent Chair Beige,Chairs & Seating,Accent Swivel Chair,,"Swivel accent chair in beige chenille invites you to settle in, wrapped by a rounded barrel back and softly curved arms. A plush seat cushion adds everyday comfort, while 100% polyester upholstery brings warm, nubby texture to contemporary spaces. Crafted with a plywood frame, foam, and polyester fiber, it sits on a metal swivel base that turns smoothly for easy conversation and flexible room layouts. Place it in a living room corner or bedroom nook for a seat that pivots toward the moment.","32.25""w x 31""d x 30""h",64.02,coasterfurniture.com listed,"Beige swivel accent chair in chenille creates a cozy barrel-style seat | Rounded wraparound arms and curved back offer an inviting feel for reading and chatting | Plush foam seat cushion supports relaxed lounging without overwhelming smaller spaces | 100% polyester chenille upholstery adds nubby texture that complements contemporary rooms | Plywood frame with polyester fiber padding balances structure with soft, cushioned comfort | Metal swivel base turns smoothly so the chair can follow conversation and changing views",9,902473-1.jpg,https://www.coasterfurniture.com/furniture/category/Chairs-%26-Seating/Gerley-Faux-Sherpa-Upholstered-Accent-Chair/902473
503063,Aleisha Fabric Upholstered Accent Chair Mustard Yellow,Chairs & Seating,Chair,Mustard Yellow,"Accent chair with rounded shelter arms and textured fabric upholstery introduces sculptural seating to modern living spaces. Vertical channel detailing along the inside back adds subtle texture while plush foam cushions encourage relaxed comfort. A wood and plywood frame layered with polyester fiber creates supportive seating, and dark brown legs provide contrast beneath the warm mustard fabric upholstery.","43""w x 35""d x 29.5""h",75.46,coasterfurniture.com listed,Wood and plywood frame construction reinforces dependable seating support | Mustard yellow fabroc accent chair features rounded shelter arms and plush seating | Vertical channel back detail adds subtle texture and modern character | Fabric upholstery creates a soft and inviting lounge surface | Foam and polyester fiber cushioning supports comfortable daily relaxation | Dark brown legs lift the chair with subtle contrast and stability,12,503063-1.jpg,https://www.coasterfurniture.com/furniture/category/Chairs-%26-Seating/Aleisha-Chenille-Upholstered-Chair/503063
503066,Aleisha Fabric Upholstered Accent Chair Sand,Chairs & Seating,Chair,,"Accent chair with rounded shelter arms and textured fabric upholstery introduces sculptural seating to modern living spaces. Vertical channel detailing along the inside back adds subtle texture while plush foam cushions encourage relaxed comfort. A wood and plywood frame layered with polyester fiber creates supportive seating, and dark brown legs provide contrast beneath the sand fabric upholstery.","43""w x 35""d x 29.5""h",75.46,coasterfurniture.com listed,Dark brown legs add contrast and lift beneath the upholstered chair frame | Wood and plywood frame construction reinforces dependable seating support | Sand fabric accent chair features rounded shelter arms and plush lounge seating | Vertical channel back detail adds subtle texture and modern visual character | Textured fabric upholstery creates a soft and inviting seating surface | Foam and polyester fiber cushioning supports comfortable everyday relaxation,12,503066-1.jpg,https://www.coasterfurniture.com/furniture/category/Chairs-%26-Seating/Aleisha-Chenille-Upholstered-Chair/503063
503723,Whitney Contemporary Channel Tufted Woven Fabric Upholstered Accent Chair,Chairs & Seating,Chair,,"Channel tufted Woven Fabric accent chair adds a sculptural, wraparound seat with ribbed texture. A plywood and wood frame supports foam cushioning with polyester fiber fill, wrapped in 100% polyester Woven Fabric. Rounded arms and a low profile keep the silhouette clean, while a loose back pillow adds relaxed support. Vertical channeling across the seat and back creates dimensional style. Use this lounge chair to finish a reading corner and unwind anytime.","42""w x 37""d x 29""h",70.4,coasterfurniture.com listed,"Pebble Woven Fabric accent chair features channel tufting, rounded arms, and dark brown legs | Wraparound barrel profile creates cozy comfort with a sculptural modern silhouette | Plush foam cushioning with polyester fiber fill supports relaxed everyday lounging | Sturdy plywood and wood frame keeps support stable under the soft curved profile | Vertical channeling adds ribbed texture that stands out beside clean lined decor | Loose back pillow adds flexible support for reading, conversation, and unwinding",11,503723-1.jpg,https://www.coasterfurniture.com/furniture/category/Chairs-%26-Seating/Whitney-Boucle-Upholstered-Chair/503723
551891,Elysia Fabric Upholstered Modular Armless Chair Coral,Chairs & Seating,Armless Chair,Coral,"Modular armless chair adds flexible sectional seating with a wide seat and low profile. Polyester-blend fabric upholstery wraps foam cushioning for a soft feel, paired with a loose back cushion for support. Built with a plywood frame and sturdy components, it stays steady as you rearrange modules. Clean seam detailing keeps the look contemporary. Place this center seat between end units or beside a corner chair to extend an L-shape in living rooms and media spaces. Short black feet keep a grounded silhouette for modern rooms.","32.5""w x 38""d x 33""h",46.64,coasterfurniture.com listed,"Armless profile fits between end units to extend a straight run or balance an L-shape | Foam cushioning pairs with textured upholstery for a soft feel in everyday living rooms | Plywood frame helps keep the module steady as you rearrange pieces to suit your layout | Short black feet maintain a grounded silhouette that fits contemporary family spaces | Coral modular armless chair adds flexible sectional seating with fabric comfort | Loose back cushion supports relaxed lounging while keeping a clean, low-profile look",12,551891-1.jpg,https://www.coasterfurniture.com/furniture/category/Chairs-%26-Seating/Elysia-Chenille-Upholstered-Modular-Armless-Chair/551891
551895,Elysia Fabric Upholstered Modular Armless Chair Green,Chairs & Seating,Armless Chair,Green,"Modular armless chair adds flexible sectional seating with a wide seat and low profile. Polyester-blend fabric upholstery wraps foam cushioning for a soft feel, paired with a loose back cushion for support. Built with a plywood frame and sturdy components, it stays steady as you rearrange modules. Clean seam detailing keeps the look contemporary. Place this center seat between end units or beside a corner chair to extend an L-shape in living rooms and media spaces. Short black feet keep a grounded silhouette for modern rooms.","32.5""w x 38""d x 33""h",46.64,coasterfurniture.com listed,"Green modular armless chair adds flexible sectional seating with fabric comfort | Loose back cushion supports relaxed lounging while keeping a clean, low-profile look | Armless profile fits between end units to extend a straight run or balance an L-shape | Foam cushioning pairs with textured upholstery for a soft feel in everyday living rooms | Plywood frame helps keep the module steady as you rearrange pieces to suit your layout | Short black feet maintain a grounded silhouette that fits contemporary family spaces",11,551895-1.jpg,https://www.coasterfurniture.com/furniture/category/Chairs-%26-Seating/Elysia-Chenille-Upholstered-Modular-Armless-Chair/551891
903237,Blanchett Upholstered Bobbin Accent Chair Beige and Black,Chairs & Seating,Accent Chair,,"Accent chair highlights a classic silhouette defined by turned bobbin arms and legs that frame the seat with traditional character. A generously padded seat cushion and loose back pillow create a relaxed lounge profile while maintaining a tailored look. Upholstered in textured fabric over supportive foam with durable rubberwood construction, the design blends decorative wood detailing with everyday comfort. The sculpted frame adds visual rhythm while grounding the chair with refined presence suited to living rooms reading spaces or bedrooms.","29.5""w x 34""d x 38""h",47.96,coasterfurniture.com listed,Accent chair features a classic silhouette framed by decorative bobbin turned arms and legs | Arm pads add comfort while highlighting the chair’s distinctive bobbin structure | Beige fabric upholstery creates a soft neutral seating look suited to traditional interiors | Loose back pillow and padded seat cushion provide relaxed lounge style comfort | Turned rubberwood frame introduces sculptural detail and classic craftsmanship | Versatile accent chair suits living rooms bedrooms or reading corners,8,903237-1.jpg,https://www.coasterfurniture.com/furniture/category/Chairs-%26-Seating/Blanchett-Accent-Chair/903237
903835,Blanchett Upholstered Bobbin Accent Chair White,Chairs & Seating,Accent Chair,White,"Accent chair highlights a classic silhouette defined by turned bobbin arms and legs that frame the seat with traditional character. A generously padded seat cushion and loose back pillow create a relaxed lounge profile while maintaining a tailored look. Upholstered in textured fabric over supportive foam with durable rubberwood construction, the design blends decorative wood detailing with everyday comfort. The sculpted frame adds visual rhythm while grounding the chair with refined presence suited to living rooms reading spaces or bedrooms.","29.5""w x 34""d x 38""h",55,coasterfurniture.com listed,Accent chair features a classic silhouette framed by decorative bobbin turned arms and legs | Loose back pillow and padded seat cushion provide relaxed lounge style comfort | Turned wood frame highlights sculpted bobbin detailing along arms and legs | Versatile accent chair suits living rooms bedrooms or reading corners | White fabric upholstery with subtle blue striping adds fresh coastal character | White painted wood finish brightens the decorative frame structure,10,903835-1.jpg,https://www.coasterfurniture.com/furniture/category/Chairs-%26-Seating/Blanchett-Accent-Chair/903237
905362,Blanchett Upholstered Bobbin Accent Chair Beige and Distressed Brown,Chairs & Seating,Accent Chair,Beige / Distressed Brown,"Accent chair highlights a classic silhouette defined by turned bobbin arms and legs that frame the seat with traditional character. A generously padded seat cushion and loose back pillow create a relaxed lounge profile while maintaining a tailored look. Upholstered in textured fabric over supportive foam with durable rubberwood construction, the design blends decorative wood detailing with everyday comfort. The sculpted frame adds visual rhythm while grounding the chair with refined presence suited to living rooms reading spaces or bedrooms.","29.5""w x 34""d x 38""h",55,coasterfurniture.com listed,Accent chair features a classic silhouette framed by decorative bobbin turned arms and legs | Beige fabric upholstery creates a soft neutral seating look suited to relaxed interiors | Distressed brown finish adds rustic warmth to the classic wood structure | Loose back pillow and padded seat cushion provide relaxed lounge style comfort | Turned wood frame highlights decorative bobbin detailing along arms and legs | Versatile accent chair suits living rooms bedrooms or reading corners,12,905362-1.jpg,https://www.coasterfurniture.com/furniture/category/Chairs-%26-Seating/Blanchett-Accent-Chair/903237
609560AC,Collins Modular Armless Chair Grey,Chairs & Seating,Armless Chair,Grey,"Modular armless chair creates an easy pause in a sectional layout, opening the room for one more seat as the light starts to soften. 100% polyester upholstery and foam cushioning rest on a frame built from plywood and engineered wood, reinforced with plastic for everyday steadiness. Black legs keep the profile grounded. Slide it between modules or place it on its own, then rework the arrangement whenever your living room needs to change.","38""w x 40""d x 38""h",56.98,coasterfurniture.com listed,"Armless design fits between modules to extend sectional runs or open corner layouts | Black legs add contrast and keep the silhouette grounded across seating configurations | Fabric upholstery in 100% polyester coordinates easily with transitional room styling | Foam cushioning offers supportive comfort for reading, conversation, and quiet lounging | Grey armless chair expands modular seating with a clean, flexible profile for updates | Plywood and engineered wood frame reinforced with plastic supports everyday use",11,609560AC-1.jpg,https://www.coasterfurniture.com/furniture/category/Chairs-%26-Seating/Collins-Armless-Chair/610350AC
609530AC,Collins Modular Armless Chair Dark Grey,Chairs & Seating,Armless Chair,Dark Grey,"Modular armless chair creates an easy pause in a sectional layout, opening the room for one more seat as the light starts to soften. 100% polyester upholstery and foam cushioning rest on a frame built from plywood and engineered wood, reinforced with plastic for everyday steadiness. Black legs keep the profile grounded. Slide it between modules or place it on its own, then rework the arrangement whenever your living room needs to change.","38""w x 40""d x 38""h",56.98,coasterfurniture.com listed,"Armless design fits between modules to extend sectional runs or open corner layouts | Black legs add contrast and keep the silhouette grounded across seating configurations | Dark grey armless chair expands modular seating with a clean, flexible profile | Fabric upholstery in 100% polyester coordinates easily with transitional room styling | Foam cushioning offers supportive comfort for reading, conversation, and quiet lounging | Plywood and engineered wood frame reinforced with plastic supports everyday use",11,609530AC-1.jpg,https://www.coasterfurniture.com/furniture/category/Chairs-%26-Seating/Collins-Armless-Chair/610350AC
610350AC,Collins Modular Armless Chair Chocolate Brown,Chairs & Seating,Armless Chair,,"Modular armless chair creates an easy pause in a sectional layout, opening the room for one more seat as the light starts to soften. 100% polyester upholstery and foam cushioning rest on a frame built from plywood and engineered wood, reinforced with plastic for everyday steadiness. Black legs keep the profile grounded. Slide it between modules or place it on its own, then rework the arrangement whenever your living room needs to change.","38""w x 40""d x 38""h",56.98,coasterfurniture.com listed,"Armless design fits between modules to extend sectional runs or open corner layouts | Black legs add contrast and keep the silhouette grounded across seating configurations | Chocolate brown armless chair expands modular seating with a clean, flexible profile | Corduroy upholstery in 100% polyester layers easily into contemporary room settings | Foam cushioning offers supportive comfort for reading, conversation, and quiet lounging | Plywood and engineered wood frame reinforced with plastic supports everyday use",13,610350AC-1.jpg,https://www.coasterfurniture.com/furniture/category/Chairs-%26-Seating/Collins-Armless-Chair/610350AC
610360AC,Collins Modular Armless Chair Black,Chairs & Seating,Armless Chair,,"Modular armless chair creates an easy pause in a sectional layout, opening the room for one more seat as the light starts to soften. 100% polyester upholstery and foam cushioning rest on a frame built from plywood and engineered wood, reinforced with plastic for everyday steadiness. Black legs keep the profile grounded. Slide it between modules or place it on its own, then rework the arrangement whenever your living room needs to change.","38""w x 40""d x 38""h",56.98,coasterfurniture.com listed,"Armless design fits between modules to extend sectional runs or open corner layouts | Black armless chair expands modular seating with a clean, flexible profile for updates | Black legs keep the base consistent across modular configurations and seating plans | Corduroy upholstery in 100% polyester layers easily into contemporary room settings | Foam cushioning offers supportive comfort for reading, conversation, and quiet lounging | Plywood and engineered wood frame reinforced with plastic supports everyday use",13,610360AC-1.jpg,https://www.coasterfurniture.com/furniture/category/Chairs-%26-Seating/Collins-Armless-Chair/610350AC
506553,Finley Upholstered Padded Arm Tufted Accent Chair Black,Chairs & Seating,Chair,,"Accent chair delivers plush contemporary comfort with smooth leatherette upholstery, tufted back detail, and generously padded headrest and arms. The compact silhouette makes it useful as a standalone seat or as part of a coordinated living room arrangement. Pocket coil seating and supportive foam cushioning create a soft yet resilient sit, while attached cushions help the chair maintain a neat tailored profile with regular use. Add this chair where comfortable lounging, clean styling, and a versatile black finish are needed.","39""w x 35""d x 40.25""h",63.93,coasterfurniture.com listed,Attached cushions help maintain a neat tailored look over time | Pocket coil seat construction supports lasting comfort through daily use | Padded headrest and arms create a cozy supportive seating experience | Works alone or with matching upholstery for a cohesive room setting | Accent chair in black leatherette adds compact comfort to living spaces | Subtle tufting on the back adds understated detail to the clean profile,10,506553-1.jpg,https://www.coasterfurniture.com/furniture/category/Chairs-%26-Seating/Finley-Accent-Chair/506553
