productcode,productname,productdescription,productweight,photourl,hideproduct
193750-S5A,Galindo 5-piece 52-inch Round Dining Set Light Grey and Walnut,"<p>A 52-inch round table anchors this dining set with matched walnut veneer patterning and a sculptural slatted drum base. The thick-edge tabletop brings warm mid-century presence, while upholstered side chairs soften the room with textured low-pile chenille and open-back shaping. Walnut tones connect the table and chair frames, creating a coordinated dining space with relaxed modern character.</p><p><b>Dimensions:</b> 52""w x 52""d x 30""h</p><ul><li>52-inch round dining set creates a coordinated centerpiece for casual meals</li><li>Light grey chenille chairs soften the set with textured upholstered surfaces</li><li>Matched walnut veneer tabletop adds rich pattern movement to the dining room</li><li>Open-back chair profiles add a relaxed lounge-inspired look around the table</li><li>Tapered slatted drum base gives the table a sculptural mid-century presence</li><li>Walnut tones connect the table and chair frames for a coordinated dining layout</li></ul>",105.84,/v/vspfiles/photos/coaster dining/193750-S5A-1.jpg,N
193750-S5B,Galindo 5-piece 52-inch Round Dining Set Nutmeg and Walnut,"<p>A 52-inch round table anchors this dining set with matched walnut veneer patterning and a sculptural slatted drum base. The thick-edge tabletop brings warm mid-century presence, while upholstered side chairs soften the room with textured low-pile chenille and open-back shaping. Walnut tones connect the table and chair frames, creating a coordinated dining space with relaxed modern character.</p><p><b>Dimensions:</b> 52""w x 52""d x 30""h</p><ul><li>52-inch round dining set creates a coordinated centerpiece for casual meals</li><li>Matched walnut veneer tabletop adds rich pattern movement to the dining room</li><li>Nutmeg chenille chairs add warm color through textured upholstered surfaces</li><li>Open-back chair profiles add a relaxed lounge-inspired look around the table</li><li>Tapered slatted drum base gives the table a sculptural mid-century presence</li><li>Walnut tones connect the table and chair frames for a coordinated dining layout</li></ul>",105.84,/v/vspfiles/photos/coaster dining/193750-S5B-1.jpg,N
193580-S5,Mueller 5-piece 48-inch Round Dining Set Brown and Beige,"<p>A compact round table anchors this dining set with warm mindi veneer character and a sculptural mid-century base. Geometric angled legs and a center square shelf give the table a distinctive profile, while beige upholstered chairs soften the arrangement with curved backs and textured fabric. The mix of a solid wood table base, engineered wood tabletop, foam, and fabric supports an inviting everyday dining setup.</p><p><b>Dimensions:</b> 48""w x 48""d x 30""h</p><ul><li>48-inch round dining set creates a coordinated space for casual daily meals</li><li>Center square shelf gives the table base an added detail between supports</li><li>Curved chair backs soften the dining layout with a friendly upholstered shape</li><li>Geometric angled legs bring sculptural mid-century character to the set</li><li>Mindi veneer table pairs with beige upholstered chairs for warm contrast</li><li>Solid wood table base adds structure beneath the round dining surface</li></ul>",55,/v/vspfiles/photos/coaster dining/193580-S5-1.jpg,N
192721-S7,Merrin 7-piece 55-inch Rectangular Dining Set Off White and Walnut,"<p>Crisp contrast defines this 55-inch rectangular dining set, pairing a white high-gloss tabletop with warm walnut framing and coordinated off white seating. The table’s clean apron and tapered legs set a simple foundation, while curved schoolhouse-inspired chair backs bring familiar character to the arrangement. Leatherette seats, foam cushioning, solid rubberwood base construction, and engineered wood elements support a polished everyday dining space.</p><p><b>Dimensions:</b> 55""w x 31.5""d x 30""h</p><ul><li>55-inch rectangular dining set creates a coordinated layout for daily meals</li><li>Curved chair backs add schoolhouse-inspired character to the dining arrangement</li><li>Off white leatherette seats coordinate with the light tabletop for a clean look</li><li>Solid rubberwood and engineered wood elements support casual dining function</li><li>Walnut table base and chair frames bring warm contrast to the bright surfaces</li><li>White high-gloss tabletop adds a crisp reflective surface to the dining room</li></ul>",55.79,/v/vspfiles/photos/coaster dining/192721-S7-1.jpg,N
192520-S7,Randolph 7-piece Smart Top Rectangular Dining Set Sheesham and Brown,"<p>A sappy walnut-look Smart Top table anchors this rectangular dining set with warm movement and durable everyday function. The recycled tabletop is molded under heat and pressure, then finished with an extra-durable laminate surface designed to resist heat and liquid. A red brown trestle base adds sculptural support, while butterscotch microfiber side chairs bring a two-tone turtle-back design that cradles the back with soft dining comfort.</p><p><b>Dimensions:</b> 78.75""w x 39.25""d x 29.75""h</p><ul><li>Butterscotch microfiber chairs feature a two-tone back that cradles the body</li><li>Coordinated table and chair silhouettes create a complete everyday dining setting</li><li>Heat- and liquid-resistant laminate surface supports busy family dining routines</li><li>Red brown trestle base adds curved support and warm mid-century modern character</li><li>Sappy walnut-look tabletop brings vibrant movement to the rectangular dining set</li><li>Seven-piece dining set pairs a Smart Top table with turtle-back side chairs</li></ul>",102.36,/v/vspfiles/photos/coaster dining/192520-S7-1.jpg,N
193981-S5,Garza 5-piece Rectangular Dining Table Greige Oak,"<p>Dining set pairs a rectangular greige oak laminate veneer table with matching upholstered dining chairs to create a cohesive dining arrangement. The engineered wood table top rests on a sturdy metal frame while padded leatherette chairs offer everyday comfort. Designed with a clean transitional profile this set balances durability with streamlined style. Ideal for kitchens dining rooms and apartments it provides a complete dining solution with coordinated seating.</p><p><b>Dimensions:</b> 47.25""w x 29.5""d x 30""h</p><ul><li>Dining set combines practical seating with streamlined transitional style</li><li>Five-piece dining set creates a cohesive dining arrangement for everyday meals</li><li>Greige oak laminate veneer table top delivers warm wood-look texture</li><li>Matte black metal frame provides strong structural table support</li><li>Padded leatherette dining chairs offer comfortable everyday seating</li><li>Rectangular table shape works well in kitchens and dining rooms</li></ul>",41.45,/v/vspfiles/photos/coaster dining/193981-S5-1.jpg,N
193980-S5,Garza 5-piece Space Saving Rectangular Dining Table Greige Oak,"<p>Dining set combines a compact rectangular table with coordinating upholstered chairs to create a practical space saving dining solution. The greige oak laminate veneer table pairs with a sturdy metal frame for a clean modern silhouette while the padded chairs provide comfortable seating. Engineered wood construction and durable upholstery ensure everyday reliability. Designed for kitchens apartments and smaller dining areas this set balances style function and efficient use of space.</p><p><b>Dimensions:</b> 29.5""w x 23.5""d x 30""h</p><ul><li>Dining set delivers practical seating for meals gatherings and daily use</li><li>Five-piece dining set in greige oak creates a coordinated dining room layout</li><li>Greige oak laminate veneer table top provides warm wood-look texture</li><li>Matte black metal frame supports the table with clean modern structure</li><li>Rectangular table design fits easily in compact dining spaces</li><li>Upholstered dining chairs add padded comfort for everyday dining</li></ul>",26.46,/v/vspfiles/photos/coaster dining/193980-S5-1.jpg,N
193958BLK-S7E,Decker 7-piece 70-inch Rectangular Counter Height Dining Set Grey and Black,"<p>Seven-piece rectangular counter height dining set pairs a thick slab-top table with softly structured upholstered seating for a calm, tailored dining presence. The 70-inch surface and tall panel legs create a grounded centerpiece, while grey biscuit-tufted chairs with rounded corners and tapered legs add clean texture and balanced contrast. Ash veneer over durable wood construction supports the elevated silhouette, making the set well suited to casual meals, kitchen islands, and open dining spaces.</p><p><b>Dimensions:</b> 70.25""w x 35.5""d x 36""h</p><ul><li>Black counter height dining set pairs a 70-inch table with grey biscuit-tufted chairs</li><li>Thick slab top and tall panel legs give the table a grounded elevated presence</li><li>Grey upholstered seating adds soft texture and a tailored elevated look</li><li>Biscuit-tufted and tapered legs keep the chair profile clean and refined</li><li>Ash veneer and durable wood construction support everyday dining and gathering</li><li>Seven-piece layout suits kitchens, islands, and open dining spaces with ease</li></ul>",140.01,/v/vspfiles/photos/coaster dining/193958BLK-S7E-1.jpg,N
193958NAT-S7E,Decker 7-piece 70-inch Rectangular Counter Height Dining Set Grey and Natural Oak,"<p>Seven-piece rectangular counter height dining set pairs a thick slab-top table with softly structured upholstered seating for a calm, tailored dining presence. The 70-inch surface and tall panel legs create a grounded centerpiece, while grey biscuit-tufted chairs with rounded corners and tapered legs add clean texture and balanced contrast. Ash veneer over durable wood construction supports the elevated silhouette, making the set well suited to casual meals, kitchen islands, and open dining spaces.</p><p><b>Dimensions:</b> 70.25""w x 35.5""d x 36""h</p><ul><li>Natural oak counter height dining set pairs a 70-inch table with grey biscuit-tufted chairs</li><li>Thick slab top and tall panel legs give the table a grounded elevated presence</li><li>Grey upholstered seating adds soft texture and a tailored elevated look</li><li>Biscuit-tufted and tapered legs keep the chair profile clean and refined</li><li>Ash veneer and durable wood construction support everyday dining and gathering</li><li>Seven-piece layout suits kitchens, islands, and open dining spaces with ease</li></ul>",140.01,/v/vspfiles/photos/coaster dining/193958NAT-S7E-1.jpg,N
193958WAL-S7E,Decker 7-piece 70-inch Counter Height Dining Set Grey and Walnut,"<p>Seven-piece rectangular counter height dining set pairs a thick slab-top table with softly structured upholstered seating for a calm, tailored dining presence. The 70-inch surface and tall panel legs create a grounded centerpiece, while grey biscuit-tufted chairs with rounded corners and tapered legs add clean texture and balanced contrast. Walnut veneer over durable wood construction supports the elevated silhouette, making the set well suited to casual meals, kitchen islands, and open dining spaces.</p><p><b>Dimensions:</b> 70.25""w x 35.5""d x 36""h</p><ul><li>Walnut counter height dining set pairs a 70-inch table with grey biscuit-tufted chairs</li><li>Thick slab top and tall panel legs give the table a grounded elevated presence</li><li>Grey upholstered seating adds soft texture and a tailored elevated look</li><li>Biscuit-tufted and tapered legs keep the chair profile clean and refined</li><li>Walnut veneer and durable wood construction support everyday dining and gathering</li><li>Seven-piece layout suits kitchens, islands, and open dining spaces with ease</li></ul>",140.01,/v/vspfiles/photos/coaster dining/193958WAL-S7E-1.jpg,N
193958BLK-S7D,Decker 7-piece 70-inch Rectangular Counter Height Dining Set Cream and Black,"<p>Seven-piece rectangular counter height dining set pairs a thick slab-top table with softly structured upholstered seating for a tailored modern dining presence. The 70-inch surface and tall panel legs create a grounded centerpiece, while cream biscuit-tufted chairs with rounded corners and tapered legs add quiet texture and crisp contrast. Ash veneer over durable wood construction supports the elevated profile, making the set well suited to casual meals, kitchen islands, and open dining spaces.</p><p><b>Dimensions:</b> 70.25""w x 35.5""d x 36""h</p><ul><li>Black counter height dining set pairs a 70-inch table with cream biscuit-tufted chairs</li><li>Thick slab top and tall panel legs give the table a grounded elevated presence</li><li>Seven-piece layout suits kitchens, islands, and open dining spaces with ease</li><li>Cream upholstered seating adds soft texture and a tailored elevated look</li><li>Biscuit-tufted and tapered legs keep the chair profile clean and refined</li><li>Ash veneer and durable wood construction support everyday dining and gathering</li></ul>",140.01,/v/vspfiles/photos/coaster dining/193958BLK-S7D-1.jpg,N
193958NAT-S7D,Decker 7-piece 70-inch Rectangular Counter Height Dining Set Cream and Natural Oak,"<p>Seven-piece rectangular counter height dining set pairs a thick slab-top table with softly structured upholstered seating for a tailored modern dining presence. The 70-inch surface and tall panel legs create a grounded centerpiece, while cream biscuit-tufted chairs with rounded corners and tapered legs add quiet texture and warm contrast. Ash veneer over durable wood construction supports the elevated profile, making the set well suited to casual meals, kitchen islands, and open dining spaces.</p><p><b>Dimensions:</b> 70.25""w x 35.5""d x 36""h</p><ul><li>Biscuit-tufted and tapered legs keep the chair profile clean and refined</li><li>Ash veneer and durable wood construction support everyday dining and gathering</li><li>Seven-piece layout suits kitchens, islands, and open dining spaces with ease</li><li>Natural oak counter height dining set pairs a 70-inch table with cream biscuit-tufted chairs</li><li>Thick slab top and tall panel legs give the table a grounded elevated presence</li><li>Cream upholstered seating adds soft texture and a tailored elevated look</li></ul>",140.01,/v/vspfiles/photos/coaster dining/193958NAT-S7D-1.jpg,N
193958WAL-S7D,Decker 7-piece 70-inch Counter Height Dining Set Cream and Walnut,"<p>Seven-piece rectangular counter height dining set pairs a thick slab-top table with softly structured upholstered seating for a tailored modern dining presence. The 70-inch surface and tall panel legs create a grounded centerpiece, while cream biscuit-tufted chairs with rounded corners and tapered legs add quiet texture and warm contrast. Walnut veneer over durable wood construction supports the elevated profile, making the set well suited to casual meals, kitchen islands, and open dining spaces.</p><p><b>Dimensions:</b> 70.25""w x 35.5""d x 36""h</p><ul><li>Walnut counter height dining set pairs a 70-inch table with cream biscuit-tufted chairs</li><li>Thick slab top and tall panel legs give the table a grounded elevated presence</li><li>Cream upholstered seating adds soft texture and a tailored elevated look</li><li>Biscuit-tufted and tapered legs keep the chair profile clean and refined</li><li>Walnut veneer and durable wood construction support everyday dining and gathering</li><li>Seven-piece layout suits kitchens, islands, and open dining spaces with ease</li></ul>",140.01,/v/vspfiles/photos/coaster dining/193958WAL-S7D-1.jpg,N
193958BLK-S7C,Decker 7-piece 70-inch Rectangular Counter Height Dining Set Black,"<p>Seven-piece rectangular counter height dining set balances a thick slab-top table with streamlined upholstered seating for a clean elevated dining presence. The 70-inch surface and tall panel legs anchor the room with crisp structure, while black cushioned chairs with supportive backs and footrest stretchers keep the arrangement tailored and easy to gather around. Ash veneer over durable wood construction supports the composed profile, making the set well suited to casual meals, kitchen islands, and open dining spaces.</p><p><b>Dimensions:</b> 70.25""w x 35.5""d x 36""h</p><ul><li>Ash veneer and durable wood construction support everyday dining and gathering</li><li>Black counter height dining set pairs a 70-inch table with black upholstered chairs</li><li>Black leatherette seating adds a clean tailored look around the full set</li><li>Seven-piece layout suits kitchens, islands, and open dining spaces with ease</li><li>Supportive backs and footrest stretchers keep seating steady and comfortable</li><li>Thick slab top and tall panel legs give the table a grounded elevated presence</li></ul>",140.01,/v/vspfiles/photos/coaster dining/193958BLK-S7C-1.jpg,N
193958NAT-S7C,Decker 7-piece 70-inch Rectangular Counter Height Dining Set Black and Natural Oak,"<p>Seven-piece rectangular counter height dining set balances a thick slab-top table with streamlined upholstered seating for a clean elevated dining presence. The 70-inch surface and tall panel legs anchor the room with crisp structure, while black cushioned chairs with supportive backs and footrest stretchers keep the arrangement tailored and easy to gather around. Ash veneer over durable wood construction supports the composed profile, making the set well suited to casual meals, kitchen islands, and open dining spaces.</p><p><b>Dimensions:</b> 70.25""w x 35.5""d x 36""h</p><ul><li>Ash veneer and durable wood construction support everyday dining and gathering</li><li>Black leatherette seating adds a clean tailored look around the full set</li><li>Natural oak counter height dining set pairs a 70-inch table with black upholstered chairs</li><li>Seven-piece layout suits kitchens, islands, and open dining spaces with ease</li><li>Supportive backs and footrest stretchers keep seating steady and comfortable</li><li>Thick slab top and tall panel legs give the table a grounded elevated presence</li></ul>",140.01,/v/vspfiles/photos/coaster dining/193958NAT-S7C-1.jpg,N
193958WAL-S7C,Decker 7-piece 70-inch Counter Height Dining Set Black and Walnut,"<p>Seven-piece rectangular counter height dining set balances a thick slab-top table with streamlined upholstered seating for a clean elevated dining presence. The 70-inch surface and tall panel legs anchor the room with crisp structure, while black cushioned chairs with supportive backs and footrest stretchers keep the arrangement tailored and easy to gather around. Walnut veneer over durable wood construction supports the composed profile, making the set well suited to casual meals, kitchen islands, and open dining spaces.</p><p><b>Dimensions:</b> 70.25""w x 35.5""d x 36""h</p><ul><li>Dark walnut counter height dining set pairs a 70-inch table with black upholstered chairs</li><li>Thick slab top and tall panel legs give the table a grounded elevated presence</li><li>Black leatherette seating adds a clean tailored look around the full set</li><li>Supportive backs and footrest stretchers keep seating steady and comfortable</li><li>Walnut veneer and durable wood construction support everyday dining and gathering</li><li>Seven-piece layout suits kitchens, islands, and open dining spaces with ease</li></ul>",140.01,/v/vspfiles/photos/coaster dining/193958WAL-S7C-1.jpg,N
193958BLK-S7B,Decker 7-piece 70-inch Rectangular Counter Height Dining Set Cream and Black,"<p>Seven-piece rectangular counter height dining set creates an elevated place to gather with a thick slab-top table and tailored upholstered seating in clean proportion. The 70-inch surface and tall panel legs anchor the room with modern structure, while cream cushioned chairs with supportive backs and footrest stretchers keep the arrangement calm and welcoming. Ash veneer over durable wood construction gives the set a grounded presence suited to casual meals, kitchen islands, and open dining spaces.</p><p><b>Dimensions:</b> 70.25""w x 35.5""d x 36""h</p><ul><li>Ash veneer and durable wood construction support everyday dining and gathering</li><li>Black counter height dining set pairs a 70-inch table with cream upholstered chairs</li><li>Cream upholstered seats soften the set with a calm tailored counter height profile</li><li>Seven-piece layout suits kitchens, islands, and open dining spaces with ease</li><li>Supportive backs and footrest stretchers keep seating steady and comfortable</li><li>Thick slab top and tall panel legs give the table a grounded elevated presence</li></ul>",140.01,/v/vspfiles/photos/coaster dining/193958BLK-S7B-1.jpg,N
193958NAT-S7B,Decker 7-piece 70-inch Rectangular Counter Height Dining Set Cream and Natural Oak,"<p>Seven-piece rectangular counter height dining set creates an elevated place to gather with a thick slab-top table and tailored upholstered seating in clean proportion. The 70-inch surface and tall panel legs anchor the room with modern structure, while cream cushioned chairs with supportive backs and footrest stretchers keep the arrangement calm and welcoming. Ash veneer over durable wood construction gives the set a grounded presence suited to casual meals, kitchen islands, and open dining spaces.</p><p><b>Dimensions:</b> 70.25""w x 35.5""d x 36""h</p><ul><li>Ash veneer and durable wood construction support everyday dining and gathering</li><li>Cream upholstered seats soften the set with a calm tailored counter height profile</li><li>Natural oak counter height dining set pairs a 70-inch table with cream upholstered chairs</li><li>Seven-piece layout suits kitchens, islands, and open dining spaces with ease</li><li>Supportive backs and footrest stretchers keep seating steady and comfortable</li><li>Thick slab top and tall panel legs give the table a grounded elevated presence</li></ul>",140.01,/v/vspfiles/photos/coaster dining/193958NAT-S7B-1.jpg,N
193958WAL-S7B,Decker 7-piece 70-inch Counter Height Dining Set Cream and Walnut,"<p>Seven-piece rectangular counter height dining set creates an elevated place to gather with a thick slab-top table and tailored upholstered seating in clean proportion. The 70-inch surface and tall panel legs anchor the room with modern structure, while cream cushioned chairs with supportive backs and footrest stretchers keep the arrangement calm and welcoming. Walnut veneer over durable wood construction gives the set a grounded presence suited to casual meals, kitchen islands, and open dining spaces.</p><p><b>Dimensions:</b> 70.25""w x 35.5""d x 36""h</p><ul><li>Dark walnut counter height dining set pairs a 70-inch table with cream upholstered chairs</li><li>Thick slab top and tall panel legs give the table a grounded elevated presence</li><li>Cream upholstered seats soften the set with a calm tailored counter height profile</li><li>Supportive backs and footrest stretchers keep seating steady and comfortable</li><li>Walnut veneer and durable wood construction support everyday dining and gathering</li><li>Seven-piece layout suits kitchens, islands, and open dining spaces with ease</li></ul>",140.01,/v/vspfiles/photos/coaster dining/193958WAL-S7B-1.jpg,N
193938BLK-S5D,Hamlyn 5-piece Round Wood Counter Height Dining Set Cream and Black,"<p>This five-piece counter height dining set creates an elevated gathering spot with a round table and coordinated seating. The clean table silhouette and tall, streamlined base establish a refined focal point, while biscuit-tufted chairs add soft texture and everyday comfort. Durable wood construction supports steady daily use across the set. Designed for casual meals and conversation, it brings warm modern character to kitchen dining areas and open living spaces.</p><p><b>Dimensions:</b> 43.25""w x 43.25""d x 36.25""h</p><ul><li>Black counter height dining set pairs a round table with biscuit-tufted velvet chairs</li><li>Cream velvet upholstery adds soft texture and polished modern comfort</li><li>Black finish creates crisp contrast across the table and tapered chair frames</li><li>Rounded chair corners and clean lines create a refined structured profile</li><li>Durable wood construction and cushioned seats support everyday dining comfort</li><li>Creates an inviting setting for casual meals and relaxed kitchen gatherings</li></ul>",84.62,/v/vspfiles/photos/coaster dining/193938BLK-S5D-1.jpg,N
193938NAT-S5D,Hamlyn 5-piece Round Wood Counter Height Dining Set Cream and Natural Oak,"<p>This five-piece counter height dining set creates an elevated gathering spot with a round table and coordinated seating. The clean table silhouette and tall, streamlined base establish a refined focal point, while biscuit-tufted chairs add soft texture and everyday comfort. Durable wood construction supports steady daily use across the set. Designed for casual meals and conversation, it brings warm modern character to kitchen dining areas and open living spaces.</p><p><b>Dimensions:</b> 43.25""w x 43.25""d x 36.25""h</p><ul><li>Natural oak counter height dining set pairs a round table with biscuit-tufted chairs</li><li>Cream velvet upholstery adds soft texture and polished elevated dining comfort</li><li>Natural oak finish keeps the table and tapered chair frames warm and inviting</li><li>Rounded chair corners and clean lines create a refined structured profile</li><li>Durable wood construction and cushioned seats support everyday dining comfort</li><li>Creates an inviting setting for casual meals and relaxed kitchen gatherings</li></ul>",84.62,/v/vspfiles/photos/coaster dining/193938NAT-S5D-1.jpg,N
193938WAL-S5D,Hamlyn 5-piece Round Wood Counter Height Dining Set Cream and Walnut,"<p>This five-piece counter height dining set creates an elevated gathering spot with a round table and coordinated seating. The clean table silhouette and tall, streamlined base establish a refined focal point, while biscuit-tufted chairs add soft texture and everyday comfort. Durable wood construction supports steady daily use across the set. Designed for casual meals and conversation, it brings warm modern character to kitchen dining areas and open living spaces.</p><p><b>Dimensions:</b> 43.25""w x 43.25""d x 36.25""h</p><ul><li>Walnut counter height dining set pairs a round table with biscuit-tufted chairs</li><li>Cream velvet upholstery adds soft texture and polished elevated dining comfort</li><li>Walnut finish keeps the table and tapered chair frames warm and inviting</li><li>Rounded chair corners and clean lines create a refined structured profile</li><li>Durable wood construction and cushioned seats support everyday dining comfort</li><li>Creates an inviting setting for casual meals and relaxed kitchen gatherings</li></ul>",84.62,/v/vspfiles/photos/coaster dining/193938WAL-S5D-1.jpg,N
193938BLK-S5C,Hamlyn 5-piece Round Wood Counter Height Dining Set Black,"<p>This five-piece counter height dining set creates an elevated gathering spot with a round table and coordinated seating. The clean table silhouette and tall, streamlined base establish a refined focal point, while cushioned armless chairs add tailored contrast and everyday comfort. Durable wood construction supports steady daily use across the set. Designed for casual meals and conversation, it brings warm modern character to kitchen dining areas and open living spaces.</p><p><b>Dimensions:</b> 43.25""w x 43.25""d x 36.25""h</p><ul><li>Black counter height dining set pairs a round table with tailored black chairs</li><li>Black finish keeps the table and chair frames crisp grounded and cohesive</li><li>Black leatherette upholstery adds polished contrast and a clean dining presence</li><li>Brings a composed look to kitchen meals casual snacks and evening gatherings</li><li>Durable wood construction and foam padding support everyday dining comfort</li><li>Footrest stretchers help support a comfortable and relaxed elevated seat</li></ul>",84.62,/v/vspfiles/photos/coaster dining/193938BLK-S5C-1.jpg,N
193938NAT-S5C,Hamlyn 5-piece Round Wood Counter Height Dining Set Black and Natural Oak,"<p>This five-piece counter height dining set creates an elevated gathering spot with a round table and coordinated seating. The clean table silhouette and tall, streamlined base establish a refined focal point, while cushioned armless chairs add tailored contrast and everyday comfort. Durable wood construction supports steady daily use across the set. Designed for casual meals and conversation, it brings warm modern character to kitchen dining areas and open living spaces.</p><p><b>Dimensions:</b> 43.25""w x 43.25""d x 36.25""h</p><ul><li>Black leatherette upholstery adds polished contrast and a clean dining presence</li><li>Brings a composed look to kitchen meals casual snacks and evening gatherings</li><li>Durable wood construction and foam padding support everyday dining comfort</li><li>Footrest stretchers help support a comfortable and relaxed elevated seat</li><li>Natural oak counter height dining set pairs a round table with tailored chairs</li><li>Natural oak finish keeps the set warm while framing the dark upholstered seats</li></ul>",84.62,/v/vspfiles/photos/coaster dining/193938NAT-S5C-1.jpg,N
193938WAL-S5C,Hamlyn 5-piece Round Wood Counter Height Dining Set Black and Walnut,"<p>This five-piece counter height dining set creates an elevated gathering spot with a round table and coordinated seating. The clean table silhouette and tall, streamlined base establish a refined focal point, while cushioned armless chairs add tailored contrast and everyday comfort. Durable wood construction supports steady daily use across the set. Designed for casual meals and conversation, it brings warm modern character to kitchen dining areas and open living spaces.</p><p><b>Dimensions:</b> 43.25""w x 43.25""d x 36.25""h</p><ul><li>Black leatherette upholstery adds polished contrast and a clean dining presence</li><li>Brings a composed look to kitchen meals casual snacks and evening gatherings</li><li>Durable wood construction and foam padding support everyday dining comfort</li><li>Footrest stretchers help support a comfortable and relaxed elevated seat</li><li>Walnut counter height dining set pairs a round table with tailored chairs</li><li>Walnut finish gives the table and chair frames warm grounded character</li></ul>",84.62,/v/vspfiles/photos/coaster dining/193938WAL-S5C-1.jpg,N
193938BLK-S5E,Hamlyn 5-piece Round Wood Counter Height Dining Set Grey and Black,"<p>This five-piece counter height dining set creates an elevated gathering spot with a round table and coordinated seating. The clean table silhouette and tall, streamlined base establish a refined focal point, while biscuit-tufted chairs add soft texture and everyday comfort. Durable wood construction supports steady daily use across the set. Designed for casual meals and conversation, it brings warm modern character to kitchen dining areas and open living spaces.</p><p><b>Dimensions:</b> 43.25""w x 43.25""d x 36.25""h</p><ul><li>Black counter height dining set pairs a round table with biscuit-tufted velvet chairs</li><li>Durable wood construction and cushioned seats support everyday dining comfort</li><li>Creates an inviting setting for casual meals and relaxed kitchen gatherings</li><li>Grey velvet upholstery adds soft texture and polished modern comfort</li><li>Black finish creates crisp contrast across the table and tapered chair frames</li><li>Rounded chair corners and clean lines create a refined structured profile</li></ul>",84.62,/v/vspfiles/photos/coaster dining/193938BLK-S5E-1.jpg,N
193938NAT-S5E,Hamlyn 5-piece Round Wood Counter Height Dining Set Grey and Natural Oak,"<p>This five-piece counter height dining set creates an elevated gathering spot with a round table and coordinated seating. The clean table silhouette and tall, streamlined base establish a refined focal point, while biscuit-tufted chairs add soft texture and everyday comfort. Durable wood construction supports steady daily use across the set. Designed for casual meals and conversation, it brings warm modern character to kitchen dining areas and open living spaces.</p><p><b>Dimensions:</b> 43.25""w x 43.25""d x 36.25""h</p><ul><li>Natural oak counter height dining set pairs a round table with biscuit-tufted chairs</li><li>Grey velvet upholstery adds soft texture and polished elevated dining comfort</li><li>Natural oak finish keeps the table and tapered chair frames warm and inviting</li><li>Rounded chair corners and clean lines create a refined structured profile</li><li>Durable wood construction and cushioned seats support everyday dining comfort</li><li>Creates an inviting setting for casual meals and relaxed kitchen gatherings</li></ul>",84.62,/v/vspfiles/photos/coaster dining/193938NAT-S5E-1.jpg,N
193938WAL-S5E,Hamlyn 5-piece Round Wood Counter Height Dining Set Grey and Walnut,"<p>This five-piece counter height dining set creates an elevated gathering spot with a round table and coordinated seating. The clean table silhouette and tall, streamlined base establish a refined focal point, while biscuit-tufted chairs add soft texture and everyday comfort. Durable wood construction supports steady daily use across the set. Designed for casual meals and conversation, it brings warm modern character to kitchen dining areas and open living spaces.</p><p><b>Dimensions:</b> 43.25""w x 43.25""d x 36.25""h</p><ul><li>Walnut counter height dining set pairs a round table with biscuit-tufted chairs</li><li>Grey velvet upholstery adds soft texture and polished elevated dining comfort</li><li>Walnut finish keeps the table and tapered chair frames warm and inviting</li><li>Rounded chair corners and clean lines create a refined structured profile</li><li>Durable wood construction and cushioned seats support everyday dining comfort</li><li>Creates an inviting setting for casual meals and relaxed kitchen gatherings</li></ul>",84.62,/v/vspfiles/photos/coaster dining/193938WAL-S5E-1.jpg,N
193938BLK-S5B,Hamlyn 5-piece Round Wood Counter Height Dining Set Cream and Black,"<p>This five-piece counter height dining set creates an elevated gathering spot with a round table and coordinated seating. The clean table silhouette and tall, streamlined base establish a refined focal point, while cushioned armless chairs add soft contrast and everyday comfort. Durable wood construction supports steady daily use across the set. Designed for casual meals and conversation, it brings warm modern character to kitchen dining areas and open living spaces.</p><p><b>Dimensions:</b> 43.25""w x 43.25""d x 36.25""h</p><ul><li>Black counter height dining set pairs a round table with cushioned armless chairs</li><li>Black finish gives the table and chair frames crisp contrast and steady presence</li><li>Cream fabric upholstery softens the look with supportive seats and backs</li><li>Durable wood construction and foam padding support everyday dining comfort</li><li>Footrest stretchers help support a comfortable and relaxed elevated seat</li><li>Works well for kitchen gatherings casual meals and relaxed weekend brunches</li></ul>",84.62,/v/vspfiles/photos/coaster dining/193938BLK-S5B-1.jpg,N
193938NAT-S5B,Hamlyn 5-piece Round Wood Counter Height Dining Set Cream and Natural Oak,"<p>This five-piece counter height dining set creates an elevated gathering spot with a round table and coordinated seating. The clean table silhouette and tall, streamlined base establish a refined focal point, while cushioned armless chairs add soft contrast and everyday comfort. Durable wood construction supports steady daily use across the set. Designed for casual meals and conversation, it brings warm modern character to kitchen dining areas and open living spaces.</p><p><b>Dimensions:</b> 43.25""w x 43.25""d x 36.25""h</p><ul><li>Cream fabric upholstery softens the look with supportive seats and backs</li><li>Durable wood construction and foam padding support everyday dining comfort</li><li>Footrest stretchers help support a comfortable and relaxed elevated seat</li><li>Natural oak counter height dining set pairs a round table with cushioned chairs</li><li>Natural oak finish keeps the set warm bright and easy to place in kitchens</li><li>Works well for kitchen gatherings casual meals and relaxed weekend brunches</li></ul>",84.62,/v/vspfiles/photos/coaster dining/193938NAT-S5B-1.jpg,N
193938WAL-S5B,Hamlyn 5-piece Round Wood Counter Height Dining Set Cream and Walnut,"<p>This five-piece counter height dining set creates an elevated gathering spot with a round table and coordinated seating. The clean table silhouette and tall, streamlined base establish a refined focal point, while cushioned armless chairs add soft contrast and everyday comfort. Durable wood construction supports steady daily use across the set. Designed for casual meals and conversation, it brings warm modern character to kitchen dining areas and open living spaces.</p><p><b>Dimensions:</b> 43.25""w x 43.25""d x 36.25""h</p><ul><li>Cream fabric upholstery softens the look with supportive seats and backs</li><li>Durable wood construction and foam padding support everyday dining comfort</li><li>Footrest stretchers help support a comfortable and relaxed elevated seat</li><li>Walnut counter height dining set pairs a round table with cushioned chairs</li><li>Walnut finish gives the table and chair frames warm grounded character</li><li>Works well for kitchen gatherings casual meals and relaxed weekend brunches</li></ul>",84.62,/v/vspfiles/photos/coaster dining/193938WAL-S5B-1.jpg,N
193951BLK-S7F,Decker 7-piece 82-inch Rectangular Dining Set Black,"<p>Seven-piece rectangular dining set brings classic Windsor character to a clean-lined slab-top table for a balanced, grounded dining presence. The broad 82-inch surface and bold panel legs create a modern anchor, while high spindle-back chairs with curved crest rails and shaped seats keep the arrangement airy and timeless. Ash veneer over durable wood construction supports the composed silhouette, making the set well suited to daily meals, weekend hosting, and relaxed gathering in dining rooms and kitchens.</p><p><b>Dimensions:</b> 82""w x 35.5""d x 30""h</p><ul><li>Ash veneer and durable wood construction support everyday dining and hosting</li><li>Black dining set pairs an 82-inch table with black Windsor side chairs</li><li>Curved crest rails and open spindles keep the chair profile airy and classic</li><li>Seven-piece layout blends clean structure with timeless dining room character</li><li>Shaped seats and angled legs reinforce the steady Windsor-inspired stance</li><li>Thick slab top and bold panel legs give the table a grounded modern presence</li></ul>",141.34,/v/vspfiles/photos/coaster dining/193951BLK-S7F-1.jpg,N
193951WAL-S7F,Decker 7-piece 82-inch Rectangular Dining Set Walnut,"<p>Seven-piece rectangular dining set brings classic Windsor character to a clean-lined slab-top table for a balanced, grounded dining presence. The broad 82-inch surface and bold panel legs create a modern anchor, while high spindle-back chairs with curved crest rails and shaped seats keep the arrangement airy and timeless. Walnut veneer over durable wood construction supports the composed silhouette, making the set well suited to daily meals, weekend hosting, and relaxed gathering in dining rooms and kitchens.</p><p><b>Dimensions:</b> 82""w x 35.5""d x 30""h</p><ul><li>Curved crest rails and open spindles keep the chair profile airy and classic</li><li>Seven-piece layout blends clean structure with timeless dining room character</li><li>Shaped seats and angled legs reinforce the steady Windsor-inspired stance</li><li>Thick slab top and bold panel legs give the table a grounded modern presence</li><li>Walnut dining set pairs an 82-inch table with walnut Windsor side chairs</li><li>Walnut veneer and durable wood construction support everyday dining and hosting</li></ul>",141.34,/v/vspfiles/photos/coaster dining/193951WAL-S7F-1.jpg,N
193951NAT-S7C,Decker 7-piece 82-inch Rectangular Dining Set Black and Natural Oak,"<p>Seven-piece rectangular dining set balances a bold slab-top table with streamlined upholstered seating for a clean, grounded dining presence. The broad 82-inch surface and crisp panel legs anchor the room, while black leatherette chairs with cushioned seats and supportive backs keep the arrangement tailored and easy to gather around. Ash veneer over durable wood construction adds warm contrast to the natural oak table, creating a composed setting for daily meals and weekend hosting.</p><p><b>Dimensions:</b> 82""w x 35.5""d x 30""h</p><ul><li>Ash veneer and durable wood construction support everyday dining and hosting</li><li>Black leatherette seating adds crisp contrast and a clean tailored dining look</li><li>Cushioned seats and supportive backs keep the arrangement comfortable each day</li><li>Natural oak dining set pairs an 82-inch table with black upholstered side chairs</li><li>Seven-piece layout brings calm structure to open kitchens and dining rooms</li><li>Thick slab top and bold panel legs give the table a grounded modern presence</li></ul>",141.34,/v/vspfiles/photos/coaster dining/193951NAT-S7C-1.jpg,N
193951BLK-S7C,Decker 7-piece 82-inch Rectangular Dining Set Black,"<p>Seven-piece rectangular dining set creates a clean, tailored look with a thick slab-top table and matching upholstered seating arranged in balanced proportion. The broad 82-inch surface and bold panel legs anchor the room, while black leatherette chairs with cushioned seats and supportive backs keep the profile streamlined and easy to gather around. Ash veneer over durable wood construction reinforces the grounded design, making the set well suited to daily meals, weekend hosting, and open dining spaces.</p><p><b>Dimensions:</b> 82""w x 35.5""d x 30""h</p><ul><li>Ash veneer and durable wood construction support everyday dining and hosting</li><li>Black dining set pairs an 82-inch table with black upholstered side chairs</li><li>Black leatherette seating adds a clean tailored look with matching contrast</li><li>Cushioned seats and supportive backs keep the arrangement comfortable each day</li><li>Seven-piece layout brings calm structure to open kitchens and dining rooms</li><li>Thick slab top and bold panel legs give the table a grounded modern presence</li></ul>",141.34,/v/vspfiles/photos/coaster dining/193951BLK-S7C-1.jpg,N
193951WAL-S7C,Decker 7-piece 82-inch Rectangular Dining Set Black and Walnut,"<p>Seven-piece rectangular dining set balances a bold slab-top table with streamlined upholstered seating for a warm, grounded dining presence. The broad 82-inch surface and crisp panel legs anchor the room, while black leatherette chairs with cushioned seats and supportive backs keep the arrangement tailored and easy to gather around. Walnut veneer over durable wood construction adds rich contrast to the full set, creating a composed setting for daily meals, weekend hosting, and open dining spaces.</p><p><b>Dimensions:</b> 82""w x 35.5""d x 30""h</p><ul><li>Black leatherette seating adds crisp contrast and a clean tailored dining look</li><li>Cushioned seats and supportive backs keep the arrangement comfortable each day</li><li>Seven-piece layout brings calm structure to open kitchens and dining rooms</li><li>Thick slab top and bold panel legs give the table a grounded modern presence</li><li>Walnut dining set pairs an 82-inch table with black upholstered side chairs</li><li>Walnut veneer and durable wood construction support everyday dining and hosting</li></ul>",141.34,/v/vspfiles/photos/coaster dining/193951WAL-S7C-1.jpg,N
193951BLK-S7G,Decker 7-piece 82-inch Rectangular Dining Set Black,"<p>Seven-piece rectangular dining set combines a thick slab-top table with classic Windsor-style seating for a grounded, collected dining presence. The broad 82-inch surface and bold panel legs give the table clean architectural weight, while spindle-back chairs with contoured seats and angled legs bring airy structure and familiar character. Ash veneer over durable wood construction supports the full set, making it well suited to daily meals, weekend gatherings, and relaxed dining rooms with a farmhouse edge.</p><p><b>Dimensions:</b> 82""w x 35.5""d x 30""h</p><ul><li>Angled legs with double stretchers reinforce a steady everyday dining stance</li><li>Ash veneer and durable wood construction support everyday dining and hosting</li><li>Black dining set pairs an 82-inch table with black Windsor side chairs</li><li>High spindle backs and contoured seats keep the chair profile airy and classic</li><li>Seven-piece layout adds farmhouse character to clean modern dining spaces</li><li>Thick slab top and bold panel legs give the table a grounded modern presence</li></ul>",141.34,/v/vspfiles/photos/coaster dining/193951BLK-S7G-1.jpg,N
193951NAT-S7E,Decker 7-piece 82-inch Rectangular Dining Set Grey and Natural Oak,"<p>Seven-piece rectangular dining set pairs a thick slab-top table with softly structured velvet seating for a calm, tailored dining presence. The broad 82-inch surface and bold panel legs create a grounded centerpiece, while grey biscuit-tufted chairs with rounded corners and tapered legs add clean texture without visual heaviness. Ash veneer over durable wood construction brings warmth and support to the arrangement, making it well suited to everyday meals, weekend brunches, and easy entertaining.</p><p><b>Dimensions:</b> 82""w x 35.5""d x 30""h</p><ul><li>Natural oak dining set pairs an 82-inch table with grey biscuit-tufted chairs</li><li>Thick slab top and bold panel legs give the table a grounded modern presence</li><li>Grey velvet seating adds soft texture and a tailored look around the table</li><li>Biscuit-tufted and tapered legs keep the chair profile clean and refined</li><li>Ash veneer and durable wood construction support everyday dining and hosting</li><li>Seven-piece layout brings calm contrast to dining rooms and open kitchens</li></ul>",141.34,/v/vspfiles/photos/coaster dining/193951NAT-S7E-1.jpg,N
193951BLK-S7E,Decker 7-piece 82-inch Rectangular Dining Set Grey and Black,"<p>Seven-piece rectangular dining set pairs a thick slab-top table with softly structured velvet seating for a calm, tailored dining presence. The broad 82-inch surface and bold panel legs create a grounded centerpiece, while grey biscuit-tufted chairs with rounded corners and tapered legs add clean texture and balanced contrast. Ash veneer over durable wood construction supports the composed silhouette, making the set well suited to everyday meals, weekend brunches, and easy entertaining in open dining spaces.</p><p><b>Dimensions:</b> 82""w x 35.5""d x 30""h</p><ul><li>Black dining set pairs an 82-inch table with grey biscuit-tufted chairs</li><li>Thick slab top and bold panel legs give the table a grounded modern presence</li><li>Grey velvet seating adds soft texture and a tailored look around the table</li><li>Biscuit-tufted and tapered legs keep the chair profile clean and refined</li><li>Ash veneer and durable wood construction support everyday dining and hosting</li><li>Seven-piece layout brings calm contrast to dining rooms and open kitchens</li></ul>",141.34,/v/vspfiles/photos/coaster dining/193951BLK-S7E-1.jpg,N
193951WAL-S7E,Decker 7-piece 82-inch Rectangular Dining Set Grey and Walnut,"<p>Seven-piece rectangular dining set pairs a thick slab-top table with softly structured velvet seating for a calm, tailored dining presence. The broad 82-inch surface and bold panel legs create a grounded centerpiece, while grey biscuit-tufted chairs with rounded corners and tapered legs add clean texture and warm contrast. Walnut veneer over durable wood construction supports the composed silhouette, making the set well suited to everyday meals, weekend brunches, and easy entertaining in open dining spaces.</p><p><b>Dimensions:</b> 82""w x 35.5""d x 30""h</p><ul><li>Walnut dining set pairs an 82-inch table with grey biscuit-tufted chairs</li><li>Thick slab top and bold panel legs give the table a grounded modern presence</li><li>Grey velvet seating adds soft texture and a tailored look around the table</li><li>Biscuit-tufted and tapered legs keep the chair profile clean and refined</li><li>Walnut veneer and durable wood construction support everyday dining and hosting</li><li>Seven-piece layout brings calm contrast to dining rooms and open kitchens</li></ul>",141.34,/v/vspfiles/photos/coaster dining/193951WAL-S7E-1.jpg,N
193951NAT-S7B,Decker 7-piece 82-inch Rectangular Dining Set Cream and Natural Oak,"<p>Seven-piece rectangular dining set brings clean structure and soft seating to everyday dining with a thick slab-top table and tailored upholstered chairs. The broad 82-inch surface and bold panel legs create a grounded anchor, while cream fabric seating, supportive backs, and stretcher-braced bases keep the arrangement calm and welcoming. Ash veneer over durable wood construction gives the set a warm, composed presence suited to family meals, brunches, and easy gathering.</p><p><b>Dimensions:</b> 82""w x 35.5""d x 30""h</p><ul><li>Ash veneer and durable wood construction support everyday meals and gatherings</li><li>Cream upholstered seats soften the set with a calm, tailored dining profile</li><li>Natural oak dining set pairs an 82-inch table with cream upholstered side chairs</li><li>Seven-piece layout brings a collected look to dining rooms and open kitchens</li><li>Supportive backs and stretcher-braced bases keep the seating steady and composed</li><li>Thick slab top and bold panel legs give the table a grounded modern presence</li></ul>",141.34,/v/vspfiles/photos/coaster dining/193951NAT-S7B-1.jpg,N
193951BLK-S7B,Decker 7-piece 82-inch Rectangular Dining Set Cream and Black,"<p>Seven-piece rectangular dining set brings crisp structure and soft seating to everyday dining with a thick slab-top table and tailored upholstered chairs. The broad 82-inch surface and bold panel legs create a grounded anchor, while cream fabric seating, supportive backs, and stretcher-braced bases keep the arrangement calm and inviting. Ash veneer over durable wood construction gives the set a clean, composed presence suited to family meals, brunches, and relaxed gathering in open dining spaces.</p><p><b>Dimensions:</b> 82""w x 35.5""d x 30""h</p><ul><li>Seven-piece layout brings a collected look to dining rooms and open kitchens</li><li>Supportive backs and stretcher-braced bases keep the seating steady and composed</li><li>Thick slab top and bold panel legs give the table a grounded modern presence</li><li>Ash veneer and durable wood construction support everyday meals and gatherings</li><li>Black dining set pairs an 82-inch table with cream upholstered side chairs</li><li>Cream upholstered seats soften the set with a calm, tailored dining profile</li></ul>",141.34,/v/vspfiles/photos/coaster dining/193951BLK-S7B-1.jpg,N
193951WAL-S7B,Decker 7-piece 82-inch Rectangular Dining Set Cream and Walnut,"<p>Seven-piece rectangular dining set brings warm structure and soft seating to everyday dining with a thick slab-top table and tailored upholstered chairs. The broad 82-inch surface and bold panel legs create a grounded anchor, while cream fabric seating, supportive backs, and stretcher-braced bases keep the arrangement calm and welcoming. Walnut veneer over durable wood construction gives the set a rich, composed presence suited to family meals, brunches, and relaxed gathering in dining rooms and kitchens.</p><p><b>Dimensions:</b> 82""w x 35.5""d x 30""h</p><ul><li>Cream upholstered seats soften the set with a calm, tailored dining profile</li><li>Seven-piece layout brings a collected look to dining rooms and open kitchens</li><li>Supportive backs and stretcher-braced bases keep the seating steady and composed</li><li>Thick slab top and bold panel legs give the table a grounded modern presence</li><li>Walnut dining set pairs an 82-inch table with cream upholstered side chairs</li><li>Walnut veneer and durable wood construction support everyday meals and gatherings</li></ul>",141.34,/v/vspfiles/photos/coaster dining/193951WAL-S7B-1.jpg,N
193951NAT-S7D,Decker 7-piece 82-inch Rectangular Dining Set Cream and Natural Oak,"<p>Seven-piece rectangular dining set pairs a thick slab-top table with softly structured velvet seating for a tailored modern dining presence. The broad 82-inch surface and bold panel legs create a grounded centerpiece, while cream biscuit-tufted chairs with rounded corners and tapered legs add quiet texture and clean definition. Ash veneer over durable wood construction balances warmth and support, making the set well suited to everyday meals, weekend brunches, and shared conversation.</p><p><b>Dimensions:</b> 82""w x 35.5""d x 30""h</p><ul><li>Natural oak dining set pairs an 82-inch table with cream biscuit-tufted chairs</li><li>Thick slab top and bold panel legs give the table a grounded modern presence</li><li>Cream velvet seating adds soft texture and a tailored look around the table</li><li>Biscuit-tufted and tapered legs keep the chair profile clean and refined</li><li>Ash veneer and durable wood construction support everyday dining and hosting</li><li>Seven-piece layout brings warm contrast to dining rooms and open kitchens</li></ul>",141.34,/v/vspfiles/photos/coaster dining/193951NAT-S7D-1.jpg,N
193951BLK-S7D,Decker 7-piece 82-inch Rectangular Dining Set Cream and Black,"<p>Seven-piece rectangular dining set pairs a thick slab-top table with softly structured velvet seating for a tailored modern dining presence. The broad 82-inch surface and bold panel legs create a grounded centerpiece, while cream biscuit-tufted chairs with rounded corners and tapered legs add quiet texture and crisp contrast. Ash veneer over durable wood construction balances clean structure and lasting support, making the set well suited to everyday meals, weekend brunches, and easy entertaining.</p><p><b>Dimensions:</b> 82""w x 35.5""d x 30""h</p><ul><li>Black dining set pairs an 82-inch table with cream biscuit-tufted chairs</li><li>Thick slab top and bold panel legs give the table a grounded modern presence</li><li>Seven-piece layout brings warm contrast to dining rooms and open kitchens</li><li>Cream velvet seating adds soft texture and a tailored look around the table</li><li>Biscuit-tufted and tapered legs keep the chair profile clean and refined</li><li>Ash veneer and durable wood construction support everyday dining and hosting</li></ul>",141.34,/v/vspfiles/photos/coaster dining/193951BLK-S7D-1.jpg,N
193951WAL-S7D,Decker 7-piece 82-inch Rectangular Dining Set Cream and Walnut,"<p>Seven-piece rectangular dining set pairs a thick slab-top table with softly structured velvet seating for a tailored modern dining presence. The broad 82-inch surface and bold panel legs create a grounded centerpiece, while cream biscuit-tufted chairs with rounded corners and tapered legs add quiet texture and warm contrast. Walnut veneer over durable wood construction balances richness and support, making the set well suited to everyday meals, weekend brunches, and easy entertaining.</p><p><b>Dimensions:</b> 82""w x 35.5""d x 30""h</p><ul><li>Walnut dining set pairs an 82-inch table with cream biscuit-tufted chairs</li><li>Thick slab top and bold panel legs give the table a grounded modern presence</li><li>Cream velvet seating adds soft texture and a tailored look around the table</li><li>Biscuit-tufted and tapered legs keep the chair profile clean and refined</li><li>Walnut veneer and durable wood construction support everyday dining and hosting</li><li>Seven-piece layout brings warm contrast to dining rooms and open kitchens</li></ul>",141.34,/v/vspfiles/photos/coaster dining/193951WAL-S7D-1.jpg,N
193951NAT-S7A,Decker 7-piece 82-inch Rectangular Dining Set Wheat and Natural Oak,"<p>Seven-piece rectangular dining set creates a calm, grounded place for shared meals with a thick slab-top table and spindle-back seating in quiet balance. The broad 82-inch surface and bold panel legs anchor the room, while curved crest rails, slim spindles, and shaped seats keep the profile open and inviting. Ash veneer over durable wood construction pairs with wheat upholstery for a warm, composed look suited to everyday dining and gatherings.</p><p><b>Dimensions:</b> 82""w x 35.5""d x 30""h</p><ul><li>Ash veneer and durable wood construction support everyday dining and hosting</li><li>Curved crest rails and slim spindles keep the seating light and visually open</li><li>Natural oak dining set pairs an 82-inch table with wheat spindle-back side chairs</li><li>Seven-piece layout suits family meals, weekend brunches, and holiday gatherings</li><li>Thick slab top and bold panel legs give the table a grounded modern presence</li><li>Wheat upholstered seats add soft contrast to the airy Windsor-inspired chair profile</li></ul>",141.34,/v/vspfiles/photos/coaster dining/193951NAT-S7A-1.jpg,N
193951BLK-S7A,Decker 7-piece 82-inch Rectangular Dining Set Wheat and Black,"<p>Seven-piece rectangular dining set creates crisp contrast with a thick slab-top table and spindle-back seating arranged in quiet balance. The broad 82-inch surface and bold panel legs anchor the room with clean structure, while curved crest rails, slim spindles, and shaped seats keep the chairs airy and welcoming. Ash veneer over durable wood construction pairs with wheat upholstery for a composed look that suits daily dining, weekend brunches, and easy gathering in open spaces.</p><p><b>Dimensions:</b> 82""w x 35.5""d x 30""h</p><ul><li>Ash veneer and durable wood construction support everyday dining and hosting</li><li>Black dining set pairs an 82-inch table with wheat spindle-back side chairs</li><li>Curved crest rails and slim spindles keep the seating light and visually open</li><li>Seven-piece layout suits family meals, weekend brunches, and holiday gatherings</li><li>Thick slab top and bold panel legs give the table a grounded modern presence</li><li>Wheat upholstered seats add soft contrast to the airy Windsor-inspired chair profile</li></ul>",141.34,/v/vspfiles/photos/coaster dining/193951BLK-S7A-1.jpg,N
193951WAL-S7A,Decker 7-piece 82-inch Rectangular Dining Set Wheat and Walnut,"<p>Seven-piece rectangular dining set creates warm contrast with a thick slab-top table and spindle-back seating arranged in quiet balance. The broad 82-inch surface and bold panel legs anchor the room with clean structure, while curved crest rails, slim spindles, and shaped seats keep the chairs airy and welcoming. Walnut veneer over durable wood construction pairs with wheat upholstery for a composed look that suits daily dining, weekend brunches, and relaxed gathering in open spaces.</p><p><b>Dimensions:</b> 82""w x 35.5""d x 30""h</p><ul><li>Curved crest rails and slim spindles keep the seating light and visually open</li><li>Seven-piece layout suits family meals, weekend brunches, and holiday gatherings</li><li>Thick slab top and bold panel legs give the table a grounded modern presence</li><li>Walnut dining set pairs an 82-inch table with wheat spindle-back side chairs</li><li>Walnut veneer and durable wood construction support everyday dining and hosting</li><li>Wheat upholstered seats add soft contrast to the airy Windsor-inspired chair profile</li></ul>",141.34,/v/vspfiles/photos/coaster dining/193951WAL-S7A-1.jpg,N
193940NAT-S5C,Strouse 5-piece Dining Set Black and Natural Oak,"<p>Five-piece dining set pairs a sculptural round pedestal-style table with tailored seating that keeps the dining room clean and composed. The circular tabletop rests on an open panel base with architectural spacing, while the side chairs bring cushioned seats, supportive backs, and a streamlined armless profile. Ash veneer surfaces pair with rubberwood and engineered wood, and the chairs add foam padding with smooth leatherette upholstery. The round layout supports easy conversation for daily dining, coffee, and casual gatherings.</p><p><b>Dimensions:</b> 47.25""w x 47.25""d x 30""h</p><ul><li>Five-piece dining set pairs a round pedestal-style table with black leatherette chairs</li><li>Natural oak finish adds light wood warmth and contrast across the set</li><li>Supportive chair backs and cushioned seats keep everyday dining comfortable</li><li>Round tabletop encourages easy conversation during meals and casual gatherings</li><li>Ash veneer, rubberwood, and engineered wood support dependable daily use</li><li>Black leatherette gives the set a clean tailored look with easy visual polish</li></ul>",76.82,/v/vspfiles/photos/coaster dining/193940NAT-S5C-1.jpg,N
193940BLK-S5C,Strouse 5-piece Dining Set Black,"<p>Five-piece dining set pairs a sculptural round pedestal-style table with tailored seating that keeps the dining room clean and composed. The circular tabletop rests on an open panel base with architectural spacing, while the side chairs bring cushioned seats, supportive backs, and a streamlined armless profile. Ash veneer surfaces pair with rubberwood and engineered wood, and the chairs add foam padding with smooth leatherette upholstery. The round layout supports easy conversation for daily dining, coffee, and casual gatherings.</p><p><b>Dimensions:</b> 47.25""w x 47.25""d x 30""h</p><ul><li>Five-piece dining set pairs a round pedestal-style table with black leatherette chairs</li><li>Black finish creates a bold unified look across the table and chair frames</li><li>Supportive chair backs and cushioned seats keep everyday dining comfortable</li><li>Round tabletop encourages easy conversation during meals and casual gatherings</li><li>Ash veneer, rubberwood, and engineered wood support dependable daily use</li><li>Black leatherette gives the set a clean tailored look with easy visual polish</li></ul>",76.82,/v/vspfiles/photos/coaster dining/193940BLK-S5C-1.jpg,N
193940WAL-S5C,Strouse 5-piece Dining Set Black and Walnut,"<p>Five-piece dining set pairs a sculptural round pedestal-style table with tailored seating that keeps the dining room clean and composed. The circular tabletop rests on an open panel base with architectural spacing, while the side chairs bring cushioned seats, supportive backs, and a streamlined armless profile. Walnut veneer surfaces pair with rubberwood and engineered wood, and the chairs add foam padding with smooth leatherette upholstery. The round layout supports easy conversation for daily dining, coffee, and casual gatherings.</p><p><b>Dimensions:</b> 47.25""w x 47.25""d x 30""h</p><ul><li>Five-piece dining set pairs a round pedestal-style table with black leatherette chairs</li><li>Walnut finish brings rich wood warmth and contrast across the full set</li><li>Supportive chair backs and cushioned seats keep everyday dining comfortable</li><li>Round tabletop encourages easy conversation during meals and casual gatherings</li><li>Walnut veneer, rubberwood, and engineered wood support dependable daily use</li><li>Black leatherette gives the set a clean tailored look with easy visual polish</li></ul>",76.82,/v/vspfiles/photos/coaster dining/193940WAL-S5C-1.jpg,N
193940BLK-S5G,Strouse 5-piece Dining Set Black,"<p>Five-piece dining set pairs a sculptural round pedestal-style table with Windsor-style seating for a relaxed farmhouse dining presence. The circular tabletop rests on an open panel base that brings architectural depth, while the side chairs add tall spindle backs, gently contoured seats, and angled legs with double stretchers. Ash veneer surfaces pair with rubberwood and engineered wood, and the chairs add rubberwood, plywood, and veneer construction. The round layout encourages easy conversation for everyday dining and casual gatherings.</p><p><b>Dimensions:</b> 47.25""w x 47.25""d x 30""h</p><ul><li>Five-piece dining set pairs a round pedestal-style table with black Windsor chairs</li><li>Black finish creates a bold unified look across the table and side chairs</li><li>Tall spindle backs and curved seats bring classic farmhouse-inspired character</li><li>Round tabletop encourages easy conversation during meals and casual gatherings</li><li>Ash veneer, rubberwood, and engineered wood support dependable daily use</li><li>Double stretchers reinforce the chairs with a grounded and steady profile</li></ul>",76.82,/v/vspfiles/photos/coaster dining/193940BLK-S5G-1.jpg,N
193940BLK-S5F,Strouse 5-piece Dining Set Black,"<p>Five-piece dining set pairs a sculptural round pedestal-style table with classic Windsor seating for a balanced dining room look. The circular tabletop rests on an open panel base that brings architectural depth, while the side chairs add curved crest rails, slender spindles, and shaped wood seats. Ash veneer surfaces pair with rubberwood and engineered wood, and the chairs bring rubberwood and plywood construction with stretcher-braced support. The round layout encourages easy conversation for daily dining and casual gatherings.</p><p><b>Dimensions:</b> 47.25""w x 47.25""d x 30""h</p><ul><li>Five-piece dining set pairs a round pedestal-style table with black Windsor chairs</li><li>Black finish creates a bold unified look across the table and side chairs</li><li>Curved crest rails and spindle backs bring airy classic detail to the set</li><li>Round tabletop encourages easy conversation during meals and casual gatherings</li><li>Ash veneer, rubberwood, and engineered wood support dependable daily use</li><li>Shaped wood seats and stretcher bases keep the dining profile clean and steady</li></ul>",76.82,/v/vspfiles/photos/coaster dining/193940BLK-S5F-1.jpg,N
193940WAL-S5F,Strouse 5-piece Dining Set Walnut,"<p>Five-piece dining set pairs a sculptural round pedestal-style table with classic Windsor seating for a balanced dining room look. The circular tabletop rests on an open panel base that brings architectural depth, while the side chairs add curved crest rails, slender spindles, and shaped wood seats. Walnut veneer surfaces pair with rubberwood and engineered wood, and the chairs bring rubberwood and plywood construction with stretcher-braced support. The round layout encourages easy conversation for daily dining and casual gatherings.</p><p><b>Dimensions:</b> 47.25""w x 47.25""d x 30""h</p><ul><li>Round tabletop encourages easy conversation during meals and casual gatherings</li><li>Walnut veneer, rubberwood, and engineered wood support dependable daily use</li><li>Shaped wood seats and stretcher bases keep the dining profile clean and steady</li><li>Five-piece dining set pairs a round pedestal-style table with walnut Windsor chairs</li><li>Walnut finish adds rich wood warmth and depth across the full set</li><li>Curved crest rails and spindle backs bring airy classic detail to the set</li></ul>",76.82,/v/vspfiles/photos/coaster dining/193940WAL-S5F-1.jpg,N
193940NAT-S5E,Strouse 5-piece Dining Set Grey and Natural Oak,"<p>Five-piece dining set balances a sculptural round pedestal-style table with biscuit-tufted seating for a clean modern dining presence. The circular tabletop rests on an open panel base that brings architectural depth, while the side chairs add squared backs, softly rounded corners, and cushioned upholstered seats. Ash veneer surfaces pair with rubberwood and engineered wood, and the chairs bring foam padding with velvet upholstery. The round design encourages easy conversation for everyday meals and relaxed gatherings.</p><p><b>Dimensions:</b> 47.25""w x 47.25""d x 30""h</p><ul><li>Five-piece dining set pairs a round pedestal-style table with grey velvet chairs</li><li>Natural oak finish adds light wood warmth to the sculptural dining profile</li><li>Biscuit-tufted chair backs bring tailored texture and a refined modern look</li><li>Round tabletop encourages easy conversation during meals and casual gatherings</li><li>Ash veneer, rubberwood, and engineered wood support dependable daily use</li><li>Grey velvet seating gives the set soft texture and a calm tailored presence</li></ul>",76.82,/v/vspfiles/photos/coaster dining/193940NAT-S5E-1.jpg,N
193940BLK-S5E,Strouse 5-piece Dining Set Grey and Black,"<p>Five-piece dining set balances a sculptural round pedestal-style table with biscuit-tufted seating for a clean modern dining presence. The circular tabletop rests on an open panel base that brings architectural depth, while the side chairs add squared backs, softly rounded corners, and cushioned upholstered seats. Ash veneer surfaces pair with rubberwood and engineered wood, and the chairs bring foam padding with velvet upholstery. The round design encourages easy conversation for everyday meals and relaxed gatherings.</p><p><b>Dimensions:</b> 47.25""w x 47.25""d x 30""h</p><ul><li>Five-piece dining set pairs a round pedestal-style table with grey velvet chairs</li><li>Black finish adds crisp contrast and grounded depth across the full set</li><li>Biscuit-tufted chair backs bring tailored texture and a refined modern look</li><li>Round tabletop encourages easy conversation during meals and casual gatherings</li><li>Ash veneer, rubberwood, and engineered wood support dependable daily use</li><li>Grey velvet seating gives the set soft texture and a calm tailored presence</li></ul>",76.82,/v/vspfiles/photos/coaster dining/193940BLK-S5E-1.jpg,N
193940WAL-S5E,Strouse 5-piece Dining Set Grey and Walnut,"<p>Five-piece dining set balances a sculptural round pedestal-style table with biscuit-tufted seating for a clean modern dining presence. The circular tabletop rests on an open panel base that brings architectural depth, while the side chairs add squared backs, softly rounded corners, and cushioned upholstered seats. Walnut veneer surfaces pair with rubberwood and engineered wood, and the chairs bring foam padding with velvet upholstery. The round design encourages easy conversation for everyday meals and relaxed gatherings.</p><p><b>Dimensions:</b> 47.25""w x 47.25""d x 30""h</p><ul><li>Five-piece dining set pairs a round pedestal-style table with grey velvet chairs</li><li>Walnut finish adds rich wood warmth and depth across the full set</li><li>Biscuit-tufted chair backs bring tailored texture and a refined modern look</li><li>Round tabletop encourages easy conversation during meals and casual gatherings</li><li>Walnut veneer, rubberwood, and engineered wood support dependable daily use</li><li>Grey velvet seating gives the set soft texture and a calm tailored presence</li></ul>",76.82,/v/vspfiles/photos/coaster dining/193940WAL-S5E-1.jpg,N
193940NAT-S5B,Strouse 5-piece Dining Set Cream and Natural Oak,"<p>Five-piece dining set pairs a sculptural round pedestal-style table with tailored upholstered seating for a balanced dining room look. The circular tabletop rests on an open panel base that gives the table architectural depth, while the side chairs add cushioned seats and supportive backs with a clean armless profile. Ash veneer surfaces pair with rubberwood and engineered wood, while the chairs bring foam padding and polyester upholstery. Its round layout supports comfortable conversation for everyday dining and gathering.</p><p><b>Dimensions:</b> 47.25""w x 47.25""d x 30""h</p><ul><li>Five-piece dining set pairs a round pedestal-style table with cream upholstered chairs</li><li>Natural oak finish adds light wood character and warmth across the full set</li><li>Supportive chair backs and cushioned seats keep everyday dining comfortable</li><li>Round tabletop encourages easy conversation during meals and casual gatherings</li><li>Ash veneer, rubberwood, and engineered wood support dependable daily use</li><li>Cream upholstery brings a calm tailored look to the sculptural dining set</li></ul>",76.82,/v/vspfiles/photos/coaster dining/193940NAT-S5B-1.jpg,N
193940BLK-S5B,Strouse 5-piece Dining Set Cream and Black,"<p>Five-piece dining set pairs a sculptural round pedestal-style table with tailored upholstered seating for a balanced dining room look. The circular tabletop rests on an open panel base that gives the table architectural depth, while the side chairs add cushioned seats and supportive backs with a clean armless profile. Ash veneer surfaces pair with rubberwood and engineered wood, while the chairs bring foam padding and polyester upholstery. Its round layout supports comfortable conversation for everyday dining and gathering.</p><p><b>Dimensions:</b> 47.25""w x 47.25""d x 30""h</p><ul><li>Five-piece dining set pairs a round pedestal-style table with cream upholstered chairs</li><li>Black finish adds bold contrast and grounded depth across the full set</li><li>Supportive chair backs and cushioned seats keep everyday dining comfortable</li><li>Round tabletop encourages easy conversation during meals and casual gatherings</li><li>Ash veneer, rubberwood, and engineered wood support dependable daily use</li><li>Cream upholstery brings a calm tailored look to the sculptural dining set</li></ul>",76.82,/v/vspfiles/photos/coaster dining/193940BLK-S5B-1.jpg,N
193940WAL-S5B,Strouse 5-piece Dining Set Cream and Walnut,"<p>Five-piece dining set pairs a sculptural round pedestal-style table with tailored upholstered seating for a balanced dining room look. The circular tabletop rests on an open panel base that gives the table architectural depth, while the side chairs add cushioned seats and supportive backs with a clean armless profile. Walnut veneer surfaces pair with rubberwood and engineered wood, while the chairs bring foam padding and polyester upholstery. Its round layout supports comfortable conversation for everyday dining and gathering.</p><p><b>Dimensions:</b> 47.25""w x 47.25""d x 30""h</p><ul><li>Five-piece dining set pairs a round pedestal-style table with cream upholstered chairs</li><li>Walnut finish adds rich wood depth and warmth across the full set</li><li>Supportive chair backs and cushioned seats keep everyday dining comfortable</li><li>Round tabletop encourages easy conversation during meals and casual gatherings</li><li>Walnut veneer, rubberwood, and engineered wood support dependable daily use</li><li>Cream upholstery brings a calm tailored look to the sculptural dining set</li></ul>",76.82,/v/vspfiles/photos/coaster dining/193940WAL-S5B-1.jpg,N
193940NAT-S5D,Strouse 5-piece Dining Set Cream and Natural Oak,"<p>Five-piece dining set balances a sculptural round pedestal-style table with biscuit-tufted seating for a clean modern dining presence. The circular tabletop rests on an open panel base that brings architectural depth, while the side chairs add squared backs, softly rounded corners, and cushioned upholstered seats. Ash veneer surfaces pair with rubberwood and engineered wood, and the chairs bring foam padding with velvet upholstery. The round design encourages easy conversation for everyday meals and relaxed gatherings.</p><p><b>Dimensions:</b> 47.25""w x 47.25""d x 30""h</p><ul><li>Five-piece dining set pairs a round pedestal-style table with cream velvet chairs</li><li>Natural oak finish adds light wood warmth to the sculptural dining profile</li><li>Biscuit-tufted chair backs bring tailored texture and a refined modern look</li><li>Round tabletop encourages easy conversation during meals and casual gatherings</li><li>Ash veneer, rubberwood, and engineered wood support dependable daily use</li><li>Cream velvet seating softens the set with cushioned comfort and clean contrast</li></ul>",76.82,/v/vspfiles/photos/coaster dining/193940NAT-S5D-1.jpg,N
193940BLK-S5D,Strouse 5-piece Dining Set Cream and Black,"<p>Five-piece dining set balances a sculptural round pedestal-style table with biscuit-tufted seating for a clean modern dining presence. The circular tabletop rests on an open panel base that brings architectural depth, while the side chairs add squared backs, softly rounded corners, and cushioned upholstered seats. Ash veneer surfaces pair with rubberwood and engineered wood, and the chairs bring foam padding with velvet upholstery. The round design encourages easy conversation for everyday meals and relaxed gatherings.</p><p><b>Dimensions:</b> 47.25""w x 47.25""d x 30""h</p><ul><li>Five-piece dining set pairs a round pedestal-style table with cream velvet chairs</li><li>Black finish adds crisp contrast and grounded depth across the full set</li><li>Biscuit-tufted chair backs bring tailored texture and a refined modern look</li><li>Round tabletop encourages easy conversation during meals and casual gatherings</li><li>Ash veneer, rubberwood, and engineered wood support dependable daily use</li><li>Cream velvet seating softens the set with cushioned comfort and clean contrast</li></ul>",76.82,/v/vspfiles/photos/coaster dining/193940BLK-S5D-1.jpg,N
193940WAL-S5D,Strouse 5-piece Dining Set Cream and Walnut,"<p>Five-piece dining set balances a sculptural round pedestal-style table with biscuit-tufted seating for a clean modern dining presence. The circular tabletop rests on an open panel base that brings architectural depth, while the side chairs add squared backs, softly rounded corners, and cushioned upholstered seats. Walnut veneer surfaces pair with rubberwood and engineered wood, and the chairs bring foam padding with velvet upholstery. The round design encourages easy conversation for everyday meals and relaxed gatherings.</p><p><b>Dimensions:</b> 47.25""w x 47.25""d x 30""h</p><ul><li>Round tabletop encourages easy conversation during meals and casual gatherings</li><li>Walnut veneer, rubberwood, and engineered wood support dependable daily use</li><li>Cream velvet seating softens the set with cushioned comfort and clean contrast</li><li>Five-piece dining set pairs a round pedestal-style table with cream velvet chairs</li><li>Walnut finish adds rich wood warmth and depth across the full set</li><li>Biscuit-tufted chair backs bring tailored texture and a refined modern look</li></ul>",76.82,/v/vspfiles/photos/coaster dining/193940WAL-S5D-1.jpg,N
193940NAT-S5A,Strouse 5-piece Dining Set Wheat and Natural Oak,"<p>Five-piece dining set balances a sculptural round table with airy spindle-back seating for a calm, collected dining presence. The broad tabletop rests on a bold pedestal-style formed by open vertical panels, while the side chairs bring a gently arched crest rail and softly upholstered seats. Ash veneer surfaces pair with rubberwood and engineered wood, and the chairs add foam-cushioned fabric seating. The round profile encourages easy conversation for everyday meals and casual gatherings.</p><p><b>Dimensions:</b> 47.25""w x 47.25""d x 30""h</p><ul><li>Five-piece dining set pairs a round pedestal-style table with wheat upholstered side chairs</li><li>Natural oak finish brings light wood character to the table and chair frames</li><li>Curved spindle backs add airy detail and a relaxed mid-century dining presence</li><li>Round tabletop encourages easy conversation during meals and casual gatherings</li><li>Ash veneer, rubberwood, and engineered wood support dependable daily use</li><li>Wheat fabric seats soften the look while adding cushioned comfort at the table</li></ul>",76.82,/v/vspfiles/photos/coaster dining/193940NAT-S5A-1.jpg,N
193940BLK-S5A,Strouse 5-piece Dining Set Wheat and Black,"<p>Five-piece dining set balances a sculptural round table with airy spindle-back seating for a calm, collected dining presence. The broad tabletop rests on a bold pedestal-style formed by open vertical panels, while the side chairs bring a gently arched crest rail and softly upholstered seats. Ash veneer surfaces pair with rubberwood and engineered wood, and the chairs add foam-cushioned fabric seating. The round profile encourages easy conversation for everyday meals and casual gatherings.</p><p><b>Dimensions:</b> 47.25""w x 47.25""d x 30""h</p><ul><li>Round tabletop encourages easy conversation during meals and casual gatherings</li><li>Ash veneer, rubberwood, and engineered wood support dependable daily use</li><li>Five-piece dining set pairs a round pedestal-style table with wheat upholstered side chairs</li><li>Black finish gives the table and chair frames a crisp and grounded presence</li><li>Curved spindle backs add airy detail and a relaxed mid-century dining presence</li><li>Wheat fabric seats soften the look while adding cushioned comfort at the table</li></ul>",76.82,/v/vspfiles/photos/coaster dining/193940BLK-S5A-1.jpg,N
193940WAL-S5A,Strouse 5-piece Dining Set Wheat and Walnut,"<p>Five-piece dining set balances a sculptural round table with airy spindle-back seating for a calm, collected dining presence. The broad tabletop rests on a bold pedestal-style formed by open vertical panels, while the side chairs bring a gently arched crest rail and softly upholstered seats. Walnut veneer surfaces pair with rubberwood and engineered wood, and the chairs add foam-cushioned fabric seating. The round profile encourages easy conversation for everyday meals and casual gatherings.</p><p><b>Dimensions:</b> 47.25""w x 47.25""d x 30""h</p><ul><li>Five-piece dining set pairs a round pedestal-style table with wheat upholstered side chairs</li><li>Walnut finish adds rich wood character to the table and chair frames</li><li>Curved spindle backs add airy detail and a relaxed mid-century dining presence</li><li>Round tabletop encourages easy conversation during meals and casual gatherings</li><li>Walnut veneer, rubberwood, and engineered wood support dependable daily use</li><li>Wheat fabric seats soften the look while adding cushioned comfort at the table</li></ul>",76.82,/v/vspfiles/photos/coaster dining/193940WAL-S5A-1.jpg,N
193930NAT-S5C,Hamlyn 5-piece Round Wood Dining Set Black and Natural Oak,"<p>This five-piece dining set creates a clean, welcoming dining arrangement with a round table and coordinated seating. Fluted pedestal base and a streamlined table profile establish a refined foundation, while the paired chairs introduce texture and tailored contrast suited to each variation. Durable wood construction supports everyday stability across the set. Designed for daily meals and relaxed gatherings, it brings warm modern character to dining rooms, breakfast nooks, and open kitchens.</p><p><b>Dimensions:</b> 47.25""w x 47.25""d x 30.25""h</p><ul><li>Durable wood construction and foam padding support everyday dining comfort</li><li>Brings a composed look to daily meals and casual entertaining at home</li><li>Natural oak dining set pairs a round table with tailored black chairs</li><li>Black leatherette upholstery adds crisp contrast and a polished dining presence</li><li>Natural oak finish and stretcher bases keep the profile warm and steady</li><li>Armless chair silhouettes tuck in neatly to keep the dining space open</li></ul>",89.67,/v/vspfiles/photos/coaster dining/193930NAT-S5C-1.jpg,N
193930BLK-S5C,Hamlyn 5-piece Round Wood Dining Set Black,"<p>This five-piece dining set creates a clean, welcoming dining arrangement with a round table and coordinated seating. Fluted pedestal base and a streamlined table profile establish a refined foundation, while the paired chairs introduce texture and tailored contrast suited to each variation. Durable wood construction supports everyday stability across the set. Designed for daily meals and relaxed gatherings, it brings warm modern character to dining rooms, breakfast nooks, and open kitchens.</p><p><b>Dimensions:</b> 47.25""w x 47.25""d x 30.25""h</p><ul><li>Black dining set pairs a round table with tailored black chairs</li><li>Black leatherette upholstery adds depth and a polished dining presence</li><li>Black finish and stretcher bases keep the profile crisp grounded and unified</li><li>Armless chair silhouettes tuck in neatly to keep the dining space open</li><li>Durable wood construction and foam padding support everyday dining comfort</li><li>Brings a composed look to daily meals and casual entertaining at home</li></ul>",89.67,/v/vspfiles/photos/coaster dining/193930BLK-S5C-1.jpg,N
193930WAL-S5C,Hamlyn 5-piece Round Wood Dining Set Black and Walnut,"<p>This five-piece dining set creates a clean, welcoming dining arrangement with a round table and coordinated seating. Fluted pedestal base and a streamlined table profile establish a refined foundation, while the paired chairs introduce texture and tailored contrast suited to each variation. Durable wood construction supports everyday stability across the set. Designed for daily meals and relaxed gatherings, it brings warm modern character to dining rooms, breakfast nooks, and open kitchens.</p><p><b>Dimensions:</b> 47.25""w x 47.25""d x 30.25""h</p><ul><li>Walnut dining set pairs a round table with tailored black chairs</li><li>Black leatherette upholstery adds depth and a polished dining presence</li><li>Walnut finish and stretcher bases keep the profile warm grounded and steady</li><li>Armless chair silhouettes tuck in neatly to keep the dining space open</li><li>Durable wood construction and foam padding support everyday dining comfort</li><li>Brings a composed look to daily meals and casual entertaining at home</li></ul>",89.67,/v/vspfiles/photos/coaster dining/193930WAL-S5C-1.jpg,N
193930BLK-S5G,Hamlyn 5-piece Round Wood Dining Set Black,"<p>This five-piece dining set creates a clean, welcoming dining arrangement with a round table and coordinated seating. Fluted pedestal base and a streamlined table profile establish a refined foundation, while the paired chairs introduce texture and tailored contrast suited to each variation. Durable wood construction supports everyday stability across the set. Designed for daily meals and relaxed gatherings, it brings warm modern character to dining rooms, breakfast nooks, and open kitchens.</p><p><b>Dimensions:</b> 47.25""w x 47.25""d x 30.25""h</p><ul><li>Black dining set pairs a round table with classic Windsor side chairs</li><li>High spindle backs and contoured seats give the chairs timeless casual charm</li><li>Black finish keeps the table and chair frames crisp grounded and cohesive</li><li>Angled legs and double stretchers create a balanced supportive stance</li><li>Durable wood construction handles everyday meals with reliable stability</li><li>Fits breakfast nooks kitchens and relaxed dining rooms with easy warmth</li></ul>",89.67,/v/vspfiles/photos/coaster dining/193930BLK-S5G-1.jpg,N
193930BLK-S5F,Hamlyn 5-piece Round Wood Dining Set Black,"<p>This five-piece dining set creates a clean, welcoming dining arrangement with a round table and coordinated seating. Fluted pedestal base and a streamlined table profile establish a refined foundation, while the paired chairs introduce texture and tailored contrast suited to each variation. Durable wood construction supports everyday stability across the set. Designed for daily meals and relaxed gatherings, it brings warm modern character to dining rooms, breakfast nooks, and open kitchens.</p><p><b>Dimensions:</b> 47.25""w x 47.25""d x 30.25""h</p><ul><li>Black dining set pairs a round table with open Windsor side chairs</li><li>Curved crest rails and slender spindles give the chairs airy definition</li><li>Black finish keeps the table and chair frames crisp grounded and cohesive</li><li>Shaped wooden seats and stretchers maintain light structure with steady support</li><li>Durable wood construction handles everyday meals with reliable stability</li><li>A clean armless design suits kitchens breakfast nooks and casual dining rooms</li></ul>",89.67,/v/vspfiles/photos/coaster dining/193930BLK-S5F-1.jpg,N
193930WAL-S5F,Hamlyn 5-piece Round Wood Dining Set Walnut,"<p>This five-piece dining set creates a clean, welcoming dining arrangement with a round table and coordinated seating. Fluted pedestal base and a streamlined table profile establish a refined foundation, while the paired chairs introduce texture and tailored contrast suited to each variation. Durable wood construction supports everyday stability across the set. Designed for daily meals and relaxed gatherings, it brings warm modern character to dining rooms, breakfast nooks, and open kitchens.</p><p><b>Dimensions:</b> 47.25""w x 47.25""d x 30.25""h</p><ul><li>Walnut dining set pairs a round table with open Windsor side chairs</li><li>Curved crest rails and slender spindles give the chairs airy definition</li><li>Walnut finish keeps the table and chair frames warm grounded and inviting</li><li>Shaped wooden seats and stretchers maintain light structure with steady support</li><li>Durable wood construction handles everyday meals with reliable stability</li><li>A clean armless design suits kitchens breakfast nooks and casual dining rooms</li></ul>",89.67,/v/vspfiles/photos/coaster dining/193930WAL-S5F-1.jpg,N
193930NAT-S5B,Hamlyn 5-piece Round Wood Dining Set Cream and Natural Oak,"<p>This five-piece dining set creates a clean, welcoming dining arrangement with a round table and coordinated seating. Fluted pedestal base and a streamlined table profile establish a refined foundation, while the paired chairs introduce texture and tailored contrast suited to each variation. Durable wood construction supports everyday stability across the set. Designed for daily meals and relaxed gatherings, it brings warm modern character to dining rooms, breakfast nooks, and open kitchens.</p><p><b>Dimensions:</b> 47.25""w x 47.25""d x 30.25""h</p><ul><li>Works well for family meals homework hours and relaxed weekend brunches</li><li>Natural oak dining set pairs a round table with cushioned armless chairs</li><li>Cream fabric upholstery softens the look with supportive seats and backs</li><li>Natural oak finish and stretcher bases keep the profile warm and steady</li><li>Armless chair silhouettes tuck in neatly to keep the dining space open</li><li>Durable wood construction and foam padding support everyday dining comfort</li></ul>",89.67,/v/vspfiles/photos/coaster dining/193930NAT-S5B-1.jpg,N
193930BLK-S5B,Hamlyn 5-piece Round Wood Dining Set Cream and Black,"<p>This five-piece dining set creates a clean, welcoming dining arrangement with a round table and coordinated seating. Fluted pedestal base and a streamlined table profile establish a refined foundation, while the paired chairs introduce texture and tailored contrast suited to each variation. Durable wood construction supports everyday stability across the set. Designed for daily meals and relaxed gatherings, it brings warm modern character to dining rooms, breakfast nooks, and open kitchens.</p><p><b>Dimensions:</b> 47.25""w x 47.25""d x 30.25""h</p><ul><li>Black dining set pairs a round table with cushioned armless chairs</li><li>Cream fabric upholstery softens the look with supportive seats and backs</li><li>Black finish and stretcher bases keep the profile crisp grounded and steady</li><li>Armless chair silhouettes tuck in neatly to keep the dining space open</li><li>Durable wood construction and foam padding support everyday dining comfort</li><li>Works well for family meals homework hours and relaxed weekend brunches</li></ul>",89.67,/v/vspfiles/photos/coaster dining/193930BLK-S5B-1.jpg,N
193930WAL-S5B,Hamlyn 5-piece Round Wood Dining Set Cream and Walnut,"<p>This five-piece dining set creates a clean, welcoming dining arrangement with a round table and coordinated seating. Fluted pedestal base and a streamlined table profile establish a refined foundation, while the paired chairs introduce texture and tailored contrast suited to each variation. Durable wood construction supports everyday stability across the set. Designed for daily meals and relaxed gatherings, it brings warm modern character to dining rooms, breakfast nooks, and open kitchens.</p><p><b>Dimensions:</b> 47.25""w x 47.25""d x 30.25""h</p><ul><li>Walnut dining set pairs a round table with cushioned armless chairs</li><li>Cream fabric upholstery softens the look with supportive seats and backs</li><li>Walnut finish and stretcher bases keep the profile warm grounded and steady</li><li>Armless chair silhouettes tuck in neatly to keep the dining space open</li><li>Durable wood construction and foam padding support everyday dining comfort</li><li>Works well for family meals homework hours and relaxed weekend brunches</li></ul>",89.67,/v/vspfiles/photos/coaster dining/193930WAL-S5B-1.jpg,N
193930NAT-S5E,Hamlyn 5-piece Round Wood Dining Set Grey and Natural Oak,"<p>This five-piece dining set creates a clean, welcoming dining arrangement with a round table and coordinated seating. Fluted pedestal base and a streamlined table profile establish a refined foundation, while the paired chairs introduce texture and tailored contrast suited to each variation. Durable wood construction supports everyday stability across the set. Designed for daily meals and relaxed gatherings, it brings warm modern character to dining rooms, breakfast nooks, and open kitchens.</p><p><b>Dimensions:</b> 47.25""w x 47.25""d x 30.25""h</p><ul><li>Natural oak dining set pairs a round table with biscuit-tufted chairs</li><li>Grey velvet upholstery adds soft texture and polished modern comfort</li><li>Natural oak finish keeps the table and tapered chair frames warm and inviting</li><li>Rounded chair corners and clean lines create a refined structured profile</li><li>Durable wood construction and cushioned seats support everyday dining comfort</li><li>Creates an inviting setting for family meals and relaxed weekend gatherings</li></ul>",89.67,/v/vspfiles/photos/coaster dining/193930NAT-S5E-1.jpg,N
193930BLK-S5E,Hamlyn 5-piece Round Wood Dining Set Grey and Black,"<p>This five-piece dining set creates a clean, welcoming dining arrangement with a round table and coordinated seating. Fluted pedestal base and a streamlined table profile establish a refined foundation, while the paired chairs introduce texture and tailored contrast suited to each variation. Durable wood construction supports everyday stability across the set. Designed for daily meals and relaxed gatherings, it brings warm modern character to dining rooms, breakfast nooks, and open kitchens.</p><p><b>Dimensions:</b> 47.25""w x 47.25""d x 30.25""h</p><ul><li>Black dining set pairs a round table with biscuit-tufted velvet chairs</li><li>Grey velvet upholstery adds soft texture and polished modern comfort</li><li>Black finish creates crisp contrast across the table and tapered chair frames</li><li>Rounded chair corners and clean lines create a refined structured profile</li><li>Durable wood construction and cushioned seats support everyday dining comfort</li><li>Creates an inviting setting for family meals and relaxed weekend gatherings</li></ul>",89.67,/v/vspfiles/photos/coaster dining/193930BLK-S5E-1.jpg,N
193930WAL-S5E,Hamlyn 5-piece Round Wood Dining Set Grey and Walnut,"<p>This five-piece dining set creates a clean, welcoming dining arrangement with a round table and coordinated seating. Fluted pedestal base and a streamlined table profile establish a refined foundation, while the paired chairs introduce texture and tailored contrast suited to each variation. Durable wood construction supports everyday stability across the set. Designed for daily meals and relaxed gatherings, it brings warm modern character to dining rooms, breakfast nooks, and open kitchens.</p><p><b>Dimensions:</b> 47.25""w x 47.25""d x 30.25""h</p><ul><li>Walnut dining set pairs a round table with biscuit-tufted velvet chairs</li><li>Grey velvet upholstery adds soft texture and polished modern comfort</li><li>Walnut finish keeps the table and tapered chair frames warm and inviting</li><li>Rounded chair corners and clean lines create a refined structured profile</li><li>Durable wood construction and cushioned seats support everyday dining comfort</li><li>Creates an inviting setting for family meals and relaxed weekend gatherings</li></ul>",89.67,/v/vspfiles/photos/coaster dining/193930WAL-S5E-1.jpg,N
193930NAT-S5D,Hamlyn 5-piece Round Wood Dining Set Cream and Natural Oak,"<p>This five-piece dining set creates a clean, welcoming dining arrangement with a round table and coordinated seating. Fluted pedestal base and a streamlined table profile establish a refined foundation, while the paired chairs introduce texture and tailored contrast suited to each variation. Durable wood construction supports everyday stability across the set. Designed for daily meals and relaxed gatherings, it brings warm modern character to dining rooms, breakfast nooks, and open kitchens.</p><p><b>Dimensions:</b> 47.25""w x 47.25""d x 30.25""h</p><ul><li>Rounded chair corners and clean lines create a refined structured profile</li><li>Durable wood construction and cushioned seats support everyday dining comfort</li><li>Creates an inviting setting for family meals and relaxed weekend gatherings</li><li>Natural oak dining set pairs a round table with biscuit-tufted chairs</li><li>Cream velvet upholstery adds soft texture and polished modern comfort</li><li>Natural oak finish keeps the table and tapered chair frames warm and inviting</li></ul>",89.67,/v/vspfiles/photos/coaster dining/193930NAT-S5D-1.jpg,N
193930BLK-S5D,Hamlyn 5-piece Round Wood Dining Set Cream and Black,"<p>This five-piece dining set creates a clean, welcoming dining arrangement with a round table and coordinated seating. Fluted pedestal base and a streamlined table profile establish a refined foundation, while the paired chairs introduce texture and tailored contrast suited to each variation. Durable wood construction supports everyday stability across the set. Designed for daily meals and relaxed gatherings, it brings warm modern character to dining rooms, breakfast nooks, and open kitchens.</p><p><b>Dimensions:</b> 47.25""w x 47.25""d x 30.25""h</p><ul><li>Black dining set pairs a round table with biscuit-tufted velvet chairs</li><li>Cream velvet upholstery adds soft texture and polished modern comfort</li><li>Black finish creates crisp contrast across the table and tapered chair frames</li><li>Rounded chair corners and clean lines create a refined structured profile</li><li>Durable wood construction and cushioned seats support everyday dining comfort</li><li>Creates an inviting setting for family meals and relaxed weekend gatherings</li></ul>",89.67,/v/vspfiles/photos/coaster dining/193930BLK-S5D-1.jpg,N
193930WAL-S5D,Hamlyn 5-piece Round Wood Dining Set Cream and Walnut,"<p>This five-piece dining set creates a clean, welcoming dining arrangement with a round table and coordinated seating. Fluted pedestal base and a streamlined table profile establish a refined foundation, while the paired chairs introduce texture and tailored contrast suited to each variation. Durable wood construction supports everyday stability across the set. Designed for daily meals and relaxed gatherings, it brings warm modern character to dining rooms, breakfast nooks, and open kitchens.</p><p><b>Dimensions:</b> 47.25""w x 47.25""d x 30.25""h</p><ul><li>Creates an inviting setting for family meals and relaxed weekend gatherings</li><li>Walnut dining set pairs a round table with biscuit-tufted velvet chairs</li><li>Cream velvet upholstery adds soft texture and polished modern comfort</li><li>Walnut finish keeps the table and tapered chair frames warm and inviting</li><li>Rounded chair corners and clean lines create a refined structured profile</li><li>Durable wood construction and cushioned seats support everyday dining comfort</li></ul>",89.67,/v/vspfiles/photos/coaster dining/193930WAL-S5D-1.jpg,N
193930NAT-S5A,Hamlyn 5-piece Round Wood Dining Set Wheat and Natural Oak,"<p>This five-piece dining set creates a clean, welcoming dining arrangement with a round table and coordinated seating. Fluted pedestal base and a streamlined table profile establish a refined foundation, while the paired chairs introduce texture and tailored contrast suited to each variation. Durable wood construction supports everyday stability across the set. Designed for daily meals and relaxed gatherings, it brings warm modern character to dining rooms, breakfast nooks, and open kitchens.</p><p><b>Dimensions:</b> 47.25""w x 47.25""d x 30.25""h</p><ul><li>Durable wood construction and foam cushioning support everyday dining comfort</li><li>Balanced proportions suit breakfast nooks kitchens and relaxed family meals</li><li>Natural oak dining set pairs a round table with airy upholstered side chairs</li><li>Curved spindle backs and wheat seats bring light mid-century texture to the room</li><li>Natural oak finish keeps the table and chair frames warm clean and inviting</li><li>Armless chair profiles slide in neatly to preserve an open dining layout</li></ul>",89.67,/v/vspfiles/photos/coaster dining/193930NAT-S5A-1.jpg,N
193930BLK-S5A,Hamlyn 5-piece Round Wood Dining Set Wheat and Black,"<p>This five-piece dining set creates a clean, welcoming dining arrangement with a round table and coordinated seating. Fluted pedestal base and a streamlined table profile establish a refined foundation, while the paired chairs introduce texture and tailored contrast suited to each variation. Durable wood construction supports everyday stability across the set. Designed for daily meals and relaxed gatherings, it brings warm modern character to dining rooms, breakfast nooks, and open kitchens.</p><p><b>Dimensions:</b> 47.25""w x 47.25""d x 30.25""h</p><ul><li>Armless chair profiles slide in neatly to preserve an open dining layout</li><li>Durable wood construction and foam cushioning support everyday dining comfort</li><li>Balanced proportions suit breakfast nooks kitchens and relaxed family meals</li><li>Black dining set pairs a round table with airy upholstered side chairs</li><li>Curved spindle backs and wheat seats bring light mid-century texture to the room</li><li>Black finish keeps the table and chair frames crisp grounded and cohesive</li></ul>",89.67,/v/vspfiles/photos/coaster dining/193930BLK-S5A-1.jpg,N
193930WAL-S5A,Hamlyn 5-piece Round Wood Dining Set Wheat and Walnut,"<p>This five-piece dining set creates a clean, welcoming dining arrangement with a round table and coordinated seating. Fluted pedestal base and a streamlined table profile establish a refined foundation, while the paired chairs introduce texture and tailored contrast suited to each variation. Durable wood construction supports everyday stability across the set. Designed for daily meals and relaxed gatherings, it brings warm modern character to dining rooms, breakfast nooks, and open kitchens.</p><p><b>Dimensions:</b> 47.25""w x 47.25""d x 30.25""h</p><ul><li>Walnut dining set pairs a round table with airy upholstered side chairs</li><li>Curved spindle backs and wheat seats bring light mid-century texture to the room</li><li>Walnut finish keeps the table and chair frames warm grounded and inviting</li><li>Armless chair profiles slide in neatly to preserve an open dining layout</li><li>Durable wood construction and foam cushioning support everyday dining comfort</li><li>Balanced proportions suit breakfast nooks kitchens and relaxed family meals</li></ul>",89.67,/v/vspfiles/photos/coaster dining/193930WAL-S5A-1.jpg,N
121761-S5,Atwood 5-piece Rectangular Wood Dining Set Warm Brown,"<p>Rectangular dining set creates a warm and welcoming place for daily meals and gatherings. The plank-style tabletop pairs engineered wood and acacia veneer over rubberwood framing for durability, while four coordinating ladder-back chairs add supportive seating with cushioned fabric seats. Tapered legs and clean lines keep the arrangement balanced and versatile, making it well suited for kitchens, dining rooms, and open-plan living spaces.</p><p><b>Dimensions:</b> 60""w x 36""d x 31""h</p><ul><li>Rectangular plank-style tabletop offers space for meals and gatherings</li><li>Rubberwood construction adds strength and durability for everyday use</li><li>Tapered legs maintain a clean and balanced transitional profile</li><li>Upholstered chair seats with foam cushioning support comfortable dining</li><li>Warm brown 5-piece dining set includes table and four ladder-back chairs</li><li>Warm wood finish complements modern farmhouse and casual interiors</li></ul>",76.37,/v/vspfiles/photos/coaster dining/121761-S5-1.jpg,N
121291-S7T,Averill 7-piece White Marble Top Dining Set Tan and Coffee Bean,"<p>Seven-piece dining set creates a coordinated, tailored look with a white marble table top and fully upholstered seating. The rectangular table anchors the room with a clean apron and tapered legs, while the tall chair backs keep the arrangement structured and refined. Marble, rubberwood, and engineered wood pair with upholstered chairs for a balanced mix of polish and everyday function. It shapes an inviting setting for both casual meals and more formal gatherings.</p><p><b>Dimensions:</b> 72.25""w x 42.25""d x 30.25""h</p><ul><li>Coffee bean legs and table base add depth and strong contrast to the light top</li><li>Marble and wood construction balances polished surface appeal with daily function</li><li>Rectangular table design creates a clean anchor for everyday meals and gatherings</li><li>Seven-piece dining set pairs a white marble table with tan upholstered side chairs</li><li>Tall chair backs and padded seats bring a tailored look with comfortable support</li><li>Tan upholstery softens the overall look while keeping the set clean and composed</li></ul>",176.36,/v/vspfiles/photos/coaster dining/121291-S7T-1.jpg,N
121291-S7G,Averill 7-piece White Marble Top Dining Set Dark Grey and Coffee Bean,"<p>Seven-piece dining set creates a coordinated, tailored look with a white marble table top and fully upholstered seating. The rectangular table anchors the room with a clean apron and tapered legs, while the tall chair backs keep the arrangement structured and refined. Marble, rubberwood, and engineered wood pair with upholstered chairs for a balanced mix of polish and everyday function. It shapes an inviting setting for both casual meals and more formal gatherings.</p><p><b>Dimensions:</b> 72.25""w x 42.25""d x 30.25""h</p><ul><li>Coffee bean legs and table base add depth and strong contrast to the light top</li><li>Dark grey upholstery gives the set a grounded look with refined modern contrast</li><li>Marble and wood construction balances polished surface appeal with daily function</li><li>Rectangular table design creates a clean anchor for everyday meals and gatherings</li><li>Seven-piece dining set pairs a white marble table with dark grey side chairs</li><li>Tall chair backs and padded seats bring a tailored look with comfortable support</li></ul>",176.36,/v/vspfiles/photos/coaster dining/121291-S7G-1.jpg,N
104601-S9,Ridgewell 9-piece Rectangular Trestle Dining Set Dark Oak,"<p>Rectangular dining set fills the room with a composed, inviting presence, where the dark oak table and upholstered seating create a setting that feels both grounded and gracious. Dentil trim, turned supports, and a long stretcher lend the table architectural depth, while tufted chair backs and nailhead accents frame each place with tailored softness. Crafted from engineered wood, plywood, rubberwood, and oak veneer, this set brings warmth, balance, and an easy sense of occasion to daily dining and extended gatherings.</p><p><b>Dimensions:</b> 72-108.25""w x 44""d x 30.25""h</p><ul><li>Button tufting adds dimension and refinement across the soft fabric upholstery</li><li>Dark oak finish gives the set rich wood character and formal visual depth</li><li>Graceful wingback curves lend the room an inviting formal presence</li><li>Nailhead trim outlines the silhouette with crisp traditional definition</li><li>Nine-piece dining set brings tailored comfort and classic structure to meals</li><li>Trestle base and long stretcher create a grounded stately presence</li></ul>",238.53,/v/vspfiles/photos/coaster dining/104601-S9-1.jpg,N
104600-S5,Ridgewell 5-piece Round Pedestal Dining Set Dark Oak,"<p>Round dining set creates an intimate, welcoming scene, where the dark oak table anchors the room and upholstered seating softens it with tailored comfort. The pedestal base brings graceful movement below, while dentil trim adds a note of old-world character that feels quietly formal without losing warmth. Crafted from engineered wood, plywood, rubberwood, and oak veneer, this dining set invites slow breakfasts, candlelit dinners, and lingering conversation with a sense of balance, comfort, and timeless ease.</p><p><b>Dimensions:</b> 59.75""w x 59.75""d x 30""h</p><ul><li>Button tufting adds dimension and refinement across the soft fabric upholstery</li><li>Dark oak finish grounds the set with rich wood character and formal visual depth</li><li>Five-piece dining set brings classic warmth and tailored comfort to shared meals</li><li>Graceful wingback curves lend the room a poised and inviting presence</li><li>Nailhead trim outlines the silhouette with crisp traditional definition</li><li>Pedestal base creates a sculptural center with balanced visual weight</li></ul>",143.29,/v/vspfiles/photos/coaster dining/104600-S5-1.jpg,N
121261-S5,Orrison 5-piece Oval 62-inch Extension Leaf Dining Set Linen,"<p>Extension-leaf dining set gathers the room in a quiet arc, the oval surface opening wider as conversation lingers. Oak veneer over engineered wood with plywood support and rubberwood details keeps the table steady on a turned pedestal base. With the leaf in, the space feels close; with it out, there is room for extra place settings and shared dishes. Light moves across the top, and the look stays composed for everyday dinners and holidays. It is the kind of setting you return to, from early homework to late-night notes.</p><p><b>Dimensions:</b> 45-62""w x 45""d x 30""h</p><ul><li>Extension leaf adds space for extra place settings, then closes down for daily meals</li><li>Five-piece dining set in linen features an oval extension leaf and pedestal base</li><li>Linen finish reads light and relaxed, fitting breakfast nooks and open dining rooms</li><li>Oak veneer over engineered wood with plywood support brings a composed tabletop look</li><li>Oval profile softens corners and keeps conversation moving easily from seat to seat</li><li>Rubberwood details and a turned pedestal base keep the center steady and chair friendly</li></ul>",108.02,/v/vspfiles/photos/coaster dining/121261-S5-1.jpg,N
121261-S7,Orrison 7-piece Oval 62-inch Extension Leaf Dining Set Linen,"<p>Extension-leaf dining set gathers the room in a quiet arc, the oval surface opening wider as conversation lingers. Oak veneer over engineered wood with plywood support and rubberwood details keeps the table steady on a turned pedestal base. With the leaf in, the space feels close; with it out, there is room for extra place settings and shared dishes. Light moves across the top, and the look stays composed for everyday dinners and holidays. It is the kind of setting you return to, from early homework to late-night notes.</p><p><b>Dimensions:</b> 45-62""w x 45""d x 30""h</p><ul><li>Extension leaf adds space for extra place settings, then closes down for daily meals</li><li>Linen finish reads light and relaxed, fitting breakfast nooks and open dining rooms</li><li>Oak veneer over engineered wood with plywood support brings a composed tabletop look</li><li>Oval profile softens corners and keeps conversation moving easily from seat to seat</li><li>Rubberwood details and a turned pedestal base keep the center steady and chair friendly</li><li>Seven-piece dining set in linen features an oval extension leaf and pedestal base</li></ul>",108.02,/v/vspfiles/photos/coaster dining/121261-S7-1.jpg,N
