productcode,productname,productprice,productweight,freeshipping,availability,productdescription,techspecs,group,vendor_sku,source_url,volusion_images
SS-VCM420WTN-C5PC,"Artemis 5-Piece 54″ Square White Marble Counter Table, Sand Finish w/4 Brown Velvet Counter Chairs (Copy)",,,N,Out of Stock,"*]:pointer-events-auto scroll-mt-[calc(var(--header-height)+min(200px,max(70px,20svh)))]"" dir=""auto"" data-turn-id=""request-WEB:8796e8fa-a44d-47e4-a72d-59f28c9d7412-16"" data-testid=""conversation-turn-34"" data-scroll-anchor=""true"" data-turn=""assistant"">
 
 
 
 
 
 
 Meet the Artemis 54-inch square marble counter set—where modern design feels easy and inviting. The double pedestal base brings bold architectural style, while the casual sand finish keeps the look relaxed and livable. A sleek white marble top adds just the right touch of elegance. Paired with plush brown velvet counter chairs, each designed with a perfect pitch for a comfortable seat, it’s made for gathering. At a comfortable 36″ height, it offers easy entry, lasting durability, and effortless everyday style.","• Expertly crafted of white marble veneers, ash veneers, solid Asian hardwoods and engineered woods, 100% polyester and foam
• 5-piece set includes the Artemis 54″ White Marble Dining Table, Sand Finish and 4 Artemis Brown Velvet Side Chairs. Each item also sold separately.
• Kiln-dried wood helps prevent warping, splitting and cracking
• The chairs are solidly constructed using mortise-and-tenon joinery, corner blocks, sturdy solid wood legs, and screwed joints, this piece delivers exceptional stability, longevity, and superior furniture integrity with a 250 lb. weight capacity ensures durability and reliable support for the chair.
• Front and side stretchers provide sturdy support and stability for the 24″ seat height counter stool
• The Counter Stool’s 24-inch high seat effortlessly complements 36-inch high counters, ensuring an ideal seating experience.
• The 36-inch Counter Height Table presents a graceful solution for both dining and working, offering an ideal height for standing engagements.
• The chair legs are hand-stained in a natural multi-step sand finish to highlight the natural grain and knots of the wood
• Plastic glides help prevent scratches or mars to floors
• The chair’s soft-touch, breathable velvet, crafted from 100% polyester, ensures plush comfort and a luxurious dining experience
• Available in green velvet, brown velvet, brown chenille, gray chenille, white vegan leather and black vegan leather; in counter and dining height sizes
• Chairs are packed 2 per carton
• Each marble top is crafted by nature with unique characteristics that vary slightly so no two pieces will be exactly alike
• 54″ square table seats up to eight
• The wood is hand-stained in a natural multi-step sand finish to highlight the natural grain and knots of the wood",dining,VCM420WTN-C5PC-1,https://stevesilver.com/product/artemis-5-piece-54-square-white-marble-counter-table-sand-finish-w-4-brown-velvet-counter-chairs-copy/,SS-VCM420WTN-C5PC-1-1.jpg;SS-VCM420WTN-C5PC-1-altview1.jpg;SS-VCM420WTN-C5PC-1-altview2.jpg;SS-VCM420WTN-C5PC-1-altview3.jpg;SS-VCM420WTN-C5PC-1-altview4.jpg;SS-VCM420WTN-C5PC-1-altview5.jpg;SS-VCM420WTN-C5PC-1-altview6.jpg;SS-VCM420WTN-C5PC-1-altview7.jpg;SS-VCM420WTN-C5PC-1-altview8.jpg;SS-VCM420WTN-C5PC-1-altview9.jpg;SS-VCM420WTN-C5PC-1-altview10.jpg;SS-VCM420WTN-C5PC-1-altview11.jpg;SS-VCM420WTN-C5PC-1-altview12.jpg;SS-VCM420WTN-C5PC-1-altview13.jpg;SS-VCM420WTN-C5PC-1-altview14.jpg;SS-VCM420WTN-C5PC-1-altview15.jpg
SS-VCM420WTE-C5PC,"Artemis 5-Piece 54″ Square White Marble Counter Table, Sand Finish w/4 Green Velvet Counter Chairs",,,N,Out of Stock,"*]:pointer-events-auto scroll-mt-[calc(var(--header-height)+min(200px,max(70px,20svh)))]"" dir=""auto"" data-turn-id=""request-WEB:8796e8fa-a44d-47e4-a72d-59f28c9d7412-16"" data-testid=""conversation-turn-34"" data-scroll-anchor=""true"" data-turn=""assistant"">
 
 
 
 
 
 
 Meet the Artemis 54-inch square marble counter set—where modern design feels easy and inviting. The double pedestal base brings bold architectural style, while the casual sand finish keeps the look relaxed and livable. A sleek white marble top adds just the right touch of elegance. Paired with plush green velvet counter chairs, each designed with a perfect pitch for a comfortable seat, it’s made for gathering. At a comfortable 36″ height, it offers easy entry, lasting durability, and effortless everyday style.","• Expertly crafted of white marble veneers, ash veneers, solid Asian hardwoods and engineered woods, 100% polyester and foam
• 5-piece set includes the Artemis 54″ White Marble Counter Table, Sand Finish and 4 Artemis Green Velvet Counter Chairs. Each item also sold separately.
• Kiln-dried wood helps prevent warping, splitting and cracking
• The chairs are solidly constructed using mortise-and-tenon joinery, corner blocks, sturdy solid wood legs, and screwed joints, this piece delivers exceptional stability, longevity, and superior furniture integrity with a 250 lb. weight capacity ensures durability and reliable support for the chair.
• Front and side stretchers provide sturdy support and stability for the 24″ seat height counter stool
• The Counter Stool’s 24-inch high seat effortlessly complements 36-inch high counters, ensuring an ideal seating experience.
• The 36-inch Counter Height Table presents a graceful solution for both dining and working, offering an ideal height for standing engagements.
• The chair legs are hand-stained in a natural multi-step sand finish to highlight the natural grain and knots of the wood
• Plastic glides help prevent scratches or mars to floors
• The chair’s soft-touch, breathable velvet, crafted from 100% polyester, ensures plush comfort and a luxurious dining experience
• Available in green velvet, brown velvet, brown chenille, gray chenille, white vegan leather and black vegan leather; in counter and dining height sizes
• Chairs are packed 2 per carton
• Each marble top is crafted by nature with unique characteristics that vary slightly so no two pieces will be exactly alike
• 54″ long table seats up to eight
• The wood is hand-stained in a natural multi-step sand finish to highlight the natural grain and knots of the wood",dining,VCM420WTE-C5PC,https://stevesilver.com/product/artemis-5-piece-54-square-white-marble-counter-table-sand-finish-w-4-green-velvet-counter-chairs/,SS-VCM420WTE-C5PC-1.jpg;SS-VCM420WTE-C5PC-altview1.jpg;SS-VCM420WTE-C5PC-altview2.jpg;SS-VCM420WTE-C5PC-altview3.jpg;SS-VCM420WTE-C5PC-altview4.jpg;SS-VCM420WTE-C5PC-altview5.jpg;SS-VCM420WTE-C5PC-altview6.jpg;SS-VCM420WTE-C5PC-altview7.jpg;SS-VCM420WTE-C5PC-altview8.jpg;SS-VCM420WTE-C5PC-altview9.jpg;SS-VCM420WTE-C5PC-altview10.jpg;SS-VCM420WTE-C5PC-altview11.jpg;SS-VCM420WTE-C5PC-altview12.jpg;SS-VCM420WTE-C5PC-altview13.jpg;SS-VCM420WTE-C5PC-altview14.jpg;SS-VCM420WTE-C5PC-altview15.jpg
SS-VCM540WTT-C5PC,"Artemis 5 Piece 54″ Square White Marble Counter Table, Tan Finish w/4 Beige Chenille Counter Chairs",,,N,Out of Stock,"*]:pointer-events-auto scroll-mt-[calc(var(--header-height)+min(200px,max(70px,20svh)))]"" dir=""auto"" data-turn-id=""request-WEB:8796e8fa-a44d-47e4-a72d-59f28c9d7412-15"" data-testid=""conversation-turn-32"" data-scroll-anchor=""true"" data-turn=""assistant"">
 
 
 
 
 
 
 Sleek, sophisticated, and modern, the Artemis 54″ white marble 5-piece counter set delivers standout style with everyday versatility. The 54-inch square table seats up to eight while keeping conversation close and inviting. A substantial white marble top is beautifully softened by a sand finish double pedestal base for a relaxed yet elegant presentation. At a comfortable 36″ height, it’s perfect for dining, working, or gathering with easy entry and exit. Four beige chenille counter chairs add plush comfort, making it ideal for both daily living and entertaining.","• Expertly crafted of white marble veneers, ash veneers, solid Asian hardwoods and engineered woods, 100% polyester and foam
• 5-piece set includes the Artemis 54″ White Marble Counter Table, Sand Finish and 4 Artemis Beige Chenille Counter Chairs. Each item also sold separately.
• Kiln-dried wood helps prevent warping, splitting and cracking
• The chairs are solidly constructed using mortise-and-tenon joinery, corner blocks, sturdy solid wood legs, and screwed joints, this piece delivers exceptional stability, longevity, and superior furniture integrity with a 250 lb. weight capacity ensures durability and reliable support for the chair.
• Front and side stretchers provide sturdy support and stability for the 24″ seat height counter stool
• The Counter Stool’s 24-inch high seat effortlessly complements 36-inch high counters, ensuring an ideal seating experience.
• The 36-inch Counter Height Table presents a graceful solution for both dining and working, offering an ideal height for standing engagements.
• The chair legs are hand-stained in a natural multi-step sand finish to highlight the natural grain and knots of the wood
• Plastic glides help prevent scratches or mars to floors
• The counter chair’s soft beige chenille, crafted from 100% polyester, ensures plush comfort and a luxurious dining experience
• Available in green velvet, brown velvet, beige chenille, gray chenille, white vegan leather and black vegan leather; in counter and dining height sizes
• Chairs are packed 2 per carton
• Each marble top is crafted by nature with unique characteristics that vary slightly so no two pieces will be exactly alike
• 54″ square table seats up to eight
• The wood is hand-stained in a natural multi-step sand finish to highlight the natural grain and knots of the wood",dining,VCM540WTT-C5PC,https://stevesilver.com/product/artemis-5-piece-54-square-white-marble-counter-table-tan-finish-w-4-beige-chenille-counter-chairs/,SS-VCM540WTT-C5PC-1.jpg;SS-VCM540WTT-C5PC-altview1.jpg;SS-VCM540WTT-C5PC-altview2.jpg;SS-VCM540WTT-C5PC-altview3.jpg;SS-VCM540WTT-C5PC-altview4.jpg;SS-VCM540WTT-C5PC-altview5.jpg;SS-VCM540WTT-C5PC-altview6.jpg;SS-VCM540WTT-C5PC-altview7.jpg;SS-VCM540WTT-C5PC-altview8.jpg;SS-VCM540WTT-C5PC-altview9.jpg;SS-VCM540WTT-C5PC-altview10.jpg;SS-VCM540WTT-C5PC-altview11.jpg;SS-VCM540WTT-C5PC-altview12.jpg;SS-VCM540WTT-C5PC-altview13.jpg;SS-VCM540WTT-C5PC-altview14.jpg;SS-VCM540WTT-C5PC-altview15.jpg
SS-VCM540WKK-C5PC,Artemis 5-piece 54″ Square White Marble Counter Table with 4 Black Vegan Leather Counter Chairs,,,N,Out of Stock,"*]:pointer-events-auto scroll-mt-[calc(var(--header-height)+min(200px,max(70px,20svh)))]"" dir=""auto"" data-turn-id=""request-WEB:8796e8fa-a44d-47e4-a72d-59f28c9d7412-12"" data-testid=""conversation-turn-26"" data-scroll-anchor=""true"" data-turn=""assistant"">
 
 
 
 
 
 
 Sleek, sophisticated, and modern, the Artemis 54″ white marble 5-piece counter set delivers standout style and everyday function. The 54-inch square white marble table seats up to eight while keeping conversation close and inviting. A substantial 3″ marble-look top and bold black base create a high-end presence. Four black vegan leather counter chairs, accented with silver nailhead trim, add crisp contrast and tailored appeal, while supportive seating and sturdy construction ensure lasting comfort, durability, and performance for dining and entertaining alike.","• Crafted with 8mm white marble veneered top, Birch veneers, Asian hardwood solids, engineered woods, 100% polyester cover and foam.
• 5-piece set includes the Artemis 54″ Square White Marble Counter Table and 4 Artemis Black Vegan Leather Counter Chairs. Each item also sold separately.
• Kiln-dried wood helps prevent warping, splitting and cracking
• The chair is solidly constructed using mortise-and-tenon joinery, corner blocks, sturdy solid wood legs, and screwed joints, this piece delivers exceptional stability, longevity, and superior furniture integrity.
• Front and side stretchers provide sturdy support and stability for the 24″ seat height counter chair
• The Counter Stool’s 24-inch high seat effortlessly complements 36-inch high counters, ensuring an ideal seating experience.
• The chair’s 250 lb. weight capacity ensures durability and reliable support for the chair.
• Plastic glides help prevent scratches or mars to floors
• The chair features a durable, smooth vegan leather cover in black, accented with elegant silver nailhead trim. Crafted from 100% polyester, it delivers the look and feel of leather in a more affordable, easy-care fabric.
• Cleaning Code: W – Clean using a water-based cleaner or a mild soap and water solution (about 1–2% soap), testing a small, hidden area first to ensure colorfastness.Available in green velvet, brown velvet, brown chenille, gray chenille, black vegan leather and black vegan leather; in counter and dining height sizes
• Chair is packed 2 per carton
• Each marble top is crafted by nature with unique characteristics that vary slightly so no two pieces will be exactly alike
• The 36-inch Counter Height Table presents a graceful solution for both dining and working, offering an ideal height for standing engagements.
• 54″ square table seats up to eight
• The wood is hand-stained in a natural multi-step black finish",dining,VCM540WKK-C5PC,https://stevesilver.com/product/artemis-5-piece-54-square-white-marble-counter-table-with-4-artemis-black-vegan-leather-counter-chairs/,SS-VCM540WKK-C5PC-1.jpg;SS-VCM540WKK-C5PC-altview1.jpg;SS-VCM540WKK-C5PC-altview2.jpg;SS-VCM540WKK-C5PC-altview3.jpg;SS-VCM540WKK-C5PC-altview4.jpg;SS-VCM540WKK-C5PC-altview5.jpg;SS-VCM540WKK-C5PC-altview6.jpg;SS-VCM540WKK-C5PC-altview7.jpg;SS-VCM540WKK-C5PC-altview8.jpg;SS-VCM540WKK-C5PC-altview9.jpg;SS-VCM540WKK-C5PC-altview10.jpg;SS-VCM540WKK-C5PC-altview11.jpg;SS-VCM540WKK-C5PC-altview12.jpg;SS-VCM540WKK-C5PC-altview13.jpg;SS-VCM540WKK-C5PC-altview14.jpg;SS-VCM540WKK-C5PC-altview15.jpg
SS-VCM540WKW-C5PC,Artemis 5-piece 54″ Square White Marble Counter Table with 4 Artemis White Vegan Leather Counter Chairs,,,N,Out of Stock,"*]:pointer-events-auto scroll-mt-[calc(var(--header-height)+min(200px,max(70px,20svh)))]"" dir=""auto"" data-turn-id=""request-WEB:8796e8fa-a44d-47e4-a72d-59f28c9d7412-12"" data-testid=""conversation-turn-26"" data-scroll-anchor=""true"" data-turn=""assistant"">
 
 
 
 
 
 
 Sleek, sophisticated, and modern, the Artemis 54″ White Marble 5-piece counter set delivers standout style and everyday function. The 54-inch square white marble table comfortably seats up to eight while keeping conversation close and inviting. A substantial 3″ marble-look top and bold black base create a high-end presence. Four white vegan leather counter chairs, accented with silver nailhead trim, add crisp contrast and tailored appeal, while supportive seating and sturdy construction ensure lasting comfort, durability, and performance for dining and entertaining alike.","• Crafted with 8mm white marble veneered top, Birch veneers, Asian hardwood solids, engineered woods, 100% polyester cover and foam.
• 5-piece set includes the Artemis 54″ Square White Marble Counter Table and 4 Artemis White Vegan Leather Counter Chairs. Each item also sold separately.
• Kiln-dried wood helps prevent warping, splitting and cracking
• The chair is solidly constructed using mortise-and-tenon joinery, corner blocks, sturdy solid wood legs, and screwed joints, this piece delivers exceptional stability, longevity, and superior furniture integrity.
• Front and side stretchers provide sturdy support and stability for the 24″ seat height counter chair
• The Counter Stool’s 24-inch high seat effortlessly complements 36-inch high counters, ensuring an ideal seating experience.
• The chair’s 250 lb. weight capacity ensures durability and reliable support for the chair.
• Plastic glides help prevent scratches or mars to floors
• The chair features a durable, smooth vegan leather cover in white, accented with elegant silver nailhead trim. Crafted from 100% polyester, it delivers the look and feel of leather in a more affordable, easy-care fabric.
• Cleaning Code: W – Clean using a water-based cleaner or a mild soap and water solution (about 1–2% soap), testing a small, hidden area first to ensure colorfastness.Available in green velvet, brown velvet, brown chenille, gray chenille, white vegan leather and black vegan leather; in counter and dining height sizes
• Chair is packed 2 per carton
• Each marble top is crafted by nature with unique characteristics that vary slightly so no two pieces will be exactly alike
• The 36-inch Counter Height Table presents a graceful solution for both dining and working, offering an ideal height for standing engagements.
• 54″ square table seats up to eight
• The wood is hand-stained in a natural multi-step black finish",dining,VCM540WKW-C5PC,https://stevesilver.com/product/artemis-5-piece-54-square-white-marble-counter-table-with-4-artemis-white-vegan-leather-counter-chairs-copy/,SS-VCM540WKW-C5PC-1.jpg;SS-VCM540WKW-C5PC-altview1.jpg;SS-VCM540WKW-C5PC-altview2.jpg;SS-VCM540WKW-C5PC-altview3.jpg;SS-VCM540WKW-C5PC-altview4.jpg;SS-VCM540WKW-C5PC-altview5.jpg;SS-VCM540WKW-C5PC-altview6.jpg;SS-VCM540WKW-C5PC-altview7.jpg;SS-VCM540WKW-C5PC-altview8.jpg;SS-VCM540WKW-C5PC-altview9.jpg;SS-VCM540WKW-C5PC-altview10.jpg;SS-VCM540WKW-C5PC-altview11.jpg;SS-VCM540WKW-C5PC-altview12.jpg;SS-VCM540WKW-C5PC-altview13.jpg;SS-VCM540WKW-C5PC-altview14.jpg;SS-VCM540WKW-C5PC-altview15.jpg
SS-VCM540WKG-C5PC,Artemis 5-piece 54″ Square White Marble Counter Table with 4 Gray Chenille Counter Chairs,,,N,Out of Stock,"*]:pointer-events-auto scroll-mt-[calc(var(--header-height)+min(200px,max(70px,20svh)))]"" dir=""auto"" data-turn-id=""request-WEB:8796e8fa-a44d-47e4-a72d-59f28c9d7412-12"" data-testid=""conversation-turn-26"" data-scroll-anchor=""true"" data-turn=""assistant"">
 
 
 
 
 
 
 Sleek, sophisticated, and modern, the Artemis 54″ White Marble 5-piece counter set makes a striking statement. The 54-inch square white marble table seats up to eight comfortably while maintaining an intimate, conversation-friendly feel. A substantial 3″ marble-look top pairs seamlessly with a deep black wood base for bold appeal. Gray chenille counter chairs offer plush, supportive comfort with a perfectly pitched seat, while front and side stretchers add stability and a built-in footrest invites you to relax and stay awhile.","• Crafted with 8mm white marble veneered top, Birch veneers, Asian hardwood solids, engineered woods, 100% polyester cover and foam.
• 5-piece set includes the Artemis 54″ Square White Marble Counter Table and 4 Artemis Gray Counter Chairs. Each item also sold separately.
• Kiln-dried wood helps prevent warping, splitting and cracking
• The chair is solidly constructed using mortise-and-tenon joinery, corner blocks, sturdy solid wood legs, and screwed joints, this piece delivers exceptional stability, longevity, and superior furniture integrity.
• Front and side stretchers provide sturdy support and stability for the 24″ seat height counter chair
• The chair’s 250 lb. weight capacity ensures durability and reliable support for the chair.
• Plastic glides help prevent scratches or mars to floors
• The chair’s soft-touch, chenille, crafted from 100% polyester, ensures plush comfort and a luxurious dining experience
• The Counter Stool’s 24-inch high seat effortlessly complements 36-inch high counters, ensuring an ideal seating experience.
• Cleaning Code: W – Clean using a water-based cleaner or a mild soap and water solution (about 1–2% soap), testing a small, hidden area first to ensure colorfastness.Available in green velvet, brown velvet, brown chenille, gray chenille, white vegan leather and black vegan leather; in counter and dining height sizes
• Chair is packed 2 per carton
• Styling details include elegant white marble table tops with modern-styled table base.
• Each marble top is crafted by nature with unique characteristics that vary slightly so no two pieces will be exactly alike
• The 36-inch Counter Height Table presents a graceful solution for both dining and working, offering an ideal height for standing engagements.
• 54″ square table seats up to eight
• The wood is hand-stained in a natural multi-step black finish",dining,VCM540WKG-C5PC,https://stevesilver.com/product/artemis-5-piece-54-square-white-marble-counter-table-with-4-gray-chenille-counter-chairs-copy/,SS-VCM540WKG-C5PC-1.jpg;SS-VCM540WKG-C5PC-altview1.jpg;SS-VCM540WKG-C5PC-altview2.jpg;SS-VCM540WKG-C5PC-altview3.jpg;SS-VCM540WKG-C5PC-altview4.jpg;SS-VCM540WKG-C5PC-altview5.jpg;SS-VCM540WKG-C5PC-altview6.jpg;SS-VCM540WKG-C5PC-altview7.jpg;SS-VCM540WKG-C5PC-altview8.jpg;SS-VCM540WKG-C5PC-altview9.jpg;SS-VCM540WKG-C5PC-altview10.jpg;SS-VCM540WKG-C5PC-altview11.jpg;SS-VCM540WKG-C5PC-altview12.jpg;SS-VCM540WKG-C5PC-altview13.jpg;SS-VCM540WKG-C5PC-altview14.jpg;SS-VCM540WKG-C5PC-altview15.jpg
SS-VCM420GKK-D5PC,"Artemis 5-Piece 70″ Rect Gray Marble Table, Black Finish w/4 Black Vegan Leather Chairs",,,N,Available,"Meet the Artemis 70-inch marble top table—where modern design feels both elegant and inviting. Its architectural base makes a bold statement, while the sophisticated black finish keeps the look relaxed and livable. The sleek gray marble top adds a refined touch. Paired with soft black vegan leather chairs, each with a perfectly pitched seat for comfort, it’s made for gathering. Built with solid wood legs and screwed corner joints, this set offers lasting durability with effortless style.","• Expertly crafted of gray marble veneers, ash veneers, solid Asian hardwoods and engineered woods, 100% polyester and foam
• 5-piece set includes the Artemis 70″ Gray Marble Dining Table, Black Finish and 4 Artemis Black Vegan Leather Side Chairs. Each item also sold separately.
• Kiln-dried wood helps prevent warping, splitting and cracking
• The chairs are solidly constructed using mortise-and-tenon joinery, corner blocks, sturdy solid wood legs, and screwed joints, this piece delivers exceptional stability, longevity, and superior furniture integrity with a 250 lb. weight capacity ensures durability and reliable support for the chair.
• The chair legs are hand-stained in a natural multi-step black finish to highlight the natural grain and knots of the wood
• Plastic glides help prevent scratches or mars to floors
• The chair’s sleek black vegan leather, made from 100% polyester, offers the look and feel of real leather with easy-care convenience.
• Available in green velvet, brown velvet, beige chenille, gray chenille, gray vegan leather and black vegan leather; in counter and dining height sizes
• Chairs are packed 2 per carton
• Each marble top is crafted by nature with unique characteristics that vary slightly so no two pieces will be exactly alike
• 70″ long table seats six comfortably
• The wood is hand-stained in a natural multi-step black finish to highlight the natural grain and knots of the wood",dining,VCM420GKK-D5PC,https://stevesilver.com/product/artemis-5-piece-70-rect-gray-marble-table-black-finish-w-4-black-vegan-leather-chairs-copy/,SS-VCM420GKK-D5PC-1.jpg;SS-VCM420GKK-D5PC-altview1.jpg;SS-VCM420GKK-D5PC-altview2.jpg;SS-VCM420GKK-D5PC-altview3.jpg;SS-VCM420GKK-D5PC-altview4.jpg;SS-VCM420GKK-D5PC-altview5.jpg;SS-VCM420GKK-D5PC-altview6.jpg;SS-VCM420GKK-D5PC-altview7.jpg;SS-VCM420GKK-D5PC-altview8.jpg;SS-VCM420GKK-D5PC-altview9.jpg;SS-VCM420GKK-D5PC-altview10.jpg;SS-VCM420GKK-D5PC-altview11.jpg;SS-VCM420GKK-D5PC-altview12.jpg;SS-VCM420GKK-D5PC-altview13.jpg;SS-VCM420GKK-D5PC-altview14.jpg;SS-VCM420GKK-D5PC-altview15.jpg
SS-VCM420GKG-D5PC,"Artemis 5 Piece 70″ Rectangular Gray Marble Table, Black Finish with 4 Gray Chenille Chairs",,,N,Out of Stock,"Meet the Artemis 70-inch marble top table—where modern design feels both elegant and inviting. Its architectural base makes a bold statement, while the sophisticated black finish keeps the look relaxed and livable. The sleek gray marble top adds a refined touch. Paired with soft gray chenille chairs, each with a perfectly pitched seat for comfort, it’s made for gathering. Built with solid wood legs and screwed corner joints, this set offers lasting durability with effortless style.","• Expertly crafted of gray marble veneers, ash veneers, solid Asian hardwoods and engineered woods, 100% polyester and foam
• 5-piece set includes the Artemis 70″ Gray Marble Dining Table, Black Finish and 4 Artemis Gray Chenille Side Chairs. Each item also sold separately.
• Kiln-dried wood helps prevent warping, splitting and cracking
• The chairs are solidly constructed using mortise-and-tenon joinery, corner blocks, sturdy solid wood legs, and screwed joints, this piece delivers exceptional stability, longevity, and superior furniture integrity with a 250 lb. weight capacity ensures durability and reliable support for the chair.
• The chair legs are hand-stained in a natural multi-step black finish to highlight the natural grain and knots of the wood
• Plastic glides help prevent scratches or mars to floors
• The chair’s soft gray chenille, crafted from 100% polyester, ensures plush comfort and a luxurious dining experience
• Available in green velvet, brown velvet, beige chenille, gray chenille, gray vegan leather and black vegan leather; in counter and dining height sizes
• Chairs are packed 2 per carton
• Each marble top is crafted by nature with unique characteristics that vary slightly so no two pieces will be exactly alike
• 70″ long table seats six comfortably
• The wood is hand-stained in a natural multi-step black finish to highlight the natural grain and knots of the wood",dining,VCM420GKG-D5PC,https://stevesilver.com/product/artemis-5-piece-70-rect-gray-marble-table-black-finish-w-4-gray-chenille-chairs-copy/,SS-VCM420GKG-D5PC-1.jpg;SS-VCM420GKG-D5PC-altview1.jpg;SS-VCM420GKG-D5PC-altview2.jpg;SS-VCM420GKG-D5PC-altview3.jpg;SS-VCM420GKG-D5PC-altview4.jpg;SS-VCM420GKG-D5PC-altview5.jpg;SS-VCM420GKG-D5PC-altview6.jpg;SS-VCM420GKG-D5PC-altview7.jpg;SS-VCM420GKG-D5PC-altview8.jpg;SS-VCM420GKG-D5PC-altview9.jpg;SS-VCM420GKG-D5PC-altview10.jpg;SS-VCM420GKG-D5PC-altview11.jpg;SS-VCM420GKG-D5PC-altview12.jpg;SS-VCM420GKG-D5PC-altview13.jpg;SS-VCM420GKG-D5PC-altview14.jpg;SS-VCM420GKG-D5PC-altview15.jpg
SS-VCM420GKW-D5PC,"Artemis 5-Piece 70″ Rect Gray Marble Table, Black Finish w/4 White Vegan Leather Chairs",,,N,Available,"Meet the Artemis 70-inch marble top table—where modern design feels both elegant and inviting. Its architectural base makes a bold statement, while the sophisticated black finish keeps the look relaxed and livable. The sleek gray marble top adds a refined touch. Paired with soft white vegan leather chairs, each with a perfectly pitched seat for comfort, it’s made for gathering. Built with solid wood legs and screwed corner joints, this set offers lasting durability with effortless style.","• Expertly crafted of gray marble veneers, ash veneers, solid Asian hardwoods and engineered woods, 100% polyester and foam
• 5-piece set includes the Artemis 70″ Gray Marble Dining Table, Black Finish and 4 Artemis White Vegan Leather Side Chairs. Each item also sold separately.
• Kiln-dried wood helps prevent warping, splitting and cracking
• The chairs are solidly constructed using mortise-and-tenon joinery, corner blocks, sturdy solid wood legs, and screwed joints, this piece delivers exceptional stability, longevity, and superior furniture integrity with a 250 lb. weight capacity ensures durability and reliable support for the chair.
• The chair legs are hand-stained in a natural multi-step black finish to highlight the natural grain and knots of the wood
• Plastic glides help prevent scratches or mars to floors
• The chair’s sleek white vegan leather, made from 100% polyester, offers the look and feel of real leather with easy-care convenience.
• Available in green velvet, brown velvet, beige chenille, gray chenille, white vegan leather and black vegan leather; in counter and dining height sizes
• Chairs are packed 2 per carton
• Each marble top is crafted by nature with unique characteristics that vary slightly so no two pieces will be exactly alike
• 70″ long table seats six comfortably
• The wood is hand-stained in a natural multi-step black finish to highlight the natural grain and knots of the wood",dining,VCM420GKW-D5PC,https://stevesilver.com/product/artemis-5-piece-70-rect-gray-marble-table-black-finish-w-4-white-vegan-leather-chairs-copy/,SS-VCM420GKW-D5PC-1.jpg;SS-VCM420GKW-D5PC-altview1.jpg;SS-VCM420GKW-D5PC-altview2.jpg;SS-VCM420GKW-D5PC-altview3.jpg;SS-VCM420GKW-D5PC-altview4.jpg;SS-VCM420GKW-D5PC-altview5.jpg;SS-VCM420GKW-D5PC-altview6.jpg;SS-VCM420GKW-D5PC-altview7.jpg;SS-VCM420GKW-D5PC-altview8.jpg;SS-VCM420GKW-D5PC-altview9.jpg;SS-VCM420GKW-D5PC-altview10.jpg;SS-VCM420GKW-D5PC-altview11.jpg;SS-VCM420GKW-D5PC-altview12.jpg;SS-VCM420GKW-D5PC-altview13.jpg;SS-VCM420GKW-D5PC-altview14.jpg;SS-VCM420GKW-D5PC-altview15.jpg
SS-VCM420KK-D5PC,"Artemis 5 Piece 70″ Rect White Marble Table, Black Finish w/4 Black Vegan Leather Chairs",,,N,Available,"Meet the Artemis 70-inch marble top table—where modern design feels both elegant and inviting. Its architectural base makes a bold statement, while the sophisticated black finish keeps the look relaxed and livable. The sleek white marble top adds a refined touch. Paired with soft black vegan leather chairs, each with a perfectly pitched seat for comfort, it’s made for gathering. Built with solid wood legs and screwed corner joints, this set offers lasting durability with effortless style.","• Expertly crafted of white marble veneers, ash veneers, solid Asian hardwoods and engineered woods, 100% polyester and foam
• 5-piece set includes the Artemis 70″ White Marble Dining Table, Black Finish and 4 Artemis Black Vegan Leather Side Chairs. Each item also sold separately.
• Kiln-dried wood helps prevent warping, splitting and cracking
• The chairs are solidly constructed using mortise-and-tenon joinery, corner blocks, sturdy solid wood legs, and screwed joints, this piece delivers exceptional stability, longevity, and superior furniture integrity with a 250 lb. weight capacity ensures durability and reliable support for the chair.
• The chair legs are hand-stained in a natural multi-step black finish to highlight the natural grain and knots of the wood
• Plastic glides help prevent scratches or mars to floors
• The chair’s sleek black vegan leather, made from 100% polyester, offers the look and feel of real leather with easy-care convenience.
• Available in green velvet, brown velvet, beige chenille, gray chenille, white vegan leather and black vegan leather; in counter and dining height sizes
• Chairs are packed 2 per carton
• Each marble top is crafted by nature with unique characteristics that vary slightly so no two pieces will be exactly alike
• 70″ long table seats six comfortably
• The wood is hand-stained in a natural multi-step black finish to highlight the natural grain and knots of the wood",dining,VCM420KK-D5PC,https://stevesilver.com/product/artemis-5-piece-70-rect-white-marble-table-black-finish-w-4-black-vegan-leather-chairs/,SS-VCM420KK-D5PC-1.jpg;SS-VCM420KK-D5PC-altview1.jpg;SS-VCM420KK-D5PC-altview2.jpg;SS-VCM420KK-D5PC-altview3.jpg;SS-VCM420KK-D5PC-altview4.jpg;SS-VCM420KK-D5PC-altview5.jpg;SS-VCM420KK-D5PC-altview6.jpg;SS-VCM420KK-D5PC-altview7.jpg;SS-VCM420KK-D5PC-altview8.jpg;SS-VCM420KK-D5PC-altview9.jpg;SS-VCM420KK-D5PC-altview10.jpg;SS-VCM420KK-D5PC-altview11.jpg;SS-VCM420KK-D5PC-altview12.jpg;SS-VCM420KK-D5PC-altview13.jpg;SS-VCM420KK-D5PC-altview14.jpg;SS-VCM420KK-D5PC-altview15.jpg
SS-VCM420KG-D5PC,"Artemis 5 Piece 70″ Rect White Marble Table, Black Finish w/4 Gray Chenille Chairs",,,N,Out of Stock,"Meet the Artemis 70-inch marble top table—where modern design feels both elegant and inviting. Its architectural base makes a bold statement, while the sophisticated black finish keeps the look relaxed and livable. The sleek white marble top adds a refined touch. Paired with soft gray chenille chairs, each with a perfectly pitched seat for comfort, it’s made for gathering. Built with solid wood legs and screwed corner joints, this set offers lasting durability with effortless style.","• Expertly crafted of white marble veneers, ash veneers, solid Asian hardwoods and engineered woods, 100% polyester and foam
• 5-piece set includes the Artemis 70″ White Marble Dining Table, Black Finish and 4 Artemis Gray Chenille Side Chairs. Each item also sold separately.
• Kiln-dried wood helps prevent warping, splitting and cracking
• The chairs are solidly constructed using mortise-and-tenon joinery, corner blocks, sturdy solid wood legs, and screwed joints, this piece delivers exceptional stability, longevity, and superior furniture integrity with a 250 lb. weight capacity ensures durability and reliable support for the chair.
• The chair legs are hand-stained in a natural multi-step black finish to highlight the natural grain and knots of the wood
• Plastic glides help prevent scratches or mars to floors
• The chair’s soft gray chenille, crafted from 100% polyester, ensures plush comfort and a luxurious dining experience
• Available in green velvet, brown velvet, beige chenille, gray chenille, white vegan leather and black vegan leather; in counter and dining height sizes
• Chairs are packed 2 per carton
• Each marble top is crafted by nature with unique characteristics that vary slightly so no two pieces will be exactly alike
• 70″ long table seats six comfortably
• The wood is hand-stained in a natural multi-step black finish to highlight the natural grain and knots of the wood",dining,VCM420KG-D5PC,https://stevesilver.com/product/artemis-5-piece-70-rect-white-marble-table-black-finish-w-4-gray-chenille-chairs/,SS-VCM420KG-D5PC-1.jpg;SS-VCM420KG-D5PC-altview1.jpg;SS-VCM420KG-D5PC-altview2.jpg;SS-VCM420KG-D5PC-altview3.jpg;SS-VCM420KG-D5PC-altview4.jpg;SS-VCM420KG-D5PC-altview5.jpg;SS-VCM420KG-D5PC-altview6.jpg;SS-VCM420KG-D5PC-altview7.jpg;SS-VCM420KG-D5PC-altview8.jpg;SS-VCM420KG-D5PC-altview9.jpg;SS-VCM420KG-D5PC-altview10.jpg;SS-VCM420KG-D5PC-altview11.jpg;SS-VCM420KG-D5PC-altview12.jpg;SS-VCM420KG-D5PC-altview13.jpg;SS-VCM420KG-D5PC-altview14.jpg;SS-VCM420KG-D5PC-altview15.jpg
SS-VCM420KW-D5PC,"Artemis 5-Piece 70″ Rect White Marble Table, Black Finish w/4 White Vegan Leather Chairs",,,N,Available,"Meet the Artemis 70-inch marble top table—where modern design feels both elegant and inviting. Its architectural base makes a bold statement, while the sophisticated black finish keeps the look relaxed and livable. The sleek white marble top adds a refined touch. Paired with soft white vegan leather chairs, each with a perfectly pitched seat for comfort, it’s made for gathering. Built with solid wood legs and screwed corner joints, this set offers lasting durability with effortless style.","• Expertly crafted of white marble veneers, ash veneers, solid Asian hardwoods and engineered woods, 100% polyester and foam
• 5-piece set includes the Artemis 70″ White Marble Dining Table, Black Finish and 4 Artemis White Vegan LeatherSide Chairs. Each item also sold separately.
• Kiln-dried wood helps prevent warping, splitting and cracking
• The chairs are solidly constructed using mortise-and-tenon joinery, corner blocks, sturdy solid wood legs, and screwed joints, this piece delivers exceptional stability, longevity, and superior furniture integrity with a 250 lb. weight capacity ensures durability and reliable support for the chair.
• The chair legs are hand-stained in a natural multi-step black finish to highlight the natural grain and knots of the wood
• Plastic glides help prevent scratches or mars to floors
• The chair’s sleek white vegan leather, made from 100% polyester, offers the look and feel of real leather with easy-care convenience.
• Available in green velvet, brown velvet, beige chenille, gray chenille, white vegan leather and black vegan leather; in counter and dining height sizes
• Chairs are packed 2 per carton
• Each marble top is crafted by nature with unique characteristics that vary slightly so no two pieces will be exactly alike
• 70″ long table seats six comfortably
• The wood is hand-stained in a natural multi-step black finish to highlight the natural grain and knots of the wood",dining,VCM420KW-D5PC,https://stevesilver.com/product/artemis-5-piece-70-rect-white-marble-table-black-finish-w-4-white-vegan-leather-chairs/,SS-VCM420KW-D5PC-1.jpg;SS-VCM420KW-D5PC-altview1.jpg;SS-VCM420KW-D5PC-altview2.jpg;SS-VCM420KW-D5PC-altview3.jpg;SS-VCM420KW-D5PC-altview4.jpg;SS-VCM420KW-D5PC-altview5.jpg;SS-VCM420KW-D5PC-altview6.jpg;SS-VCM420KW-D5PC-altview7.jpg;SS-VCM420KW-D5PC-altview8.jpg;SS-VCM420KW-D5PC-altview9.jpg;SS-VCM420KW-D5PC-altview10.jpg;SS-VCM420KW-D5PC-altview11.jpg;SS-VCM420KW-D5PC-altview12.jpg;SS-VCM420KW-D5PC-altview13.jpg;SS-VCM420KW-D5PC-altview14.jpg;SS-VCM420KW-D5PC-altview15.jpg
SS-VCM420TT-D5PC,"Artemis 5 Piece 70″ Rect White Marble Table, Tan Finish w/4 Beige Chenille Chairs",,,N,Out of Stock,"Meet the Artemis 70-inch marble top table—where modern design feels easy and inviting. The architectural base brings bold style, while the casual sand finish keeps the look relaxed and livable. A sleek white marble top adds just the right touch of elegance. Paired with soft beige chenille chairs, each designed with a perfect pitch for a comfortable seat, it’s made for gathering. With solid wood legs and screwed corner joints, this set delivers the durability you need with the style you want.","• Expertly crafted of white marble veneers, ash veneers, solid Asian hardwoods and engineered woods, 100% polyester and foam
• 5-piece set includes the Artemis 70″ White Marble Dining Table, Sand Finish and 4 Artemis Beige Chenille Side Chairs. Each item also sold separately.
• Kiln-dried wood helps prevent warping, splitting and cracking
• The chairs are solidly constructed using mortise-and-tenon joinery, corner blocks, sturdy solid wood legs, and screwed joints, this piece delivers exceptional stability, longevity, and superior furniture integrity with a 250 lb. weight capacity ensures durability and reliable support for the chair.
• The chair legs are hand-stained in a natural multi-step sand finish to highlight the natural grain and knots of the wood
• Plastic glides help prevent scratches or mars to floors
• The chair’s soft beige chenille, crafted from 100% polyester, ensures plush comfort and a luxurious dining experience
• Available in green velvet, brown velvet, beige chenille, gray chenille, white vegan leather and black vegan leather; in counter and dining height sizes
• Chairs are packed 2 per carton
• Each marble top is crafted by nature with unique characteristics that vary slightly so no two pieces will be exactly alike
• 70″ long table seats six comfortably
• The wood is hand-stained in a natural multi-step sand finish to highlight the natural grain and knots of the wood",dining,VCM420TT-D5PC,https://stevesilver.com/product/artemis-5-piece-70-rect-white-marble-table-tan-finish-w-4-beige-chenille-chairs/,SS-VCM420TT-D5PC-1.jpg;SS-VCM420TT-D5PC-altview1.jpg;SS-VCM420TT-D5PC-altview2.jpg;SS-VCM420TT-D5PC-altview3.jpg;SS-VCM420TT-D5PC-altview4.jpg;SS-VCM420TT-D5PC-altview5.jpg;SS-VCM420TT-D5PC-altview6.jpg;SS-VCM420TT-D5PC-altview7.jpg;SS-VCM420TT-D5PC-altview8.jpg;SS-VCM420TT-D5PC-altview9.jpg;SS-VCM420TT-D5PC-altview10.jpg;SS-VCM420TT-D5PC-altview11.jpg;SS-VCM420TT-D5PC-altview12.jpg;SS-VCM420TT-D5PC-altview13.jpg;SS-VCM420TT-D5PC-altview14.jpg;SS-VCM420TT-D5PC-altview15.jpg
SS-VCM420WTN-C5PC,"Artemis 5-Piece 54″ Square White Marble Counter Table, Sand Finish w/4 Brown Velvet Counter Chairs",,,N,Out of Stock,"*]:pointer-events-auto scroll-mt-[calc(var(--header-height)+min(200px,max(70px,20svh)))]"" dir=""auto"" data-turn-id=""request-WEB:8796e8fa-a44d-47e4-a72d-59f28c9d7412-16"" data-testid=""conversation-turn-34"" data-scroll-anchor=""true"" data-turn=""assistant"">
 
 
 
 
 
 
 Meet the Artemis 54-inch square marble counter set—where modern design feels easy and inviting. The double pedestal base brings bold architectural style, while the casual sand finish keeps the look relaxed and livable. A sleek white marble top adds just the right touch of elegance. Paired with plush brown velvet counter chairs, each designed with a perfect pitch for a comfortable seat, it’s made for gathering. At a comfortable 36″ height, it offers easy entry, lasting durability, and effortless everyday style.","• Expertly crafted of white marble veneers, ash veneers, solid Asian hardwoods and engineered woods, 100% polyester and foam
• 5-piece set includes the Artemis 54″ White Marble Dining Table, Sand Finish and 4 Artemis Brown Velvet Side Chairs. Each item also sold separately.
• Kiln-dried wood helps prevent warping, splitting and cracking
• The chairs are solidly constructed using mortise-and-tenon joinery, corner blocks, sturdy solid wood legs, and screwed joints, this piece delivers exceptional stability, longevity, and superior furniture integrity with a 250 lb. weight capacity ensures durability and reliable support for the chair.
• Front and side stretchers provide sturdy support and stability for the 24″ seat height counter stool
• The Counter Stool’s 24-inch high seat effortlessly complements 36-inch high counters, ensuring an ideal seating experience.
• The 36-inch Counter Height Table presents a graceful solution for both dining and working, offering an ideal height for standing engagements.
• The chair legs are hand-stained in a natural multi-step sand finish to highlight the natural grain and knots of the wood
• Plastic glides help prevent scratches or mars to floors
• The chair’s soft-touch, breathable velvet, crafted from 100% polyester, ensures plush comfort and a luxurious dining experience
• Available in green velvet, brown velvet, brown chenille, gray chenille, white vegan leather and black vegan leather; in counter and dining height sizes
• Chairs are packed 2 per carton
• Each marble top is crafted by nature with unique characteristics that vary slightly so no two pieces will be exactly alike
• 54″ square table seats up to eight
• The wood is hand-stained in a natural multi-step sand finish to highlight the natural grain and knots of the wood",dining,VCM420WTN-C5PC,https://stevesilver.com/product/artemis-5-piece-70-rect-white-marble-table-tan-finish-w-4-brown-velvet-chairs/,SS-VCM420WTN-C5PC-1.jpg;SS-VCM420WTN-C5PC-altview1.jpg;SS-VCM420WTN-C5PC-altview2.jpg;SS-VCM420WTN-C5PC-altview3.jpg;SS-VCM420WTN-C5PC-altview4.jpg;SS-VCM420WTN-C5PC-altview5.jpg;SS-VCM420WTN-C5PC-altview6.jpg;SS-VCM420WTN-C5PC-altview7.jpg;SS-VCM420WTN-C5PC-altview8.jpg;SS-VCM420WTN-C5PC-altview9.jpg;SS-VCM420WTN-C5PC-altview10.jpg;SS-VCM420WTN-C5PC-altview11.jpg;SS-VCM420WTN-C5PC-altview12.jpg;SS-VCM420WTN-C5PC-altview13.jpg;SS-VCM420WTN-C5PC-altview14.jpg;SS-VCM420WTN-C5PC-altview15.jpg
SS-ABR5454K-D5PC,Aubrey 5-Piece 54″ Round Dining Table Set,,,N,Available,"Immerse yourself in the perfect blend of rustic charm and casual elegance with the 5-Piece Aubrey Dining Set. Crafted to perfection, this set seamlessly marries the rustic elements of Craftsman styling with the comfortable charm of cushioned sling side chairs, creating an inviting ambiance for memorable dining experiences.

 The 54-inch round Aubrey Black Dining Table exudes timeless appeal with its contrasting stretchers that offer a pop of color and coordinate effortlessly with the rest of the Aubrey collection. Supported by substantial canted 3-inch squared posts, the table hints at primitive styling while providing a sturdy foundation for your gatherings.

 Accompanied by four cushioned Black Side Chairs, this set offers both comfort and style.","• Set includes the Aubrey 54-inch Black Dining Table with Driftwood Stretchers and 4 Aubrey Gray Vegan Leather Side Chairs. Each item also sold separately.
• Styling details include the dining table with substantial canted 3″ squared posts with contrasting stretchers and exposed tenons that match all the other pieces in the Aubrey collection. Mix and match finishes and pieces within the collection for a custom look.
• Cross stretchers provide sturdy support and stability for the 54″ Round Table
• Built with solid wood legs to ensure lasting durability, stability, and timeless elegance for every dining experience.
• Kiln-dried wood helps prevent warping, splitting, cracking and developing mildew.
• Plastic glides keep the chair from scratching floor
• Solidly constructed using mortise-and-tenon joinery and corner blocks for exceptional, longevity, and superior furniture integrity
• The wood is hand-stained in a natural multi-step black finish with waxed driftwood accents that highlights the natural grain and knots of the wood.
• Wire-brushed distressing adds depth and character to the chair, making it a truly unique and stylish addition to any space.
• The chair has a 300 lb. weight capacity to ensure durability and reliable support.
• Gray vegan leather cover is sleek, durable, and easy-care, adding sophistication to any setting
• The 54-inch round table seats up to six people
• Table measurements: 54″W x 54″D x 30″H
• Chair measurements: 21″W x 22″D x 35.25″H
• Easy Assembly, all tools included",dining,ABR5454K-D5PC,https://stevesilver.com/product/aubrey-5-piece-54-round-dining-table-set-copy/,SS-ABR5454K-D5PC-1.jpg;SS-ABR5454K-D5PC-altview1.jpg;SS-ABR5454K-D5PC-altview2.jpg;SS-ABR5454K-D5PC-altview3.jpg;SS-ABR5454K-D5PC-altview4.jpg;SS-ABR5454K-D5PC-altview5.jpg;SS-ABR5454K-D5PC-altview6.jpg;SS-ABR5454K-D5PC-altview7.jpg;SS-ABR5454K-D5PC-altview8.jpg;SS-ABR5454K-D5PC-altview9.jpg;SS-ABR5454K-D5PC-altview10.jpg;SS-ABR5454K-D5PC-altview11.jpg;SS-ABR5454K-D5PC-altview12.jpg;SS-ABR5454K-D5PC-altview13.jpg;SS-ABR5454K-D5PC-altview14.jpg;SS-ABR5454K-D5PC-altview15.jpg
SS-ABR5454N-4US-D5PC,"Aubrey 5-Piece 54″ Round Dining Table Set, Driftwood",,,N,Out of Stock,"Immerse yourself in the perfect blend of rustic charm and casual elegance with the 5-Piece Aubrey 54″ Round Driftwood Dining Set. Crafted to perfection, this set seamlessly marries the rustic elements of Craftsman styling with the sophistication of upholstered Parsons chairs, creating an inviting ambiance for memorable dining experiences.

 The centerpiece of this set is the 54-inch round Aubrey Driftwood Dining Table, exuding timeless appeal with its contrasting stretchers that offer a pop of color and coordinate effortlessly with the rest of the Aubrey collection. Supported by substantial canted 3-inch squared posts, the table hints at primitive styling while providing a sturdy foundation for your gatherings.

 Accompanied by four Eggshell upholstered Driftwood Parsons Chairs, this set offers both comfort and style. Gather around this exquisite dining set, where every detail is meticulously crafted to enhance your dining space with rustic allure and casual sophistication.","• Set includes the Aubrey 54-inch Driftwood Dining Table with Black Stretchers and 4 Aubrey Driftwood Parsons Chairs. Each item also sold separately.
• Styling details include the dining table with substantial canted 3″ squared posts with contrasting stretchers and exposed tenons that match all the other pieces in the Aubrey collection. Mix and match finishes and pieces within the collection for a custom look.
• Cross stretchers provide sturdy support and stability for the 54″ Round Table
• Built with solid wood legs to ensure lasting durability, stability, and timeless elegance for every dining experience.
• Kiln-dried wood helps prevent warping, splitting, cracking and developing mildew.
• Plastic glides keep the chair from scratching floor
• Solidly constructed using mortise-and-tenon joinery and corner blocks for exceptional, longevity, and superior furniture integrity
• The wood is hand-stained in a natural multi-step driftwood finish that highlights the natural grain and knots of the wood.
• Wire-brushed distressing adds depth and character to the chair, making it a truly unique and stylish addition to any space.
• The chair has a 300 lb. weight capacity to ensure durability and reliable support.
• The upholstered removable seat is built with 1.1 density foam to offer comfortable seating for the family that is easy to clean, with a versatile design that fits seamlessly into any space, enhancing both comfort and functionality.
• The chair’s 100% polyester eggshell fabric cover provides a durable and easy-to-clean surface that resists stains and spills.
• The 54-inch round table seats up to six people
• Table measurements: 54″W x 54″D x 30″H
• Chair measurements: 23.5″W x 23.75″D x 38.25″H in
• Easy Assembly, all tools included",dining,ABR5454N-4US-D5PC,https://stevesilver.com/product/aubrey-5-piece-54-round-dining-table-set-driftwood/,SS-ABR5454N-4US-D5PC-1.jpg;SS-ABR5454N-4US-D5PC-altview1.jpg;SS-ABR5454N-4US-D5PC-altview2.jpg;SS-ABR5454N-4US-D5PC-altview3.jpg;SS-ABR5454N-4US-D5PC-altview4.jpg;SS-ABR5454N-4US-D5PC-altview5.jpg;SS-ABR5454N-4US-D5PC-altview6.jpg;SS-ABR5454N-4US-D5PC-altview7.jpg;SS-ABR5454N-4US-D5PC-altview8.jpg;SS-ABR5454N-4US-D5PC-altview9.jpg;SS-ABR5454N-4US-D5PC-altview10.jpg;SS-ABR5454N-4US-D5PC-altview11.jpg;SS-ABR5454N-4US-D5PC-altview12.jpg;SS-ABR5454N-4US-D5PC-altview13.jpg;SS-ABR5454N-4US-D5PC-altview14.jpg;SS-ABR5454N-4US-D5PC-altview15.jpg
SS-ABR5454K-4US-D5PC,Aubrey 5-Piece 54″ Round Dining Table Set,,,N,Available,"Immerse yourself in the perfect blend of rustic charm and casual elegance with the 5-Piece Aubrey Dining Set. Crafted to perfection, this set seamlessly marries the rustic elements of Craftsman styling with the sophistication of upholstered Parsons chairs, creating an inviting ambiance for memorable dining experiences.

 The 54-inch round Aubrey Black Dining Table exudes timeless appeal with its contrasting stretchers that offer a pop of color and coordinate effortlessly with the rest of the Aubrey collection. Supported by substantial canted 3-inch squared posts, the table hints at primitive styling while providing a sturdy foundation for your gatherings.

 Accompanied by four Eggshell upholstered Black Parsons Chairs, this set offers both comfort and style.","• Set includes the Aubrey 54-inch Black Dining Table with Driftwood Stretchers and 4 Aubrey Black Parsons Chairs. Each item also sold separately.
• Styling details include the dining table with substantial canted 3″ squared posts with contrasting stretchers and exposed tenons that match all the other pieces in the Aubrey collection. Mix and match finishes and pieces within the collection for a custom look.
• Cross stretchers provide sturdy support and stability for the 54″ Round Table
• Built with solid wood legs to ensure lasting durability, stability, and timeless elegance for every dining experience.
• Kiln-dried wood helps prevent warping, splitting, cracking and developing mildew.
• Plastic glides keep the chair from scratching floor
• Solidly constructed using mortise-and-tenon joinery and corner blocks for exceptional, longevity, and superior furniture integrity
• The wood is hand-stained in a natural multi-step black finish with waxed driftwood accents that highlights the natural grain and knots of the wood.
• Wire-brushed distressing adds depth and character to the chair, making it a truly unique and stylish addition to any space.
• The chair has a 300 lb. weight capacity to ensure durability and reliable support.
• The upholstered removable seat is built with 1.1 density foam to offer comfortable seating for the family that is easy to clean, with a versatile design that fits seamlessly into any space, enhancing both comfort and functionality.
• The chair’s 100% polyester eggshell fabric cover provides a durable and easy-to-clean surface that resists stains and spills.
• The 54-inch round table seats up to six people
• Table measurements: 54″W x 54″D x 30″H
• Chair measurements: 23.5″W x 23.75″D x 38.25″H in
• Easy Assembly, all tools included",dining,ABR5454K-4US-D5PC,https://stevesilver.com/product/aubrey-5-piece-54-round-dining-table-set/,SS-ABR5454K-4US-D5PC-1.jpg;SS-ABR5454K-4US-D5PC-altview1.jpg;SS-ABR5454K-4US-D5PC-altview2.jpg;SS-ABR5454K-4US-D5PC-altview3.jpg;SS-ABR5454K-4US-D5PC-altview4.jpg;SS-ABR5454K-4US-D5PC-altview5.jpg;SS-ABR5454K-4US-D5PC-altview6.jpg;SS-ABR5454K-4US-D5PC-altview7.jpg;SS-ABR5454K-4US-D5PC-altview8.jpg;SS-ABR5454K-4US-D5PC-altview9.jpg;SS-ABR5454K-4US-D5PC-altview10.jpg;SS-ABR5454K-4US-D5PC-altview11.jpg;SS-ABR5454K-4US-D5PC-altview12.jpg;SS-ABR5454K-4US-D5PC-altview13.jpg;SS-ABR5454K-4US-D5PC-altview14.jpg;SS-ABR5454K-4US-D5PC-altview15.jpg
SS-ABR400N-C5PC,"Aubrey 5-Piece 59.5″ Counter Dining Set, Driftwood Finish",,,N,Out of Stock,"Bring modern lodge charm to your home with the Aubrey Driftwood 5-Piece Counter Dining Set. This stunning set features a 59.5-inch counter table with a robust 1.5-inch tabletop, canted square legs, and eye-catching exposed tenons in a lustrous driftwood finish complemented by black accents. The comfortable gray vegan leather counter chairs, designed for 36-inch counters, feature a 24-inch seat height, solid wood legs, and plush 5-inch cushioning for exceptional comfort. Seating up to six, this compact yet spacious set is ideal for small or medium-sized dining rooms, making for a casual, stylish addition to your home.","• Expertly crafted of acacia veneers, Asian hardwood solids and engineered woods
• 5-piece set includes the Aubrey 59.5″ Black Counter Table with contrasting stretchers and 4 Black Counter Chairs in Camel Vegan Leather. Each item also sold separately.
• Styling details include substantial canted 3″ squared posts with contrasting stretchers and exposed tenons that match all the other pieces in the Aubrey collection. Mix and match finishes and pieces within the collection for a custom look.
• Solidly constructed using mortise-and-tenon joinery and corner blocks for exceptional stability.
• The wood is hand-stained in a natural multi-step black finish with waxy hang-up to highlight the natural grain and knots of the wood.
• Wire-brushed distressing adds depth and character to the chair, making it a truly unique and stylish addition to any space
• Kiln-dried wood helps prevent warping, splitting, cracking and developing mildew..
• Built with solid wood legs to ensure lasting durability, stability, and timeless elegance for every dining experience.
• 59.5-inch table seats six comfortably
• The 36-inch Counter Height Table presents a graceful solution for both dining and working, offering an ideal height for standing engagements.
• The Counter Stool’s 24-inch high seat effortlessly complements 36-inch high counters, ensuring an ideal seating experience.
• Plastic glides keep the chair and table from scratching the floor
• Contrasting stretchers on the table allows easy mix and match with other pieces and finishes within the Aubrey collection
• The chair’s front and side stretchers with solid wood legs provide sturdy support and stability for the 24″ seat height counter stool
• The chair’s 300 lb. weight capacity ensures durability and reliable support.
• Upholstered seat and strap back on the chair offer enhanced comfort, luxury, and a tailored look for dining, work or play
• The upholstered 5-inch seat with 1.1 density foam offers comfortable seating for the family, is easy to clean, and its versatile design fits seamlessly into any space, enhancing both comfort and functionality.
• Camel vegan leather cover is sleek, durable, and easy-care, adding sophistication to any setting.
• Product Measurements:
 
 Counter Table: 59.5W x 35.75D x 36H
• Counter Chair: 23W x 19.5D x 41.75H",dining,ABR400N-C5PC,https://stevesilver.com/product/aubrey-5-piece-59-5-counter-dining-set-driftwood-finish/,SS-ABR400N-C5PC-1.jpg;SS-ABR400N-C5PC-altview1.jpg;SS-ABR400N-C5PC-altview2.jpg;SS-ABR400N-C5PC-altview3.jpg;SS-ABR400N-C5PC-altview4.jpg;SS-ABR400N-C5PC-altview5.jpg;SS-ABR400N-C5PC-altview6.jpg;SS-ABR400N-C5PC-altview7.jpg;SS-ABR400N-C5PC-altview8.jpg;SS-ABR400N-C5PC-altview9.jpg;SS-ABR400N-C5PC-altview10.jpg;SS-ABR400N-C5PC-altview11.jpg;SS-ABR400N-C5PC-altview12.jpg;SS-ABR400N-C5PC-altview13.jpg;SS-ABR400N-C5PC-altview14.jpg;SS-ABR400N-C5PC-altview15.jpg
SS-ABR500K-2US-D7PC,Aubrey Black 7-Piece 78-96″ Dining Set,,,N,Out of Stock,"A harmonious blend of elegant and rustic elements defines the Aubrey 7-piece 78-96″ dining set, tailored for today’s casual environments. Influenced by Craftsman designs, this set boasts a modern black finish, enhanced by waxed driftwood stretchers and hardware. This captivating combination offers endless mix-and-match possibilities with both black and waxed driftwood pieces across the collection.

 Combining sophisticated Parsons chairs for the captains’ seats with rustic vegan leather side chairs, this set presents a primitive yet upscale interpretation of rustic elegance. The versatile black table effortlessly transitions from intimate gatherings to inclusive feasts with the 18-inch leaf, accommodating up to 10 people comfortably. Experience the perfect fusion of style and functionality with the Aubrey dining set.","• Expertly crafted of acacia veneers, Asian hardwood solids and engineered woods, 1.1 density foam and 100% polyester cover
• 7-Piece Set includes the Aubrey Black 78-96″ Dining Table w/18-inch leaf, 2 Upholstered Parsons Chairs and 4 Vegan Leather Side Chairs. Each item also sold separately.
• Styling details include the dining table with modern double pedestal base with contrasting stretchers and exposed tenons that match all the other pieces in the Aubrey collection. Mix and match finishes and pieces within the collection for a custom look.
• Cross stretchers provide sturdy support and stability for the 78-96″ Table
• Kiln-dried wood helps prevent warping, splitting, cracking and developing mildew.
• Plastic glides keep the chair from scratching floor
• Solidly constructed using mortise-and-tenon joinery and corner blocks for exceptional, longevity, and superior furniture integrity
• The wood is hand-stained in a natural multi-step black finish that highlights the natural grain and knots of the wood.
• Wire-brushed distressing adds depth and character to the chair, making it a truly unique and stylish addition to any space.
• Each chair has a 300 lb. weight capacity to ensure durability and reliable support.
• The upholstered seats on both chairs are built with 1.1 density foam to offer comfortable seating for the family that is easy to clean, with a versatile design that fits seamlessly into any space, enhancing both comfort and functionality.
• The Parsons chair’s 100% polyester eggshell fabric cover provides a durable and easy-to-clean surface that resists stains and spills.
• The 78-inch table easily expands to 96 inches with the insertion of the included 18-inch leaf to seat up to ten people
• Table measurements: 78″-96″W x 42″D x 30″H
• Parsons Chair measurements: 23.5″W x 23.75″D x 38.25″H in
• Side Chair measurements: 20.75″W x 22″D x 35.25″H in
• Easy Assembly, all tools included",dining,ABR500K-2US-D7PC,https://stevesilver.com/product/aubrey-black-7-piece-dining-set/,SS-ABR500K-2US-D7PC-1.jpg;SS-ABR500K-2US-D7PC-altview1.jpg;SS-ABR500K-2US-D7PC-altview2.jpg;SS-ABR500K-2US-D7PC-altview3.jpg;SS-ABR500K-2US-D7PC-altview4.jpg;SS-ABR500K-2US-D7PC-altview5.jpg;SS-ABR500K-2US-D7PC-altview6.jpg;SS-ABR500K-2US-D7PC-altview7.jpg;SS-ABR500K-2US-D7PC-altview8.jpg;SS-ABR500K-2US-D7PC-altview9.jpg;SS-ABR500K-2US-D7PC-altview10.jpg;SS-ABR500K-2US-D7PC-altview11.jpg;SS-ABR500K-2US-D7PC-altview12.jpg;SS-ABR500K-2US-D7PC-altview13.jpg;SS-ABR500K-2US-D7PC-altview14.jpg;SS-ABR500K-2US-D7PC-altview15.jpg
SS-ABR500KSV,"Aubrey Server, Black",,,N,Out of Stock,"The Aubrey black-finished Server offers ample storage for all your dining essentials. With Craftsman styling, clean lines, and substantial proportions, it exudes a primitive design aesthetic. Two adjustable shelves enable you to customize your space precisely to your needs, while the contrasting driftwood wood pulls and driftwood interior facilitate mixing and matching with other driftwood dining items, especially those in the Aubrey collection.","• Expertly crafted of acacia veneers, Asian hardwood solids and engineered woods
• Kiln-dried wood helps prevent warping, splitting, cracking and developing mildew.
• The wood is hand-stained in a natural multi-step black finish with contrasting driftwood hardware that highlights the natural grain and knots of the wood
• The wire-brushed finish adds depth and character to the server, making it a truly unique and stylish addition to any space.
• Concealed European hinges offer clean front aesthetic while allowing the doors to open and close smoothly and quietly
• Two adjustable shelves all you to customize your storage space effortlessly, adapting to accommodate your changing needs.
• Plastic glides help protect floors from mars or scratches
• 2000 lb. weight capacity ensures durability and reliable support.
• Easy Assembly, all tools included",server,ABR500KSV,https://stevesilver.com/product/aubrey-server-black/,SS-ABR500KSV-1.jpg;SS-ABR500KSV-altview1.jpg;SS-ABR500KSV-altview2.jpg;SS-ABR500KSV-altview3.jpg;SS-ABR500KSV-altview4.jpg;SS-ABR500KSV-altview5.jpg;SS-ABR500KSV-altview6.jpg;SS-ABR500KSV-altview7.jpg;SS-ABR500KSV-altview8.jpg;SS-ABR500KSV-altview9.jpg;SS-ABR500KSV-altview10.jpg;SS-ABR500KSV-altview11.jpg;SS-ABR500KSV-altview12.jpg;SS-ABR500KSV-altview13.jpg;SS-ABR500KSV-altview14.jpg;SS-ABR500KSV-altview15.jpg
SS-ABR500NSV,"Aubrey Server, Brown",,,N,Out of Stock,"The Aubrey driftwood-finished Server offers ample storage for all your dining essentials. With Craftsman styling, clean lines, and substantial proportions, it exudes a primitive design aesthetic. Two adjustable shelves enable you to customize your space precisely to your needs, while the contrasting black wood pulls and black shelves interior facilitate mixing and matching with other black dining items, especially those in the Aubrey collection.","• Expertly crafted of acacia veneers, Asian hardwood solids and engineered woods
• Kiln-dried wood helps prevent warping, splitting, cracking and developing mildew.
• The wood is hand-stained in a natural multi-step driftwood finish with waxy hang-up that highlights the natural grain and knots of the wood
• The wire-brushed finish adds depth and character to the server, making it a truly unique and stylish addition to any space.
• Concealed European hinges offer clean front aesthetic while allowing the doors to open and close smoothly and quietly
• Two adjustable shelves all you to customize your storage space effortlessly, adapting to accommodate your changing needs.
• Plastic glides help protect floors from mars or scratches
• 2000 lb. weight capacity ensures durability and reliable support.
• Easy Assembly, all tools included",server,ABR500NSV,https://stevesilver.com/product/aubrey-server-brown/,SS-ABR500NSV-1.jpg;SS-ABR500NSV-altview1.jpg;SS-ABR500NSV-altview2.jpg;SS-ABR500NSV-altview3.jpg;SS-ABR500NSV-altview4.jpg;SS-ABR500NSV-altview5.jpg;SS-ABR500NSV-altview6.jpg;SS-ABR500NSV-altview7.jpg;SS-ABR500NSV-altview8.jpg;SS-ABR500NSV-altview9.jpg;SS-ABR500NSV-altview10.jpg;SS-ABR500NSV-altview11.jpg;SS-ABR500NSV-altview12.jpg;SS-ABR500NSV-altview13.jpg;SS-ABR500NSV-altview14.jpg
SS-ABR500N-2US-D7PC,Aubrey Waxed Driftwood 7-Piece 78-96″ Dining Set,,,N,Out of Stock,"A harmonious blend of elegant and rustic elements defines the Aubrey 7-piece 78-96″ dining set, tailored for today’s casual environments. Influenced by Craftsman designs, this set boasts a modern waxed driftwood finish, enhanced by ebony stretchers and hardware. This captivating combination offers endless mix-and-match possibilities with both black and waxed driftwood pieces across the collection.

 Combining sophisticated Parsons chairs for the captains’ seats with rustic gray vegan leather side chairs, this set presents a primitive yet upscale interpretation of rustic elegance. The versatile waxed driftwood table effortlessly transitions from intimate gatherings to inclusive feasts with the 18-inch leaf, accommodating up to 10 people comfortably. Experience the perfect fusion of style and functionality with the Aubrey dining set.","• Expertly crafted of acacia veneers, Asian hardwood solids and engineered woods, 1.1 density foam and 100% polyester cover
• 7-Piece Set includes the Aubrey Waxed Driftwood 78-96″ Dining Table w/18-inch leaf, 2 Upholstered Parsons Chairs and 4 Vegan Leather Side Chairs. Each item also sold separately.
• Styling details include the dining table with modern double pedestal base with contrasting stretchers and exposed tenons that match all the other pieces in the Aubrey collection. Mix and match finishes and pieces within the collection for a custom look.
• Cross stretchers provide sturdy support and stability for the 78-96″ Table
• Kiln-dried wood helps prevent warping, splitting, cracking and developing mildew.
• Plastic glides keep the chair from scratching floor
• Solidly constructed using mortise-and-tenon joinery and corner blocks for exceptional, longevity, and superior furniture integrity
• The wood is hand-stained in a natural multi-step waxed driftwood finish that highlights the natural grain and knots of the wood.
• Wire-brushed distressing adds depth and character to the chair, making it a truly unique and stylish addition to any space.
• Each chair has a 300 lb. weight capacity to ensure durability and reliable support.
• The upholstered seats on both chairs are built with 1.1 density foam to offer comfortable seating for the family that is easy to clean, with a versatile design that fits seamlessly into any space, enhancing both comfort and functionality.
• The Parsons chair’s 100% polyester eggshell fabric cover provides a durable and easy-to-clean surface that resists stains and spills.
• The 78-inch table easily expands to 96 inches with the insertion of the included 18-inch leaf to seat up to ten people
• Chars are packed 2 per box
• Table measurements: 78″-96″W x 42″D x 30″H
• Parsons Chair measurements: 23.5″W x 23.75″D x 38.25″H in
• Side Chair measurements: 20.75″W x 22″D x 35.25″H in
• Easy Assembly, all tools included",dining,ABR500N-2US-D7PC,https://stevesilver.com/product/aubrey-waxed-driftwood-7-piece-78-96-dining-set/,SS-ABR500N-2US-D7PC-1.jpg;SS-ABR500N-2US-D7PC-altview1.jpg;SS-ABR500N-2US-D7PC-altview2.jpg;SS-ABR500N-2US-D7PC-altview3.jpg;SS-ABR500N-2US-D7PC-altview4.jpg;SS-ABR500N-2US-D7PC-altview5.jpg;SS-ABR500N-2US-D7PC-altview6.jpg;SS-ABR500N-2US-D7PC-altview7.jpg;SS-ABR500N-2US-D7PC-altview8.jpg;SS-ABR500N-2US-D7PC-altview9.jpg;SS-ABR500N-2US-D7PC-altview10.jpg;SS-ABR500N-2US-D7PC-altview11.jpg;SS-ABR500N-2US-D7PC-altview12.jpg;SS-ABR500N-2US-D7PC-altview13.jpg;SS-ABR500N-2US-D7PC-altview14.jpg;SS-ABR500N-2US-D7PC-altview15.jpg
SS-COL500KW-D5PC,"Colvin 5-Piece 52″ Round White Marble Dining Set, Black Finish",,,N,Out of Stock,"Add a touch of sophistication to your dining experience with the 52″ round Colvin white marble dining table and four Colvin black side chairs in this elegant five-piece set. The table features a lustrous white marble top with veins and marbling that accent the reeded black base, seating up to six and creating a welcoming ambiance. Inspired by Art Deco and Empire styling, it is finished in lustrous black over oak and mango veneers, radiating warmth and beauty.

 The Colvin Side Chair offers elegant comfort with an oatmeal polyester cover, a box seat, a shaped back, and black tapered legs. Built for lasting durability, these chairs ensure a stylish and sturdy addition to your home.","• Table Construction: 52″ round white marble veneer top with a 1.5″ thickness, reeded Art Deco-styled base.
• Material: Expertly crafted with white marble, oak, mango veneers, Asian hardwood solids, and engineered woods.
• Top Features: Lustrous white marble top offers timeless elegance, durability, and a luxurious focal point.
• Chairs: Solid Asian hardwood, foam, and 100% polyester oatmeal fabric cover; upholstered seat and ergonomic back for enhanced comfort.
• Adjustability: Adjustable levelers on the table and plastic glides on chairs protect against uneven floors and scratches.
• Durability: Kiln-dried wood construction prevents warping, splitting, and mildew; solid wood legs with mortise-and-tenon joinery.
• Fabric: 100% polyester oatmeal cover for durability, fade-resistance, and easy maintenance.
• Weight Capacity: Chairs support up to 300 lbs. for reliable durability.
• Seating: Table seats up to six people.",dining,COL500KW-D5PC,https://stevesilver.com/product/colvin-5-piece-52-round-white-marble-dining-set-black-finish/,SS-COL500KW-D5PC-1.jpg;SS-COL500KW-D5PC-altview1.jpg;SS-COL500KW-D5PC-altview2.jpg;SS-COL500KW-D5PC-altview3.jpg;SS-COL500KW-D5PC-altview4.jpg;SS-COL500KW-D5PC-altview5.jpg;SS-COL500KW-D5PC-altview6.jpg;SS-COL500KW-D5PC-altview7.jpg;SS-COL500KW-D5PC-altview8.jpg;SS-COL500KW-D5PC-altview9.jpg;SS-COL500KW-D5PC-altview10.jpg;SS-COL500KW-D5PC-altview11.jpg;SS-COL500KW-D5PC-altview12.jpg;SS-COL500KW-D5PC-altview13.jpg;SS-COL500KW-D5PC-altview14.jpg;SS-COL500KW-D5PC-altview15.jpg
SS-COL500NW-D5PC,"Colvin 5-Piece 52″ Round White Marble Dining Set, Toffee Finish",,,N,Out of Stock,"Add a touch of sophistication to your dining experience with the 52″ round Colvin white marble dining table and four Colvin toffee side chairs in this elegant five-piece set. The table features a lustrous white marble top with veins and marbling that accent the reeded toffee base, seating up to six and creating a welcoming ambiance. Inspired by Art Deco and Empire styling, it is finished in lustrous toffee over oak and mango veneers, radiating warmth and beauty.

 The Colvin Side Chair offers elegant comfort with an oatmeal polyester cover, a box seat, a shaped back, and black tapered legs. Built for lasting durability, these chairs ensure a stylish and sturdy addition to your home.","• Table Construction: 52″ round white marble veneer top with a 1.5″ thickness, reeded Art Deco-styled base.
• Material: Expertly crafted with white marble, oak, mango veneers, Asian hardwood solids, and engineered woods.
• Top Features: Lustrous white marble top offers timeless elegance, durability, and a luxurious focal point.
• Chairs: Solid Asian hardwood, foam, and 100% polyester fabric cover; upholstered seat and ergonomic back for enhanced comfort.
• Adjustability: Adjustable levelers on the table and plastic glides on chairs protect against uneven floors and scratches.
• Durability: Kiln-dried wood construction prevents warping, splitting, and mildew; solid wood legs with mortise-and-tenon joinery.
• Fabric: 100% polyester oatmeal cover for durability, fade-resistance, and easy maintenance.
• Weight Capacity: Chairs support up to 300 lbs. for reliable durability.
• Seating: Table seats up to six people.",dining,COL500NW-D5PC,https://stevesilver.com/product/colvin-5-piece-52-round-white-marble-dining-set-toffee-finish/,SS-COL500NW-D5PC-1.jpg;SS-COL500NW-D5PC-altview1.jpg;SS-COL500NW-D5PC-altview2.jpg;SS-COL500NW-D5PC-altview3.jpg;SS-COL500NW-D5PC-altview4.jpg;SS-COL500NW-D5PC-altview5.jpg;SS-COL500NW-D5PC-altview6.jpg;SS-COL500NW-D5PC-altview7.jpg;SS-COL500NW-D5PC-altview8.jpg;SS-COL500NW-D5PC-altview9.jpg;SS-COL500NW-D5PC-altview10.jpg;SS-COL500NW-D5PC-altview11.jpg;SS-COL500NW-D5PC-altview12.jpg;SS-COL500NW-D5PC-altview13.jpg;SS-COL500NW-D5PC-altview14.jpg;SS-COL500NW-D5PC-altview15.jpg
SS-COL500K-5PC,"Colvin 5-Piece 52-inch Round Dining Set, Black",,,N,Out of Stock,"The Colvin 5-piece 52″ Round Dining set brings a touch of Old Hollywood glamour right into your home. Combining elements of art deco and empire designs, this set radiates elegance and sophistication, transforming any dining room or kitchen area into a scene of luxury. The warm black finish and cane back chairs with cushioned seats strike the perfect balance between sophistication and casual styling, while the modern profile of the collection ensures a contemporary appeal. With Colvin, dining becomes a chic affair, seamlessly blending modern style with comfort and class.","• Set includes the Colvin 52″ Round Dining Table and 4 Colvin Black Cane Back Chairs. Each item also sold separately
• The substantial 1.5″ thick table top rests atop a reeded art deco styled base
• Kiln-dried wood helps prevent warping, splitting, cracking and developing mildew.
• Plastic glides help protect floors from mars or scratches
• The wood is hand-stained in a natural multi-step black finish to highlight the natural grain and knots of the wood
• The 52-inch round dining table seats four people comfortably
• The chair is solidly constructed using solid wood legs reinforced with mortise-and-tenon joinery and corner blocks for exceptional stability, and elegance while ensuring the chair’s durability and reliable support for its 300 lb. weight capacity. The chair’s 2.5″ upholstered seat is cushioned with 1.2 lb. density foam to create a comfortable and delightful dining experience while the wood trimmed back provides a touch of timeless elegance while safeguarding against wear and tear. The 100% polyester fabric cover in a vanilla boucle weave provides a durable and easy-to-clean surface that resists stains and spills.",dining,COL500K-5PC,https://stevesilver.com/product/colvin-5-piece-dining-set-black/,SS-COL500K-5PC-1.jpg;SS-COL500K-5PC-altview1.jpg;SS-COL500K-5PC-altview2.jpg;SS-COL500K-5PC-altview3.jpg;SS-COL500K-5PC-altview4.jpg;SS-COL500K-5PC-altview5.jpg;SS-COL500K-5PC-altview6.jpg;SS-COL500K-5PC-altview7.jpg;SS-COL500K-5PC-altview8.jpg;SS-COL500K-5PC-altview9.jpg;SS-COL500K-5PC-altview10.jpg;SS-COL500K-5PC-altview11.jpg;SS-COL500K-5PC-altview12.jpg;SS-COL500K-5PC-altview13.jpg;SS-COL500K-5PC-altview14.jpg;SS-COL500K-5PC-altview15.jpg
SS-COL500N-5PC,"Colvin 5-Piece 52-inch Round Dining Set, Brown",,,N,Out of Stock,"The Colvin 5-piece 52″ Round Dining set brings a touch of Old Hollywood glamour right into your home. Combining elements of art deco and empire designs, this set radiates elegance and sophistication, transforming any dining room or kitchen area into a scene of luxury. The warm toffee finish and cane back chairs with cushioned seats strike the perfect balance between sophistication and casual styling, while the modern profile of the collection ensures a contemporary appeal. With Colvin, dining becomes a chic affair, seamlessly blending modern style with comfort and class.","• Set includes the Colvin 52″ Round Dining Table and 4 Colvin Brown Cane Back Chairs. Each item also sold separately
• The substantial 1.5″ thick table top rests atop a reeded art deco styled base
• Kiln-dried wood helps prevent warping, splitting, cracking and developing mildew.
• Plastic glides help protect floors from mars or scratches
• The wood is hand-stained in a natural multi-step toffee finish to highlight the natural grain and knots of the wood
• The 52-inch round dining table seats up to six people
• Solidly constructed using mortise-and-tenon joinery and corner blocks for exceptional stability.
• Built with solid wood legs to ensure lasting durability, stability, and timeless elegance for every dining experience.
• Wood trimmed back provides a touch of timeless elegance while ensuring durability by safeguarding against wear and tear
• The 2.5″ upholstered seat is cushioned with 1.2 lb. density foam creates a comfortable and delightful dining experience
• Plastic glides help protect floors from mars or scratches
• 100% polyester fabric cover in a vanilla boucle weave provides a durable and easy-to-clean surface that resists stains and spills.
• The chair’s 300 lb. weight capacity ensures durability and reliable support",dining,COL500N-5PC,https://stevesilver.com/product/colvin-5-piece-dining-set-brown/,SS-COL500N-5PC-1.jpg;SS-COL500N-5PC-altview1.jpg;SS-COL500N-5PC-altview2.jpg;SS-COL500N-5PC-altview3.jpg;SS-COL500N-5PC-altview4.jpg;SS-COL500N-5PC-altview5.jpg;SS-COL500N-5PC-altview6.jpg;SS-COL500N-5PC-altview7.jpg;SS-COL500N-5PC-altview8.jpg;SS-COL500N-5PC-altview9.jpg;SS-COL500N-5PC-altview10.jpg;SS-COL500N-5PC-altview11.jpg;SS-COL500N-5PC-altview12.jpg;SS-COL500N-5PC-altview13.jpg;SS-COL500N-5PC-altview14.jpg;SS-COL500N-5PC-altview15.jpg
SS-COL500KSV,"Colvin Server, Black",,,N,Out of Stock,"Experience the Colvin Black Server’s modern allure with gently rounded, reeded front doors, emanating elegance. This piece blends old Hollywood glamour with generous storage and European concealed hinges for a seamless aesthetic. Two adjustable shelves within offer practicality, while satin brass hardware accents add a touch of sophistication. Revel in its romantic charm while effortlessly concealing dining essentials.","• Expertly crafted of oak veneers, Asian hardwood solids and engineered woods
• Plastic glides help prevent scratches or mars to floors
• A finished back ensures the Server versatile placement and polished elegance in any room.
• Concealed European hinges offer clean front aesthetic while allowing the doors to open and close smoothly and quietly
• Two adjustable shelves offer versatile storage options to accommodate items of different sizes and shapes.
• The wood is hand-stained in a natural multi-step black finish to highlight the natural grain and knots of the wood
• Satin brass hardware adds an elegant accessory to the front of the case
• 2000 lb. weight capacity ensures durability and reliable support.",server,COL500KSV,https://stevesilver.com/product/colvin-server-black/,SS-COL500KSV-1.jpg;SS-COL500KSV-altview1.jpg;SS-COL500KSV-altview2.jpg;SS-COL500KSV-altview3.jpg;SS-COL500KSV-altview4.jpg;SS-COL500KSV-altview5.jpg;SS-COL500KSV-altview6.jpg;SS-COL500KSV-altview7.jpg;SS-COL500KSV-altview8.jpg;SS-COL500KSV-altview9.jpg;SS-COL500KSV-altview10.jpg;SS-COL500KSV-altview11.jpg
SS-COL500NSV,"Colvin Server, Brown",,,N,Out of Stock,"Experience the Colvin Brown Server’s modern allure with gently rounded, reeded front doors, emanating elegance. This piece blends old Hollywood glamour with generous storage and European concealed hinges for a seamless aesthetic. Two adjustable shelves within offer practicality, while satin brass hardware accents add a touch of sophistication. Revel in its romantic charm while effortlessly concealing dining essentials.","• Expertly crafted of oak veneers, Asian hardwood solids and engineered woods
• Adjustable levelers add stability on uneven surfaces.
• A finished back ensures the Server versatile placement and polished elegance in any room.
• Concealed European hinges offer clean front aesthetic while allowing the doors to open and close smoothly and quietly
• Two adjustable shelves offer versatile storage options to accommodate items of different sizes and shapes.
• The wood is hand-stained in a natural multi-step toffee finish to highlight the natural grain and knots of the wood
• Satin brass hardware adds an elegant accessory to the front of the case
• 2000 lb. weight capacity ensures durability and reliable support.",server,COL500NSV,https://stevesilver.com/product/colvin-server-brown/,SS-COL500NSV-1.jpg;SS-COL500NSV-altview1.jpg;SS-COL500NSV-altview2.jpg;SS-COL500NSV-altview3.jpg;SS-COL500NSV-altview4.jpg;SS-COL500NSV-altview5.jpg;SS-COL500NSV-altview6.jpg;SS-COL500NSV-altview7.jpg;SS-COL500NSV-altview8.jpg;SS-COL500NSV-altview9.jpg;SS-COL500NSV-altview10.jpg
SS-COL500ESV,"Colvin Server, Green Finish",,,N,Out of Stock,"The Colvin Green Server adds a striking pop of color to any room, infusing the space with a tasteful blend of modern allure and old Hollywood glamor. Its gently rounded, reeded front doors create a softened, elegant profile, enhanced by European concealed hinges for a sleek, seamless aesthetic. Inside, two adjustable shelves provide practical storage for dining essentials, while satin brass hardware accents complete the look with refined sophistication. Perfect for adding both style and function, this server is a captivating piece that brings romantic charm and a touch of timeless elegance to any dining area.","• L500KSVExpertly crafted of oak veneers, Asian hardwood solids and engineered woods
• Adjustable levelers add stability on uneven surfaces.
• A finished back ensures the Server versatile placement and polished elegance in any room
• Concealed European hinges offer clean front aesthetic while allowing the doors to open and close smoothly and quietly
• Two adjustable shelves offer versatile storage options to accommodate items of different sizes and shapes.
• Natural, hand-stained wood in a multi-step emerald finish
• Satin brass hardware adds an elegant accessory to the front of the case
• 200 lb. weight capacity ensures durability and reliable support.",server,COL500ESV,https://stevesilver.com/product/colvin-server-green-finish/,SS-COL500ESV-1.jpg;SS-COL500ESV-altview1.jpg;SS-COL500ESV-altview2.jpg;SS-COL500ESV-altview3.jpg;SS-COL500ESV-altview4.jpg;SS-COL500ESV-altview5.jpg;SS-COL500ESV-altview6.jpg;SS-COL500ESV-altview7.jpg;SS-COL500ESV-altview8.jpg;SS-COL500ESV-altview9.jpg;SS-COL500ESV-altview10.jpg
SS-COL500WSV,"Colvin Server, Ivory",,,N,Out of Stock,"The Colvin Ivory Server presents an exquisite dining accent piece, combining modern allure with hints of old Hollywood glamor. Its gently rounded, reeded front doors create an elegant, softened profile, while European concealed hinges add to its seamless aesthetic. Inside, two adjustable shelves offer practical storage space, perfect for organizing dining essentials, while the satin brass hardware adds a refined touch of sophistication. A captivating blend of style and function, this server brings romantic charm to any dining room.","• Expertly crafted of oak veneers, Asian hardwood solids and engineered woods
• Adjustable levelers add stability on uneven surfaces.
• A finished back ensures the Server versatile placement and polished elegance in any room.
• Concealed European hinges offer clean front aesthetic while allowing the doors to open and close smoothly and quietly
• Two adjustable shelves offer versatile storage options to accommodate items of different sizes and shapes.
• Natural, hand-stained wood in a multi-step Ivory finish
• Satin brass hardware adds an elegant accessory to the front of the case
• 200 lb. weight capacity ensures durability and reliable support.",server,COL500WSV,https://stevesilver.com/product/colvin-server-white/,SS-COL500WSV-1.jpg;SS-COL500WSV-altview1.jpg;SS-COL500WSV-altview2.jpg;SS-COL500WSV-altview3.jpg;SS-COL500WSV-altview4.jpg;SS-COL500WSV-altview5.jpg;SS-COL500WSV-altview6.jpg;SS-COL500WSV-altview7.jpg;SS-COL500WSV-altview8.jpg;SS-COL500WSV-altview9.jpg;SS-COL500WSV-altview10.jpg;SS-COL500WSV-altview11.jpg
SS-GA500T-C5PC,"Garland 5-Piece Counter Dining Set, Greige Finish",,,N,Out of Stock,"Sophisticated yet relaxed, the Garland Counter Height 5-Piece Dining Set brings a touch of California Casual style, perfect for coastal or lake-inspired spaces. A versatile greige finish enhances its modern profile, blending effortlessly with a breezy, laid-back aesthetic. The 36″ counter height table features a faux plank top with rasping and threading distressing for warmth and character. Four upholstered counter chairs in soft eggshell fabric with brushed brass-tone accents complete the look, balancing casual comfort with refined elegance. Crafted from oak, acacia veneers, and hardwood solids.","• Crafted of oak and acacia veneers; acacia, mango, Asian hardwood solids; and engineered woods
• Set includes the Garland Counter Dining Table and four Garland Counter Chairs. Each item also sold separately.
• Table Top extends from 60 to 80 inches with the insertion of the included 20-inch leaf to seat up to eight people. The smooth rack and pinion leaf mechanism can be operated by one person.
• Faux plank top with rasping and threading distressing for a relaxed, sophisticated look
• The Table seats up to eight people when fully extended
• The chair features a 100% polyester eggshell fabric, offering a durable, easy-to-clean surface that resists stains and spills. A brushed brass accent on the back and distressed toffee-finished solid wood legs add a touch of elegance and warmth.
• The wood is hand-stained in a natural multi-step greige finish to highlight the natural grain and knots of the wood
• Oversized brushed brass-tone hardware adds a luxurious touch of elegance and charm
• The Counter Stool’s 24-inch seat height is perfectly suited for 36-inch counters, ensuring an ideal seating experience. Solid wood legs, reinforced with corner blocks and supported by front and side stretchers, provide exceptional stability and durability.
• Product Measurements:
 
 Counter Table: 60-80W x 42D x 36H
• Counter Chair: 19.5W x 23D x 41H",dining,GA500T-C5PC,https://stevesilver.com/product/garland-5-piece-counter-dining-set-greige-finish/,SS-GA500T-C5PC-1.jpg;SS-GA500T-C5PC-altview1.jpg;SS-GA500T-C5PC-altview2.jpg;SS-GA500T-C5PC-altview3.jpg;SS-GA500T-C5PC-altview4.jpg;SS-GA500T-C5PC-altview5.jpg;SS-GA500T-C5PC-altview6.jpg;SS-GA500T-C5PC-altview7.jpg;SS-GA500T-C5PC-altview8.jpg
SS-GA500-C5PC,Garland 5-Piece Counter Dining Set,,,N,Out of Stock,"Sophisticated yet relaxed, the Garland Counter Height 5-Piece Dining Set is designed to shine in any space. A distressed toffee finish complements its modern profile, creating a seamless blend of casual elegance. The 36″ counter height table offers a comfortable setting for both dining and standing work, while its faux plank top, enhanced with rasping and threading distressing, adds character and warmth. Paired with four fully upholstered counter chairs featuring tailored canvas covers and brushed brass-tone accents, this set perfectly balances casual and formal elements for an inviting and stylish dining experience.Crafted of oak and acacia veneers; acacia, mango, Asian hardwood solids; and engineered woods","• Crafted of oak and acacia veneers; acacia, mango, Asian hardwood solids; and engineered woods
• Set includes the Garland Counter Dining Table and four Garland Counter Chairs. Each item also sold separately.
• Table Top extends from 60 to 80 inches with the insertion of the included 20-inch leaf to seat up to eight people. The smooth rack and pinion leaf mechanism can be operated by one person.
• Faux plank top with rasping and threading distressing for a relaxed, sophisticated look
• The Table seats up to eight people when fully extended
• The chair features a 100% polyester canvas-look fabric, offering a durable, easy-to-clean surface that resists stains and spills. A brushed brass accent on the back and distressed toffee-finished solid wood legs add a touch of elegance and warmth.
• The wood is hand-stained in a natural multi-step toffee finish to highlight the natural grain and knots of the wood
• Oversized brushed brass-tone hardware adds a luxurious touch of elegance and charm
• The Counter Stool’s 24-inch seat height is perfectly suited for 36-inch counters, ensuring an ideal seating experience. Solid wood legs, reinforced with corner blocks and supported by front and side stretchers, provide exceptional stability and durability.
• Product Measurements:
 
 Counter Table: 60-80W x 42D x 36H
• Counter Chair: 19.5W x 23D x 41H",dining,GA500-C5PC,https://stevesilver.com/product/garland-5-piece-counter-dining-set/,SS-GA500-C5PC-1.jpg;SS-GA500-C5PC-altview1.jpg;SS-GA500-C5PC-altview2.jpg;SS-GA500-C5PC-altview3.jpg;SS-GA500-C5PC-altview4.jpg;SS-GA500-C5PC-altview5.jpg;SS-GA500-C5PC-altview6.jpg;SS-GA500-C5PC-altview7.jpg;SS-GA500-C5PC-altview8.jpg;SS-GA500-C5PC-altview9.jpg;SS-GA500-C5PC-altview10.jpg;SS-GA500-C5PC-altview11.jpg;SS-GA500-C5PC-altview12.jpg;SS-GA500-C5PC-altview13.jpg;SS-GA500-C5PC-altview14.jpg;SS-GA500-C5PC-altview15.jpg
SS-GA500T-D5PC,"Garland 5-Piece Dining Set, Distressed Greige Finish",,,N,Available,"Sophisticated yet relaxed, the Garland Dining Collection embodies California Casual style with a distressed greige finish and clean, crisp lines. The Garland Table extends to 88 inches with an 18-inch leaf, seating up to eight comfortably. It pairs beautifully with fully upholstered Parsons chairs in tightly tailored eggshell fabric, accented with brass for a mix of casual and formal design. Complete the look with the Sideboard, featuring tasteful hardware and hidden storage. Warm and inviting, the Garland Collection is perfect for effortless entertaining.","• Constructed of oak and acacia veneers, solid Asian hardwoods and engineered wood
• Table Top extends from 70 to 88 inches with the insertion of the included 18-inch leaf
• The Table features a faux plank top with rasping and threading distressing for a relaxed, sophisticated look
• The Table seats up to eight people when fully extended
• The chair features a 100% polyester eggshell fabric, offering a durable, easy-to-clean surface that resists stains and spills. A brushed brass accent on the back and distressed greige-finished solid wood legs add a touch of elegance and warmth.
• The chair also works well as an office or guest chair
• The optional Sideboard has three deep drawers and one door with metal side drawer glides for smooth operation
• Set shown included dining table and four Side Chairs. Each piece also sold separately.
• Oversized brushed brass-tone hardware adds a luxurious touch of elegance and char
• The wood is hand-stained in a natural multi-step greige finish to highlight the natural grain and knots of the wood",dining,GA500T-D5PC,https://stevesilver.com/product/garland-5-piece-dining-set-distressed-greige-finish/,SS-GA500T-D5PC-1.jpg;SS-GA500T-D5PC-altview1.jpg;SS-GA500T-D5PC-altview2.jpg;SS-GA500T-D5PC-altview3.jpg;SS-GA500T-D5PC-altview4.jpg;SS-GA500T-D5PC-altview5.jpg;SS-GA500T-D5PC-altview6.jpg;SS-GA500T-D5PC-altview7.jpg;SS-GA500T-D5PC-altview8.jpg;SS-GA500T-D5PC-altview9.jpg;SS-GA500T-D5PC-altview10.jpg;SS-GA500T-D5PC-altview11.jpg;SS-GA500T-D5PC-altview12.jpg;SS-GA500T-D5PC-altview13.jpg;SS-GA500T-D5PC-altview14.jpg;SS-GA500T-D5PC-altview15.jpg
SS-GA500-5PC,Garland 5-Piece Dining Set,,,N,Available,"Sophisticated and elegant but with a casual accent, the Garland Dining Collection is built to shine in any environment.A distressed toffee finish blends with a sophisticated modern profile in a relaxed style-blending design marked by clean, crisp lines. The Garland Table comes with an 18-inch leaf that extends the table to 88 inches to seat up to eight comfortably and marries beautifully with the fully upholstered Parsons Chairs in a tightly tailored canvas cover with a brass accent, mixing casual and formal designs in a relaxed but elegant design. Pair these beauties with the Sideboard with a tasteful hardware treatment for an ultra-clean presentation that also offers plenty of hidden storage. Seat all of your family and friends in a comfortable but elegant dining presentation with the Garland Dining Collection","• Expertly crafted of acacia veneers, solid Asian hardwoods and engineered wood
• Table Top extends from 70 to 88 inches with the insertion of the included 18-inch leaf
• The Table features a faux plank top with rasping and threading distressing for a relaxed, sophisticated look
• The Table seats up to eight people when fully extended
• Chair features a relaxed canvas fabric cover application with brushed brass accent on back and distressed toffee finished solid wood legs
• The chair also works well as an office or guest chair
• The optional Sideboard has three deep drawers and one door with metal side drawer glides for smooth operation
• Set shown included dining table and four Side Chairs. Each piece also sold separately.
• Toffee finish",dining,GA500-5PC,https://stevesilver.com/product/garland-5-piece-dining-set/,SS-GA500-5PC-1.jpg;SS-GA500-5PC-altview1.jpg;SS-GA500-5PC-altview2.jpg;SS-GA500-5PC-altview3.jpg;SS-GA500-5PC-altview4.jpg;SS-GA500-5PC-altview5.jpg;SS-GA500-5PC-altview6.jpg;SS-GA500-5PC-altview7.jpg;SS-GA500-5PC-altview8.jpg;SS-GA500-5PC-altview9.jpg;SS-GA500-5PC-altview10.jpg;SS-GA500-5PC-altview11.jpg;SS-GA500-5PC-altview12.jpg;SS-GA500-5PC-altview13.jpg;SS-GA500-5PC-altview14.jpg;SS-GA500-5PC-altview15.jpg
SS-GA500TC,"Garland Curio, Greige Finish",,,N,Available,"The Garland Curio brings cool sophistication to any space. At 70 inches tall, this transitional design showcases a lustrous distressed grieve finish with clear, beveled, wood-rimmed glass doors for timeless style. Inside, three spacious shelves provide ample room for storing or displaying china, collectibles, or décor. Subtle distressing and rub-through accents soften the look, offering rustic elegance with a relaxed feel. Perfect for dining rooms, living spaces, or offices, the Garland Curio, Greige Finish blends beauty and function for stylish storage.","• Expertly crafted of acacia veneers, solid Asian hardwoods and engineered wood
• Kiln-dried wood helps prevent warping, splitting and cracking
• Two adjustable shelves offer versatile storage options to accommodate items of different sizes and shapes.
• Includes anti-tip restraint kit for added safety and stability, helping prevent accidental tipping in busy or family spaces.
• Oversized oil-rubbed brass hardware adds a luxurious touch of elegance and charm
• Wood scoring and finish rubthrough technique adds a distressed look, enhancing the charm of the furniture with a vintage-inspired appeal.
• Adjustable levelers add stability on uneven surfaces, protecting contents and enhancing usability
• Tempered glass doors add durability and safety to the mirror, making it resistant to shattering and damage.
• The wood is hand-stained in a natural multi-step distressed griege finish to highlight the natural grain and knots of the wood",server,GA500TC,https://stevesilver.com/product/garland-curio-greige-finish/,SS-GA500TC-1.jpg;SS-GA500TC-altview1.jpg;SS-GA500TC-altview2.jpg;SS-GA500TC-altview3.jpg;SS-GA500TC-altview4.jpg;SS-GA500TC-altview5.jpg
SS-GA500C,Garland Curio,,,N,Out of Stock,"The Garland Curio brings warmth and character to any space. At 70 inches tall, this transitional design showcases a lustrous toffee finish with clear, beveled, wood-rimmed glass doors for timeless style. Inside, three spacious shelves provide ample room for storing or displaying china, collectibles, or décor. Subtle distressing and rub-through accents soften the look, offering rustic elegance with a relaxed feel. Perfect for dining rooms, living spaces, or offices, the Garland Curio blends beauty and function for stylish storage.","• Expertly crafted of acacia veneers, solid Asian hardwoods and engineered wood
• Kiln-dried wood helps prevent warping, splitting and cracking
• Two adjustable shelves offer versatile storage options to accommodate items of different sizes and shapes.
• Includes anti-tip restraint kit for added safety and stability, helping prevent accidental tipping in busy or family spaces.
• Oversized oil-rubbed brass hardware adds a luxurious touch of elegance and charm
• Wood scoring and finish rubthrough technique adds a distressed look, enhancing the charm of the furniture with a vintage-inspired appeal.
• Adjustable levelers add stability on uneven surfaces, protecting contents and enhancing usability
• Tempered glass doors add durability and safety to the mirror, making it resistant to shattering and damage.
• The wood is hand-stained in a natural multi-step toffee finish to highlight the natural grain and knots of the wood",server,GA500C,https://stevesilver.com/product/garland-curio/,SS-GA500C-1.jpg;SS-GA500C-altview1.jpg;SS-GA500C-altview2.jpg;SS-GA500C-altview3.jpg;SS-GA500C-altview4.jpg;SS-GA500C-altview5.jpg;SS-GA500C-altview6.jpg
SS-GA500SV,Garland Sideboard,,,N,Available,"The Garland Server marries a modern silohuette with a relaxed, lightly distressed toffee finish in a dining side piece with the perfect casually elegant style of today’s dining rooms. A modern plinth base and tastefully appointed satin brass hardware creates extremely clean lines that displays the natural beauty of the wood expertly. Three drawers and a door allow for plenty of storage base of any dining area in a neat, beautiful package that can stand on its own or can be paired with the matching Garland dining collection.","• Constructed of veneers, solids and engineered woods
• Three deep drawers and one door
• Metal side drawer guides
• Medium distressing
• Toffee finish",server,GA500SV,https://stevesilver.com/product/garland-server/,SS-GA500SV-1.jpg;SS-GA500SV-altview1.jpg;SS-GA500SV-altview2.jpg;SS-GA500SV-altview3.jpg;SS-GA500SV-altview4.jpg;SS-GA500SV-altview5.jpg;SS-GA500SV-altview6.jpg;SS-GA500SV-altview7.jpg;SS-GA500SV-altview8.jpg;SS-GA500SV-altview9.jpg;SS-GA500SV-altview10.jpg;SS-GA500SV-altview11.jpg;SS-GA500SV-altview12.jpg;SS-GA500SV-altview13.jpg
SS-MM500K-D5PC,Magnolia 5-Piece 72-108-inch Dining Set,,,N,Out of Stock,A blend of farmhouse finished and substantial proportions combine in the simple sophistication of the Magnolia dining collection. This 5-piece set contrasts black spindle back chairs with a black table base in a striking combination of neutrals. A naturally finished top unites the different aspects of this generously scaled dining set. The dining table centerpiece of the set starts at 72-inches but expands to a full 108-inches in an instant with the addition of the 2-18-inch leaves for a table that easily accommodates 10 guests for dinner. The clean lines and crisp finishes create a light and airy set perfect for larger dining areas.,"• Set includes Magnolia 72-108-inch Dining Table and 4 Magnolia dining chairs. Each item also sold separately
• Crafted from Oak veneers with Acacia and Asian hardwood solids and engineered woods
• Solidly constructed using mortise-and-tenon joinery and corner blocks for exceptional stability.
• Kiln-dried wood helps prevent warping, splitting, cracking and developing mildew.
• Substantial planks of wood rest atop two generously scaled cross-hatch pedestal bases in a hearty, yet streamlined look.
• 3A packaging ensures damage free parcel
• Easy Assembly, all tools included
• The 72-inch table dhips with two 18-inch leaves to expand to 90-inches with one leaf and 108-inches with both leaves.
• The table easily seats 10 guests when fully extended
• Optional Server features
 
 Inside lighted cabinet for a beautiful display area
• Four adjustable glass shelves for storage and display
• Side metal drawer glides offer smooth whisper-quiet operation
• Anti-tip restraint kit included in package
• Ebony metal modern hardware
• The wood is hand-stained in a natural multi-step natural and black two-tone finish to highlight the natural grain and knots of the wood",dining,MM500K-D5PC,https://stevesilver.com/product/magnolia-5-piece-72-108-inch-dining-set/,SS-MM500K-D5PC-1.jpg;SS-MM500K-D5PC-altview1.jpg;SS-MM500K-D5PC-altview2.jpg;SS-MM500K-D5PC-altview3.jpg;SS-MM500K-D5PC-altview4.jpg;SS-MM500K-D5PC-altview5.jpg;SS-MM500K-D5PC-altview6.jpg;SS-MM500K-D5PC-altview7.jpg;SS-MM500K-D5PC-altview8.jpg;SS-MM500K-D5PC-altview9.jpg;SS-MM500K-D5PC-altview10.jpg;SS-MM500K-D5PC-altview11.jpg;SS-MM500K-D5PC-altview12.jpg;SS-MM500K-D5PC-altview13.jpg;SS-MM500K-D5PC-altview14.jpg;SS-MM500K-D5PC-altview15.jpg
SS-MM600K-D5PC,Magnolia 5-Piece 80-96″ Dining Set with Side Chair,,,N,Out of Stock,"The Magnolia 80-96″ Dining Set exudes modern sophistication. The dining table boasts bold, clean lines and an expandable top, adorned with a striking ebony stain and gold accents. Accommodating up to eight guests, it effortlessly extends from 80 to 96 inches with the included 16-inch leaf. Paired with the Magnolia Side Chair, this upholstered seat offers tailored elegance with side welting and a linen-look polyester cover for easy cleaning. Guests will relish the 4-inch cushioned seat atop the solid wood twin scissor leg base. Elevate your dining space with this blend of comfort and beauty.","• Crafted of Asian hardwood solids, foam, 100% polyester fabric and engineered woods
• Set includes the 80-96″ Magnolia Dining Table w/18″ leaf and 4 Upholstered Side Chairs. Each item also sold separately.
• Kiln-dried wood helps prevent warping, splitting, cracking and developing mildew.
• The 18-inch locking leaf for a 80-inch table expands it to 96 inches, comfortably seating up to eight people for enjoyable dining experiences.
• Plastic glides help protect floors from mars or scratches
• Versatile side chair suitable for dining, office, or living areas, serving as a stylish accent piece
• Built with solid wood legs to ensure lasting durability, stability, and timeless elegance for every dining experience.
• Solidly constructed using mortise-and-tenon joinery and corner blocks for exceptional, longevity, and superior furniture integrity
• 100% polyester fabric cover provides a durable and easy-to-clean surface that resists stains and spills.
• 275 lb. weight capacity ensures durability and reliable support.
• The wood is hand-stained in a natural multi-step ebony finish to highlight the natural grain and knots of the wood",dining,MM600K-D5PC,https://stevesilver.com/product/magnolia-5-piece-80-96-dining-set-with-side-chair/,SS-MM600K-D5PC-1.jpg;SS-MM600K-D5PC-altview1.jpg;SS-MM600K-D5PC-altview2.jpg;SS-MM600K-D5PC-altview3.jpg;SS-MM600K-D5PC-altview4.jpg;SS-MM600K-D5PC-altview5.jpg;SS-MM600K-D5PC-altview6.jpg;SS-MM600K-D5PC-altview7.jpg;SS-MM600K-D5PC-altview8.jpg;SS-MM600K-D5PC-altview9.jpg;SS-MM600K-D5PC-altview10.jpg;SS-MM600K-D5PC-altview11.jpg;SS-MM600K-D5PC-altview12.jpg;SS-MM600K-D5PC-altview13.jpg;SS-MM600K-D5PC-altview14.jpg;SS-MM600K-D5PC-altview15.jpg
SS-MM520K-D5PC,"Magnolia 52-inch Round 5-Piece Dining Set, Black",,,N,Out of Stock,"Indulge in the refined allure of the Magnolia Dining Set. This set transforms your dining area with its bold black finish, tastefully highlighted with weathered sand accents for a neutral yet captivating aesthetic. The centerpiece, a 52-inch round table, offers an intimate dining experience for up to six people. Surrounding this are solid wood side chairs, their elegance matched by comfort, and featuring beautifully tapered tubular legs. This Magnolia set is not just furniture; it’s a statement of style, a mingling of luxury and homeliness that’s sure to impress.","• Set includes the 52-inch Round Black Magnolia Dining Table and 4 Magnolia Upholstered Side Chairs, Each item also sold separately.
• Crafted from Asian veneers, Asian hardwood solids and engineered woods
• Kiln-dried wood helps prevent warping, splitting, cracking and developing mildew.
• Styling details include an ebony finish with weathered sand accents, gray polyester upholstered dining chairs and 52-inch round dining table. The modern Server offers a modern profile for storage and display and is available as an optional side piece.
• Adjustable levelers on the table add stability on uneven surfaces while plastic glides keep the chair from scratching floor
• 52-inch round table seats up to six people in a cozy, intimate setting, perfect for close-knit gatherings and conversations.
• The ergonomic shaped chair back provides a supportive and comfortable seating experience
• The chair is solidly constructed using mortise-and-tenon joinery and corner blocks for exceptional stability.
• Durable gray 100% polyester fabric cover offers exceptional protection, fade-resistance, and easy maintenance for long-lasting beauty and convenience
• The wood is hand-stained in a natural multi-step ebony finish with weathered sand accents and weathered sand Server interior, offering a beautiful contrast
• Easy Assembly, all tools included",dining,MM520K-D5PC,https://stevesilver.com/product/magnolia-52-inch-round-5-piece-dining-set-blac/,SS-MM520K-D5PC-1.jpg;SS-MM520K-D5PC-altview1.jpg;SS-MM520K-D5PC-altview2.jpg;SS-MM520K-D5PC-altview3.jpg;SS-MM520K-D5PC-altview4.jpg;SS-MM520K-D5PC-altview5.jpg;SS-MM520K-D5PC-altview6.jpg;SS-MM520K-D5PC-altview7.jpg;SS-MM520K-D5PC-altview8.jpg;SS-MM520K-D5PC-altview9.jpg;SS-MM520K-D5PC-altview10.jpg;SS-MM520K-D5PC-altview11.jpg;SS-MM520K-D5PC-altview12.jpg;SS-MM520K-D5PC-altview13.jpg;SS-MM520K-D5PC-altview14.jpg
SS-MM5454K-D5PC,Magnolia 54-inch Round 5-Piece Dining Set,,,N,Available,"Modern meets farmhouse in the Magnolia 54-inch Round 5-Piece Dining Set. Large yet intimate, it’s perfect for morning breakfasts or supper club gatherings. The sand and black finish, combined with canted legs forming a sled base, creates a sleek and flowing design. Paired with four solid wood farmhouse chairs, each featuring a shaped solid wood seat, this set remains authentic to its origins while adding a touch of comfort. The Magnolia table comfortably seats six, making it an ideal choice for any dining space.","• Crafted of solid Asian hardwoods, oak veneers and engineered woods
• The 5-piece set includes the Magnolia black and sand 54-inch round Dining Table and 4 Magnolia Side Chairs. Each item also sold separately.
• Kiln-dried wood helps prevent warping, splitting, cracking and developing mildew.
• The chair’s shaped wooden seat adds comfort without compromising classic farmhouse style
• The chair is corner-blocked and secured with screws for exceptional durability
• Plastic glides on the chair and table help prevent mars or scratches to floors
• Built with solid wood legs to ensure lasting durability, stability, and timeless elegance for every dining experience
• The 54-inch table comfortably seats up to six, enhancing intimate dining experiences with a spacious yet cozy design.
• The wood is hand-stained in a natural multi-step two-tone sand and black finish to highlight the natural grain and knots of the wood
• Bottom sled stretchers on the table provide sturdy support and stability for the 54″ Round Table
• Product Measurements;
 
 Table: 54″W x 54″D x 30″H

Side Chair: 20″W x 23″D x 40.25″H",dining,MM5454K-D5PC,https://stevesilver.com/product/magnolia-54-inch-round-5-piece-dining-set/,SS-MM5454K-D5PC-1.jpg;SS-MM5454K-D5PC-altview1.jpg;SS-MM5454K-D5PC-altview2.jpg;SS-MM5454K-D5PC-altview3.jpg;SS-MM5454K-D5PC-altview4.jpg;SS-MM5454K-D5PC-altview5.jpg;SS-MM5454K-D5PC-altview6.jpg;SS-MM5454K-D5PC-altview7.jpg;SS-MM5454K-D5PC-altview8.jpg;SS-MM5454K-D5PC-altview9.jpg;SS-MM5454K-D5PC-altview10.jpg;SS-MM5454K-D5PC-altview11.jpg;SS-MM5454K-D5PC-altview12.jpg;SS-MM5454K-D5PC-altview13.jpg;SS-MM5454K-D5PC-altview14.jpg;SS-MM5454K-D5PC-altview15.jpg
SS-MM500-D7PC,Magnolia 7-Piece 72-108-inch Dining Set,,,N,Out of Stock,A blend of farmhouse finished and substantial proportions combine in the simple sophistication of the Magnolia dining collection. This 7-piece set contrasts black spindle back chairs with a white table base and Server in a striking combination of neutrals. A natural finish unites the different aspects of this generously scaled dining set. The dining table centerpiece of the set starts at 72-inches but expands to a full 108-inches in an instant with the addition of the 2-18-inch leaves for a table that easily accommodates 10 guests for dinner. The clean lines and crisp finishes create a light and airy set perfect for larger dining areas.,"• Set includes Magnolia 72-108-inch Dining Table and 6 Magnolia dining chairs. Each item also sold separately
• Crafted from Acacia and Asian hardwood solids, engineered woods and Oak veneers
• Solidly constructed using mortise-and-tenon joinery and corner blocks for exceptional stability.
• Kiln-dried wood helps prevent warping, splitting, cracking and developing mildew.
• Substantial planks of wood rest atop two generously scaled cross-hatch pedestal bases in a hearty, yet streamlined look.
• 3A packaging ensures damage free parcel
• Easy Assembly, all tools included
• The 72-inch table dhips with two 18-inch leaves to expand to 90-inches with one leaf and 108-inches with both leaves.
• The table easily seats 10 guests when fully extended
• Optional Server features
 
 Inside lighted cabinet for a beautiful display area
• Four adjustable glass shelves for storage and display
• Side metal drawer glides offer smooth whisper-quiet operation
• Anti-tip restraint kit included in package
• Ebony metal modern hardware
• White and natural two-tone finish",dining,MM500-D7PC,https://stevesilver.com/product/magnolia-7-piece-72-108-inch-dining-set/,SS-MM500-D7PC-1.jpg;SS-MM500-D7PC-altview1.jpg;SS-MM500-D7PC-altview2.jpg;SS-MM500-D7PC-altview3.jpg;SS-MM500-D7PC-altview4.jpg;SS-MM500-D7PC-altview5.jpg;SS-MM500-D7PC-altview6.jpg;SS-MM500-D7PC-altview7.jpg;SS-MM500-D7PC-altview8.jpg;SS-MM500-D7PC-altview9.jpg;SS-MM500-D7PC-altview10.jpg;SS-MM500-D7PC-altview11.jpg;SS-MM500-D7PC-altview12.jpg;SS-MM500-D7PC-altview13.jpg;SS-MM500-D7PC-altview14.jpg;SS-MM500-D7PC-altview15.jpg
SS-MM520KSV,"Magnolia Cathedral Doored Server, Black",,,N,Out of Stock,"A masterpiece of versatility and style, the Magnolia Server reveals a world of display possibilities behind beautiful Cathedral glass doors. Hand-stained in a striking ebony finish with a contrasting weathered sand interior, this cabinet features adjustable shelves and hidden cable management for a seamless transition from a dining room sideboard, to a living room entertainment center, or even a stunning hallway console

 The clean lines and modern style of the Magnolia Server adds elegance, sophistication and storage to any room in a home.","• Crafted from Asian veneers, Asian hardwood solids and engineered woods
• Cathedral glass door fronts offer a beautiful display area or excellent remote access for electronics
• Contrasting weathered sand interior beautifully accents the interior with the contrasting ebony finished exterior
• Two adjustable shelves offer versatile storage options to accommodate items of different sizes and shapes.
• Wire escape back with notched shelves ensures organized cable management and a clutter-free appearance
• With wire management and cathedral glass doors, the Server can work as a dining room Server, a living room entertainment piece or a hallway or foyer console.
• The wood is hand-stained in a natural multi-step ebony finish with weathered sand interior to highlight the interior of the case while offering a beautiful contrast",server,MM520KSV,https://stevesilver.com/product/magnolia-cathedral-doored-server-black/,SS-MM520KSV-1.jpg;SS-MM520KSV-altview1.jpg;SS-MM520KSV-altview2.jpg;SS-MM520KSV-altview3.jpg;SS-MM520KSV-altview4.jpg;SS-MM520KSV-altview5.jpg;SS-MM520KSV-altview6.jpg;SS-MM520KSV-altview7.jpg;SS-MM520KSV-altview8.jpg;SS-MM520KSV-altview9.jpg
SS-MM520TSV,"Magnolia Cathedral Doored Server, Weathered Sand",,,N,Available,"A masterpiece of versatility and style, the Magnolia Server reveals a world of display possibilities behind beautiful Cathedral glass doors. Hand-stained in a striking weathered sand finish with a contrasting black interior, this cabinet features adjustable shelves and hidden cable management for a seamless transition from a dining room sideboard, to a living room entertainment center, or even a stunning hallway console The clean lines and modern style of the Magnolia Server adds elegance, sophistication and storage to any room in a home.","• Crafted from oak veneers, Asian hardwood solids and engineered woods
• Cathedral glass door fronts offer a beautiful display area or excellent remote access for electronics
• Contrasting weathered sand interior beautifully accents the interior with the contrasting ebony finished exterior
• Two adjustable shelves offer versatile storage options to accommodate items of different sizes and shapes.
• Wire escape back with notched shelves ensures organized cable management and a clutter-free appearance
• With wire management and cathedral glass doors, the Server can work as a dining room Server, a living room entertainment piece or a hallway or foyer console.
• The wood is hand-stained in a natural multi-step weathered sand finish with black interior to highlight the interior of the case while offering a beautiful contrast
• 200 lb. weight capacity ensures durability and reliable support.
• Adjustable levelers add stability on uneven floors
• The black accented interior and weathered sand exterior allows seamless style integration with all elements of the Magnolia collection",server,MM520TSV,https://stevesilver.com/product/magnolia-cathedral-doored-server-dusty-blue-copy/,SS-MM520TSV-1.jpg;SS-MM520TSV-altview1.jpg;SS-MM520TSV-altview2.jpg;SS-MM520TSV-altview3.jpg;SS-MM520TSV-altview4.jpg;SS-MM520TSV-altview5.jpg;SS-MM520TSV-altview6.jpg
SS-MM520BSV,"Magnolia Cathedral Doored Server, Dusty Blue Finish",,,N,Available,"A masterpiece of style and versatility, the Magnolia Server transforms any room with its bold dusty blue finish and weathered sand interior. Elegant Cathedral glass doors reveal adjustable shelves for display, while hidden cable management ensures seamless integration. Whether as a sideboard, entertainment center, or hallway console, it blends practicality with sophistication. Clean lines and thoughtful details enhance both style and storage, making it a refined choice for any home—offering modern elegance with functionality in every setting.","• Crafted from oak veneers, Asian hardwood solids and engineered woods
• Cathedral glass door fronts offer a beautiful display area or excellent remote access for electronics
• Contrasting weathered sand interior beautifully accents the interior with the contrasting dusty blue finished exterior
• Two adjustable shelves offer versatile storage options to accommodate items of different sizes and shapes.
• Wire escape back with notched shelves ensures organized cable management and a clutter-free appearance
• With wire management and cathedral glass doors, the Server can work as a dining room Server, a living room entertainment piece or a hallway or foyer console.
• The wood is hand-stained in a natural multi-step dusty blue finish with weathered sand interior to highlight the interior of the case while offering a beautiful contrast
• 200 lb. weight capacity ensures durability and reliable support.
• Adjustable levelers add stability on uneven floors",server,MM520BSV,https://stevesilver.com/product/magnolia-cathedral-doored-server-dusty-blue/,SS-MM520BSV-1.jpg;SS-MM520BSV-altview1.jpg;SS-MM520BSV-altview2.jpg;SS-MM520BSV-altview3.jpg;SS-MM520BSV-altview4.jpg;SS-MM520BSV-altview5.jpg;SS-MM520BSV-altview6.jpg
SS-NP600-C5PC-S,"Napa 5-Piece Counter Dining Set, Sand",,,N,Out of Stock,"A grandly scaled counter dining collection with modern farmhouse styling, Napa features a Counter Table with ample room for all visitors. The table has a beautiful plank-effect top and comes with two 18-inch leaves that expand it to a full 108-inches for seating of up to ten people. The double pedestal base has exposed and pairs gracefully with the schoolhouse upholstered seat Side Chair for a group that is both stylish and comfortable. Pair with the Napa Server to complete the ultimate in contemporary dining design.","• Set includes Counter Table & 4 Counter Chairs. Each item also sold separately.
• Weathered Sand finish",dining,NP600-C5PC-S,https://stevesilver.com/product/napa-5-piece-counter-dining-set/,SS-NP600-C5PC-S-1.jpg;SS-NP600-C5PC-S-altview1.jpg;SS-NP600-C5PC-S-altview2.jpg;SS-NP600-C5PC-S-altview3.jpg;SS-NP600-C5PC-S-altview4.jpg;SS-NP600-C5PC-S-altview5.jpg;SS-NP600-C5PC-S-altview6.jpg;SS-NP600-C5PC-S-altview7.jpg;SS-NP600-C5PC-S-altview8.jpg;SS-NP600-C5PC-S-altview9.jpg;SS-NP600-C5PC-S-altview10.jpg;SS-NP600-C5PC-S-altview11.jpg;SS-NP600-C5PC-S-altview12.jpg;SS-NP600-C5PC-S-altview13.jpg;SS-NP600-C5PC-S-altview14.jpg;SS-NP600-C5PC-S-altview15.jpg
SS-NP500-D5PC-S,"Napa 5-Piece 72-108-inch Dining Set, Sand",,,N,Out of Stock,"Napa is a grandly scaled California casual collection with ample dining space for everyone. With its beautiful plank-effect top and two 18-inch leaves, it can accommodate up to ten people and offers a light and airy weathered sand finish. The double pedestal base has exposed tenons and pairs gracefully with the cushioned seat of the Schoolhouse Side Chair. Comfortable and stylish, Napa offers large-scale dining in a fresh look.","• Crafted of mango and Asian hardwoods, mango veneers and engineered hardwoods
• Side Chair features schoolhouse design with shaped top rail and upholstered linen-colored seat for comfort
• The table has plank-effect top, double pedestal base with exposed tenons
• Stretchers on the table base add to the stability and strength of the table
• 72-inch Table expands to a full 108-inches with both 18-inch leaves inserted to seat up to 10
• Table extension slides use cables to guarantee a smooth, seamless leaf insert operation, reducing wear and safeguarding against potential jamming or misalignment
• Set includes Table & 4 Side Chairs. Each item also sold separately.
• Plastic glides keep the chair from scratching floor
• Oil-rubbed brass hardware finish
• The wood is hand-stained in a natural multi-step weathered sand finish to highlight the natural grain and knots of the wood",dining,NP500-D5PC-S,https://stevesilver.com/product/napa-5-piece-dining-set-sandtable-4-side-chairs/,SS-NP500-D5PC-S-1.jpg;SS-NP500-D5PC-S-altview1.jpg;SS-NP500-D5PC-S-altview2.jpg;SS-NP500-D5PC-S-altview3.jpg;SS-NP500-D5PC-S-altview4.jpg;SS-NP500-D5PC-S-altview5.jpg;SS-NP500-D5PC-S-altview6.jpg;SS-NP500-D5PC-S-altview7.jpg;SS-NP500-D5PC-S-altview8.jpg;SS-NP500-D5PC-S-altview9.jpg;SS-NP500-D5PC-S-altview10.jpg;SS-NP500-D5PC-S-altview11.jpg;SS-NP500-D5PC-S-altview12.jpg;SS-NP500-D5PC-S-altview13.jpg;SS-NP500-D5PC-S-altview14.jpg;SS-NP500-D5PC-S-altview15.jpg
SS-NP500-5PC,Napa 5-Piece Dining Set,,,N,Available,"A grandly scaled dining collection with modern farmhouse styling, Napa features a dining table with ample room for all visitors. The table has a beautiful plank-effect top and comes with two 18-inch leaves that expand it to a full 108-inches for seating of up to ten people. The double pedestal base has exposed tenons and pairs gracefully with the schoolhouse upholstered seat Side Chair for a group that is both stylish and comfortable.","• Constructed of mango and Asian hardwoods, mango veneers and engineered hardwoods
• Side Chair features schoolhouse design with shaped top rail and upholstered linen-colored seat for comfort
• The table has plank-effect top, double pedestal base with exposed tenons
• Stretchers on the table base add to the stability and strength of the table
• Table seats up to 10 with two 18-inch leaves inserted
• Table extension slides use cables to guarantee a smooth, seamless leaf insert operation, reducing wear and safeguarding against potential jamming or misalignment
• Dusky cedar finish",dining,NP500-5PC,https://stevesilver.com/product/napa-6-piece-dining-settable-6-side-chairs/,SS-NP500-5PC-1.jpg;SS-NP500-5PC-altview1.jpg;SS-NP500-5PC-altview2.jpg;SS-NP500-5PC-altview3.jpg;SS-NP500-5PC-altview4.jpg;SS-NP500-5PC-altview5.jpg;SS-NP500-5PC-altview6.jpg;SS-NP500-5PC-altview7.jpg;SS-NP500-5PC-altview8.jpg;SS-NP500-5PC-altview9.jpg;SS-NP500-5PC-altview10.jpg;SS-NP500-5PC-altview11.jpg;SS-NP500-5PC-altview12.jpg;SS-NP500-5PC-altview13.jpg
SS-NP600-5PC,Napa 5-Piece Counter Dining Set,,,N,Out of Stock,"A grandly scaled counter dining collection with modern farmhouse styling, Napa features a Counter Table with ample room for all visitors. The table has a beautiful plank-effect top and comes with two 18-inch leaves that expand it to a full 108-inches for seating of up to ten people. The double pedestal base has exposed and pairs gracefully with the schoolhouse upholstered seat Side Chair for a group that is both stylish and comfortable. Pair with the Napa Server to complete the ultimate in contemporary dining design.","• Constructed of mango and Asian hardwoods, mango veneers and engineered hardwoods
• Counter Chair features schoolhouse design with shaped top rail and upholstered linen-colored seat for comfort
• The table has a plank-effect top, double pedestal base with exposed tenons
• Stretchers on the table base add to the stability and strength of the table
• Table seats up to 10 with two 18-inch leaves inserted
• Table extension slides use cables to guarantee a smooth, seamless leaf insert operation, reducing wear and safeguarding against potential jamming or misalignment
• Dusky cedar finish",dining,NP600-5PC,https://stevesilver.com/product/napa-7-piece-counter-dining-setcounter-table-6-counter-chairs/,SS-NP600-5PC-1.jpg;SS-NP600-5PC-altview1.jpg;SS-NP600-5PC-altview2.jpg;SS-NP600-5PC-altview3.jpg;SS-NP600-5PC-altview4.jpg;SS-NP600-5PC-altview5.jpg;SS-NP600-5PC-altview6.jpg;SS-NP600-5PC-altview7.jpg;SS-NP600-5PC-altview8.jpg;SS-NP600-5PC-altview9.jpg;SS-NP600-5PC-altview10.jpg;SS-NP600-5PC-altview11.jpg;SS-NP600-5PC-altview12.jpg;SS-NP600-5PC-altview13.jpg;SS-NP600-5PC-altview14.jpg;SS-NP600-5PC-altview15.jpg
SS-NP5007PC,Napa 7-Piece Dining Set,,,N,Out of Stock,"A grandly scaled dining collection with modern farmhouse styling, Napa features a dining table with ample room for all visitors. The table has a beautiful plank-effect top and comes with two 18-inch leaves that expand it to a full 108-inches for seating of up to ten people. The double pedestal base has exposed tenons and pairs gracefully with the schoolhouse upholstered seat Side Chair for a group that is both stylish and comfortable. Upholstered Captains Chairs add a more elegant presentation with an outside wooden ladderback treatment that looks as good from the back as the front.","• Constructed of mango and Asian hardwoods, mango veneers and engineered hardwoods
• Side Chair features schoolhouse design with shaped top rail and upholstered linen-colored seat for comfort
• The table has a plank-effect top, double pedestal base with exposed tenons
• Stretchers on the table base add to the stability and strength of the table
• Table seats up to 10 with two 18-inch leaves inserted
• Table extension slides use cables to guarantee a smooth, seamless leaf insert operation, reducing wear and safeguarding against potential jamming or misalignment
• Dusky cedar finish",dining,NP5007PC,https://stevesilver.com/product/napa-7-piece-dining-settable-2-upholstered-4-side-chairs/,SS-NP5007PC-1.jpg;SS-NP5007PC-altview1.jpg;SS-NP5007PC-altview2.jpg;SS-NP5007PC-altview3.jpg;SS-NP5007PC-altview4.jpg;SS-NP5007PC-altview5.jpg;SS-NP5007PC-altview6.jpg;SS-NP5007PC-altview7.jpg;SS-NP5007PC-altview8.jpg;SS-NP5007PC-altview9.jpg;SS-NP5007PC-altview10.jpg;SS-NP5007PC-altview11.jpg;SS-NP5007PC-altview12.jpg;SS-NP5007PC-altview13.jpg;SS-NP5007PC-altview14.jpg;SS-NP5007PC-altview15.jpg
SS-NP500SV,Napa Server,,,N,Out of Stock,Napa presents contemporary styling in a Server that adds display and space to any living area. This functional Server has a warm dusky cedar finish that is perfect for home environments. Two shelves for wine storage are accented with a glass top so you can show off your collection and the piece comes along with two additional drawers and two glass front doors for additional storage and display. The sleek modern lines are accented with a relaxed silhouette that allows it to be dressed up or down to your preference.,"• Constructed of mango and Asian hardwoods, mango veneers, and engineered hardwoods
• Two glass doors, two drawers, and two shelves with removable bottle storage inserts
• Glass top insert creates display opportunity for bottle storage
• Glass doors allow for remote access, making the unit great as an entertainment unit as well
• Anti-tip kit included
• Dusky cedar finish",server,NP500SV,https://stevesilver.com/product/napa-server/,SS-NP500SV-1.jpg;SS-NP500SV-altview1.jpg;SS-NP500SV-altview2.jpg;SS-NP500SV-altview3.jpg;SS-NP500SV-altview4.jpg;SS-NP500SV-altview5.jpg;SS-NP500SV-altview6.jpg;SS-NP500SV-altview7.jpg
SS-RED500K-D5PC,"Reid 5-Piece Dining Set, Black Finish with Saddle Brown Vegan Leather",,,N,Available,"The Reid 5-Piece Dining Set blends modern style with everyday versatility, featuring the Reid 77–95″ Dining Table and four coordinating side chairs. The table expands with an 18-inch leaf to seat up to eight and showcases a deep black finish for a neutral accent to any room. Reid chairs add tailored comfort with box-pleat seats, foam cushioning, and easy-care saddle brown vegan leather. An exposed webbed back and angled seat provide relaxed support, making this set ideal for dining, entertaining, or casual gatherings.","• Expertly crafted of ash veneers, solid Asian hardwoods, vegan leather, foam and engineered woods
• 5-Piece Set includes the Reid 77-95″ Dining Table with 18-inch leaf and 4 Reid Saddle Brown Vegan Leather Side Chairs. Each item also sold separately.
• Table expands from 77″ to 95″ with included leaf to seat up to eight
• Hand-stained multi-step sand finish highlights natural grain and knots
• Experience affordable, leather-like luxury with the camel vegan leather chair from 20% polyurethane/80% polyester that’s easy to care for, comfortable, and adds a warm, rustic leather-like touch to your dining space.
• Solid construction with mortise-and-tenon joinery, corner blocks, stretchers, and reinforced joints
• Plastic glides help protect floors from scratches
• 300 lb. weight capacity per chair for reliable support
• Easy assembly with all tools included
• Product Measurements:
 
 Table: 77-95W x 40D x 30
• Side Chair: 20W x 24.25D x 40H
• Chair Fabric Content: 20% polyurethane, 80% polyester
• Cleaning Code: W — Easy-care vegan leather wipes clean with mild soap and water, offering durable style that stands up to everyday use and spills.",dining,RED500K-D5PC,https://stevesilver.com/product/reid-5-piece-dining-set-black-finish-with-saddle-brown-vegan-leather/,SS-RED500K-D5PC-1.jpg;SS-RED500K-D5PC-altview1.jpg;SS-RED500K-D5PC-altview2.jpg;SS-RED500K-D5PC-altview3.jpg;SS-RED500K-D5PC-altview4.jpg;SS-RED500K-D5PC-altview5.jpg;SS-RED500K-D5PC-altview6.jpg;SS-RED500K-D5PC-altview7.jpg;SS-RED500K-D5PC-altview8.jpg;SS-RED500K-D5PC-altview9.jpg;SS-RED500K-D5PC-altview10.jpg;SS-RED500K-D5PC-altview11.jpg;SS-RED500K-D5PC-altview12.jpg;SS-RED500K-D5PC-altview13.jpg;SS-RED500K-D5PC-altview14.jpg;SS-RED500K-D5PC-altview15.jpg
SS-RED500-D5PC,"Reid 5-Piece 77-95″ Dining Set, Sand Finish with Camel Vegan Leather",,,N,Available,"The Reid 5-Piece Dining Set blends modern style with everyday versatility, featuring the Reid 77–95″ Dining Table and four coordinating side chairs. The table expands with an 18-inch leaf to seat up to eight and showcases a light sand finish that highlights natural wood grain. Reid chairs add tailored comfort with box-pleat seats, foam cushioning, and easy-care camel vegan leather. An exposed webbed back and angled seat provide relaxed support, making this set ideal for dining, entertaining, or casual gatherings.","• Expertly crafted of ash veneers, solid Asian hardwoods, vegan leather, foam and engineered woods
• 5-Piece Set includes the Reid 77-95″ Dining Table with 18-inch leaf and 4 Reid Camel Vegan Leather Side Chairs. Each item also sold separately.
• Table expands from 77″ to 95″ with included leaf to seat up to eight
• Hand-stained multi-step sand finish highlights natural grain and knots
• Experience affordable, leather-like luxury with the camel vegan leather chair from 60% polyurethane/40% polyester that’s easy to care for, comfortable, and adds a warm, rustic leather-like touch to your dining space.
• Solid construction with mortise-and-tenon joinery, corner blocks, stretchers, and reinforced joints
• Plastic glides help protect floors from scratches
• 300 lb. weight capacity per chair for reliable support
• Easy assembly with all tools included
• Product Measurements:
 
 Table: 77-95W x 40D x 30
• Side Chair: 20W x 24.25D x 40H
• Chair Fabric Content: 60% polyurethane, 40% polyester
• Cleaning Code: W — Easy-care vegan leather wipes clean with mild soap and water, offering durable style that stands up to everyday use and spills.",dining,RED500-D5PC,https://stevesilver.com/product/reid-5-piece-dining-set-sand-finish-with-camel-vegan-leather/,SS-RED500-D5PC-1.jpg;SS-RED500-D5PC-altview1.jpg;SS-RED500-D5PC-altview2.jpg;SS-RED500-D5PC-altview3.jpg;SS-RED500-D5PC-altview4.jpg;SS-RED500-D5PC-altview5.jpg;SS-RED500-D5PC-altview6.jpg;SS-RED500-D5PC-altview7.jpg;SS-RED500-D5PC-altview8.jpg;SS-RED500-D5PC-altview9.jpg;SS-RED500-D5PC-altview10.jpg;SS-RED500-D5PC-altview11.jpg;SS-RED500-D5PC-altview12.jpg;SS-RED500-D5PC-altview13.jpg;SS-RED500-D5PC-altview14.jpg;SS-RED500-D5PC-altview15.jpg
SS-RED500KSV,"Reid 60″ Server, Black Finish",,,N,Available,"The Reid 60″ Server offers a modern take on a versatile dining and entertainment piece. Its rich midnight black finish over ash veneers delivers a bold, refined look for any room. Two glass doors provide display, storage, and easy remote access, while two adjustable interior shelves customize space for décor or electronics. Convenient charging is built in with two electric outlets plus USB-A and USB-C ports on the outer upper back, paired with a wire escape for organized cords. Clean lines complete the look overall.","• Expertly crafted of ash veneers, solid Asian hardwoods and engineered woods
• Kiln-dried wood helps prevent warping, splitting and cracking
• Two adjustable shelves offer versatile storage options to accommodate items of different sizes and shapes.
• A built-in wire escape with integrated electric and USB-A/C outlets on the upper outside back keeps cords organized and devices conveniently powered while maintaining a clean look.
• Concealed European hinges offer clean front aesthetic while allowing the doors to open and close smoothly and quietly
• Finished back allows for seamless placement in any space.
• The wood is hand-stained in a natural multi-step black finish to highlight the natural grain and knots of the wood
• Easy Assembly, all tools included
• 200 lb. weight capacity ensures durability and reliable support.
• Oversized brass colored hardware adds a luxurious touch of elegance and charm
• Includes anti-tip restraint kit for added safety and stability, helping prevent accidental tipping in busy or family spaces.",server,RED500KSV,https://stevesilver.com/product/reid-60-server-black-finish/,SS-RED500KSV-1.jpg;SS-RED500KSV-altview1.jpg;SS-RED500KSV-altview2.jpg;SS-RED500KSV-altview3.jpg;SS-RED500KSV-altview4.jpg;SS-RED500KSV-altview5.jpg;SS-RED500KSV-altview6.jpg;SS-RED500KSV-altview7.jpg;SS-RED500KSV-altview8.jpg;SS-RED500KSV-altview9.jpg;SS-RED500KSV-altview10.jpg
SS-RED500TSV,"Reid 60″ Server, Sand Finish",,,N,Available,"The Reid 60″ Server offers a modern take on a versatile dining and entertainment piece. Its light, airy sand finish over ash veneers brings a fresh, open feel to any room. Two glass doors provide display, storage, and easy remote access, while two adjustable interior shelves customize space for décor or electronics. Convenient charging is built in with two electric outlets plus USB-A and USB-C ports on the outer upper back, paired with a wire escape for organized cords. Clean lines complete the look overall.","• Expertly crafted of ash veneers, solid Asian hardwoods and engineered woods
• Kiln-dried wood helps prevent warping, splitting and cracking
• Two adjustable shelves offer versatile storage options to accommodate items of different sizes and shapes.
• A built-in wire escape with integrated electric and USB-A/C outlets on the upper outside back keeps cords organized and devices conveniently powered while maintaining a clean look.
• Adjustable levelers add stability on uneven floors
• Concealed European hinges offer clean front aesthetic while allowing the doors to open and close smoothly and quietly
• Finished back allows for seamless placement in any space.
• The wood is hand-stained in a natural multi-step sand finish to highlight the natural grain and knots of the wood
• Easy Assembly, all tools included
• 200 lb. weight capacity ensures durability and reliable support.
• Oversized brass colored hardware adds a luxurious touch of elegance and charm
• Includes anti-tip restraint kit for added safety and stability, helping prevent accidental tipping in busy or family spaces.",server,RED500TSV,https://stevesilver.com/product/reid-60-server-sand-finish/,SS-RED500TSV-1.jpg;SS-RED500TSV-altview1.jpg;SS-RED500TSV-altview2.jpg;SS-RED500TSV-altview3.jpg;SS-RED500TSV-altview4.jpg;SS-RED500TSV-altview5.jpg;SS-RED500TSV-altview6.jpg;SS-RED500TSV-altview7.jpg;SS-RED500TSV-altview8.jpg;SS-RED500TSV-altview9.jpg;SS-RED500TSV-altview10.jpg
SS-JS-VEN500T-D5PC,Ventura 5-Piece Round Dining Set,,,N,Out of Stock,,"• CURRENT CATALOG FLIP CATALOG
• VIRTUAL SHOWROOM OCTOBER 2024
• VIRTUAL SHOWROOM OCTOBER 2025
• VIRTUAL SHOWROOM
• VIRTUAL SHOWROOM APRIL 2025
• DEALER LOGIN
• Home – Archive
• DINING & KITCHEN DINING SETS
• BAR & COUNTER STOOLS
• MIX & MATCH SEATING
• UPHOLSTERY UPHOLSTERY SETS
• Products search 

 
 

 

 Search
• Share On Facebook
• Tweet This Product
• Pin This Product
• Email This Product
• Saranac 5-Pack Counter 
 
 

 
 
 

 
 
 
 
 

 
 Details
• Out of stock 
 
 
 
 
 
 
 
 
 
 
 
 Tournament Game Table and Chairs, 6-Piece, Black
(Table & 4 Side Chairs) 
 
 

 
 
 

 
 
 

 
 Details
• JOB OPENINGS
• BECOME A RETAILER
• IN THE PRESS
• FURNITURE CARE",dining,JS-VEN500T-D5PC,https://stevesilver.com/product/ventura-5-piece-round-dining-set/,SS-JS-VEN500T-D5PC-1.jpg;SS-JS-VEN500T-D5PC-altview1.jpg;SS-JS-VEN500T-D5PC-altview2.jpg;SS-JS-VEN500T-D5PC-altview3.jpg;SS-JS-VEN500T-D5PC-altview4.jpg;SS-JS-VEN500T-D5PC-altview5.jpg;SS-JS-VEN500T-D5PC-altview6.jpg;SS-JS-VEN500T-D5PC-altview7.jpg;SS-JS-VEN500T-D5PC-altview8.jpg;SS-JS-VEN500T-D5PC-altview9.jpg;SS-JS-VEN500T-D5PC-altview10.jpg;SS-JS-VEN500T-D5PC-altview11.jpg;SS-JS-VEN500T-D5PC-altview12.jpg;SS-JS-VEN500T-D5PC-altview13.jpg;SS-JS-VEN500T-D5PC-altview14.jpg;SS-JS-VEN500T-D5PC-altview15.jpg
SS-JS-VEN500SV,Ventura Server,,,N,Out of Stock,,"• CURRENT CATALOG FLIP CATALOG
• VIRTUAL SHOWROOM OCTOBER 2024
• VIRTUAL SHOWROOM OCTOBER 2025
• VIRTUAL SHOWROOM
• VIRTUAL SHOWROOM APRIL 2025
• DEALER LOGIN
• Home – Archive
• DINING & KITCHEN DINING SETS
• BAR & COUNTER STOOLS
• MIX & MATCH SEATING
• UPHOLSTERY UPHOLSTERY SETS
• Products search 

 
 

 

 Search
• Share On Facebook
• Tweet This Product
• Pin This Product
• Email This Product
• Out of stock 
 
 
 
 
 
 
 
 
 
 
 
 Tournament, Game Table and Chairs, 6-Piece, Brown
(Table & 4 Side Chairs) 
 
 

 
 
 

 
 
 

 
 Details
• Out of stock 
 
 
 
 
 
 
 
 
 
 
 
 Westlake 5-Pack Counter Set, Brown
(Counter Table & 4 Counter Stools) 
 
 

 
 
 

 
 
 

 
 Details
• JOB OPENINGS
• BECOME A RETAILER
• IN THE PRESS
• FURNITURE CARE",server,JS-VEN500SV,https://stevesilver.com/product/ventura-server/,SS-JS-VEN500SV-1.jpg;SS-JS-VEN500SV-altview1.jpg;SS-JS-VEN500SV-altview2.jpg;SS-JS-VEN500SV-altview3.jpg;SS-JS-VEN500SV-altview4.jpg;SS-JS-VEN500SV-altview5.jpg;SS-JS-VEN500SV-altview6.jpg;SS-JS-VEN500SV-altview7.jpg
SS-BUR500NSV,Burlington Cathedral Doored Server,,,N,Available,"A masterpiece of versatility and style, the Burlington Server reveals a world of display possibilities behind beautiful Cathedral glass doors. Hand-stained in a striking cocoa finish with a contrasting black interior, this cabinet features adjustable shelves and hidden cable management for a seamless transition from a dining room sideboard, to a living room entertainment center, or even a stunning hallway console 
 The clean lines and modern style of the Burlington Server adds elegance, sophistication and storage to any room in a home.","• Crafted from Oak veneers, Asian hardwood solids and engineered woods
• Wire Escape back allows this cabinet to double as a media console
• Cathedral glass door fronts offer a beautiful display area or excellent remote access  for electronics
• Contrasting black interior beautifully accents the interior with the contrasting cocoa finished exterior
• Two adjustable shelves offer versatile storage options to accommodate items of different sizes and shapes.
• Wire escape back with notched shelves ensures organized cable management and a clutter-free appearance
• With wire management and cathedral glass doors, the Server can work as a dining room Server, a living room entertainment piece or a hallway or foyer console.
• The wood is hand-stained in a natural multi-step cocoa finish with black  interior to highlight the interior of the case while offering a beautiful contrast",server,BUR500NSV,https://stevesilver.com/product/burlington-cathedral-doored-server/,SS-BUR500NSV-1.jpg;SS-BUR500NSV-altview1.jpg;SS-BUR500NSV-altview2.jpg;SS-BUR500NSV-altview3.jpg;SS-BUR500NSV-altview4.jpg;SS-BUR500NSV-altview5.jpg;SS-BUR500NSV-altview6.jpg
