productcode,productname,productprice,saleprice,productcategory,productweight,hideproduct,freeshippingitem,productdescription,productiondescription,techspecs,productkeywords,metatag_description,metatag_keywords,metatag_title
Adeline-Patio-Set,Adeline Wicker Patio 3-Piece Set by Steve Silver,1179,1179,181,145,,N,"The Adeline Wicker Patio 3-Piece Set creates an easy outdoor conversation spot with two egg-shaped swivel chairs and a matching side table. All-weather resin wicker, a powder-coated aluminum frame, and solution-dyed cushion covers make it a stylish choice for patios, porches, and covered outdoor spaces.","The Adeline outdoor conversation set includes two egg-shaped swivel chairs and a matching side table. All-weather resin wicker, powder-coated aluminum framing, and solution-dyed cushion covers create a durable patio grouping for porches, patios, and covered outdoor spaces.","• 3-piece patio set with two swivel chairs and side table
• All-weather resin wicker and aluminum frame
• Solution-dyed cushion covers
• Egg-shaped swivel chair design
• Ideal for patios, porches, and covered outdoor areas","Adeline patio set, Steve Silver outdoor furniture, wicker patio set, swivel patio chairs, outdoor conversation set","Shop Adeline Wicker Patio 3-Piece Set by Steve Silver at McCabe's Theater & Living. The Adeline outdoor conversation set includes two egg-shaped swivel chairs and a matching side table. All-weather resin wicker, powder-coate.","Adeline patio set, Steve Silver outdoor furniture, wicker patio set, swivel patio chairs, outdoor conversation set",Adeline Wicker Patio 3-Piece Set by Steve Silver
Burlington-Dining-Set,Burlington 7-Piece Dining Set by Steve Silver,799,799,215,235,,N,"The Burlington Dining Set blends modern comfort with a polished transitional look. A rich cocoa finish, muted black accents, and upholstered seating create a versatile dining group that can dress up a breakfast room or anchor a more formal dining space.","The Burlington 52-inch Round Table in mocha forms a centerpiece that marries elegance with style. The table features a sturdy circular base with ample clearance for chairs, a polygonal circle design, and a striking black accent on the apron and base that elevates the cocoa finish. Open-back side chairs feature tapered solid wood legs, shaped upholstered backs, and durable polyester upholstery for everyday dining comfort.","• 7-piece dining set with 52-inch round table and six upholstered side chairs
• Cocoa finish with black apron and base accent
• Crafted from oak veneers, Asian hardwood solids, and engineered woods
• Round table seats up to six
• 300 lb. weight capacity per chair
• Table: 52W x 52D x 30H in.; Chair: 20.25W x 23.35D x 35H in.","Burlington dining set, Steve Silver dining set, 7 piece dining set, round dining table, upholstered dining chairs, dining room furniture",Shop Burlington 7-Piece Dining Set by Steve Silver at McCabe's Theater & Living. The Burlington 52-inch Round Table in mocha forms a centerpiece that marries elegance with style. The table features a sturdy circular base.,"Burlington dining set, Steve Silver dining set, 7 piece dining set, round dining table, upholstered dining chairs, dining room furniture",Burlington 7-Piece Dining Set by Steve Silver
Canova-Dining-Set,Canova 7-Piece Dining Set by Steve Silver,999,999,215,245,,N,"The Canolson 7-Piece Dining Set, likely the Canova 7-Piece Dining Set, combines clean lines with a cathedral white finish, gray marble-style top, and six upholstered side chairs. The look works across classic, contemporary, and modern farmhouse dining rooms.","A charming 52-inch round Canova table combines a refined gray marble top with natural white veining and a white timber-beam trestle base. Six upholstered side chairs complete this casually elegant set for farmhouse, cottage, ranch, or transitional dining rooms.","• 7-piece dining set with 52-inch gray marble-top table and six side chairs
• Gray marble veneer top with white veining
• Pine solids, veneers, and engineered wood base in white finish
• Seats up to six
• Transitional farmhouse styling
• Table: 52W x 52D x 30.25H in.","Canova dining set, Steve Silver dining set, gray marble dining table, 7 piece dining set, farmhouse dining room, round dining table",Shop Canova 7-Piece Dining Set by Steve Silver at McCabe's Theater & Living. A charming 52-inch round Canova table combines a refined gray marble top with natural white veining and a white timber-beam trestle base. Si.,"Canova dining set, Steve Silver dining set, gray marble dining table, 7 piece dining set, farmhouse dining room, round dining table",Canova 7-Piece Dining Set by Steve Silver
Delilah-Patio-Chairs,Delilah Patio Chairs (Set of 2) by Steve Silver,999,999,181,118,,N,"The Delilah Patio Chairs bring a sculptural contemporary look outdoors with beveled side panels, rust-resistant aluminum frames, solution-dyed fabric, and fast-drying outdoor foam cushions. They offer a cleaner, more modern alternative to basic patio seating.","Neutral contemporary style for the outdoors with beveled side panels, rust-resistant aluminum frames, solution-dyed acrylic fabric, and fast-drying outdoor foam cushions. Dalilah patio chairs offer a sculptural modern alternative to basic patio seating.","• Set of two outdoor arm chairs
• Rust-resistant aluminum frame
• Solution-dyed acrylic fabric with 3.0-density foam cushions
• Beveled side panels with modern geometric profile
• Chair: 31W x 35D x 29H in.","Delilah patio chairs, Steve Silver outdoor chairs, patio arm chairs, outdoor dining chairs, aluminum patio seating","Shop Delilah Patio Chairs (Set of 2) by Steve Silver at McCabe's Theater & Living. Neutral contemporary style for the outdoors with beveled side panels, rust-resistant aluminum frames, solution-dyed acrylic fabric, and fast.","Delilah patio chairs, Steve Silver outdoor chairs, patio arm chairs, outdoor dining chairs, aluminum patio seating",Delilah Patio Chairs (Set of 2) by Steve Silver
Fitzgerald-Coffee-Table,Fitzgerald Coffee Table by Steve Silver,399,399,195,110,,N,"The Fitzgerald Coffee Table gives a living room or sitting area a practical center surface with a coordinated occasional-table look. Use it for drinks, books, trays, and decor, and pair it with the matching Fitzgerald End Table for a complete set.","The Fitzgerald Coffee Table gives a living room a practical center surface with a coordinated occasional-table look for drinks, books, trays, and decor. Pair with the matching Fitzgerald End Table.","• Occasional cocktail table for living rooms and sitting areas
• Coordinates with matching Fitzgerald end table
• Practical center surface for everyday use
• Transitional occasional styling","Fitzgerald coffee table, Steve Silver cocktail table, living room coffee table, occasional table","Shop Fitzgerald Coffee Table by Steve Silver at McCabe's Theater & Living. The Fitzgerald Coffee Table gives a living room a practical center surface with a coordinated occasional-table look for drinks, books, trays.","Fitzgerald coffee table, Steve Silver cocktail table, living room coffee table, occasional table",Fitzgerald Coffee Table by Steve Silver
Fitzgerald-End-Table,Fitzgerald End Table by Steve Silver,199,,195,60,,N,"The Fitzgerald End Table gives a seating area a compact surface for lighting, remotes, drinks, or decorative accents. Use one beside a sofa or chair, or pair two with the Fitzgerald Coffee Table for a coordinated occasional-table group.","The Fitzgerald End Table gives a seating area a compact surface for lighting, remotes, drinks, or decorative accents beside a sofa or chair, and coordinates with the Fitzgerald Coffee Table.","• Compact end table for sofa or chairside use
• Coordinates with Fitzgerald coffee table
• Useful surface for lighting, remotes, and decor
• Transitional occasional styling","Fitzgerald end table, Steve Silver end table, living room side table, occasional table","Shop Fitzgerald End Table by Steve Silver at McCabe's Theater & Living. The Fitzgerald End Table gives a seating area a compact surface for lighting, remotes, drinks, or decorative accents beside a sofa or chair,.","Fitzgerald end table, Steve Silver end table, living room side table, occasional table",Fitzgerald End Table by Steve Silver
Fortuna-Loveseat,Fortuna Power Reclining Console Loveseat by Steve Silver,899,899,147,210,,N,"The Fortuna Power Reclining Loveseat delivers plush motion seating with top-grain leather where you sit, power headrest and footrest controls, USB charging, and a center console for storage and cupholders. Contemporary lines and rich leather color options make it a strong fit for media rooms and living rooms.","Fortuna power reclining loveseat with top-grain leather seating areas, power headrest and footrest controls, USB charging, high-resiliency foam, and a center console with storage and cupholders.","• Power reclining loveseat with console
• Top-grain leather on seating areas
• Power headrest and footrest with USB charging
• Center console with storage and cupholders
• High-resiliency foam cushioning
• Approx. 73.5W x 38D x 41H in.","Fortuna loveseat, Steve Silver power reclining loveseat, leather reclining loveseat, console loveseat, motion furniture","Shop Fortuna Power Reclining Console Loveseat by Steve Silver at McCabe's Theater & Living. Fortuna power reclining loveseat with top-grain leather seating areas, power headrest and footrest controls, USB charging, high-resiliency f.","Fortuna loveseat, Steve Silver power reclining loveseat, leather reclining loveseat, console loveseat, motion furniture",Fortuna Power Reclining Console Loveseat by Steve Silver
Fortuna-Recliner,Fortuna Power Recliner by Steve Silver,699,699,186,125,,N,"The Fortuna Power Recliner offers the same comfort-focused design as the Fortuna motion group in a single-seat format. Top-grain leather seating areas, power headrest and footrest controls, USB charging, high-resiliency foam, and a home button make it a polished recliner for daily use.","Fortuna power recliner with top-grain leather seating areas, power headrest and footrest controls, USB charging, high-resiliency foam, and a home button to return the seat to its original position.","• Single-seat power recliner
• Top-grain leather on seating areas
• Power headrest and footrest with USB charging
• High-resiliency foam cushioning
• Approx. 38.5W x 38D x 41H in.","Fortuna recliner, Steve Silver power recliner, leather recliner, power reclining chair, motion furniture","Shop Fortuna Power Recliner by Steve Silver at McCabe's Theater & Living. Fortuna power recliner with top-grain leather seating areas, power headrest and footrest controls, USB charging, high-resiliency foam, and a.","Fortuna recliner, Steve Silver power recliner, leather recliner, power reclining chair, motion furniture",Fortuna Power Recliner by Steve Silver
Garcia-Bar,Garcia Bar Unit by Steve Silver,499,499,194,250,,N,"The Garcia Bar Unit adds a polished entertainment piece to the room with a glam mix of ebony accents and sleek silver-tone details. Designed for serving, storage, and display, it works well as a statement bar area for dining rooms, game rooms, or media spaces.","The Garcia Bar Unit adds a polished entertainment piece with ebony accents and sleek silver-tone details. Designed for serving, storage, and display in dining rooms, game rooms, or media spaces.","• Bar cabinet for serving and storage
• Ebony and silver-tone mixed-media styling
• Useful for dining, game room, or media spaces
• Glam contemporary bar design","Garcia bar, Steve Silver bar cabinet, home bar furniture, game room bar, entertainment bar","Shop Garcia Bar Unit by Steve Silver at McCabe's Theater & Living. The Garcia Bar Unit adds a polished entertainment piece with ebony accents and sleek silver-tone details. Designed for serving, storage, and.","Garcia bar, Steve Silver bar cabinet, home bar furniture, game room bar, entertainment bar",Garcia Bar Unit by Steve Silver
Grayson-Dining-Set,Grayson Counter Height Dining Set by Steve Silver,599,599,215,420,,N,"The Grayson Dining Set brings refined rustic style to everyday dining with gray marble-look surfaces, a dusty honey finish, upholstered seating, and useful storage in the table base. The counter-height profile works well in dining rooms, kitchens, and open-concept spaces.","Rustic charm meets modern elegance in the Grayson gray marble-top counter dining set. The 60-inch counter storage table anchors the group with a gray marble veneer top, dusty honey finish, and concealed storage in the base, paired with counter chairs and a counter bench for everyday dining.","• Counter-height dining set with storage table, four counter chairs, and bench
• Gray marble veneer top with pine solids and hardwoods
• 60-inch table seats six comfortably
• Storage base with two doors for dining essentials
• Antique white and dark oak multi-step finish
• Counter-height profile for kitchen and open dining spaces","Grayson dining set, Steve Silver counter dining, marble top dining set, counter height dining, storage dining table",Shop Grayson Counter Height Dining Set by Steve Silver at McCabe's Theater & Living. Rustic charm meets modern elegance in the Grayson gray marble-top counter dining set. The 60-inch counter storage table anchors the group wi.,"Grayson dining set, Steve Silver counter dining, marble top dining set, counter height dining, storage dining table",Grayson Counter Height Dining Set by Steve Silver
Karina-Sideboard,Karina Sideboard by Steve Silver,699,699,217,230,,N,"The Karina Sideboard gives a dining room, entry, or entertaining area a refined storage piece with a marble-style top, glass-front doors, glass shelving, and interior lighting. The clean finish and illuminated display area make it useful for serving, storage, or showing decorative pieces.","The Karina Server brings refined dining-room storage with a marble-style top, glass-front doors, glass shelving, and interior lighting. The clean finish and illuminated display area make it useful for serving, storage, or showcasing decorative pieces.","• Marble-style top with glass-front doors
• Interior lighting for display and serving
• Glass shelving and enclosed storage
• Transitional dining-room styling
• Useful for serving, storage, or display","Karina sideboard, Steve Silver server, dining room buffet, storage cabinet, glass door server, dining storage","Shop Karina Sideboard by Steve Silver at McCabe's Theater & Living. The Karina Server brings refined dining-room storage with a marble-style top, glass-front doors, glass shelving, and interior lighting. The.","Karina sideboard, Steve Silver server, dining room buffet, storage cabinet, glass door server, dining storage",Karina Sideboard by Steve Silver
Laurel Grey Leather Sofa,Laurel Grey Leather Sofa,1749,,177,,Y,N,Contemporary styled collection constructed in leather with power leg rest and power articulating headrest. Laurel features both styling and convenience with USB charging port on the control panel along with a home button to return the piece to its original position. The grey sofa and loveseat feature dual reclining seats and the loveseat feature a console with cup holders and hidden storage.,Contemporary styled collection constructed in leather with power leg rest and power articulating headrest. Laurel features both styling and convenience with USB charging port on the control panel along with a home button to return the piece to its original position. The grey sofa and loveseat feature dual reclining seats and the loveseat feature a console with cup holders and hidden storage.,• Contemporary styled collection constructed in leather with power leg rest and power articulating headrest. Laurel features both styling and convenience with USB charging port on th,"reclining sofa, reclining sectional, leather sofa, leather sectional, sofa sectional, steve silver sofa, steve silver couch, steve silver living room",Shop Laurel Grey Leather Sofa at McCabe's Theater & Living. Contemporary styled collection constructed in leather with power leg rest and power articulating headrest. Laurel features both styling and.,"steve silver sofa, steve silver sectional, home theater sofa, theatre sofa, media room sofa, media room sectional, home theater sectional, steve silver sofa, steve silver sectional, media sofa, theater sofa, home theater sofa, power recline sofa, home theatre sofa, media room sofa, living room furniture, leather sofa,  leather couch",Laurel Grey Leather Sofa
Laurel Ivory Leather Sofa,Laurel Ivory Leather Sofa,1749,,177,,Y,N,Contemporary styled collection constructed in leather with power leg rest and power articulating headrest. Laurel features both styling and convenience with USB charging port on the control panel along with a home button to return the piece to its original position. The ivory loveseat feature dual reclining seats and a console with cup holders and hidden storage.,Contemporary styled collection constructed in leather with power leg rest and power articulating headrest. Laurel features both styling and convenience with USB charging port on the control panel along with a home button to return the piece to its original position. The ivory loveseat feature dual reclining seats and a console with cup holders and hidden storage.,• Contemporary styled collection constructed in leather with power leg rest and power articulating headrest. Laurel features both styling and convenience with USB charging port on th,"reclining sofa, reclining sectional, leather sofa, leather sectional, sofa sectional, steve silver sofa, steve silver couch, steve silver living room",Shop Laurel Ivory Leather Sofa at McCabe's Theater & Living. Contemporary styled collection constructed in leather with power leg rest and power articulating headrest. Laurel features both styling and.,"steve silver sofa, steve silver sectional, home theater sofa, theatre sofa, media room sofa, media room sectional, home theater sectional, steve silver sofa, steve silver sectional, media sofa, theater sofa, home theater sofa, power recline sofa, home theatre sofa, media room sofa, living room furniture, leather sofa,  leather couch",Laurel Ivory Leather Sofa
Laurel-Sofa-Loveseat,Laurel Power Reclining Loveseat by Steve Silver,799,799,147,185,,N,"The Laurel Sofa or Loveseat adds contemporary motion seating with top-grain leather seating areas, power reclining leg rests, adjustable power headrests, and high-resiliency foam cushions. It is designed for a polished living room or media room where comfort still needs to look pulled together.","Contemporary Laurel motion loveseat constructed with top-grain leather seating areas, power leg rest, power articulating headrest, USB charging, and a center console with cupholders and hidden storage.","• Power reclining loveseat with console
• Top-grain leather seating with vinyl sides and backs
• Power headrest and footrest with USB charging
• Center console with cupholders and storage
• High-resiliency foam cushioning","Laurel loveseat, Steve Silver power reclining loveseat, leather loveseat, reclining loveseat, motion furniture","Shop Laurel Power Reclining Loveseat by Steve Silver at McCabe's Theater & Living. Contemporary Laurel motion loveseat constructed with top-grain leather seating areas, power leg rest, power articulating headrest, USB charg.","Laurel loveseat, Steve Silver power reclining loveseat, leather loveseat, reclining loveseat, motion furniture",Laurel Power Reclining Loveseat by Steve Silver
Lavon Black Leatherette sofa,Lavon Black Leatherette sofa,1449,,177,,Y,N,This sporty Reclining Set boasts power footrest and power headrest in a package that is the most comfortable you will find anywhere. Horizontal channeled back and extra padding on the Headrest and Armrest add plush comfort to this special set. Each arm features a lift-top armrest for hidden storage that offers a great storing place for remotes and electronic devices. Never lose your phone again with this handy cubby nearby. The sleek midnight color leatherette is easy care and the neutral palette ensures it will match any decor. The Sofa features a Drop-down center console offers space for two more cupholders and  power strip with two electrical outlets and two USB ports so your devices never run out of power while the Loveseat sports a Center Console with hidden storage and two additions cupholders.,This sporty Reclining Set boasts power footrest and power headrest in a package that is the most comfortable you will find anywhere. Horizontal channeled back and extra padding on the Headrest and Armrest add plush comfort to this special set. Each arm features a lift-top armrest for hidden storage that offers a great storing place for remotes and electronic devices. Never lose your phone again with this handy cubby nearby. The sleek midnight color leatherette is easy care and the neutral palette ensures it will match any decor. The Sofa features a Drop-down center console offers space for two more cupholders and  power strip with two electrical outlets and two USB ports so your devices never run out of power while the Loveseat sports a Center Console with hidden storage and two additions cupholders.,• This sporty Reclining Set boasts power footrest and power headrest in a package that is the most comfortable you will find anywhere. Horizontal channeled back and extra padding on ,"reclining sofa, reclining sectional, leather sofa, leather sectional, sofa sectional, steve silver sofa, steve silver couch, steve silver living room",Shop Lavon Black Leatherette sofa at McCabe's Theater & Living. This sporty Reclining Set boasts power footrest and power headrest in a package that is the most comfortable you will find anywhere. Horizon.,"steve silver sofa, steve silver sectional, home theater sofa, theatre sofa, media room sofa, media room sectional, home theater sectional, steve silver sofa, steve silver sectional, media sofa, theater sofa, home theater sofa, power recline sofa, home theatre sofa, media room sofa, living room furniture, leather sofa,  leather couch",Lavon Black Leatherette sofa
Level-Sofa,Lovell Sofa by Steve Silver,799,799,177,195,,N,The Lovell Sofa offers approachable everyday comfort with a clean profile for versatile living room seating. Use it as a standalone sofa or as the anchor piece for a coordinated living room group.,The Lovell Sofa offers approachable everyday comfort with a clean profile for versatile living room seating as a standalone sofa or coordinated group anchor.,"• Stationary living room sofa
• Clean, versatile everyday profile
• Comfort-focused seating for family rooms and living rooms
• Coordinates with matching loveseat pieces where available","Lovell sofa, Steve Silver sofa, living room sofa, stationary sofa, family room seating",Shop Lovell Sofa by Steve Silver at McCabe's Theater & Living. The Lovell Sofa offers approachable everyday comfort with a clean profile for versatile living room seating as a standalone sofa or coordina.,"Lovell sofa, Steve Silver sofa, living room sofa, stationary sofa, family room seating",Lovell Sofa by Steve Silver
Molly-Olson-Dining-Set,Molly Olson 5-Piece Dining Set by Steve Silver,699,699,215,210,,N,The Molly Olson 5-Piece Dining Set pairs a round glass tabletop with sleek upholstered chairs for a clean mid-century inspired dining look. Iron legs and a warm wood-tone base detail give the set visual interest without making the room feel heavy.,The Molly 48-inch round dining set pairs a glass tabletop with sleek upholstered chairs for a clean mid-century inspired look. Iron legs and warm wood-tone base details add visual interest without overwhelming the room.,"• 5-piece set with 48-inch round glass-top table and four upholstered chairs
• Mid-century inspired iron and wood base
• Sleek upholstered seating
• Light, open visual profile for smaller dining spaces
• Table: 48-inch round","Molly Olson dining set, Steve Silver dining set, glass dining table, round dining set, mid century dining room",Shop Molly Olson 5-Piece Dining Set by Steve Silver at McCabe's Theater & Living. The Molly 48-inch round dining set pairs a glass tabletop with sleek upholstered chairs for a clean mid-century inspired look. Iron legs and.,"Molly Olson dining set, Steve Silver dining set, glass dining table, round dining set, mid century dining room",Molly Olson 5-Piece Dining Set by Steve Silver
Natalia Mocha Leather Sofa,Natalia Mocha Leather Sofa,1749,,177,,Y,N,"Decadent seating comfort awaits you in Natalia, the top-grain leather seating motion set from Steve Silver Company. This collection features contemporary style and is available in fashion-forward colors that are sure to impress. But this collection is about more than style with power articulating headrest, power footrest and USB charging station so you never have to leave your seat.","Decadent seating comfort awaits you in Natalia, the top-grain leather seating motion set from Steve Silver Company. This collection features contemporary style and is available in fashion-forward colors that are sure to impress. But this collection is about more than style with power articulating headrest, power footrest and USB charging station so you never have to leave your seat.","Constructed of top-grain leather on all seating areas and polyurethane sides and backs
Power articulating headrest and power footrest with control panel that has USB port and home button to return seat and headrest to original position
High-resiliency foam seating
Contemporary styling
Color shown: coach","reclining sofa, reclining sectional, leather sofa, leather sectional, sofa sectional, steve silver sofa, steve silver couch, steve silver living room","Shop Natalia Mocha Leather Sofa at McCabe's Theater & Living. Decadent seating comfort awaits you in Natalia, the top-grain leather seating motion set from Steve Silver Company. This collection features.","steve silver sofa, steve silver sectional, home theater sofa, theatre sofa, media room sofa, media room sectional, home theater sectional, steve silver sofa, steve silver sectional, media sofa, theater sofa, home theater sofa, power recline sofa, home theatre sofa, media room sofa, living room furniture, leather sofa,  leather couch",Natalia Mocha Leather Sofa
Natalia-Sofa-Loveseat,Natalia Power Reclining Loveseat by Steve Silver,799,799,147,185,,N,"The Natalia Sofa Loveseat group offers sophisticated motion seating with top-grain leather where the body touches, power articulating headrests, power footrests, USB charging, and high-resiliency foam seating. The warm coach/caramel tone gives the room a rich leather look without feeling overly traditional.","Decadent Natalia motion loveseat with top-grain leather seating areas, power articulating headrest, power footrest, USB charging, and high-resiliency foam in a warm coach/caramel leather tone.","• Power reclining loveseat
• Top-grain leather on seating areas
• Power headrest and footrest with USB charging
• High-resiliency foam cushioning
• Warm coach/caramel leather color","Natalia loveseat, Steve Silver power reclining loveseat, leather reclining loveseat, motion furniture, power loveseat","Shop Natalia Power Reclining Loveseat by Steve Silver at McCabe's Theater & Living. Decadent Natalia motion loveseat with top-grain leather seating areas, power articulating headrest, power footrest, USB charging, and high-r.","Natalia loveseat, Steve Silver power reclining loveseat, leather reclining loveseat, motion furniture, power loveseat",Natalia Power Reclining Loveseat by Steve Silver
Park-City-Sectional,Park City 6-Piece Power Reclining Sectional by Steve Silver,1999,1999,188,465,,N,"The Park City 6-Piece Sectional offers modular dual-power reclining comfort with adjustable headrests and footrests, wide seating, USB controls, and gray herringbone-style stain-resistant fabric. It is built for media rooms, family rooms, and larger spaces that need flexible seating.","Park City modular dual-power reclining sectional with adjustable headrests and footrests, wide seating, USB controls, and gray herringbone-style stain-resistant fabric for media rooms and family rooms.","• 6-piece modular power reclining sectional
• Dual-power headrest and footrest controls
• USB charging on reclining components
• Gray herringbone stain-resistant fabric
• Wide seating for media and family rooms","Park City sectional, Steve Silver power reclining sectional, modular sectional, media room sectional, reclining sectional","Shop Park City 6-Piece Power Reclining Sectional by Steve Silver at McCabe's Theater & Living. Park City modular dual-power reclining sectional with adjustable headrests and footrests, wide seating, USB controls, and gray herringbone-s.","Park City sectional, Steve Silver power reclining sectional, modular sectional, media room sectional, reclining sectional",Park City 6-Piece Power Reclining Sectional by Steve Silver
Ramona-Dining-Set,Ramona 5-Piece Dining Set by Steve Silver,699,699,215,205,,N,"The Ramona 5-Piece Dining Set brings a clean, modern look to everyday dining with a round white marble-style tabletop, slim metal base, and four shaped upholstered side chairs. Its mixed-material design keeps the room light and polished while still feeling comfortable enough for daily meals.","Ramona brings mid-century modern mixed-material style to the dining room with a 44-inch round white marble top, architecturally shaped dark bronze metal base, and ergonomically shaped faux rawhide chairs that work beautifully for dining or guest seating.","• 5-piece set with 44-inch round white marble-top table and four side chairs
• Powder-coated dark bronze iron base
• Mid-century canted-leg chairs with faux rawhide upholstery
• Mixed-material modern styling
• Table: 44W x 44D x 30H in.","Ramona dining set, Steve Silver dining set, marble dining table, round dining table, mid century dining, 5 piece dining set","Shop Ramona 5-Piece Dining Set by Steve Silver at McCabe's Theater & Living. Ramona brings mid-century modern mixed-material style to the dining room with a 44-inch round white marble top, architecturally shaped dark.","Ramona dining set, Steve Silver dining set, marble dining table, round dining table, mid century dining, 5 piece dining set",Ramona 5-Piece Dining Set by Steve Silver
Sapphire-Sleep-Cal-King,Sapphire Sleep 14-Inch California King Mattress by Steve Silver,799,799,181,105,,N,"The Sapphire Sleep 14-Inch California King Mattress is built for cooling comfort with a phase-change cover, copper-infused fiber, and layered foam construction. Gel memory foam and support layers help disperse heat while providing contouring comfort for a full night's rest.","Sapphire Sleep 14-inch California King mattress with phase-change cover, copper-infused fiber, gel memory foam, and support layers designed for cooling comfort and contouring support.","• 14-inch California King mattress
• Phase-change cooling cover
• Copper-infused fiber and gel memory foam layers
• Designed for cooling comfort and contouring support","Sapphire Sleep mattress, California King mattress, cooling mattress, gel memory foam mattress, Steve Silver mattress","Shop Sapphire Sleep 14-Inch California King Mattress by Steve Silver at McCabe's Theater & Living. Sapphire Sleep 14-inch California King mattress with phase-change cover, copper-infused fiber, gel memory foam, and support layers designed.","Sapphire Sleep mattress, California King mattress, cooling mattress, gel memory foam mattress, Steve Silver mattress",Sapphire Sleep 14-Inch California King Mattress by Steve Silver
SS-2968479,Gatlin Dual Power Recliner,750,,149,155,,N,Gatlin Dual Power Reclining by Steve Silver. Dimensions: 44 inW x 41 inD x 40 inH Features: Dual-Power Recline: Independent headrest and footrest controls for personalized comfort; Kiln-dried hardwood frame with reinforced support; high-density foam; and 350 lb. capacity per seat.; Low-pile 100% polyester light tan fabric with contrasting vinyl welt is plush and velvety to the touch; USB-A/USB-C charging on outer arms and inside storage console; Wall-saver zero-gravity recline needs only 3 in of wall clearane; Lift-top storage on Loveseat has stainless steel cupholders; USB-A/USB-C chargers and power; Modular Seating Flexibility: Mix-and-match pieces to build anything from a sectional to a sofa or.,Gatlin Dual Power Reclining by Steve Silver. Dimensions: 44 inW x 41 inD x 40 inH Features: Dual-Power Recline: Independent headrest and footrest controls for personalized comfort; Kiln-dried hardwood frame with reinforced support; high-density foam; and 350 lb. capacity per seat.; Low-pile 100% polyester light tan fabric with contrasting vinyl welt is plush and velvety to the touch; USB-A/USB-C charging on outer arms and inside storage console; Wall-saver zero-gravity recline needs only 3 in of wall clearane; Lift-top storage on Loveseat has stainless steel cupholders; USB-A/USB-C chargers and power; Modular Seating Flexibility: Mix-and-match pieces to build anything from a sectional to a sofa or.,"• 44 inW x 41 inD x 40 inH
• Dual-Power Recline: Independent headrest and footrest controls for personalized comfort
• Kiln-dried hardwood frame with reinforced support
• high-density foam
• and 350 lb. capacity per seat
• Low-pile 100% polyester light tan fabric with contrasting vinyl welt is plush and velvety to the touch",Gatlin Dual Power Reclining; Steve Silver; Upholstery; Leather Power Reclining,Shop Gatlin Dual Power Reclining by Steve Silver.,,Gatlin Dual Power Recliner
SS-2968622,Olsen Dual Power Recliner,750,,149,155,,N,Olsen Dual Power Reclining by Steve Silver. Dimensions: 44 inW x 41 inD x 40 inH Features: Dual-Power Recline: Independent headrest and footrest controls for personalized comfort; Kiln-dried hardwood frame with reinforced support; high-density foam; and 350 lb. capacity per seat.; Cool; neutral polyester in silver with a soft velvety feel; USB-A/USB-C charging on outer arms and inside storage console; Wall-saver zero-gravity recline needs only 3 in of wall clearane; Lift-top storage on Loveset with stainless steel cupholders; USB-A/USB-C chargers and power outlets.; Modular Seating Flexibility: Mix-and-match pieces to build anything from a sectional to a sofa or.,Olsen Dual Power Reclining by Steve Silver. Dimensions: 44 inW x 41 inD x 40 inH Features: Dual-Power Recline: Independent headrest and footrest controls for personalized comfort; Kiln-dried hardwood frame with reinforced support; high-density foam; and 350 lb. capacity per seat.; Cool; neutral polyester in silver with a soft velvety feel; USB-A/USB-C charging on outer arms and inside storage console; Wall-saver zero-gravity recline needs only 3 in of wall clearane; Lift-top storage on Loveset with stainless steel cupholders; USB-A/USB-C chargers and power outlets.; Modular Seating Flexibility: Mix-and-match pieces to build anything from a sectional to a sofa or.,"• 44 inW x 41 inD x 40 inH
• Dual-Power Recline: Independent headrest and footrest controls for personalized comfort
• Kiln-dried hardwood frame with reinforced support
• high-density foam
• and 350 lb. capacity per seat
• neutral polyester in silver with a soft velvety feel",Olsen Dual Power Reclining; Steve Silver; Upholstery; Leather Power Reclining,Shop Olsen Dual Power Reclining by Steve Silver.,,Olsen Dual Power Reclining
SS-3105415,Gatlin Dual Power Recliner,770,,149,155,,N,Gatlin Dual Power Reclining by Steve Silver. Dimensions: 44 inW x 41 inD x 40 inH Features: Dual-Power Recline: Independent headrest and footrest controls for personalized comfort; Kiln-dried hardwood frame with reinforced support; high-density foam; and 350 lb. capacity per seat.; 100% polyester chocolate fabric is plush and velvety to the touch; USB-A/USB-C charging on outer arms and inside storage console; Wall-saver zero-gravity recline needs only 3 in of wall clearane; Lift-top storage on Loveseat has stainless steel cupholders; USB-A/USB-C chargers and power; Modular Seating Flexibility: Mix-and-match pieces to build anything from a sectional to a sofa or.,Gatlin Dual Power Reclining by Steve Silver. Dimensions: 44 inW x 41 inD x 40 inH Features: Dual-Power Recline: Independent headrest and footrest controls for personalized comfort; Kiln-dried hardwood frame with reinforced support; high-density foam; and 350 lb. capacity per seat.; 100% polyester chocolate fabric is plush and velvety to the touch; USB-A/USB-C charging on outer arms and inside storage console; Wall-saver zero-gravity recline needs only 3 in of wall clearane; Lift-top storage on Loveseat has stainless steel cupholders; USB-A/USB-C chargers and power; Modular Seating Flexibility: Mix-and-match pieces to build anything from a sectional to a sofa or.,"• 44 inW x 41 inD x 40 inH
• Dual-Power Recline: Independent headrest and footrest controls for personalized comfort
• Kiln-dried hardwood frame with reinforced support
• high-density foam
• and 350 lb. capacity per seat
• 100% polyester chocolate fabric is plush and velvety to the touch",Gatlin Dual Power Reclining; Steve Silver; Upholstery; Leather Power Reclining,Shop Gatlin Dual Power Reclining by Steve Silver.,,Gatlin Dual Power Reclining
SS-3PC-LOVESE,Stone Power Console Loveseat,1550,,"147, 199",210,,N,Stone Loveseat w/ Console by Steve Silver. Dimensions: 80 inW x 39.5 inD x 41 inH Features: Crafted from Stone colored top-grain leather with vegan leather backs and; The power mechanism offers effortless 143 degree recline for customized leg; Integrated USB port for charging your smartphone or tablet.; The 7-inch high cushions are built with fire resistant; 1.9 density high-resiliency; The engineered wood frame provides lasting comfort; support and reliability; Lift-Top Console with two built-in USB ports and two removeable cupholders.,Stone Loveseat w/ Console by Steve Silver. Dimensions: 80 inW x 39.5 inD x 41 inH Features: Crafted from Stone colored top-grain leather with vegan leather backs and; The power mechanism offers effortless 143 degree recline for customized leg; Integrated USB port for charging your smartphone or tablet.; The 7-inch high cushions are built with fire resistant; 1.9 density high-resiliency; The engineered wood frame provides lasting comfort; support and reliability; Lift-Top Console with two built-in USB ports and two removeable cupholders.,"• 80 inW x 39.5 inD x 41 inH
• Crafted from Stone colored top-grain leather with vegan leather backs and
• The power mechanism offers effortless 143 degree recline for customized leg
• Integrated USB port for charging your smartphone or tablet
• The 7-inch high cushions are built with fire resistant
• 1.9 density high-resiliency",Stone Loveseat w/ Console; Steve Silver; Upholstery; Leather Power Reclining,Shop Loveseat w/ Console by Steve Silver.,,Stone Power Console Loveseat
SS-ABR400NPT,Auburn Counter Dining Set w/ Chairs,1860,,215,390,Y,N,Auburn Counter Table by Steve Silver. Dimensions: 59.5 inL x 35.75 inD x 36 inH Includes the dining table and matching chairs shown in the catalog image. Features: Expertly crafted of acacia veneers; Asian hardwood solids; engineered woods with gray vegan; The 36-inch Counter Height Table and the Counter Stool; with its 24-inch high seat; create a; Contrasting stretchers on the table allows easy mix and match with other Aubrey pieces; The 59.5 inch counter table seasts up to six | 300 lb. weight capacity on Counter Chair; The wood is hand-stained in a wire-brushed; natural multi-step driftwood finish with waxy hang-up.,Auburn Counter Table by Steve Silver. Dimensions: 59.5 inL x 35.75 inD x 36 inH Includes the dining table and matching chairs shown in the catalog image. Features: Expertly crafted of acacia veneers; Asian hardwood solids; engineered woods with gray vegan; The 36-inch Counter Height Table and the Counter Stool; with its 24-inch high seat; create a; Contrasting stretchers on the table allows easy mix and match with other Aubrey pieces; The 59.5 inch counter table seasts up to six | 300 lb. weight capacity on Counter Chair; The wood is hand-stained in a wire-brushed; natural multi-step driftwood finish with waxy hang-up.,"• 59.5 inL x 35.75 inD x 36 inH Includes the dining table and matching chairs shown in the catalog image
• Expertly crafted of acacia veneers
• Asian hardwood solids
• engineered woods with gray vegan
• The 36-inch Counter Height Table and the Counter Stool
• with its 24-inch high seat",Auburn Counter Dining Set w/ Chairs; Steve Silver; Dining Set; Dining,Shop Auburn Counter Dining Set w/ Chairs by Steve Silver.,,Auburn Counter Dining Set w/ Chairs
SS-ABR500KSV,Aubrey Server,110,,217,230,Y,N,Aubrey Server by Steve Silver. Dimensions: 54 inW x 18 inD x 36 in Features: Expertly crafted of acacia veneers; Asian hardwood solids and engineered woods; 1.1 density foam; Styling details include the dining table with substantial canted 3 in squared posts with contrasting; Wire-brushed distressing adds depth and character to the collection; 54 in Round Table seats up to six | The wood is hand-stained in a natural multi-step black finish that.,Aubrey Server by Steve Silver. Dimensions: 54 inW x 18 inD x 36 in Features: Expertly crafted of acacia veneers; Asian hardwood solids and engineered woods; 1.1 density foam; Styling details include the dining table with substantial canted 3 in squared posts with contrasting; Wire-brushed distressing adds depth and character to the collection; 54 in Round Table seats up to six | The wood is hand-stained in a natural multi-step black finish that.,"• 54 inW x 18 inD x 36 in
• Expertly crafted of acacia veneers
• Asian hardwood solids and engineered woods
• 1.1 density foam
• Styling details include the dining table with substantial canted 3 in squared posts with contrasting
• Wire-brushed distressing adds depth and character to the collection",Aubrey Server; Steve Silver; Dining; Casual Dining,Shop Aubrey Server by Steve Silver.,,Aubrey Server
SS-ABR500KTT,Aubrey Dining Set Extension w/ Chairs,210,,215,485,Y,N,Aubrey Dining Table w/ Leaf by Steve Silver. Dimensions: 78-96 inL x 42 inD x 30 inH Includes the dining table and matching chairs shown in the catalog image. Features: Expertly crafted of acacia veneers; Asian hardwood solids and engineered woods; 1.1 density foam; Styling details include the dining table with modern double pedestal base with contrasting; Wire-brushed distressing adds depth and character to the collection; The 78-inch table easily expands to 96 inches with the insertion of the included 18-inch leaf to seat; The wood is hand-stained in a natural multi-step black finish.,Aubrey Dining Table w/ Leaf by Steve Silver. Dimensions: 78-96 inL x 42 inD x 30 inH Includes the dining table and matching chairs shown in the catalog image. Features: Expertly crafted of acacia veneers; Asian hardwood solids and engineered woods; 1.1 density foam; Styling details include the dining table with modern double pedestal base with contrasting; Wire-brushed distressing adds depth and character to the collection; The 78-inch table easily expands to 96 inches with the insertion of the included 18-inch leaf to seat; The wood is hand-stained in a natural multi-step black finish.,"• 78-96 inL x 42 inD x 30 inH Includes the dining table and matching chairs shown in the catalog image
• Expertly crafted of acacia veneers
• Asian hardwood solids and engineered woods
• 1.1 density foam
• Styling details include the dining table with modern double pedestal base with contrasting
• Wire-brushed distressing adds depth and character to the collection",Aubrey Dining Set w/ Chairs; Steve Silver; Dining Set; Dining,Shop Aubrey Dining Set w/ Chairs by Steve Silver.,,Aubrey Dining Set w/ Chairs
SS-ABR500NSV,Aubrey Server,110,,217,230,Y,N,Aubrey Server by Steve Silver. Dimensions: 54 inW x 18 inD x 36 in Features: Expertly crafted of acacia veneers; Asian hardwood solids and engineered woods; 1.1 density foam; Styling details include the dining table with substantial canted 3 in squared posts with contrasting; Wire-brushed distressing adds depth and character to the collection; 54 in Round Table seats up to six | The wood is hand-stained in a natural multi-step driftwood finish.,Aubrey Server by Steve Silver. Dimensions: 54 inW x 18 inD x 36 in Features: Expertly crafted of acacia veneers; Asian hardwood solids and engineered woods; 1.1 density foam; Styling details include the dining table with substantial canted 3 in squared posts with contrasting; Wire-brushed distressing adds depth and character to the collection; 54 in Round Table seats up to six | The wood is hand-stained in a natural multi-step driftwood finish.,"• 54 inW x 18 inD x 36 in
• Expertly crafted of acacia veneers
• Asian hardwood solids and engineered woods
• 1.1 density foam
• Styling details include the dining table with substantial canted 3 in squared posts with contrasting
• Wire-brushed distressing adds depth and character to the collection",Aubrey Server; Steve Silver; Dining; Casual Dining,Shop Aubrey Server by Steve Silver.,,Aubrey Server
SS-ABR500NTT,Aubrey Dining Set Extension w/ Chairs,210,,215,485,Y,N,Aubrey Dining Table w/ Leaf by Steve Silver. Dimensions: 78-96 inL x 42 inD x 30 inH Includes the dining table and matching chairs shown in the catalog image. Features: Expertly crafted of acacia veneers; Asian hardwood solids and engineered woods; 1.1 density foam; Styling details include the dining table with modern double pedestal base with contrasting; Wire-brushed distressing adds depth and character to the collection; The 78-inch table easily expands to 96 inches with the insertion of the included 18-inch leaf to seat; The wood is hand-stained in a natural multi-step driftwood finish.,Aubrey Dining Table w/ Leaf by Steve Silver. Dimensions: 78-96 inL x 42 inD x 30 inH Includes the dining table and matching chairs shown in the catalog image. Features: Expertly crafted of acacia veneers; Asian hardwood solids and engineered woods; 1.1 density foam; Styling details include the dining table with modern double pedestal base with contrasting; Wire-brushed distressing adds depth and character to the collection; The 78-inch table easily expands to 96 inches with the insertion of the included 18-inch leaf to seat; The wood is hand-stained in a natural multi-step driftwood finish.,"• 78-96 inL x 42 inD x 30 inH Includes the dining table and matching chairs shown in the catalog image
• Expertly crafted of acacia veneers
• Asian hardwood solids and engineered woods
• 1.1 density foam
• Styling details include the dining table with modern double pedestal base with contrasting
• Wire-brushed distressing adds depth and character to the collection",Aubrey Dining Set w/ Chairs; Steve Silver; Dining Set; Dining,Shop Aubrey Dining Set w/ Chairs by Steve Silver.,,Aubrey Dining Set w/ Chairs
SS-ABR5454KT,Aubrey Dining Set Round w/ Chairs,210,,215,370,Y,N,Aubrey Round Dining Table by Steve Silver. Dimensions: 54 inL x 54 inD x 30 inH Includes the dining table and matching chairs shown in the catalog image. Features: Expertly crafted of acacia veneers; Asian hardwood solids and engineered woods; 1.1 density foam; Styling details include the dining table with substantial canted 3 in squared posts with contrasting; Wire-brushed distressing adds depth and character to the collection; 54 in Round Table seats up to six | The wood is hand-stained in a natural multi-step black finish that.,Aubrey Round Dining Table by Steve Silver. Dimensions: 54 inL x 54 inD x 30 inH Includes the dining table and matching chairs shown in the catalog image. Features: Expertly crafted of acacia veneers; Asian hardwood solids and engineered woods; 1.1 density foam; Styling details include the dining table with substantial canted 3 in squared posts with contrasting; Wire-brushed distressing adds depth and character to the collection; 54 in Round Table seats up to six | The wood is hand-stained in a natural multi-step black finish that.,"• 54 inL x 54 inD x 30 inH Includes the dining table and matching chairs shown in the catalog image
• Expertly crafted of acacia veneers
• Asian hardwood solids and engineered woods
• 1.1 density foam
• Styling details include the dining table with substantial canted 3 in squared posts with contrasting
• Wire-brushed distressing adds depth and character to the collection",Aubrey Dining Set w/ Chairs; Steve Silver; Dining Set; Dining,Shop Aubrey Dining Set w/ Chairs by Steve Silver.,,Aubrey Dining Set w/ Chairs
SS-ABR5454NT,Aubrey Dining Set Round w/ Chairs,210,,215,370,Y,N,Aubrey Round Dining Table by Steve Silver. Dimensions: 54 inL x 54 inD x 30 inH Includes the dining table and matching chairs shown in the catalog image. Features: Expertly crafted of acacia veneers; Asian hardwood solids and engineered woods; 1.1 density foam; Styling details include the dining table with substantial canted 3 in squared posts with contrasting; Wire-brushed distressing adds depth and character to the collection; 54 in Round Table seats up to six | The wood is hand-stained in a natural multi-step driftwood finish.,Aubrey Round Dining Table by Steve Silver. Dimensions: 54 inL x 54 inD x 30 inH Includes the dining table and matching chairs shown in the catalog image. Features: Expertly crafted of acacia veneers; Asian hardwood solids and engineered woods; 1.1 density foam; Styling details include the dining table with substantial canted 3 in squared posts with contrasting; Wire-brushed distressing adds depth and character to the collection; 54 in Round Table seats up to six | The wood is hand-stained in a natural multi-step driftwood finish.,"• 54 inL x 54 inD x 30 inH Includes the dining table and matching chairs shown in the catalog image
• Expertly crafted of acacia veneers
• Asian hardwood solids and engineered woods
• 1.1 density foam
• Styling details include the dining table with substantial canted 3 in squared posts with contrasting
• Wire-brushed distressing adds depth and character to the collection",Aubrey Dining Set w/ Chairs; Steve Silver; Dining Set; Dining,Shop Aubrey Dining Set w/ Chairs by Steve Silver.,,Aubrey Dining Set w/ Chairs
SS-AD400T,Ally Dining Set w/ Chairs,1830,,215,375,Y,N,Ally Dining Table w/ Leaf by Steve Silver. Dimensions: 60 inL x 42 inD x 30 inH Includes the dining table and matching chairs shown in the catalog image. Features: ; ; ;.,Ally Dining Table w/ Leaf by Steve Silver. Dimensions: 60 inL x 42 inD x 30 inH Includes the dining table and matching chairs shown in the catalog image. Features: ; ; ;.,• 60 inL x 42 inD x 30 inH Includes the dining table and matching chairs shown in the catalog image,Ally Dining Set w/ Chairs; Steve Silver; Dining Set; Dining,Shop Ally Dining Set w/ Chairs by Steve Silver.,,Ally Dining Set w/ Chairs
SS-AG150C,Mixed Media Occasional Cocktail Table,520,,195,110,Y,N,Mixed Media Occasional Cocktail Table by Steve Silver. Dimensions: 36 inW x 36 inD x 18 inH Features: Constructed of Silvershield Â® 3D PVC laminate top that resists scratches; heat and; Contemporary geometric design with square tops add architectural element to.,Mixed Media Occasional Cocktail Table by Steve Silver. Dimensions: 36 inW x 36 inD x 18 inH Features: Constructed of Silvershield Â® 3D PVC laminate top that resists scratches; heat and; Contemporary geometric design with square tops add architectural element to.,"• 36 inW x 36 inD x 18 inH
• Constructed of Silvershield Â® 3D PVC laminate top that resists scratches
• Contemporary geometric design with square tops add architectural element to",Mixed Media Occasional Cocktail Table; Steve Silver; Occasional; Mixed Media Occasional,Shop Mixed Media Occasional Cocktail Table by Steve Silver.,,Mixed Media Occasional Cocktail Table
SS-AG150E,Mixed Media Occasional End Table,310,,195,60,Y,N,Mixed Media Occasional End Table by Steve Silver. Dimensions: 23 inW x 23 inD x 23 inH Features: Constructed of Silvershield Â® 3D PVC laminate top that resists scratches; heat and; Contemporary geometric design with square tops add architectural element to.,Mixed Media Occasional End Table by Steve Silver. Dimensions: 23 inW x 23 inD x 23 inH Features: Constructed of Silvershield Â® 3D PVC laminate top that resists scratches; heat and; Contemporary geometric design with square tops add architectural element to.,"• 23 inW x 23 inD x 23 inH
• Constructed of Silvershield Â® 3D PVC laminate top that resists scratches
• Contemporary geometric design with square tops add architectural element to",Mixed Media Occasional End Table; Steve Silver; Occasional; Mixed Media Occasional,Shop Mixed Media Occasional End Table by Steve Silver.,,Mixed Media Occasional End Table
SS-ALEX-CHOC-PWR-SECT,"Alexandria Leather 6-Piece Power Reclining Sectional, Chocolate",2240,,"139, 198, 188",465,,N,"<p>Surrender to the embrace of the Alexandria Sectional, where the finest leather craftsmanship meets innovative design. Let the dayâ€™s stress melt away as you recline in opulence, feeling the cool and delicate touch of our specially dyed Chocolate leather. Perfectly neutral, this hue effortlessly elevates and matches any interior dÃ©cor. Tailored for those who refuse to compromise on comfort, our power footrest gently guides you to your perfect relaxation angle. Dive into the generous 7-inch seat cushions, masterfully padded for a plush seating experience. The sectionalâ€™s sleek, modern lines guarantee that you wonâ€™t have to trade style for coziness. Stay connected effortlessly. With built-in USB ports, the Alexandria ensures your devices remain powered, keeping you and your loved ones entertained. Ready to host? This 6-piece luxury set has room for everyone, ensuring shared moments are wrapped in unparalleled luxury.</p>","Surrender to the embrace of the Alexandria Sectional, where the finest leather craftsmanship meets innovative design. Let the dayâ€™s stress melt away as you recline in opulence, feeling the cool and delicate touch of our specially dyed Chocolate leather. Perfectly neutral, this hue effortlessly elevates and matches any interior dÃ©cor. Tailored for those who refuse to compromise on comfort, our power footrest gently guides you to your perfect relaxation angle. Dive into the generous 7-inch seat cushions, masterfully padded for a plush seating experience. The sectionalâ€™s sleek, modern lines guarantee that you wonâ€™t have to trade style for coziness. Stay connected effortlessly. With built-in USB ports, the Alexandria ensures your devices remain powered, keeping you and your loved ones entertained. Ready to host? This 6-piece luxury set has room for everyone, ensuring shared moments are wrapped in unparalleled luxury.","<ul><li><strong>Cover:</strong> Top-grain leather on seating and front-facing surfaces with coordinating vegan leather on sides and back</li><li><strong>Color:</strong> Chocolate</li><li><strong>Construction:</strong> Engineered-wood frame, no-sag sinuous-spring and web suspension, 1.9-density high-resiliency foam, and removable backs</li><li><strong>Dimensions:</strong> Overall configuration approximately 97.5W x 110.5W x 39.5D x 41H in.; modular pieces include 33.5W power ends, 24W armless seats, 13W console, and 40W wedge</li><li><strong>Motion:</strong> Power reclining footrest with approximately 143-degree recline and 3-inch wall clearance</li><li><strong>Special Features:</strong> 6-piece modular configuration with center storage console and two removable cupholders; Built-in USB charging, plush 7-inch seat cushions, and 350 lb. weight capacity per seat</li></ul>",Alexandria Leather 6-Piece Power Reclining Sectional; Steve Silver,"Shop Alexandria Leather 6-Piece Power Reclining Sectional, Chocolate at McCabe's Theater & Living. Surrender to the embrace of the Alexandria Sectional, where the finest leather craftsmanship meets innovative design. Let the dayâ€™s stress.",Alexandria Leather 6-Piece Power Reclining Sectional; Steve Silver,"Alexandria Leather 6-Piece Power Reclining Sectional, Chocolate"
SS-ALEX-STONE-PWR-SECT,"Alexandria Leather 6-Piece Power Reclining Sectional, Stone",2240,,"139, 198, 188",465,,N,"<p>Surrender to the embrace of the Alexandria Sectional, where the finest leather craftsmanship meets innovative design. Let the dayâ€™s stress melt away as you recline in opulence, feeling the cool and delicate touch of our specially dyed Stone leather. Perfectly neutral, this hue effortlessly elevates and matches any interior dÃ©cor. Tailored for those who refuse to compromise on comfort, our power footrest gently guides you to your perfect relaxation angle. Dive into the generous 7-inch seat cushions, masterfully padded for a plush seating experience. The sectionalâ€™s sleek, modern lines guarantee that you wonâ€™t have to trade style for coziness. Stay connected effortlessly. With built-in USB ports, the Alexandria ensures your devices remain powered, keeping you and your loved ones entertained. Ready to host? This 6-piece luxury set has room for everyone, ensuring shared moments are wrapped in unparalleled luxury.</p>","Surrender to the embrace of the Alexandria Sectional, where the finest leather craftsmanship meets innovative design. Let the dayâ€™s stress melt away as you recline in opulence, feeling the cool and delicate touch of our specially dyed Stone leather. Perfectly neutral, this hue effortlessly elevates and matches any interior dÃ©cor. Tailored for those who refuse to compromise on comfort, our power footrest gently guides you to your perfect relaxation angle. Dive into the generous 7-inch seat cushions, masterfully padded for a plush seating experience. The sectionalâ€™s sleek, modern lines guarantee that you wonâ€™t have to trade style for coziness. Stay connected effortlessly. With built-in USB ports, the Alexandria ensures your devices remain powered, keeping you and your loved ones entertained. Ready to host? This 6-piece luxury set has room for everyone, ensuring shared moments are wrapped in unparalleled luxury.","<ul><li><strong>Cover:</strong> Top-grain leather on seating and front-facing surfaces with coordinating vegan leather on sides and back</li><li><strong>Color:</strong> Stone</li><li><strong>Construction:</strong> Engineered-wood frame, no-sag sinuous-spring and web suspension, 1.9-density high-resiliency foam, and removable backs</li><li><strong>Dimensions:</strong> Overall configuration approximately 97.5W x 110.5W x 39.5D x 41H in.; modular pieces include 33.5W power ends, 24W armless seats, 13W console, and 40W wedge</li><li><strong>Motion:</strong> Power reclining footrest with approximately 143-degree recline and 3-inch wall clearance</li><li><strong>Special Features:</strong> 6-piece modular configuration with center storage console and two removable cupholders; Built-in USB charging, plush 7-inch seat cushions, and 350 lb. weight capacity per seat</li></ul>",Alexandria Leather 6-Piece Power Reclining Sectional; Steve Silver,"Shop Alexandria Leather 6-Piece Power Reclining Sectional, Stone at McCabe's Theater & Living. Surrender to the embrace of the Alexandria Sectional, where the finest leather craftsmanship meets innovative design. Let the dayâ€™s stress.",Alexandria Leather 6-Piece Power Reclining Sectional; Steve Silver,"Alexandria Leather 6-Piece Power Reclining Sectional, Stone"
SS-ALEXANDRIA-CHOCOLATE-80LOVE,"Alexandria Leather Power Reclining Console Loveseat, Chocolate",1239,,"199, 147",185,,N,"<p>Embrace refined comfort with the Alexandria Leather Reclining Console Loveseat. Upholstered in warm, versatile Chocolate leather, it complements any dÃ©cor with understated elegance. Enjoy a 143-degree power recline that works efficiently with just 3â€³ of wall clearance. Plush 7-inch cushions provide deep, supportive seating, while the center console adds practical storage. Stay connected with built-in USB ports. Designed for style and function, this loveseat brings modern convenience and timeless comfort together in one beautifully crafted piece.</p>","Embrace refined comfort with the Alexandria Leather Reclining Console Loveseat. Upholstered in warm, versatile Chocolate leather, it complements any dÃ©cor with understated elegance. Enjoy a 143-degree power recline that works efficiently with just 3â€³ of wall clearance. Plush 7-inch cushions provide deep, supportive seating, while the center console adds practical storage. Stay connected with built-in USB ports. Designed for style and function, this loveseat brings modern convenience and timeless comfort together in one beautifully crafted piece.","<ul><li><strong>Cover:</strong> Top-grain leather on seating and front-facing surfaces with coordinating vegan leather on sides and back</li><li><strong>Color:</strong> Chocolate</li><li><strong>Construction:</strong> Engineered-wood frame, no-sag sinuous-spring and web suspension, 1.9-density high-resiliency foam, and removable backs</li><li><strong>Dimensions:</strong> 80W x 39.5D x 41H in.</li><li><strong>Motion:</strong> Power reclining footrest with approximately 143-degree recline and 3-inch wall clearance</li><li><strong>Special Features:</strong> Center console with concealed storage and two removable cupholders; Built-in USB charging, plush 7-inch seat cushions, and 350 lb. weight capacity per seat</li></ul>",Alexandria Leather Power Reclining Console Loveseat; Steve Silver,"Shop Alexandria Leather Power Reclining Console Loveseat, Chocolate at McCabe's Theater & Living. Embrace refined comfort with the Alexandria Leather Reclining Console Loveseat. Upholstered in warm, versatile Chocolate leather, it complem.",Alexandria Leather Power Reclining Console Loveseat; Steve Silver,"Alexandria Leather Power Reclining Console Loveseat, Chocolate"
SS-ALEXANDRIA-CHOCOLATE-91SOFA,"Alexandria Power Leather Reclining Sofa, Chocolate",1239,,"139, 197, 179",210,,N,"<p>Redefine comfort with the Alexandria 3-Piece Reclining Sofa in Chocolate. Expertly upholstered in premium neutral leather, it blends seamlessly into any space with timeless appeal. Each end seat offers a smooth 143-degree power recline with just 3â€³ of wall clearance, ideal for modern living. Generous 7-inch cushions provide deep, supportive seating, while built-in USB ports keep your devices charged and close. Designed for style, function, and comfort, the Alexandria Sofa is your invitation to relax in effortless luxury.</p>","Redefine comfort with the Alexandria 3-Piece Reclining Sofa in Chocolate. Expertly upholstered in premium neutral leather, it blends seamlessly into any space with timeless appeal. Each end seat offers a smooth 143-degree power recline with just 3â€³ of wall clearance, ideal for modern living. Generous 7-inch cushions provide deep, supportive seating, while built-in USB ports keep your devices charged and close. Designed for style, function, and comfort, the Alexandria Sofa is your invitation to relax in effortless luxury.","<ul><li><strong>Cover:</strong> Top-grain leather on seating and front-facing surfaces with coordinating vegan leather on sides and back</li><li><strong>Color:</strong> Chocolate</li><li><strong>Construction:</strong> Engineered-wood frame, no-sag sinuous-spring and web suspension, 1.9-density high-resiliency foam, and removable backs</li><li><strong>Dimensions:</strong> 91W x 39.5D x 41H in.</li><li><strong>Motion:</strong> Power reclining footrest with approximately 143-degree recline and 3-inch wall clearance</li><li><strong>Special Features:</strong> Power-reclining end seats with stationary center seat; Built-in USB charging, plush 7-inch seat cushions, and 350 lb. weight capacity per seat</li></ul>",Alexandria Power Leather Reclining Sofa; Steve Silver,"Shop Alexandria Power Leather Reclining Sofa, Chocolate at McCabe's Theater & Living. Redefine comfort with the Alexandria 3-Piece Reclining Sofa in Chocolate. Expertly upholstered in premium neutral leather, it blends seamles.",Alexandria Power Leather Reclining Sofa; Steve Silver,"Alexandria Power Leather Reclining Sofa, Chocolate"
SS-ALEXANDRIA-CHOCOLATE-RECL,"Alexandria Leather Power Recliner, Chocolate",739,,186,125,,N,"<p>Create your own personal space of comfort with the Alexandria Power Recliner in Chocolate. Crafted with premium leather in a versatile, warm tone, it fits effortlessly into any room. The smooth power mechanism offers a 143-degree recline while needing only 3â€³ of wall clearanceâ€”ideal for space-conscious settings. Sink into 7-inch plush cushioning designed for full-body support. A built-in USB charger keeps your devices powered and close. Perfectly tailored and thoughtfully engineered, the Alexandria Recliner blends modern convenience with timeless relaxation.</p>","Create your own personal space of comfort with the Alexandria Power Recliner in Chocolate. Crafted with premium leather in a versatile, warm tone, it fits effortlessly into any room. The smooth power mechanism offers a 143-degree recline while needing only 3â€³ of wall clearanceâ€”ideal for space-conscious settings. Sink into 7-inch plush cushioning designed for full-body support. A built-in USB charger keeps your devices powered and close. Perfectly tailored and thoughtfully engineered, the Alexandria Recliner blends modern convenience with timeless relaxation.","<ul><li><strong>Cover:</strong> Top-grain leather on seating and front-facing surfaces with coordinating vegan leather on sides and back</li><li><strong>Color:</strong> Chocolate</li><li><strong>Construction:</strong> Engineered-wood frame, no-sag sinuous-spring and web suspension, 1.9-density high-resiliency foam, and removable backs</li><li><strong>Dimensions:</strong> 40W x 39D x 41H in.</li><li><strong>Motion:</strong> Power reclining footrest with approximately 143-degree recline and 3-inch wall clearance</li><li><strong>Special Features:</strong> Single-seat power recliner; Built-in USB charging, plush 7-inch seat cushions, and 350 lb. weight capacity per seat</li></ul>",Alexandria Leather Power Recliner; Steve Silver,"Shop Alexandria Leather Power Recliner, Chocolate at McCabe's Theater & Living. Create your own personal space of comfort with the Alexandria Power Recliner in Chocolate. Crafted with premium leather in a versatile, warm.",Alexandria Leather Power Recliner; Steve Silver,"Alexandria Leather Power Recliner, Chocolate"
SS-ALEXANDRIA-STONE-80LOVE,"Alexandria Leather Power Reclining Console Loveseat, Stone",1239,,"199, 147",185,,N,"<p>Embrace refined comfort with the Alexandria Leather Reclining Console Loveseat. Upholstered in cool, versatile Stone leather, it complements any dÃ©cor with understated elegance. Enjoy a 143-degree power recline that works efficiently with just 3â€³ of wall clearance. Plush 7-inch cushions provide deep, supportive seating, while the center console adds practical storage. Stay connected with built-in USB ports. Designed for style and function, this loveseat brings modern convenience and timeless comfort together in one beautifully crafted piece.</p>","Embrace refined comfort with the Alexandria Leather Reclining Console Loveseat. Upholstered in cool, versatile Stone leather, it complements any dÃ©cor with understated elegance. Enjoy a 143-degree power recline that works efficiently with just 3â€³ of wall clearance. Plush 7-inch cushions provide deep, supportive seating, while the center console adds practical storage. Stay connected with built-in USB ports. Designed for style and function, this loveseat brings modern convenience and timeless comfort together in one beautifully crafted piece.","<ul><li><strong>Cover:</strong> Top-grain leather on seating and front-facing surfaces with coordinating vegan leather on sides and back</li><li><strong>Color:</strong> Stone</li><li><strong>Construction:</strong> Engineered-wood frame, no-sag sinuous-spring and web suspension, 1.9-density high-resiliency foam, and removable backs</li><li><strong>Dimensions:</strong> 80W x 39.5D x 41H in.</li><li><strong>Motion:</strong> Power reclining footrest with approximately 143-degree recline and 3-inch wall clearance</li><li><strong>Special Features:</strong> Center console with concealed storage and two removable cupholders; Built-in USB charging, plush 7-inch seat cushions, and 350 lb. weight capacity per seat</li></ul>",Alexandria Leather Power Reclining Console Loveseat; Steve Silver,"Shop Alexandria Leather Power Reclining Console Loveseat, Stone at McCabe's Theater & Living. Embrace refined comfort with the Alexandria Leather Reclining Console Loveseat. Upholstered in cool, versatile Stone leather, it complements.",Alexandria Leather Power Reclining Console Loveseat; Steve Silver,"Alexandria Leather Power Reclining Console Loveseat, Stone"
SS-ALEXANDRIA-STONE-91SOFA,"Alexandria Power Leather Reclining Sofa, Stone",1239,,"139, 197, 179",210,,N,"<p>Redefine comfort with the Alexandria 3-Piece Reclining Sofa in Stone. Expertly upholstered in premium neutral leather, it blends seamlessly into any space with timeless appeal. Each end seat offers a smooth 143-degree power recline with just 3â€³ of wall clearance, ideal for modern living. Generous 7-inch cushions provide deep, supportive seating, while built-in USB ports keep your devices charged and close. Designed for style, function, and comfort, the Alexandria Sofa is your invitation to relax in effortless luxury.</p>","Redefine comfort with the Alexandria 3-Piece Reclining Sofa in Stone. Expertly upholstered in premium neutral leather, it blends seamlessly into any space with timeless appeal. Each end seat offers a smooth 143-degree power recline with just 3â€³ of wall clearance, ideal for modern living. Generous 7-inch cushions provide deep, supportive seating, while built-in USB ports keep your devices charged and close. Designed for style, function, and comfort, the Alexandria Sofa is your invitation to relax in effortless luxury.","<ul><li><strong>Cover:</strong> Top-grain leather on seating and front-facing surfaces with coordinating vegan leather on sides and back</li><li><strong>Color:</strong> Stone</li><li><strong>Construction:</strong> Engineered-wood frame, no-sag sinuous-spring and web suspension, 1.9-density high-resiliency foam, and removable backs</li><li><strong>Dimensions:</strong> 91W x 39.5D x 41H in.</li><li><strong>Motion:</strong> Power reclining footrest with approximately 143-degree recline and 3-inch wall clearance</li><li><strong>Special Features:</strong> Power-reclining end seats with stationary center seat; Built-in USB charging, plush 7-inch seat cushions, and 350 lb. weight capacity per seat</li></ul>",Alexandria Power Leather Reclining Sofa; Steve Silver,"Shop Alexandria Power Leather Reclining Sofa, Stone at McCabe's Theater & Living. Redefine comfort with the Alexandria 3-Piece Reclining Sofa in Stone. Expertly upholstered in premium neutral leather, it blends seamlessly.",Alexandria Power Leather Reclining Sofa; Steve Silver,"Alexandria Power Leather Reclining Sofa, Stone"
SS-ALEXANDRIA-STONE-RECL,"Alexandria Leather Power Recliner, Stone",1239,,186,125,,N,"<p>Create your own personal space of comfort with the Alexandria Power Recliner in Stone. Crafted with premium leather in a versatile, neutral tone, it fits effortlessly into any room. The smooth power mechanism offers a 143-degree recline while needing only 3â€³ of wall clearanceâ€”ideal for space-conscious settings. Sink into 7-inch plush cushioning designed for full-body support. A built-in USB charger keeps your devices powered and close. Perfectly tailored and thoughtfully engineered, the Alexandria Recliner blends modern convenience with timeless relaxation.</p>","Create your own personal space of comfort with the Alexandria Power Recliner in Stone. Crafted with premium leather in a versatile, neutral tone, it fits effortlessly into any room. The smooth power mechanism offers a 143-degree recline while needing only 3â€³ of wall clearanceâ€”ideal for space-conscious settings. Sink into 7-inch plush cushioning designed for full-body support. A built-in USB charger keeps your devices powered and close. Perfectly tailored and thoughtfully engineered, the Alexandria Recliner blends modern convenience with timeless relaxation.","<ul><li><strong>Cover:</strong> Top-grain leather on seating and front-facing surfaces with coordinating vegan leather on sides and back</li><li><strong>Color:</strong> Stone</li><li><strong>Construction:</strong> Engineered-wood frame, no-sag sinuous-spring and web suspension, 1.9-density high-resiliency foam, and removable backs</li><li><strong>Dimensions:</strong> 40W x 39D x 41H in.</li><li><strong>Motion:</strong> Power reclining footrest with approximately 143-degree recline and 3-inch wall clearance</li><li><strong>Special Features:</strong> Single-seat power recliner; Built-in USB charging, plush 7-inch seat cushions, and 350 lb. weight capacity per seat</li></ul>",Alexandria Leather Power Recliner; Steve Silver,"Shop Alexandria Leather Power Recliner, Stone at McCabe's Theater & Living. Create your own personal space of comfort with the Alexandria Power Recliner in Stone. Crafted with premium leather in a versatile, neutral.",Alexandria Leather Power Recliner; Steve Silver,"Alexandria Leather Power Recliner, Stone"
SS-AM200C,Mixed Media Occasional Cocktail Table,520,,195,110,Y,N,Mixed Media Occasional Cocktail Table by Steve Silver. Dimensions: 48 inW x 28 inD x 18 inH Features: Constructed of basswood solids and veneers with distressed; rustic charcoal; Sturdy; rustic styling with combination of wood and metal finishes; Styling features include demilune stretchers connected in middle and.,Mixed Media Occasional Cocktail Table by Steve Silver. Dimensions: 48 inW x 28 inD x 18 inH Features: Constructed of basswood solids and veneers with distressed; rustic charcoal; Sturdy; rustic styling with combination of wood and metal finishes; Styling features include demilune stretchers connected in middle and.,"• 48 inW x 28 inD x 18 inH
• Constructed of basswood solids and veneers with distressed
• rustic charcoal
• rustic styling with combination of wood and metal finishes
• Styling features include demilune stretchers connected in middle and",Mixed Media Occasional Cocktail Table; Steve Silver; Occasional; Mixed Media Occasional,Shop Mixed Media Occasional Cocktail Table by Steve Silver.,,Mixed Media Occasional Cocktail Table
SS-AM200E,Mixed Media Occasional End Table,310,,195,60,Y,N,Mixed Media Occasional End Table by Steve Silver. Dimensions: 22 inW x 22 inD x 24 inH Features: Constructed of basswood solids and veneers with distressed; rustic charcoal; Sturdy; rustic styling with combination of wood and metal finishes; Styling features include demilune stretchers connected in middle and.,Mixed Media Occasional End Table by Steve Silver. Dimensions: 22 inW x 22 inD x 24 inH Features: Constructed of basswood solids and veneers with distressed; rustic charcoal; Sturdy; rustic styling with combination of wood and metal finishes; Styling features include demilune stretchers connected in middle and.,"• 22 inW x 22 inD x 24 inH
• Constructed of basswood solids and veneers with distressed
• rustic charcoal
• rustic styling with combination of wood and metal finishes
• Styling features include demilune stretchers connected in middle and",Mixed Media Occasional End Table; Steve Silver; Occasional; Mixed Media Occasional,Shop Mixed Media Occasional End Table by Steve Silver.,,Mixed Media Occasional End Table
SS-AR200C,Charlestown Lift Top Cocktail Table w/ Casters,390,,195,110,Y,N,Charlestown Lift Top Cocktail Table w/ Casters by Steve Silver. Dimensions: 48 inW x 28 inD x 21 inH Features: Constructed of hardwood solids and mango veneers in a medium cherry finish; Lift-top cocktail table features casters for easy mobility; Sturdy design and scale; Cocktail and end table offer bottom shelf for storage while complementing sofa.,Charlestown Lift Top Cocktail Table w/ Casters by Steve Silver. Dimensions: 48 inW x 28 inD x 21 inH Features: Constructed of hardwood solids and mango veneers in a medium cherry finish; Lift-top cocktail table features casters for easy mobility; Sturdy design and scale; Cocktail and end table offer bottom shelf for storage while complementing sofa.,"• 48 inW x 28 inD x 21 inH
• Constructed of hardwood solids and mango veneers in a medium cherry finish
• Lift-top cocktail table features casters for easy mobility
• Sturdy design and scale
• Cocktail and end table offer bottom shelf for storage while complementing sofa",Charlestown Lift Top Cocktail Table w/ Casters; Steve Silver; Occasional; Lift-Top Coffee Tables,Shop Charlestown Lift Top Cocktail Table w/ Casters by Steve Silver.,,Charlestown Lift Top Cocktail Table w/ Casters
SS-AR200E,Charlestown End Table,210,,195,60,Y,N,Charlestown End Table by Steve Silver. Dimensions: 24 inW x 24 inD x 24 inH Features: Constructed of hardwood solids and mango veneers in a medium cherry finish; Lift-top cocktail table features casters for easy mobility; Sturdy design and scale; Cocktail and end table offer bottom shelf for storage while complementing sofa.,Charlestown End Table by Steve Silver. Dimensions: 24 inW x 24 inD x 24 inH Features: Constructed of hardwood solids and mango veneers in a medium cherry finish; Lift-top cocktail table features casters for easy mobility; Sturdy design and scale; Cocktail and end table offer bottom shelf for storage while complementing sofa.,"• 24 inW x 24 inD x 24 inH
• Constructed of hardwood solids and mango veneers in a medium cherry finish
• Lift-top cocktail table features casters for easy mobility
• Sturdy design and scale
• Cocktail and end table offer bottom shelf for storage while complementing sofa",Charlestown End Table; Steve Silver; Occasional; Lift-Top Coffee Tables,Shop Charlestown End Table by Steve Silver.,,Charlestown End Table
SS-AR200TV,Tv Stands Tv Stand,410,,195,120,Y,N,TV Stands TV Stand by Steve Silver. Dimensions: 64 inW x 17 inD x 20 inH Features: Crafted from hardwood solids and mango veneers; fortified by kiln-drying to better resist; The wood is hand-stained in a natural multi-step medium cherry finish to highlight the; Its low-profile design is crafted for the ideal TV viewing experience. Perfectly sized at 65; Two wire escape holes at the back keep cables tidy; promoting a sleek and organized look..,TV Stands TV Stand by Steve Silver. Dimensions: 64 inW x 17 inD x 20 inH Features: Crafted from hardwood solids and mango veneers; fortified by kiln-drying to better resist; The wood is hand-stained in a natural multi-step medium cherry finish to highlight the; Its low-profile design is crafted for the ideal TV viewing experience. Perfectly sized at 65; Two wire escape holes at the back keep cables tidy; promoting a sleek and organized look..,"• 64 inW x 17 inD x 20 inH
• Crafted from hardwood solids and mango veneers
• fortified by kiln-drying to better resist
• The wood is hand-stained in a natural multi-step medium cherry finish to highlight the
• Its low-profile design is crafted for the ideal TV viewing experience. Perfectly sized at 65
• Two wire escape holes at the back keep cables tidy",TV Stands TV Stand; Steve Silver; Occasional; TV Stands,Shop Tv Stands Tv Stand by Steve Silver.,,Tv Stands Tv Stand
SS-AR500SB,Bar w/ Foot Rail,1380,,194,250,Y,N,Bar w/ Foot Rail by Steve Silver. Dimensions: 51 inW x 21 inD x 41 inH Features: Demilune mixed media bar; Features smoked tempered glass shelves and stemware rack; Decorative footrest with levelers.,Bar w/ Foot Rail by Steve Silver. Dimensions: 51 inW x 21 inD x 41 inH Features: Demilune mixed media bar; Features smoked tempered glass shelves and stemware rack; Decorative footrest with levelers.,"• 51 inW x 21 inD x 41 inH
• Demilune mixed media bar
• Features smoked tempered glass shelves and stemware rack
• Decorative footrest with levelers",Bar w/ Foot Rail; Steve Silver; Game Room; Bar & Counter,Shop Bar w/ Foot Rail by Steve Silver.,,Bar w/ Foot Rail
SS-AS700TC,Canton Dining Set w/ Chairs,2210,,215,455,Y,N,Canton Dining Table w/ Leaf by Steve Silver. Dimensions: 60-78 inL x 42 inD x 30 inH Includes the dining table and matching chairs shown in the catalog image. Features: Table is constructed of acacia solids and ash veneers; Styling details include unique double top design with fancy face ash veneer layup on the table top; Chair has contemporary ladderback design and polyurethane upholstered seat for added comfort; Locking table leaf allows for expandibility for additional seating; Seating includes side chair and/or bench for seating flexibiliy; Antique charcoal finish.,Canton Dining Table w/ Leaf by Steve Silver. Dimensions: 60-78 inL x 42 inD x 30 inH Includes the dining table and matching chairs shown in the catalog image. Features: Table is constructed of acacia solids and ash veneers; Styling details include unique double top design with fancy face ash veneer layup on the table top; Chair has contemporary ladderback design and polyurethane upholstered seat for added comfort; Locking table leaf allows for expandibility for additional seating; Seating includes side chair and/or bench for seating flexibiliy; Antique charcoal finish.,"• 60-78 inL x 42 inD x 30 inH Includes the dining table and matching chairs shown in the catalog image
• Table is constructed of acacia solids and ash veneers
• Styling details include unique double top design with fancy face ash veneer layup on the table top
• Chair has contemporary ladderback design and polyurethane upholstered seat for added comfort
• Locking table leaf allows for expandibility for additional seating
• Seating includes side chair and/or bench for seating flexibiliy",Canton Dining Set w/ Chairs; Steve Silver; Dining Set; Dining,Shop Canton Dining Set w/ Chairs by Steve Silver.,,Canton Dining Set w/ Chairs
SS-AUB100KC,Casual Occasional Table,520,,195,110,Y,N,Casual Occasional Coffee Table by Steve Silver. Dimensions: 48 inW x 28 inD x 18 inH Features: Expertly crafted of acacia veneers; Asian hardwood solids and engineered woods; Kiln-dried wood helps prevent warping; splitting; cracking and developing mildew.; Plastic glides keep the table from scratching floor; Wood cross stretchers provide enhanced stability and durability; ensuring long-lasting support for; The wood is hand-stained in a natural multi-step black finish with driftwood stretchers that highlights; Two-tone finish allows for mixing and matching with other finishes in the Aubrey collection.,Casual Occasional Coffee Table by Steve Silver. Dimensions: 48 inW x 28 inD x 18 inH Features: Expertly crafted of acacia veneers; Asian hardwood solids and engineered woods; Kiln-dried wood helps prevent warping; splitting; cracking and developing mildew.; Plastic glides keep the table from scratching floor; Wood cross stretchers provide enhanced stability and durability; ensuring long-lasting support for; The wood is hand-stained in a natural multi-step black finish with driftwood stretchers that highlights; Two-tone finish allows for mixing and matching with other finishes in the Aubrey collection.,"• 48 inW x 28 inD x 18 inH
• Expertly crafted of acacia veneers
• Asian hardwood solids and engineered woods
• Kiln-dried wood helps prevent warping
• splitting
• cracking and developing mildew",Casual Occasional Coffee Table; Steve Silver; Occasional; Casual Occasional,Shop Casual Occasional Table by Steve Silver.,,Casual Occasional Table
SS-AUB100KE,Casual Occasional End Table,310,,195,60,Y,N,Casual Occasional End Table by Steve Silver. Dimensions: 24 inW x 24 inD x 24 inH Features: Expertly crafted of acacia veneers; Asian hardwood solids and engineered woods; Kiln-dried wood helps prevent warping; splitting; cracking and developing mildew.; Plastic glides keep the table from scratching floor; Wood cross stretchers provide enhanced stability and durability; ensuring long-lasting support for; The wood is hand-stained in a natural multi-step black finish with driftwood stretchers that highlights; Two-tone finish allows for mixing and matching with other finishes in the Aubrey collection.,Casual Occasional End Table by Steve Silver. Dimensions: 24 inW x 24 inD x 24 inH Features: Expertly crafted of acacia veneers; Asian hardwood solids and engineered woods; Kiln-dried wood helps prevent warping; splitting; cracking and developing mildew.; Plastic glides keep the table from scratching floor; Wood cross stretchers provide enhanced stability and durability; ensuring long-lasting support for; The wood is hand-stained in a natural multi-step black finish with driftwood stretchers that highlights; Two-tone finish allows for mixing and matching with other finishes in the Aubrey collection.,"• 24 inW x 24 inD x 24 inH
• Expertly crafted of acacia veneers
• Asian hardwood solids and engineered woods
• Kiln-dried wood helps prevent warping
• splitting
• cracking and developing mildew",Casual Occasional End Table; Steve Silver; Occasional; Casual Occasional,Shop Casual Occasional End Table by Steve Silver.,,Casual Occasional End Table
SS-AUB100NC,Casual Occasional Table,520,,195,110,Y,N,Casual Occasional Coffee Table by Steve Silver. Dimensions: 48 inW x 28 inD x 18 inH Features: Expertly crafted of acacia veneers; Asian hardwood solids and engineered woods; Kiln-dried wood helps prevent warping; splitting; cracking and developing mildew.; Plastic glides keep the table from scratching floor; Wood cross stretchers provide enhanced stability and durability; ensuring long-lasting; The wood is hand-stained in a natural multi-step driftwood finish with black stretchers that; Two-tone finish allows for mixing and matching with other finishes in the Aubrey collection.,Casual Occasional Coffee Table by Steve Silver. Dimensions: 48 inW x 28 inD x 18 inH Features: Expertly crafted of acacia veneers; Asian hardwood solids and engineered woods; Kiln-dried wood helps prevent warping; splitting; cracking and developing mildew.; Plastic glides keep the table from scratching floor; Wood cross stretchers provide enhanced stability and durability; ensuring long-lasting; The wood is hand-stained in a natural multi-step driftwood finish with black stretchers that; Two-tone finish allows for mixing and matching with other finishes in the Aubrey collection.,"• 48 inW x 28 inD x 18 inH
• Expertly crafted of acacia veneers
• Asian hardwood solids and engineered woods
• Kiln-dried wood helps prevent warping
• splitting
• cracking and developing mildew",Casual Occasional Coffee Table; Steve Silver; Occasional; Casual Occasional,Shop Casual Occasional Table by Steve Silver.,,Casual Occasional Table
SS-AUB100NE,Casual Occasional End Table,310,,195,60,Y,N,Casual Occasional End Table by Steve Silver. Dimensions: 24 inW x 24 inD x 24 inH Features: Expertly crafted of acacia veneers; Asian hardwood solids and engineered woods; Kiln-dried wood helps prevent warping; splitting; cracking and developing mildew.; Plastic glides keep the table from scratching floor; Wood cross stretchers provide enhanced stability and durability; ensuring long-lasting; The wood is hand-stained in a natural multi-step driftwood finish with black stretchers that; Two-tone finish allows for mixing and matching with other finishes in the Aubrey collection.,Casual Occasional End Table by Steve Silver. Dimensions: 24 inW x 24 inD x 24 inH Features: Expertly crafted of acacia veneers; Asian hardwood solids and engineered woods; Kiln-dried wood helps prevent warping; splitting; cracking and developing mildew.; Plastic glides keep the table from scratching floor; Wood cross stretchers provide enhanced stability and durability; ensuring long-lasting; The wood is hand-stained in a natural multi-step driftwood finish with black stretchers that; Two-tone finish allows for mixing and matching with other finishes in the Aubrey collection.,"• 24 inW x 24 inD x 24 inH
• Expertly crafted of acacia veneers
• Asian hardwood solids and engineered woods
• Kiln-dried wood helps prevent warping
• splitting
• cracking and developing mildew",Casual Occasional End Table; Steve Silver; Occasional; Casual Occasional,Shop Casual Occasional End Table by Steve Silver.,,Casual Occasional End Table
SS-AUB500SV,Auburn Server,1120,,217,230,Y,N,Auburn Server by Steve Silver. Dimensions: 71.25 inW x 19 inD x 38 inH Features: Crafted from Acacia veneers with Asian hardwoods and engineered woods; The table expands from 86 inches to 106 and 126 inches long with the addition of; Server has felt-lined drawer; 2 deep pull-out drawers; cubbies and 2 adj shelves; Wood scoring; finish rubthrough and worn edges technique adds a distressed look;; The chair has a 300 lb. weight capacity ensures durability and reliable support.; The wood is hand-stained in a natural multi-step burnished dark tobacco finish to.,Auburn Server by Steve Silver. Dimensions: 71.25 inW x 19 inD x 38 inH Features: Crafted from Acacia veneers with Asian hardwoods and engineered woods; The table expands from 86 inches to 106 and 126 inches long with the addition of; Server has felt-lined drawer; 2 deep pull-out drawers; cubbies and 2 adj shelves; Wood scoring; finish rubthrough and worn edges technique adds a distressed look;; The chair has a 300 lb. weight capacity ensures durability and reliable support.; The wood is hand-stained in a natural multi-step burnished dark tobacco finish to.,"• 71.25 inW x 19 inD x 38 inH
• Crafted from Acacia veneers with Asian hardwoods and engineered woods
• The table expands from 86 inches to 106 and 126 inches long with the addition of
• Server has felt-lined drawer
• 2 deep pull-out drawers
• cubbies and 2 adj shelves",Auburn Server; Steve Silver; Dining; Casual Dining 71,Shop Auburn Server by Steve Silver.,,Auburn Server
SS-AY200B,Adrian Buffet,1120,,217,230,Y,N,Adrian Buffet by Steve Silver. Dimensions: 69 inW x 21 inD x 35 inH Features: Constructed of hardwood solids and fancy face cherry veneers with maple and; Multiple design elements and carving details throughout the collection; Multi-step hand-applied glaze finish in a warm brown cherry; Chairs are constructed of upholstered polyurethane and feature antiqued brass; Shaped buffet with drawers and adjustable wood shelves is topped with a bonnet.,Adrian Buffet by Steve Silver. Dimensions: 69 inW x 21 inD x 35 inH Features: Constructed of hardwood solids and fancy face cherry veneers with maple and; Multiple design elements and carving details throughout the collection; Multi-step hand-applied glaze finish in a warm brown cherry; Chairs are constructed of upholstered polyurethane and feature antiqued brass; Shaped buffet with drawers and adjustable wood shelves is topped with a bonnet.,"• 69 inW x 21 inD x 35 inH
• Constructed of hardwood solids and fancy face cherry veneers with maple and
• Multiple design elements and carving details throughout the collection
• Multi-step hand-applied glaze finish in a warm brown cherry
• Chairs are constructed of upholstered polyurethane and feature antiqued brass
• Shaped buffet with drawers and adjustable wood shelves is topped with a bonnet",Adrian Buffet; Steve Silver; Dining; Classic Dining,Shop Adrian Buffet by Steve Silver.,,Adrian Buffet
SS-AY200H,Adrian Hutch,860,,217,180,Y,N,Adrian Hutch by Steve Silver. Dimensions: 68 inW x 21 inD x 54 inH Features: Constructed of hardwood solids and fancy face cherry veneers with maple and; Multiple design elements and carving details throughout the collection; Multi-step hand-applied glaze finish in a warm brown cherry; Chairs are constructed of upholstered polyurethane and feature antiqued brass; Shaped buffet with drawers and adjustable wood shelves is topped with a bonnet.,Adrian Hutch by Steve Silver. Dimensions: 68 inW x 21 inD x 54 inH Features: Constructed of hardwood solids and fancy face cherry veneers with maple and; Multiple design elements and carving details throughout the collection; Multi-step hand-applied glaze finish in a warm brown cherry; Chairs are constructed of upholstered polyurethane and feature antiqued brass; Shaped buffet with drawers and adjustable wood shelves is topped with a bonnet.,"• 68 inW x 21 inD x 54 inH
• Constructed of hardwood solids and fancy face cherry veneers with maple and
• Multiple design elements and carving details throughout the collection
• Multi-step hand-applied glaze finish in a warm brown cherry
• Chairs are constructed of upholstered polyurethane and feature antiqued brass
• Shaped buffet with drawers and adjustable wood shelves is topped with a bonnet",Adrian Hutch; Steve Silver; Dining; Classic Dining,Shop Adrian Hutch by Steve Silver.,,Adrian Hutch
SS-AY200T,Adrian Dining Set w/ Chairs,2410,,215,485,Y,N,Adrian Dining Table w/ Leaf by Steve Silver. Dimensions: 48 inW x 96-120 inL x 30 inH Includes the dining table and matching chairs shown in the catalog image. Features: Constructed of hardwood solids and fancy face cherry veneers with maple and; Multiple design elements and carving details throughout the collection; Multi-step hand-applied glaze finish in a warm brown cherry; Chairs are constructed of upholstered polyurethane and feature antiqued brass; Shaped buffet with drawers and adjustable wood shelves is topped with a bonnet.,Adrian Dining Table w/ Leaf by Steve Silver. Dimensions: 48 inW x 96-120 inL x 30 inH Includes the dining table and matching chairs shown in the catalog image. Features: Constructed of hardwood solids and fancy face cherry veneers with maple and; Multiple design elements and carving details throughout the collection; Multi-step hand-applied glaze finish in a warm brown cherry; Chairs are constructed of upholstered polyurethane and feature antiqued brass; Shaped buffet with drawers and adjustable wood shelves is topped with a bonnet.,"• 48 inW x 96-120 inL x 30 inH Includes the dining table and matching chairs shown in the catalog image
• Constructed of hardwood solids and fancy face cherry veneers with maple and
• Multiple design elements and carving details throughout the collection
• Multi-step hand-applied glaze finish in a warm brown cherry
• Chairs are constructed of upholstered polyurethane and feature antiqued brass
• Shaped buffet with drawers and adjustable wood shelves is topped with a bonnet",Adrian Dining Set w/ Chairs; Steve Silver; Dining Set; Dining,Shop Adrian Dining Set w/ Chairs by Steve Silver.,,Adrian Dining Set w/ Chairs
SS-BARRON-65LOVE,Barron Manual Reclining Loveseat,729,,"199, 147",175,,N,"<p>Kick back in complete comfort with Barron, a manual reclining collection wrapped in easy-care brown vegan leather with plush Comfort Soft Foam, supportive high-resiliency seating, and clean modern styling made for everyday lounging.</p><p><strong>Dimensions:</strong> 77.25 inW x 39 inD x 42.25 inH</p><p><strong>Features:</strong></p><ul><li>Manual reclining motion</li><li>Easy-care vegan leather cover</li><li>Comfort Soft Foam seating</li><li>No-sag spring support</li><li>Console loveseat includes storage, charging, outlet, and cupholders</li></ul>","Kick back in complete comfort with Barron, a manual reclining collection wrapped in easy-care brown vegan leather with plush Comfort Soft Foam, supportive high-resiliency seating, and clean modern styling made for everyday lounging.   Dimensions:  77.25 inW x 39 inD x 42.25 inH   Features:    Manual reclining motion  Easy-care vegan leather cover  Comfort Soft Foam seating  No-sag spring support  Console loveseat includes storage, charging, outlet, and cupholders","• Manual reclining motion
• Easy-care vegan leather cover
• Comfort Soft Foam seating
• No-sag spring support
• Console loveseat includes storage, charging, outlet, and cupholders",Barron Manual Reclining Loveseat; Steve Silver,"Shop Barron Manual Reclining Loveseat at McCabe's Theater & Living. Kick back in complete comfort with Barron, a manual reclining collection wrapped in easy-care brown vegan leather with plush Comfort Soft Fo.",Barron Manual Reclining Loveseat; Steve Silver,Barron Manual Reclining Loveseat
SS-BARRON-87SOFA,Barron Manual Reclining Sofa,729,,"139, 197, 179",195,,N,"<p>Kick back in complete comfort with Barron, a manual reclining collection wrapped in easy-care brown vegan leather with plush Comfort Soft Foam, supportive high-resiliency seating, and clean modern styling made for everyday lounging.</p><p><strong>Dimensions:</strong> 87.5 inW x 39 inD x 42.25 inH</p><p><strong>Features:</strong></p><ul><li>Manual reclining motion</li><li>Easy-care vegan leather cover</li><li>Comfort Soft Foam seating</li><li>No-sag spring support</li><li>Console loveseat includes storage, charging, outlet, and cupholders</li></ul>","Kick back in complete comfort with Barron, a manual reclining collection wrapped in easy-care brown vegan leather with plush Comfort Soft Foam, supportive high-resiliency seating, and clean modern styling made for everyday lounging.   Dimensions:  87.5 inW x 39 inD x 42.25 inH   Features:    Manual reclining motion  Easy-care vegan leather cover  Comfort Soft Foam seating  No-sag spring support  Console loveseat includes storage, charging, outlet, and cupholders","• Manual reclining motion
• Easy-care vegan leather cover
• Comfort Soft Foam seating
• No-sag spring support
• Console loveseat includes storage, charging, outlet, and cupholders",Barron Manual Reclining Sofa; Steve Silver,"Shop Barron Manual Reclining Sofa at McCabe's Theater & Living. Kick back in complete comfort with Barron, a manual reclining collection wrapped in easy-care brown vegan leather with plush Comfort Soft Fo.",Barron Manual Reclining Sofa; Steve Silver,Barron Manual Reclining Sofa
SS-BARRON-RECL,Barron Manual Recliner,529,,149,105,,N,"<p>Kick back in complete comfort with Barron, a manual reclining collection wrapped in easy-care brown vegan leather with plush Comfort Soft Foam, supportive high-resiliency seating, and clean modern styling made for everyday lounging.</p><p><strong>Dimensions:</strong> 40.5 inW x 39.5 inD x 41 inH</p><p><strong>Features:</strong></p><ul><li>Manual reclining motion</li><li>Easy-care vegan leather cover</li><li>Comfort Soft Foam seating</li><li>No-sag spring support</li><li>Console loveseat includes storage, charging, outlet, and cupholders</li></ul>","Kick back in complete comfort with Barron, a manual reclining collection wrapped in easy-care brown vegan leather with plush Comfort Soft Foam, supportive high-resiliency seating, and clean modern styling made for everyday lounging.   Dimensions:  40.5 inW x 39.5 inD x 41 inH   Features:    Manual reclining motion  Easy-care vegan leather cover  Comfort Soft Foam seating  No-sag spring support  Console loveseat includes storage, charging, outlet, and cupholders","• Manual reclining motion
• Easy-care vegan leather cover
• Comfort Soft Foam seating
• No-sag spring support
• Console loveseat includes storage, charging, outlet, and cupholders",Barron Manual Recliner; Steve Silver,"Shop Barron Manual Recliner at McCabe's Theater & Living. Kick back in complete comfort with Barron, a manual reclining collection wrapped in easy-care brown vegan leather with plush Comfort Soft Fo.",Barron Manual Recliner; Steve Silver,Barron Manual Recliner
SS-BC900CTT,Bear Creek Chest,680,,142,180,,N,Bear Creek Chest by Steve Silver. Dimensions: 42 inW x 19 inD x 52 inH Features: Crafed from acacia hardwoods and veneers in a two-tone whitewashed grey; Styling details rustic farmhouse design with chevron patterned headboard; Beds available in King or Queen sizes; Nightstand; Dresser and Chest feature deep; double-stacked drawers for.,Bear Creek Chest by Steve Silver. Dimensions: 42 inW x 19 inD x 52 inH Features: Crafed from acacia hardwoods and veneers in a two-tone whitewashed grey; Styling details rustic farmhouse design with chevron patterned headboard; Beds available in King or Queen sizes; Nightstand; Dresser and Chest feature deep; double-stacked drawers for.,"• 42 inW x 19 inD x 52 inH
• Crafed from acacia hardwoods and veneers in a two-tone whitewashed grey
• Styling details rustic farmhouse design with chevron patterned headboard
• Beds available in King or Queen sizes
• Nightstand
• Dresser and Chest feature deep",Bear Creek Chest; Steve Silver; Bedroom; Bedroom,Shop Bear Creek Chest by Steve Silver.,,Bear Creek Chest
SS-BC900DR,Bear Creek Dresser,690,,212,220,,N,Bear Creek Dresser by Steve Silver. Dimensions: 66 inW x 19 inD x 38 inH Features: Crafed from acacia hardwoods and veneers in a two-tone whitewashed grey; Styling details rustic farmhouse design with chevron patterned headboard; Beds available in King or Queen sizes; Nightstand; Dresser and Chest feature deep; double-stacked drawers for.,Bear Creek Dresser by Steve Silver. Dimensions: 66 inW x 19 inD x 38 inH Features: Crafed from acacia hardwoods and veneers in a two-tone whitewashed grey; Styling details rustic farmhouse design with chevron patterned headboard; Beds available in King or Queen sizes; Nightstand; Dresser and Chest feature deep; double-stacked drawers for.,"• 66 inW x 19 inD x 38 inH
• Crafed from acacia hardwoods and veneers in a two-tone whitewashed grey
• Styling details rustic farmhouse design with chevron patterned headboard
• Beds available in King or Queen sizes
• Nightstand
• Dresser and Chest feature deep",Bear Creek Dresser; Steve Silver; Bedroom; Bedroom,Shop Bear Creek Dresser by Steve Silver.,,Bear Creek Dresser
SS-BC900MR,Bear Creek Mirror,120,,213,55,,N,Bear Creek Mirror by Steve Silver. Dimensions: 46 inW x 2 inD x 40 inH Features: Crafed from acacia hardwoods and veneers in a two-tone whitewashed grey; Styling details rustic farmhouse design with chevron patterned headboard; Beds available in King or Queen sizes; Nightstand; Dresser and Chest feature deep; double-stacked drawers for.,Bear Creek Mirror by Steve Silver. Dimensions: 46 inW x 2 inD x 40 inH Features: Crafed from acacia hardwoods and veneers in a two-tone whitewashed grey; Styling details rustic farmhouse design with chevron patterned headboard; Beds available in King or Queen sizes; Nightstand; Dresser and Chest feature deep; double-stacked drawers for.,"• 46 inW x 2 inD x 40 inH
• Crafed from acacia hardwoods and veneers in a two-tone whitewashed grey
• Styling details rustic farmhouse design with chevron patterned headboard
• Beds available in King or Queen sizes
• Nightstand
• Dresser and Chest feature deep",Bear Creek Mirror; Steve Silver; Bedroom; Bedroom,Shop Bear Creek Mirror by Steve Silver.,,Bear Creek Mirror
SS-BC900NS,Bear Creek Nightstand,360,,210,85,,N,Bear Creek Nightstand by Steve Silver. Dimensions: 28 inW x 17 inD x 26 inH Features: Crafed from acacia hardwoods and veneers in a two-tone whitewashed grey; Styling details rustic farmhouse design with chevron patterned headboard; Beds available in King or Queen sizes; Nightstand; Dresser and Chest feature deep; double-stacked drawers for.,Bear Creek Nightstand by Steve Silver. Dimensions: 28 inW x 17 inD x 26 inH Features: Crafed from acacia hardwoods and veneers in a two-tone whitewashed grey; Styling details rustic farmhouse design with chevron patterned headboard; Beds available in King or Queen sizes; Nightstand; Dresser and Chest feature deep; double-stacked drawers for.,"• 28 inW x 17 inD x 26 inH
• Crafed from acacia hardwoods and veneers in a two-tone whitewashed grey
• Styling details rustic farmhouse design with chevron patterned headboard
• Beds available in King or Queen sizes
• Nightstand
• Dresser and Chest feature deep",Bear Creek Nightstand; Steve Silver; Bedroom; Bedroom,Shop Bear Creek Nightstand by Steve Silver.,,Bear Creek Nightstand
SS-BC950CTBT,Bear Creek Chest,680,,142,180,,N,Bear Creek Chest by Steve Silver. Dimensions: 42 inW x 19 inD x 52 inH Features: Crafted from acacia hardwoods and veneers in a two-tone tobacco and; Styling details rustic farmhouse design with chevron patterned headboard; Beds available in King or Queen sizes; Nightstand; Dresser and Chest feature deep; double-stacked drawers for.,Bear Creek Chest by Steve Silver. Dimensions: 42 inW x 19 inD x 52 inH Features: Crafted from acacia hardwoods and veneers in a two-tone tobacco and; Styling details rustic farmhouse design with chevron patterned headboard; Beds available in King or Queen sizes; Nightstand; Dresser and Chest feature deep; double-stacked drawers for.,"• 42 inW x 19 inD x 52 inH
• Crafted from acacia hardwoods and veneers in a two-tone tobacco and
• Styling details rustic farmhouse design with chevron patterned headboard
• Beds available in King or Queen sizes
• Nightstand
• Dresser and Chest feature deep",Bear Creek Chest; Steve Silver; Bedroom; Bedroom,Shop Bear Creek Chest by Steve Silver.,,Bear Creek Chest
SS-BC950DRB,Bear Creek Dresser,690,,212,220,,N,Bear Creek Dresser by Steve Silver. Dimensions: 66 inW x 19 inD x 38 inH Features: Crafted from acacia hardwoods and veneers in a two-tone tobacco and; Styling details rustic farmhouse design with chevron patterned headboard; Beds available in King or Queen sizes; Nightstand; Dresser and Chest feature deep; double-stacked drawers for.,Bear Creek Dresser by Steve Silver. Dimensions: 66 inW x 19 inD x 38 inH Features: Crafted from acacia hardwoods and veneers in a two-tone tobacco and; Styling details rustic farmhouse design with chevron patterned headboard; Beds available in King or Queen sizes; Nightstand; Dresser and Chest feature deep; double-stacked drawers for.,"• 66 inW x 19 inD x 38 inH
• Crafted from acacia hardwoods and veneers in a two-tone tobacco and
• Styling details rustic farmhouse design with chevron patterned headboard
• Beds available in King or Queen sizes
• Nightstand
• Dresser and Chest feature deep",Bear Creek Dresser; Steve Silver; Bedroom; Bedroom,Shop Bear Creek Dresser by Steve Silver.,,Bear Creek Dresser
SS-BC950KFB,"Bear Creek King Bed, Brown",780,,214,300,,,"A rustic, farmhouse-inspired bed, Bear Creek features a chocolate finish that contrasts beautifully with honey-smoke stained tops and cap rails. The chevron patterned headboard and footboard is offered in King and Queen sizes and the bedroom collection offers a variety of storage items with ultra-deep drawers supported by side drawer glides for easy operation.","A rustic, farmhouse-inspired bed, Bear Creek features a chocolate finish that contrasts beautifully with honey-smoke stained tops and cap rails. The chevron patterned headboard and footboard is offered in King and Queen sizes and the bedroom collection offers a variety of storage items with ultra-deep drawers supported by side drawer glides for easy operation.","Beds available in King or Queen sizes
Styling details include chevron patterned headboard and footboard with planked-effect drawer fronts and antiqued pewter finish hardware.
Available Nightstand, Dresser and Chest feature deep, double-stacked drawers for functional storage of clothing or other bulky items.
Chocolate finish with honey-smoke accent tops and cap rails",Bear Creek King Bed; Steve Silver,"Shop Bear Creek King Bed, Brown at McCabe's Theater & Living. A rustic, farmhouse-inspired bed, Bear Creek features a chocolate finish that contrasts beautifully with honey-smoke stained tops and cap ra.",Bear Creek King Bed; Steve Silver,"Bear Creek King Bed, Brown"
SS-BC950MRB,Bear Creek Mirror,120,,213,55,,N,Bear Creek Mirror by Steve Silver. Dimensions: 46 inW x 2 inD x 40 inH Features: Crafted from acacia hardwoods and veneers in a two-tone tobacco and; Styling details rustic farmhouse design with chevron patterned headboard; Beds available in King or Queen sizes; Nightstand; Dresser and Chest feature deep; double-stacked drawers for.,Bear Creek Mirror by Steve Silver. Dimensions: 46 inW x 2 inD x 40 inH Features: Crafted from acacia hardwoods and veneers in a two-tone tobacco and; Styling details rustic farmhouse design with chevron patterned headboard; Beds available in King or Queen sizes; Nightstand; Dresser and Chest feature deep; double-stacked drawers for.,"• 46 inW x 2 inD x 40 inH
• Crafted from acacia hardwoods and veneers in a two-tone tobacco and
• Styling details rustic farmhouse design with chevron patterned headboard
• Beds available in King or Queen sizes
• Nightstand
• Dresser and Chest feature deep",Bear Creek Mirror; Steve Silver; Bedroom; Bedroom,Shop Bear Creek Mirror by Steve Silver.,,Bear Creek Mirror
SS-BC950NSB,Bear Creek Nightstand,360,,210,85,,N,Bear Creek Nightstand by Steve Silver. Dimensions: 28 inW x 17 inD x 26 inH Features: Crafted from acacia hardwoods and veneers in a two-tone tobacco and; Styling details rustic farmhouse design with chevron patterned headboard; Beds available in King or Queen sizes; Nightstand; Dresser and Chest feature deep; double-stacked drawers for.,Bear Creek Nightstand by Steve Silver. Dimensions: 28 inW x 17 inD x 26 inH Features: Crafted from acacia hardwoods and veneers in a two-tone tobacco and; Styling details rustic farmhouse design with chevron patterned headboard; Beds available in King or Queen sizes; Nightstand; Dresser and Chest feature deep; double-stacked drawers for.,"• 28 inW x 17 inD x 26 inH
• Crafted from acacia hardwoods and veneers in a two-tone tobacco and
• Styling details rustic farmhouse design with chevron patterned headboard
• Beds available in King or Queen sizes
• Nightstand
• Dresser and Chest feature deep",Bear Creek Nightstand; Steve Silver; Bedroom; Bedroom,Shop Bear Creek Nightstand by Steve Silver.,,Bear Creek Nightstand
SS-BC950QFB,"Bear Creek Queen Bed, Brown",640,,214,300,,,"A rustic, farmhouse-inspired bed, Bear Creek features a chocolate finish that contrasts beautifully with honey-smoke stained tops and cap rails. The chevron patterned headboard and footboard is offered in King and Queen sizes and the bedroom collection offers a variety of storage items with ultra-deep drawers supported by side drawer glides for easy operation.","A rustic, farmhouse-inspired bed, Bear Creek features a chocolate finish that contrasts beautifully with honey-smoke stained tops and cap rails. The chevron patterned headboard and footboard is offered in King and Queen sizes and the bedroom collection offers a variety of storage items with ultra-deep drawers supported by side drawer glides for easy operation.","Beds available in King or Queen sizes
Styling details include chevron patterned headboard and footboard with planked-effect drawer fronts and antiqued pewter finish hardware.
Available Nightstand, Dresser and Chest feature deep, double-stacked drawers for functional storage of clothing or other bulky items.
Chocolate finish with honey-smoke accent tops and cap rails",Bear Creek Queen Bed; Steve Silver,"Shop Bear Creek Queen Bed, Brown at McCabe's Theater & Living. A rustic, farmhouse-inspired bed, Bear Creek features a chocolate finish that contrasts beautifully with honey-smoke stained tops and cap ra.",Bear Creek Queen Bed; Steve Silver,"Bear Creek Queen Bed, Brown"
SS-BEM500PT,Naples Counter Dining Set w/ Chairs,2120,,215,420,Y,N,Naples Storage Counter Table w/ Leaf by Steve Silver. Dimensions: 60-80 inL x 42 inD x 36 inH Includes the dining table and matching chairs shown in the catalog image. Features: Expertly crafted of acacia; veneers with acacia; mango and Asian hardwoods solids with; Storage counter base offers easy access for dining essentials with an open area for storage or; The 20-inch leaf for a 60-inch table expands it to 80 inches; comfortably seating up to eight people; Powder-coated metal front stretchers reinforce frame and reduce wear and tear; The wood is hand-stained in a natural multi-step black and dark acacia finish to highlight the.,Naples Storage Counter Table w/ Leaf by Steve Silver. Dimensions: 60-80 inL x 42 inD x 36 inH Includes the dining table and matching chairs shown in the catalog image. Features: Expertly crafted of acacia; veneers with acacia; mango and Asian hardwoods solids with; Storage counter base offers easy access for dining essentials with an open area for storage or; The 20-inch leaf for a 60-inch table expands it to 80 inches; comfortably seating up to eight people; Powder-coated metal front stretchers reinforce frame and reduce wear and tear; The wood is hand-stained in a natural multi-step black and dark acacia finish to highlight the.,"• 60-80 inL x 42 inD x 36 inH Includes the dining table and matching chairs shown in the catalog image
• Expertly crafted of acacia
• veneers with acacia
• mango and Asian hardwoods solids with
• Storage counter base offers easy access for dining essentials with an open area for storage or
• The 20-inch leaf for a 60-inch table expands it to 80 inches",Naples Counter Dining Set w/ Chairs; Steve Silver; Dining Set; Dining,Shop Naples Counter Dining Set w/ Chairs by Steve Silver.,,Naples Counter Dining Set w/ Chairs
SS-BS850CG,Power Lift Chair w/ 3 Heat Zones Fabric,860,,178,145,,N,Power Lift Chair w/ 3 Heat Zones Fabric by Steve Silver. Dimensions: 35 inW x 41 inD x 42.5 inH Features: Fabric covering in stone; Single Motor Power Lift Chair offers easy lift and power recline with handheld remote; Power Lift Chair controlled with handheld remote; Full Power Recline; Full Power Recline; 100% polyester fabric cover in beige provides a durable and easy-to-clean surface that; 3 Heat Zone; Sinuous wire spring construction.,Power Lift Chair w/ 3 Heat Zones Fabric by Steve Silver. Dimensions: 35 inW x 41 inD x 42.5 inH Features: Fabric covering in stone; Single Motor Power Lift Chair offers easy lift and power recline with handheld remote; Power Lift Chair controlled with handheld remote; Full Power Recline; Full Power Recline; 100% polyester fabric cover in beige provides a durable and easy-to-clean surface that; 3 Heat Zone; Sinuous wire spring construction.,"• 35 inW x 41 inD x 42.5 inH
• Fabric covering in stone
• Single Motor Power Lift Chair offers easy lift and power recline with handheld remote
• Power Lift Chair controlled with handheld remote
• Full Power Recline
• Full Power Recline",Power Lift Chair w/ 3 Heat Zones Fabric; Steve Silver; Upholstery; Power Reclining / Power Lift Chairs,Shop Power Lift Chair w/ 3 Heat Zones Fabric by Steve Silver.,,Power Lift Chair w/ 3 Heat Zones Fabric
SS-BUR500NSV,Cathedral Doored Server,740,,217,230,,N,Cathedral Doored Server by Steve Silver. Dimensions: 70 inW x 18 inD x 32 inH Features: Servers are constructed of oak veneers; Asian hardwood solids and engineered woods; Styling details include cathedral glass doors for display and storage that allow design flexibility with; Wire escape in back and glass front doors allows for easy use as an entertainment piece; Two adjustable shelves offer versatile storage options to accommodate items of different sizes.; Adjustable glides level the server on uneven floors; Contrasting hardware and interiors add a captivating design element to the case.; The wood is hand-stained in a natural multi-step black; cocoa; sand; or blue - great for use as an.,Cathedral Doored Server by Steve Silver. Dimensions: 70 inW x 18 inD x 32 inH Features: Servers are constructed of oak veneers; Asian hardwood solids and engineered woods; Styling details include cathedral glass doors for display and storage that allow design flexibility with; Wire escape in back and glass front doors allows for easy use as an entertainment piece; Two adjustable shelves offer versatile storage options to accommodate items of different sizes.; Adjustable glides level the server on uneven floors; Contrasting hardware and interiors add a captivating design element to the case.; The wood is hand-stained in a natural multi-step black; cocoa; sand; or blue - great for use as an.,"• 70 inW x 18 inD x 32 inH
• Servers are constructed of oak veneers
• Asian hardwood solids and engineered woods
• Styling details include cathedral glass doors for display and storage that allow design flexibility with
• Wire escape in back and glass front doors allows for easy use as an entertainment piece
• Two adjustable shelves offer versatile storage options to accommodate items of different sizes",Cathedral Doored Server; Steve Silver; Dining; Modern Dining,Shop Cathedral Doored Server by Steve Silver.,,Cathedral Doored Server
SS-BUR520NC,Napa Curio,120,,217,190,Y,N,Napa Curio by Steve Silver. Dimensions: 39 inW x 18 inD x 79 inH Features: Table is constructed of solid Asian hardwoods; veneers and engineered wood; Styling details include rounded top with glass doors for beautiful display and storage and contrasting; Two adjustable shelves and one fixed shelf behind glass doors; one adjustable shelf in bottom; Adjustable glides level the curio on uneven floors; Contrasting hardware and interiors add a captivating design element to the case.; The wood is hand-stained in a natural multi-step sand; blue; black or brown - great for use as an.,Napa Curio by Steve Silver. Dimensions: 39 inW x 18 inD x 79 inH Features: Table is constructed of solid Asian hardwoods; veneers and engineered wood; Styling details include rounded top with glass doors for beautiful display and storage and contrasting; Two adjustable shelves and one fixed shelf behind glass doors; one adjustable shelf in bottom; Adjustable glides level the curio on uneven floors; Contrasting hardware and interiors add a captivating design element to the case.; The wood is hand-stained in a natural multi-step sand; blue; black or brown - great for use as an.,"• 39 inW x 18 inD x 79 inH
• Table is constructed of solid Asian hardwoods
• veneers and engineered wood
• Styling details include rounded top with glass doors for beautiful display and storage and contrasting
• Two adjustable shelves and one fixed shelf behind glass doors
• one adjustable shelf in bottom",Napa Curio; Steve Silver; Dining; Modern Dining,Shop Napa Curio by Steve Silver.,,Napa Curio
SS-CAN100KC,Casual Occasional Cocktail Table w/ Casters 38 Inx38 Inx18 In End Table,520,,195,110,Y,N,Casual Occasional Cocktail Table w/ Casters 38 Inx38 Inx18 In End Table by Steve Silver. Dimensions: 24 inW x 24 inD x 21 inH Features: Expertly crafted of oak veneers; Asian hardwood solids and engineered woods; Kiln-dried wood helps prevent warping; splitting; cracking and developing mildew.; Cocktail Table is castered with four independent wheels for easy movement away from reclining upholstery; Plastic glides on the End Table keep the table from scratching floor; 400 lb. weight capacity for the Cocktail Table | 300 lb. weight capacity for the End Table ensures durability; The wood is hand-stained in a natural multi-step black finish.,Casual Occasional Cocktail Table w/ Casters 38 Inx38 Inx18 In End Table by Steve Silver. Dimensions: 24 inW x 24 inD x 21 inH Features: Expertly crafted of oak veneers; Asian hardwood solids and engineered woods; Kiln-dried wood helps prevent warping; splitting; cracking and developing mildew.; Cocktail Table is castered with four independent wheels for easy movement away from reclining upholstery; Plastic glides on the End Table keep the table from scratching floor; 400 lb. weight capacity for the Cocktail Table | 300 lb. weight capacity for the End Table ensures durability; The wood is hand-stained in a natural multi-step black finish.,"• 24 inW x 24 inD x 21 inH
• Expertly crafted of oak veneers
• Asian hardwood solids and engineered woods
• Kiln-dried wood helps prevent warping
• splitting
• cracking and developing mildew",Casual Occasional Cocktail Table w/ Casters 38 Inx38 Inx18 In End Table; Steve Silver; Occasional; Casual Occasional,Shop Casual Occasional Cocktail Table w/ Casters 38 Inx38 Inx18 In End Table by Steve Silver.,,Casual Occasional Cocktail Table w/ Casters 38 Inx38 Inx18 In End Table
SS-CAN100KE,Casual Occasional End Table,310,,195,60,Y,N,Casual Occasional End Table by Steve Silver. Dimensions: 24 inW x 24 inD x 21 inH Features: Expertly crafted of oak veneers; Asian hardwood solids and engineered woods; Kiln-dried wood helps prevent warping; splitting; cracking and developing mildew.; Cocktail Table is castered with four independent wheels for easy movement away from reclining upholstery; Plastic glides on the End Table keep the table from scratching floor; 400 lb. weight capacity for the Cocktail Table | 300 lb. weight capacity for the End Table ensures durability; The wood is hand-stained in a natural multi-step black finish.,Casual Occasional End Table by Steve Silver. Dimensions: 24 inW x 24 inD x 21 inH Features: Expertly crafted of oak veneers; Asian hardwood solids and engineered woods; Kiln-dried wood helps prevent warping; splitting; cracking and developing mildew.; Cocktail Table is castered with four independent wheels for easy movement away from reclining upholstery; Plastic glides on the End Table keep the table from scratching floor; 400 lb. weight capacity for the Cocktail Table | 300 lb. weight capacity for the End Table ensures durability; The wood is hand-stained in a natural multi-step black finish.,"• 24 inW x 24 inD x 21 inH
• Expertly crafted of oak veneers
• Asian hardwood solids and engineered woods
• Kiln-dried wood helps prevent warping
• splitting
• cracking and developing mildew",Casual Occasional End Table; Steve Silver; Occasional; Casual Occasional,Shop Casual Occasional End Table by Steve Silver.,,Casual Occasional End Table
SS-CAN100NC,Casual Occasional Cocktail Table w/ Casters 38 Inx38 Inx18 In End Table,520,,195,110,Y,N,Casual Occasional Cocktail Table w/ Casters 38 Inx38 Inx18 In End Table by Steve Silver. Dimensions: 24 inW x 24 inD x 21 inH Features: Expertly crafted of oak veneers; Asian hardwood solids and engineered woods; Kiln-dried wood helps prevent warping; splitting; cracking and developing mildew.; Cocktail Table is castered with four independent wheels for easy movement away from reclining upholstery; Plastic glides on the End Table keep the table from scratching floor; 400 lb. weight capacity for the Cocktail Table | 300 lb. weight capacity for the End Table ensures durability; The wood is hand-stained in a natural multi-step weathered sand finish to highlight the natural grain and.,Casual Occasional Cocktail Table w/ Casters 38 Inx38 Inx18 In End Table by Steve Silver. Dimensions: 24 inW x 24 inD x 21 inH Features: Expertly crafted of oak veneers; Asian hardwood solids and engineered woods; Kiln-dried wood helps prevent warping; splitting; cracking and developing mildew.; Cocktail Table is castered with four independent wheels for easy movement away from reclining upholstery; Plastic glides on the End Table keep the table from scratching floor; 400 lb. weight capacity for the Cocktail Table | 300 lb. weight capacity for the End Table ensures durability; The wood is hand-stained in a natural multi-step weathered sand finish to highlight the natural grain and.,"• 24 inW x 24 inD x 21 inH
• Expertly crafted of oak veneers
• Asian hardwood solids and engineered woods
• Kiln-dried wood helps prevent warping
• splitting
• cracking and developing mildew",Casual Occasional Cocktail Table w/ Casters 38 Inx38 Inx18 In End Table; Steve Silver; Occasional; Casual Occasional,Shop Casual Occasional Cocktail Table w/ Casters 38 Inx38 Inx18 In End Table by Steve Silver.,,Casual Occasional Cocktail Table w/ Casters 38 Inx38 Inx18 In End Table
SS-CAN100NE,Casual Occasional End Table,310,,195,60,Y,N,Casual Occasional End Table by Steve Silver. Dimensions: 24 inW x 24 inD x 21 inH Features: Expertly crafted of oak veneers; Asian hardwood solids and engineered woods; Kiln-dried wood helps prevent warping; splitting; cracking and developing mildew.; Cocktail Table is castered with four independent wheels for easy movement away from reclining upholstery; Plastic glides on the End Table keep the table from scratching floor; 400 lb. weight capacity for the Cocktail Table | 300 lb. weight capacity for the End Table ensures durability; The wood is hand-stained in a natural multi-step weathered sand finish to highlight the natural grain and.,Casual Occasional End Table by Steve Silver. Dimensions: 24 inW x 24 inD x 21 inH Features: Expertly crafted of oak veneers; Asian hardwood solids and engineered woods; Kiln-dried wood helps prevent warping; splitting; cracking and developing mildew.; Cocktail Table is castered with four independent wheels for easy movement away from reclining upholstery; Plastic glides on the End Table keep the table from scratching floor; 400 lb. weight capacity for the Cocktail Table | 300 lb. weight capacity for the End Table ensures durability; The wood is hand-stained in a natural multi-step weathered sand finish to highlight the natural grain and.,"• 24 inW x 24 inD x 21 inH
• Expertly crafted of oak veneers
• Asian hardwood solids and engineered woods
• Kiln-dried wood helps prevent warping
• splitting
• cracking and developing mildew",Casual Occasional End Table; Steve Silver; Occasional; Casual Occasional,Shop Casual Occasional End Table by Steve Silver.,,Casual Occasional End Table
SS-CAS900C,Cassie Illuminating Chest,440,,142,180,,N,Cassie Illuminating Chest by Steve Silver. Dimensions: 52 inW x 17 inD x 48 inH Features: Crafted of engineered woods and Asian hardwood solids in a shimmering pearl; Crystal in-laid borders sparkle with glam elegance and illuminate with a warm; USB and USB-C ports on both sides of the headboard for convenient charging; 5-slat support system with dual center supports for superior mattress stability; Felt-lined top drawers on all storage pieces protect delicate items; Finished drawer sides and bottoms provide snag-free storage for delicate.,Cassie Illuminating Chest by Steve Silver. Dimensions: 52 inW x 17 inD x 48 inH Features: Crafted of engineered woods and Asian hardwood solids in a shimmering pearl; Crystal in-laid borders sparkle with glam elegance and illuminate with a warm; USB and USB-C ports on both sides of the headboard for convenient charging; 5-slat support system with dual center supports for superior mattress stability; Felt-lined top drawers on all storage pieces protect delicate items; Finished drawer sides and bottoms provide snag-free storage for delicate.,"• 52 inW x 17 inD x 48 inH
• Crafted of engineered woods and Asian hardwood solids in a shimmering pearl
• Crystal in-laid borders sparkle with glam elegance and illuminate with a warm
• USB and USB-C ports on both sides of the headboard for convenient charging
• 5-slat support system with dual center supports for superior mattress stability
• Felt-lined top drawers on all storage pieces protect delicate items",Cassie Illuminating Chest; Steve Silver; Bedroom; 63 inW x 2 inD x 20 inH / 38 inW x 2 inD x 36 inH,Shop Cassie Illuminating Chest by Steve Silver.,,Cassie Illuminating Chest
SS-CAS900DR,Cassie Illuminating Dresser,480,,212,220,,N,Cassie Illuminating Dresser by Steve Silver. Dimensions: 58 inW x 17 inD x 35 inH Features: Crafted of engineered woods and Asian hardwood solids in a shimmering pearl; Crystal in-laid borders sparkle with glam elegance and illuminate with a warm; USB and USB-C ports on both sides of the headboard for convenient charging; 5-slat support system with dual center supports for superior mattress stability; Felt-lined top drawers on all storage pieces protect delicate items; Finished drawer sides and bottoms provide snag-free storage for delicate.,Cassie Illuminating Dresser by Steve Silver. Dimensions: 58 inW x 17 inD x 35 inH Features: Crafted of engineered woods and Asian hardwood solids in a shimmering pearl; Crystal in-laid borders sparkle with glam elegance and illuminate with a warm; USB and USB-C ports on both sides of the headboard for convenient charging; 5-slat support system with dual center supports for superior mattress stability; Felt-lined top drawers on all storage pieces protect delicate items; Finished drawer sides and bottoms provide snag-free storage for delicate.,"• 58 inW x 17 inD x 35 inH
• Crafted of engineered woods and Asian hardwood solids in a shimmering pearl
• Crystal in-laid borders sparkle with glam elegance and illuminate with a warm
• USB and USB-C ports on both sides of the headboard for convenient charging
• 5-slat support system with dual center supports for superior mattress stability
• Felt-lined top drawers on all storage pieces protect delicate items",Cassie Illuminating Dresser; Steve Silver; Bedroom; 63 inW x 2 inD x 20 inH / 38 inW x 2 inD x 36 inH,Shop Cassie Illuminating Dresser by Steve Silver.,,Cassie Illuminating Dresser
SS-CAS900KFB,"Cassie Illuminating King Bed, Shimmering Pearl Finish",690,,214,300,,,"The Cassie King Bed transforms your bedroom into a haven of glam chic. Its shimmering pearl finish is accentuated by crystal inlaid borders at the top and bottom, adding a radiant touch. The headboard features an illuminating border that, with the flip of a switch, creates a captivating ambiance and doubles as a practical reading light. Beyond its stunning appearance, the bed is equipped with built-in USB/USB-C chargers on each side, offering convenient organization and charging for your electronics.","The Cassie King Bed transforms your bedroom into a haven of glam chic. Its shimmering pearl finish is accentuated by crystal inlaid borders at the top and bottom, adding a radiant touch. The headboard features an illuminating border that, with the flip of a switch, creates a captivating ambiance and doubles as a practical reading light. Beyond its stunning appearance, the bed is equipped with built-in USB/USB-C chargers on each side, offering convenient organization and charging for your electronics.","Crafted from engineered woods and Asian hardwood solids
The headboard and footboard are accented with crystal in-laid borders tjhat sparkle with glam elegance. The headboard illuminates with a warm glow at the flip of a switch, creating an enchanting and inviting atmosphere.
USB and USB-C charging ports on each side of the headboard offer convenient and accessible device charging
The crystal in-laid border sparkles with glam elegance, illuminating with a warm glow at the flip of a switch, creating an enchanting and inviting atmosphere.
The 5-slat support system with dual center supports ensures superior stability, preventing sagging and extending mattress life.
The King Bed is bathed in a shimmering pearl finish, creating a stunning accent that elevates the beauty of any room
The channeled two-tone cushioned fabric headboard from 100% polyester softens a room’s décor
Product Measurements: 82?W x 65?D x 51?H",Cassie Illuminating King Bed; Steve Silver,"Shop Cassie Illuminating King Bed, Shimmering Pearl Finish at McCabe's Theater & Living. The Cassie King Bed transforms your bedroom into a haven of glam chic. Its shimmering pearl finish is accentuated by crystal inlaid borders.",Cassie Illuminating King Bed; Steve Silver,"Cassie Illuminating King Bed, Shimmering Pearl Finish"
SS-CAS900M,Cassie Illuminating Mirror,120,,213,55,,N,Cassie Illuminating Mirror by Steve Silver. Features: Crafted of engineered woods and Asian hardwood solids in a shimmering pearl; Crystal in-laid borders sparkle with glam elegance and illuminate with a warm; USB and USB-C ports on both sides of the headboard for convenient charging; 5-slat support system with dual center supports for superior mattress stability; Felt-lined top drawers on all storage pieces protect delicate items; Finished drawer sides and bottoms provide snag-free storage for delicate.,Cassie Illuminating Mirror by Steve Silver. Features: Crafted of engineered woods and Asian hardwood solids in a shimmering pearl; Crystal in-laid borders sparkle with glam elegance and illuminate with a warm; USB and USB-C ports on both sides of the headboard for convenient charging; 5-slat support system with dual center supports for superior mattress stability; Felt-lined top drawers on all storage pieces protect delicate items; Finished drawer sides and bottoms provide snag-free storage for delicate.,"• Crafted of engineered woods and Asian hardwood solids in a shimmering pearl
• Crystal in-laid borders sparkle with glam elegance and illuminate with a warm
• USB and USB-C ports on both sides of the headboard for convenient charging
• 5-slat support system with dual center supports for superior mattress stability
• Felt-lined top drawers on all storage pieces protect delicate items
• Finished drawer sides and bottoms provide snag-free storage for delicate",Cassie Illuminating Mirror; Steve Silver; Bedroom; 63 inW x 2 inD x 20 inH / 38 inW x 2 inD x 36 inH,Shop Cassie Illuminating Mirror by Steve Silver.,,Cassie Illuminating Mirror
SS-CAS900NS,Cassie Illuminating Nightstand,290,,210,85,,N,Cassie Illuminating Nightstand by Steve Silver. Dimensions: 21 inW x 17 inD x 24 inH Features: Crafted of engineered woods and Asian hardwood solids in a shimmering pearl; Crystal in-laid borders sparkle with glam elegance and illuminate with a warm; USB and USB-C ports on both sides of the headboard for convenient charging; 5-slat support system with dual center supports for superior mattress stability; Felt-lined top drawers on all storage pieces protect delicate items; Finished drawer sides and bottoms provide snag-free storage for delicate.,Cassie Illuminating Nightstand by Steve Silver. Dimensions: 21 inW x 17 inD x 24 inH Features: Crafted of engineered woods and Asian hardwood solids in a shimmering pearl; Crystal in-laid borders sparkle with glam elegance and illuminate with a warm; USB and USB-C ports on both sides of the headboard for convenient charging; 5-slat support system with dual center supports for superior mattress stability; Felt-lined top drawers on all storage pieces protect delicate items; Finished drawer sides and bottoms provide snag-free storage for delicate.,"• 21 inW x 17 inD x 24 inH
• Crafted of engineered woods and Asian hardwood solids in a shimmering pearl
• Crystal in-laid borders sparkle with glam elegance and illuminate with a warm
• USB and USB-C ports on both sides of the headboard for convenient charging
• 5-slat support system with dual center supports for superior mattress stability
• Felt-lined top drawers on all storage pieces protect delicate items",Cassie Illuminating Nightstand; Steve Silver; Bedroom; 63 inW x 2 inD x 20 inH / 38 inW x 2 inD x 36 inH,Shop Cassie Illuminating Nightstand by Steve Silver.,,Cassie Illuminating Nightstand
SS-CAS900QFB,"Cassie Illuminating Queen Bed, Shimmering Pearl Finish",560,,214,300,,,"The Cassie Queen Bed transforms your bedroom into a haven of glam chic. Its shimmering pearl finish is accentuated by crystal inlaid borders at the top and bottom, adding a radiant touch. The headboard features an illuminating border that, with the flip of a switch, creates a captivating ambiance and doubles as a practical reading light. Beyond its stunning appearance, the bed is equipped with built-in USB/USB-C chargers on each side, offering convenient organization and charging for your electronics. CASSIE KING 4 PIECE BEDROOM SET","The Cassie Queen Bed transforms your bedroom into a haven of glam chic. Its shimmering pearl finish is accentuated by crystal inlaid borders at the top and bottom, adding a radiant touch. The headboard features an illuminating border that, with the flip of a switch, creates a captivating ambiance and doubles as a practical reading light. Beyond its stunning appearance, the bed is equipped with built-in USB/USB-C chargers on each side, offering convenient organization and charging for your electronics. CASSIE KING 4 PIECE BEDROOM SET","Crafted from engineered woods and Asian hardwood solids
The headboard and footboard are accented with crystal in-laid borders tjhat sparkle with glam elegance. The headboard illuminates with a warm glow at the flip of a switch, creating an enchanting and inviting atmosphere.
USB and USB-C charging ports on each side of the headboard offer convenient and accessible device charging
The crystal in-laid border sparkles with glam elegance, illuminating with a warm glow at the flip of a switch, creating an enchanting and inviting atmosphere.
The 5-slat support system with dual center supports ensures superior stability, preventing sagging and extending mattress life.
The King Bed is bathed in a shimmering pearl finish, creating a stunning accent that elevates the beauty of any room
The channeled two-tone cushioned fabric headboard from 100% polyester softens a room’s décor
Product Measurements: 82?W x 65?D x 51?H",Cassie Illuminating Queen Bed; Steve Silver,"Shop Cassie Illuminating Queen Bed, Shimmering Pearl Finish at McCabe's Theater & Living. The Cassie Queen Bed transforms your bedroom into a haven of glam chic. Its shimmering pearl finish is accentuated by crystal inlaid borders.",Cassie Illuminating Queen Bed; Steve Silver,"Cassie Illuminating Queen Bed, Shimmering Pearl Finish"
SS-CM150C,Mixed Media Occasional Cocktail Table w/ Casters,520,,195,110,Y,N,Mixed Media Occasional Cocktail Table w/ Casters by Steve Silver. Dimensions: 35 inW x 35 inD x 18 inH Features: Collection features rounded tops in Silvershield Â® 3D PVC laminate that resists; Cocktail table has casters for easy mobility; Bottom shelf allows additional space for display or storage.,Mixed Media Occasional Cocktail Table w/ Casters by Steve Silver. Dimensions: 35 inW x 35 inD x 18 inH Features: Collection features rounded tops in Silvershield Â® 3D PVC laminate that resists; Cocktail table has casters for easy mobility; Bottom shelf allows additional space for display or storage.,"• 35 inW x 35 inD x 18 inH
• Collection features rounded tops in Silvershield Â® 3D PVC laminate that resists
• Cocktail table has casters for easy mobility
• Bottom shelf allows additional space for display or storage",Mixed Media Occasional Cocktail Table w/ Casters; Steve Silver; Occasional; Mixed Media Occasional,Shop Mixed Media Occasional Cocktail Table w/ Casters by Steve Silver.,,Mixed Media Occasional Cocktail Table w/ Casters
SS-CM150E,Mixed Media Occasional End Table,310,,195,60,Y,N,Mixed Media Occasional End Table by Steve Silver. Dimensions: 23 inW x 23 inD x 23 inH Features: Collection features rounded tops in Silvershield Â® 3D PVC laminate that resists; Cocktail table has casters for easy mobility; Bottom shelf allows additional space for display or storage.,Mixed Media Occasional End Table by Steve Silver. Dimensions: 23 inW x 23 inD x 23 inH Features: Collection features rounded tops in Silvershield Â® 3D PVC laminate that resists; Cocktail table has casters for easy mobility; Bottom shelf allows additional space for display or storage.,"• 23 inW x 23 inD x 23 inH
• Collection features rounded tops in Silvershield Â® 3D PVC laminate that resists
• Cocktail table has casters for easy mobility
• Bottom shelf allows additional space for display or storage",Mixed Media Occasional End Table; Steve Silver; Occasional; Mixed Media Occasional,Shop Mixed Media Occasional End Table by Steve Silver.,,Mixed Media Occasional End Table
SS-CNT500PT,Colvin Counter Dining Set w/ Chairs,1290,,215,390,Y,N,Colvin Counter Table by Steve Silver. Dimensions: 72 inL x 40 inD x 36 inH Includes the dining table and matching chairs shown in the catalog image. Features: Constructed of Solid Mango and Asian hardwoods and engineered woods; Influenced by mid-century modern design; the Canton 72 in counter table features canted;; The 72-inch rectangular counter table offers ample space for six people; Counter table and counter chairs are solidly constructed with sturdy solid wood legs and a frame; The wood is hand-stained in a natural multi-step brown cherry finish with burnished edges that.,Colvin Counter Table by Steve Silver. Dimensions: 72 inL x 40 inD x 36 inH Includes the dining table and matching chairs shown in the catalog image. Features: Constructed of Solid Mango and Asian hardwoods and engineered woods; Influenced by mid-century modern design; the Canton 72 in counter table features canted;; The 72-inch rectangular counter table offers ample space for six people; Counter table and counter chairs are solidly constructed with sturdy solid wood legs and a frame; The wood is hand-stained in a natural multi-step brown cherry finish with burnished edges that.,"• 72 inL x 40 inD x 36 inH Includes the dining table and matching chairs shown in the catalog image
• Constructed of Solid Mango and Asian hardwoods and engineered woods
• Influenced by mid-century modern design
• the Canton 72 in counter table features canted
• The 72-inch rectangular counter table offers ample space for six people
• Counter table and counter chairs are solidly constructed with sturdy solid wood legs and a frame",Colvin Counter Dining Set w/ Chairs; Steve Silver; Dining Set; Dining,Shop Colvin Counter Dining Set w/ Chairs by Steve Silver.,,Colvin Counter Dining Set w/ Chairs
SS-CNT500T,Canton Counter Dining Set w/ Chairs,1660,,215,350,Y,N,Canton Counter Dining Table by Steve Silver. Dimensions: 72 inL x 40 inD x 30 inH Includes the dining table and matching chairs shown in the catalog image. Features: Constructed of Solid Mango and Asian hardwoods and engineered woods; Influenced by mid-century modern design; the Canton 72 in table features canted; tapered solid wood; The 72-inch rectangular dining table offers ample space for six people; Table and chairs are solidly constructed with sturdy solid wood legs and a frame that is reinforced with; The wood is hand-stained in a natural multi-step brown cherry finish with burnished edges that highlights.,Canton Counter Dining Table by Steve Silver. Dimensions: 72 inL x 40 inD x 30 inH Includes the dining table and matching chairs shown in the catalog image. Features: Constructed of Solid Mango and Asian hardwoods and engineered woods; Influenced by mid-century modern design; the Canton 72 in table features canted; tapered solid wood; The 72-inch rectangular dining table offers ample space for six people; Table and chairs are solidly constructed with sturdy solid wood legs and a frame that is reinforced with; The wood is hand-stained in a natural multi-step brown cherry finish with burnished edges that highlights.,"• 72 inL x 40 inD x 30 inH Includes the dining table and matching chairs shown in the catalog image
• Constructed of Solid Mango and Asian hardwoods and engineered woods
• Influenced by mid-century modern design
• the Canton 72 in table features canted
• tapered solid wood
• The 72-inch rectangular dining table offers ample space for six people",Canton Counter Dining Set w/ Chairs; Steve Silver; Dining Set; Dining,Shop Canton Counter Dining Set w/ Chairs by Steve Silver.,,Canton Counter Dining Set w/ Chairs
SS-COL100KC,Evan Cocktail Table w/ Casters Finish,520,,195,110,Y,N,Evan Cocktail Table w/ Casters Finish by Steve Silver. Dimensions: 36 inW x 36 inD x 19 inH Features: Crafted of oak and mango veneers; solid Asian hardwoods and engineered woods; Styling details include reeded base; floating top construction and flowing round shapes; Kiln-dried wood helps prevent warping; splitting; cracking and developing mildew.; Modern elegant design; Cocktail Table is castered for easy movement. The Cocktail and End Table also have adjustable; The wood is hand-painted in a natural black finish in a neutral hue that complements any dÃ©cor.,Evan Cocktail Table w/ Casters Finish by Steve Silver. Dimensions: 36 inW x 36 inD x 19 inH Features: Crafted of oak and mango veneers; solid Asian hardwoods and engineered woods; Styling details include reeded base; floating top construction and flowing round shapes; Kiln-dried wood helps prevent warping; splitting; cracking and developing mildew.; Modern elegant design; Cocktail Table is castered for easy movement. The Cocktail and End Table also have adjustable; The wood is hand-painted in a natural black finish in a neutral hue that complements any dÃ©cor.,"• 36 inW x 36 inD x 19 inH
• Crafted of oak and mango veneers
• solid Asian hardwoods and engineered woods
• Styling details include reeded base
• floating top construction and flowing round shapes
• Kiln-dried wood helps prevent warping",Evan Cocktail Table w/ Casters Finish; Steve Silver; Occasional; Modern Occasional,Shop Evan Cocktail Table w/ Casters Finish by Steve Silver.,,Evan Cocktail Table w/ Casters Finish
SS-COL100KE,Evan End Table Finish,310,,195,60,Y,N,Evan End Table Finish by Steve Silver. Dimensions: 22 inW x 24 inD x 24 inH Features: Crafted of oak and mango veneers; solid Asian hardwoods and engineered woods; Styling details include reeded base; floating top construction and flowing round shapes; Kiln-dried wood helps prevent warping; splitting; cracking and developing mildew.; Modern elegant design; Cocktail Table is castered for easy movement. The Cocktail and End Table also have adjustable; The wood is hand-painted in a natural black finish in a neutral hue that complements any dÃ©cor.,Evan End Table Finish by Steve Silver. Dimensions: 22 inW x 24 inD x 24 inH Features: Crafted of oak and mango veneers; solid Asian hardwoods and engineered woods; Styling details include reeded base; floating top construction and flowing round shapes; Kiln-dried wood helps prevent warping; splitting; cracking and developing mildew.; Modern elegant design; Cocktail Table is castered for easy movement. The Cocktail and End Table also have adjustable; The wood is hand-painted in a natural black finish in a neutral hue that complements any dÃ©cor.,"• 22 inW x 24 inD x 24 inH
• Crafted of oak and mango veneers
• solid Asian hardwoods and engineered woods
• Styling details include reeded base
• floating top construction and flowing round shapes
• Kiln-dried wood helps prevent warping",Evan End Table Finish; Steve Silver; Occasional; Modern Occasional,Shop Evan End Table Finish by Steve Silver.,,Evan End Table Finish
SS-COL100KNWMC,Echo Marble Top Cocktail Table w/ Casters Finish,270,,195,150,Y,N,Echo Marble Top Cocktail Table w/ Casters Finish by Steve Silver. Dimensions: 36 inW x 36 inD x 19 inH Features: Crafted of oak and mango veneers; solid Asian hardwoods and engineered woods; Styling details include reeded base; floating top construction and flowing round shapes; Modern elegant design; Each marble top is crafted by nature with unique characteristics that vary slightly so no two pieces; Cocktail Table is castered for easy movement. The Cocktail and End Table also have adjustable; The wood is hand-stained in a natural multi-step toffee finish to highlight the natural grain and knots.,Echo Marble Top Cocktail Table w/ Casters Finish by Steve Silver. Dimensions: 36 inW x 36 inD x 19 inH Features: Crafted of oak and mango veneers; solid Asian hardwoods and engineered woods; Styling details include reeded base; floating top construction and flowing round shapes; Modern elegant design; Each marble top is crafted by nature with unique characteristics that vary slightly so no two pieces; Cocktail Table is castered for easy movement. The Cocktail and End Table also have adjustable; The wood is hand-stained in a natural multi-step toffee finish to highlight the natural grain and knots.,"• 36 inW x 36 inD x 19 inH
• Crafted of oak and mango veneers
• solid Asian hardwoods and engineered woods
• Styling details include reeded base
• floating top construction and flowing round shapes
• Modern elegant design",Echo Marble Top Cocktail Table w/ Casters Finish; Steve Silver; Occasional; Stone Top Occasional,Shop Echo Marble Top Cocktail Table w/ Casters Finish by Steve Silver.,,Echo Marble Top Cocktail Table w/ Casters Finish
SS-COL100KWMC,Colvin Marble Top Cocktail Table w/ Casters Finish,450,,195,150,Y,N,Colvin Marble Top Cocktail Table w/ Casters Finish by Steve Silver. Dimensions: 36 inW x 36 inD x 19 inH Features: Crafted of oak and mango veneers; solid Asian hardwoods and engineered woods; Styling details include reeded base; floating top construction and flowing round shapes; Kiln-dried wood helps prevent warping; splitting; cracking and developing mildew.; Modern elegant design; Each marble top is crafted by nature with unique characteristics that vary slightly so no two pieces; Cocktail Table is castered for easy movement. The Cocktail and End Table also have adjustable; The wood is hand-painted in a natural black finish in a neutral hue that complements any dÃ©cor.,Colvin Marble Top Cocktail Table w/ Casters Finish by Steve Silver. Dimensions: 36 inW x 36 inD x 19 inH Features: Crafted of oak and mango veneers; solid Asian hardwoods and engineered woods; Styling details include reeded base; floating top construction and flowing round shapes; Kiln-dried wood helps prevent warping; splitting; cracking and developing mildew.; Modern elegant design; Each marble top is crafted by nature with unique characteristics that vary slightly so no two pieces; Cocktail Table is castered for easy movement. The Cocktail and End Table also have adjustable; The wood is hand-painted in a natural black finish in a neutral hue that complements any dÃ©cor.,"• 36 inW x 36 inD x 19 inH
• Crafted of oak and mango veneers
• solid Asian hardwoods and engineered woods
• Styling details include reeded base
• floating top construction and flowing round shapes
• Kiln-dried wood helps prevent warping",Colvin Marble Top Cocktail Table w/ Casters Finish; Steve Silver; Occasional; Stone Top Occasional,Shop Colvin Marble Top Cocktail Table w/ Casters Finish by Steve Silver.,,Colvin Marble Top Cocktail Table w/ Casters Finish
SS-COL100KWME,Colvin Marble Top End Table Finish,210,,195,100,Y,N,Colvin Marble Top End Table Finish by Steve Silver. Dimensions: 22 inW x 24 inD x 24 inH Features: Crafted of oak and mango veneers; solid Asian hardwoods and engineered woods; Styling details include reeded base; floating top construction and flowing round shapes; Kiln-dried wood helps prevent warping; splitting; cracking and developing mildew.; Modern elegant design; Each marble top is crafted by nature with unique characteristics that vary slightly so no two pieces; Cocktail Table is castered for easy movement. The Cocktail and End Table also have adjustable; The wood is hand-painted in a natural black finish in a neutral hue that complements any dÃ©cor.,Colvin Marble Top End Table Finish by Steve Silver. Dimensions: 22 inW x 24 inD x 24 inH Features: Crafted of oak and mango veneers; solid Asian hardwoods and engineered woods; Styling details include reeded base; floating top construction and flowing round shapes; Kiln-dried wood helps prevent warping; splitting; cracking and developing mildew.; Modern elegant design; Each marble top is crafted by nature with unique characteristics that vary slightly so no two pieces; Cocktail Table is castered for easy movement. The Cocktail and End Table also have adjustable; The wood is hand-painted in a natural black finish in a neutral hue that complements any dÃ©cor.,"• 22 inW x 24 inD x 24 inH
• Crafted of oak and mango veneers
• solid Asian hardwoods and engineered woods
• Styling details include reeded base
• floating top construction and flowing round shapes
• Kiln-dried wood helps prevent warping",Colvin Marble Top End Table Finish; Steve Silver; Occasional; Stone Top Occasional,Shop Colvin Marble Top End Table Finish by Steve Silver.,,Colvin Marble Top End Table Finish
SS-COL100NWMC,Modern Occasional Cocktail Table w/ Casters Finish,520,,195,110,Y,N,Modern Occasional Cocktail Table w/ Casters Finish by Steve Silver. Dimensions: 36 inW x 36 inD x 19 inH Features: Crafted of oak and mango veneers; solid Asian hardwoods and engineered woods; Styling details include reeded base; floating top construction and flowing round shapes; Kiln-dried wood helps prevent warping; splitting; cracking and developing mildew.; Modern elegant design; Cocktail Table is castered for easy movement. The Codktail and End Table also have adjustable; The wood is hand-stained in a natural multi-step toffee finish to highlight the natural grain and knots.,Modern Occasional Cocktail Table w/ Casters Finish by Steve Silver. Dimensions: 36 inW x 36 inD x 19 inH Features: Crafted of oak and mango veneers; solid Asian hardwoods and engineered woods; Styling details include reeded base; floating top construction and flowing round shapes; Kiln-dried wood helps prevent warping; splitting; cracking and developing mildew.; Modern elegant design; Cocktail Table is castered for easy movement. The Codktail and End Table also have adjustable; The wood is hand-stained in a natural multi-step toffee finish to highlight the natural grain and knots.,"• 36 inW x 36 inD x 19 inH
• Crafted of oak and mango veneers
• solid Asian hardwoods and engineered woods
• Styling details include reeded base
• floating top construction and flowing round shapes
• Kiln-dried wood helps prevent warping",Modern Occasional Cocktail Table w/ Casters Finish; Steve Silver; Occasional; Modern Occasional,Shop Modern Occasional Cocktail Table w/ Casters Finish by Steve Silver.,,Modern Occasional Cocktail Table w/ Casters Finish
SS-COL100NWME,Echo Marble Top End Table Finish,170,,195,100,Y,N,Echo Marble Top End Table Finish by Steve Silver. Dimensions: 22 inW x 24 inD x 24 inH Features: Crafted of oak and mango veneers; solid Asian hardwoods and engineered woods; Styling details include reeded base; floating top construction and flowing round shapes; Modern elegant design; Each marble top is crafted by nature with unique characteristics that vary slightly so no two pieces; Cocktail Table is castered for easy movement. The Cocktail and End Table also have adjustable; The wood is hand-stained in a natural multi-step toffee finish to highlight the natural grain and knots.,Echo Marble Top End Table Finish by Steve Silver. Dimensions: 22 inW x 24 inD x 24 inH Features: Crafted of oak and mango veneers; solid Asian hardwoods and engineered woods; Styling details include reeded base; floating top construction and flowing round shapes; Modern elegant design; Each marble top is crafted by nature with unique characteristics that vary slightly so no two pieces; Cocktail Table is castered for easy movement. The Cocktail and End Table also have adjustable; The wood is hand-stained in a natural multi-step toffee finish to highlight the natural grain and knots.,"• 22 inW x 24 inD x 24 inH
• Crafted of oak and mango veneers
• solid Asian hardwoods and engineered woods
• Styling details include reeded base
• floating top construction and flowing round shapes
• Modern elegant design",Echo Marble Top End Table Finish; Steve Silver; Occasional; Stone Top Occasional,Shop Echo Marble Top End Table Finish by Steve Silver.,,Echo Marble Top End Table Finish
SS-COL500ESV,Evan Server,1120,,217,230,Y,N,Evan Server by Steve Silver. Dimensions: 60 inW x 20 inD x 32 inH Features: Expertly crafted of oak veneers; Asian hardwood solids and engineered woods; Adjustable levelers add stability on uneven surfaces.; A finished back ensures the Server versatile placement and polished elegance in any room; Concealed European hinges offer clean front aesthetic while allowing the doors to open and close; Two adjustable shelves behind doors offer versatile storage options to accommodate items of; Natural; hand-stained wood in a multi-step black; toffee; emerald or white finish; Satin brass hardware adds an elegant accessory to the front of the case.,Evan Server by Steve Silver. Dimensions: 60 inW x 20 inD x 32 inH Features: Expertly crafted of oak veneers; Asian hardwood solids and engineered woods; Adjustable levelers add stability on uneven surfaces.; A finished back ensures the Server versatile placement and polished elegance in any room; Concealed European hinges offer clean front aesthetic while allowing the doors to open and close; Two adjustable shelves behind doors offer versatile storage options to accommodate items of; Natural; hand-stained wood in a multi-step black; toffee; emerald or white finish; Satin brass hardware adds an elegant accessory to the front of the case.,"• 60 inW x 20 inD x 32 inH
• Expertly crafted of oak veneers
• Asian hardwood solids and engineered woods
• Adjustable levelers add stability on uneven surfaces
• A finished back ensures the Server versatile placement and polished elegance in any room
• Concealed European hinges offer clean front aesthetic while allowing the doors to open and close",Evan Server; Steve Silver; Dining; Modern Dining,Shop Evan Server by Steve Silver.,,Evan Server
SS-COL500KSV,Evan Server,1120,,217,230,Y,N,Evan Server by Steve Silver. Dimensions: 60 inW x 20 inD x 32 inH Features: Expertly crafted of oak veneers; Asian hardwood solids and engineered woods; Adjustable levelers add stability on uneven surfaces.; A finished back ensures the Server versatile placement and polished elegance in any room; Concealed European hinges offer clean front aesthetic while allowing the doors to open and close; Two adjustable shelves behind doors offer versatile storage options to accommodate items of; Natural; hand-stained wood in a multi-step black; toffee; emerald or white finish; Satin brass hardware adds an elegant accessory to the front of the case.,Evan Server by Steve Silver. Dimensions: 60 inW x 20 inD x 32 inH Features: Expertly crafted of oak veneers; Asian hardwood solids and engineered woods; Adjustable levelers add stability on uneven surfaces.; A finished back ensures the Server versatile placement and polished elegance in any room; Concealed European hinges offer clean front aesthetic while allowing the doors to open and close; Two adjustable shelves behind doors offer versatile storage options to accommodate items of; Natural; hand-stained wood in a multi-step black; toffee; emerald or white finish; Satin brass hardware adds an elegant accessory to the front of the case.,"• 60 inW x 20 inD x 32 inH
• Expertly crafted of oak veneers
• Asian hardwood solids and engineered woods
• Adjustable levelers add stability on uneven surfaces
• A finished back ensures the Server versatile placement and polished elegance in any room
• Concealed European hinges offer clean front aesthetic while allowing the doors to open and close",Evan Server; Steve Silver; Dining; Modern Dining,Shop Evan Server by Steve Silver.,,Evan Server
SS-COL500NSV,Evan Server,1120,,217,230,Y,N,Evan Server by Steve Silver. Dimensions: 60 inW x 20 inD x 32 inH Features: Expertly crafted of oak veneers; Asian hardwood solids and engineered woods; Adjustable levelers add stability on uneven surfaces.; A finished back ensures the Server versatile placement and polished elegance in any room; Concealed European hinges offer clean front aesthetic while allowing the doors to open and close; Two adjustable shelves behind doors offer versatile storage options to accommodate items of; Natural; hand-stained wood in a multi-step black; toffee; emerald or white finish; Satin brass hardware adds an elegant accessory to the front of the case.,Evan Server by Steve Silver. Dimensions: 60 inW x 20 inD x 32 inH Features: Expertly crafted of oak veneers; Asian hardwood solids and engineered woods; Adjustable levelers add stability on uneven surfaces.; A finished back ensures the Server versatile placement and polished elegance in any room; Concealed European hinges offer clean front aesthetic while allowing the doors to open and close; Two adjustable shelves behind doors offer versatile storage options to accommodate items of; Natural; hand-stained wood in a multi-step black; toffee; emerald or white finish; Satin brass hardware adds an elegant accessory to the front of the case.,"• 60 inW x 20 inD x 32 inH
• Expertly crafted of oak veneers
• Asian hardwood solids and engineered woods
• Adjustable levelers add stability on uneven surfaces
• A finished back ensures the Server versatile placement and polished elegance in any room
• Concealed European hinges offer clean front aesthetic while allowing the doors to open and close",Evan Server; Steve Silver; Dining; Modern Dining,Shop Evan Server by Steve Silver.,,Evan Server
SS-COL500WSV,Evan Server,1120,,217,230,Y,N,Evan Server by Steve Silver. Dimensions: 60 inW x 20 inD x 32 inH Features: Expertly crafted of oak veneers; Asian hardwood solids and engineered woods; Adjustable levelers add stability on uneven surfaces.; A finished back ensures the Server versatile placement and polished elegance in any room; Concealed European hinges offer clean front aesthetic while allowing the doors to open and close; Two adjustable shelves behind doors offer versatile storage options to accommodate items of; Natural; hand-stained wood in a multi-step black; toffee; emerald or white finish; Satin brass hardware adds an elegant accessory to the front of the case.,Evan Server by Steve Silver. Dimensions: 60 inW x 20 inD x 32 inH Features: Expertly crafted of oak veneers; Asian hardwood solids and engineered woods; Adjustable levelers add stability on uneven surfaces.; A finished back ensures the Server versatile placement and polished elegance in any room; Concealed European hinges offer clean front aesthetic while allowing the doors to open and close; Two adjustable shelves behind doors offer versatile storage options to accommodate items of; Natural; hand-stained wood in a multi-step black; toffee; emerald or white finish; Satin brass hardware adds an elegant accessory to the front of the case.,"• 60 inW x 20 inD x 32 inH
• Expertly crafted of oak veneers
• Asian hardwood solids and engineered woods
• Adjustable levelers add stability on uneven surfaces
• A finished back ensures the Server versatile placement and polished elegance in any room
• Concealed European hinges offer clean front aesthetic while allowing the doors to open and close",Evan Server; Steve Silver; Dining; Modern Dining,Shop Evan Server by Steve Silver.,,Evan Server
SS-CONROE-GRAY-PWR-SECT,"Conroe Dual-Power 7-Piece Reclining Sectional with Chaise, Gray",2580,,"139, 198, 188",520,,N,"<p>The Conroe Dual-Power Reclining 7-Piece Sectional blends modern style with personalized comfort. Upholstered in a light gray fabric, it offers a neutral look that complements a variety of spaces. Discreet inner-arm controls adjust the independent power headrest and footrest for customized relaxation. A lift-top storage chaise keeps blankets and essentials close at hand, while the 100% polyester cover, furniture-grade plywood frame, and sinuous wire springs provide lasting durability and everyday comfort.</p>","The Conroe Dual-Power Reclining 7-Piece Sectional blends modern style with personalized comfort. Upholstered in a light gray fabric, it offers a neutral look that complements a variety of spaces. Discreet inner-arm controls adjust the independent power headrest and footrest for customized relaxation. A lift-top storage chaise keeps blankets and essentials close at hand, while the 100% polyester cover, furniture-grade plywood frame, and sinuous wire springs provide lasting durability and everyday comfort.","<ul><li><strong>Cover:</strong> Soft, durable 100% polyester performance fabric</li><li><strong>Color:</strong> Gray</li><li><strong>Construction:</strong> Kiln-dried furniture-grade wood and engineered-wood frame, sinuous-spring support, and 2.0-density foam</li><li><strong>Dimensions:</strong> Modular components include 43W x 40D x 41H in. power end recliners, 48W x 48D x 41H in. wedge, and 13W x 40D x 41H in. armless/console components; chaise depth is approximately 65 in.</li><li><strong>Motion:</strong> Dual-power reclining with independent headrest and footrest controls plus one-touch home positioning</li><li><strong>Special Features:</strong> 7-piece modular sectional with lift-top storage chaise, console storage, pop-out cupholders, USB-A/USB-C charging, wireless charging, and 360 lb. capacity per seat</li></ul>",Conroe Dual-Power 7-Piece Reclining Sectional with Chaise; Steve Silver,"Shop Conroe Dual-Power 7-Piece Reclining Sectional with Chaise, Gray at McCabe's Theater & Living. The Conroe Dual-Power Reclining 7-Piece Sectional blends modern style with personalized comfort. Upholstered in a light gray fabric, it offe.",Conroe Dual-Power 7-Piece Reclining Sectional with Chaise; Steve Silver,"Conroe Dual-Power 7-Piece Reclining Sectional with Chaise, Gray"
SS-CONROE-PWR-CHAISE-SECT,"Conroe Dual-Power 7-Piece Reclining Sectional with Chaise, Cobblestone",2580,,"139, 198, 188",520,,N,"<p>The Conroe Dual-Power Reclining 7-Piece Sectional blends modern style with personalized comfort. Upholstered in a light tan Cobblestone fabric, it offers a neutral look that complements a variety of spaces. Discreet inner-arm controls adjust the independent power headrest and footrest for customized relaxation. A lift-top storage chaise keeps blankets and essentials close at hand, while the 100% polyester cover, furniture-grade plywood frame, and sinuous wire springs provide lasting durability and everyday comfort.</p>","The Conroe Dual-Power Reclining 7-Piece Sectional blends modern style with personalized comfort. Upholstered in a light tan Cobblestone fabric, it offers a neutral look that complements a variety of spaces. Discreet inner-arm controls adjust the independent power headrest and footrest for customized relaxation. A lift-top storage chaise keeps blankets and essentials close at hand, while the 100% polyester cover, furniture-grade plywood frame, and sinuous wire springs provide lasting durability and everyday comfort.","<ul><li><strong>Cover:</strong> Soft, durable 100% polyester performance fabric</li><li><strong>Color:</strong> Cobblestone</li><li><strong>Construction:</strong> Kiln-dried furniture-grade wood and engineered-wood frame, sinuous-spring support, and 2.0-density foam</li><li><strong>Dimensions:</strong> Modular components include 43W x 40D x 41H in. power end recliners, 48W x 48D x 41H in. wedge, and 13W x 40D x 41H in. armless/console components; chaise depth is approximately 65 in.</li><li><strong>Motion:</strong> Dual-power reclining with independent headrest and footrest controls plus one-touch home positioning</li><li><strong>Special Features:</strong> 7-piece modular sectional with lift-top storage chaise, console storage, pop-out cupholders, USB-A/USB-C charging, wireless charging, and 360 lb. capacity per seat</li></ul>",Conroe Dual-Power 7-Piece Reclining Sectional with Chaise; Steve Silver,"Shop Conroe Dual-Power 7-Piece Reclining Sectional with Chaise, Cobblestone at McCabe's Theater & Living. The Conroe Dual-Power Reclining 7-Piece Sectional blends modern style with personalized comfort. Upholstered in a light tan Cobblestone fabr.",Conroe Dual-Power 7-Piece Reclining Sectional with Chaise; Steve Silver,"Conroe Dual-Power 7-Piece Reclining Sectional with Chaise, Cobblestone"
SS-COZY-59LOVE,"Cozy Loveseat, Manual Reclining, Gray",639,,"199, 147",175,,N,"<p>Relax together in effortless comfort with the Cozy Manual Reclining Loveseat. Upholstered in a stylish dolphin gray 100% polyester cover, it delivers a soft, inviting feel with stain resistance for easy care. Plush, channeled backs with 2.0-density foam provide sink-in comfort, while generously overstuffed arms add extra support. Smooth manual reclining lets you kick back with a simple pull, placing you in the perfect position to unwind and enjoy everyday moments in comfort.</p>","Relax together in effortless comfort with the Cozy Manual Reclining Loveseat. Upholstered in a stylish dolphin gray 100% polyester cover, it delivers a soft, inviting feel with stain resistance for easy care. Plush, channeled backs with 2.0-density foam provide sink-in comfort, while generously overstuffed arms add extra support. Smooth manual reclining lets you kick back with a simple pull, placing you in the perfect position to unwind and enjoy everyday moments in comfort.","<ul><li><strong>Cover:</strong> Stain-resistant, easy-care 100% polyester fabric</li><li><strong>Color:</strong> Dolphin Gray</li><li><strong>Construction:</strong> Engineered-wood mortise-and-tenon frame, no-sag sinuous springs, 2.0-density high-resiliency foam, channeled back, overstuffed arms, and removable back</li><li><strong>Dimensions:</strong> 59W x 38D x 40H in.</li><li><strong>Motion:</strong> Manual reclining</li><li><strong>Special Features:</strong> Dual manual-reclining seats; 350 lb. weight capacity per seat</li></ul>",Cozy Loveseat; Steve Silver,"Shop Cozy Loveseat, Manual Reclining, Gray at McCabe's Theater & Living. Relax together in effortless comfort with the Cozy Manual Reclining Loveseat. Upholstered in a stylish dolphin gray 100% polyester cover, it.",Cozy Loveseat; Steve Silver,"Cozy Loveseat, Manual Reclining, Gray"
SS-COZY-81SOFA,"Cozy Sofa, Manual Reclining, Gray",639,,"139, 197, 179",195,,N,"<p>Stretch out in effortless comfort with the Cozy Manual Reclining Sofa. Upholstered in a stylish dolphin gray 100% polyester cover, it offers a soft, inviting feel with stain resistance for easy care. Plush, channeled backs with 2.0-density foam provide sink-in comfort, while generously overstuffed arms add extra support. Dual manual reclining ends activate with a simple pull, smoothly positioning you for optimal relaxationâ€”making the Cozy sofa the perfect choice for everyday lounging and laid-back living.</p>","Stretch out in effortless comfort with the Cozy Manual Reclining Sofa. Upholstered in a stylish dolphin gray 100% polyester cover, it offers a soft, inviting feel with stain resistance for easy care. Plush, channeled backs with 2.0-density foam provide sink-in comfort, while generously overstuffed arms add extra support. Dual manual reclining ends activate with a simple pull, smoothly positioning you for optimal relaxationâ€”making the Cozy sofa the perfect choice for everyday lounging and laid-back living.","<ul><li><strong>Cover:</strong> Stain-resistant, easy-care 100% polyester fabric</li><li><strong>Color:</strong> Dolphin Gray</li><li><strong>Construction:</strong> Engineered-wood mortise-and-tenon frame, no-sag sinuous springs, 2.0-density high-resiliency foam, channeled back, overstuffed arms, and removable back</li><li><strong>Dimensions:</strong> 81W x 38D x 40H in.</li><li><strong>Motion:</strong> Manual reclining</li><li><strong>Special Features:</strong> Manual-reclining end seats with stationary center seat; 350 lb. weight capacity per seat</li></ul>",Cozy Sofa; Steve Silver,"Shop Cozy Sofa, Manual Reclining, Gray at McCabe's Theater & Living. Stretch out in effortless comfort with the Cozy Manual Reclining Sofa. Upholstered in a stylish dolphin gray 100% polyester cover, it offers.",Cozy Sofa; Steve Silver,"Cozy Sofa, Manual Reclining, Gray"
SS-COZY-RECL,"Cozy Recliner, Manual, Gray",359,,186,105,,N,"<p>Sink into everyday comfort with the Cozy Manual Recliner. Upholstered in a stylish dolphin gray 100% polyester cover, it is irresistibly soft to the touch while remaining stain-resistant and easy to care for.</p>","Sink into everyday comfort with the Cozy Manual Recliner. Upholstered in a stylish dolphin gray 100% polyester cover, it is irresistibly soft to the touch while remaining stain-resistant and easy to care for.","<ul><li><strong>Cover:</strong> Stain-resistant, easy-care 100% polyester fabric</li><li><strong>Color:</strong> Dolphin Gray</li><li><strong>Construction:</strong> Engineered-wood mortise-and-tenon frame, no-sag sinuous springs, 2.0-density high-resiliency foam, channeled back, overstuffed arms, and removable back</li><li><strong>Dimensions:</strong> 37W x 38D x 40H in.</li><li><strong>Motion:</strong> Manual reclining</li><li><strong>Special Features:</strong> Manual recliner with gliding motion when closed; 350 lb. weight capacity per seat</li></ul>",Cozy Recliner; Steve Silver,"Shop Cozy Recliner, Manual, Gray at McCabe's Theater & Living. Sink into everyday comfort with the Cozy Manual Recliner. Upholstered in a stylish dolphin gray 100% polyester cover, it is irresistibly sof.",Cozy Recliner; Steve Silver,"Cozy Recliner, Manual, Gray"
SS-CT100C,Dexter Lift Top Table,310,,195,110,Y,N,Dexter Lift Top Coffee Table by Steve Silver. Dimensions: 48 inW x 26 inD x 18 inH Features: Constructed of wood solids; veneers; engineered woods and resin; Styling details include louvered doors; oil-rubbed bronze hardware; Modern farmhouse design with mixture of cottage and contemporary styling; Lift-Top Coffee is great for working or eating while seated; Storage options in Coffee Table and Storage End Table for remotes or other items; The Storage End Table has USB charging station for electronic devices; Farmhouse White finish.,Dexter Lift Top Coffee Table by Steve Silver. Dimensions: 48 inW x 26 inD x 18 inH Features: Constructed of wood solids; veneers; engineered woods and resin; Styling details include louvered doors; oil-rubbed bronze hardware; Modern farmhouse design with mixture of cottage and contemporary styling; Lift-Top Coffee is great for working or eating while seated; Storage options in Coffee Table and Storage End Table for remotes or other items; The Storage End Table has USB charging station for electronic devices; Farmhouse White finish.,"• 48 inW x 26 inD x 18 inH
• Constructed of wood solids
• engineered woods and resin
• Styling details include louvered doors
• oil-rubbed bronze hardware
• Modern farmhouse design with mixture of cottage and contemporary styling",Dexter Lift Top Coffee Table; Steve Silver; Occasional; Lift-Top Coffee Tables,Shop Dexter Lift Top Table by Steve Silver.,,Dexter Lift Top Table
SS-CT100E,Dexter End Table,190,,195,60,Y,N,Dexter End Table by Steve Silver. Dimensions: 20 inW x 26 inD x 24 inH Features: Constructed of wood solids; veneers; engineered woods and resin; Styling details include louvered doors; oil-rubbed bronze hardware; Modern farmhouse design with mixture of cottage and contemporary styling; Lift-Top Coffee is great for working or eating while seated; Storage options in Coffee Table and Storage End Table for remotes or other items; The Storage End Table has USB charging station for electronic devices; Farmhouse White finish.,Dexter End Table by Steve Silver. Dimensions: 20 inW x 26 inD x 24 inH Features: Constructed of wood solids; veneers; engineered woods and resin; Styling details include louvered doors; oil-rubbed bronze hardware; Modern farmhouse design with mixture of cottage and contemporary styling; Lift-Top Coffee is great for working or eating while seated; Storage options in Coffee Table and Storage End Table for remotes or other items; The Storage End Table has USB charging station for electronic devices; Farmhouse White finish.,"• 20 inW x 26 inD x 24 inH
• Constructed of wood solids
• engineered woods and resin
• Styling details include louvered doors
• oil-rubbed bronze hardware
• Modern farmhouse design with mixture of cottage and contemporary styling",Dexter End Table; Steve Silver; Occasional; Lift-Top Coffee Tables,Shop Dexter End Table by Steve Silver.,,Dexter End Table
SS-CT100ES,Dexter Storage End Table w/ Usb,190,,195,95,Y,N,Dexter Storage End Table w/ USB by Steve Silver. Dimensions: 18 inW x 24 inD x 24 inH Features: Constructed of wood solids; veneers; engineered woods and resin; Styling details include louvered doors; oil-rubbed bronze hardware; Modern farmhouse design with mixture of cottage and contemporary styling; Lift-Top Coffee is great for working or eating while seated; Storage options in Coffee Table and Storage End Table for remotes or other items; The Storage End Table has USB charging station for electronic devices; Farmhouse White finish.,Dexter Storage End Table w/ USB by Steve Silver. Dimensions: 18 inW x 24 inD x 24 inH Features: Constructed of wood solids; veneers; engineered woods and resin; Styling details include louvered doors; oil-rubbed bronze hardware; Modern farmhouse design with mixture of cottage and contemporary styling; Lift-Top Coffee is great for working or eating while seated; Storage options in Coffee Table and Storage End Table for remotes or other items; The Storage End Table has USB charging station for electronic devices; Farmhouse White finish.,"• 18 inW x 24 inD x 24 inH
• Constructed of wood solids
• engineered woods and resin
• Styling details include louvered doors
• oil-rubbed bronze hardware
• Modern farmhouse design with mixture of cottage and contemporary styling",Dexter Storage End Table w/ USB; Steve Silver; Occasional; Lift-Top Coffee Tables,Shop Dexter Storage End Table w/ Usb by Steve Silver.,,Dexter Storage End Table w/ Usb
SS-CY100CKW,Casual Occasional Cocktail Table,520,,195,110,Y,N,Casual Occasional Cocktail Table by Steve Silver. Dimensions: 52 inW x 32 inD x 18 inH Features: Modern farmhouse styling constructed of hardwood solids with acacia veneers in; Tables feature picture frame apron; tapered legs and working drawers with cup.,Casual Occasional Cocktail Table by Steve Silver. Dimensions: 52 inW x 32 inD x 18 inH Features: Modern farmhouse styling constructed of hardwood solids with acacia veneers in; Tables feature picture frame apron; tapered legs and working drawers with cup.,"• 52 inW x 32 inD x 18 inH
• Modern farmhouse styling constructed of hardwood solids with acacia veneers in
• Tables feature picture frame apron
• tapered legs and working drawers with cup",Casual Occasional Cocktail Table; Steve Silver; Occasional; Casual Occasional,Shop Casual Occasional Cocktail Table by Steve Silver.,,Casual Occasional Cocktail Table
SS-CY100EKW,Casual Occasional End Table,310,,195,60,Y,N,Casual Occasional End Table by Steve Silver. Dimensions: 24 inW x 24 inD x 24 inH Features: Modern farmhouse styling constructed of hardwood solids with acacia veneers in; Tables feature picture frame apron; tapered legs and working drawers with cup.,Casual Occasional End Table by Steve Silver. Dimensions: 24 inW x 24 inD x 24 inH Features: Modern farmhouse styling constructed of hardwood solids with acacia veneers in; Tables feature picture frame apron; tapered legs and working drawers with cup.,"• 24 inW x 24 inD x 24 inH
• Modern farmhouse styling constructed of hardwood solids with acacia veneers in
• Tables feature picture frame apron
• tapered legs and working drawers with cup",Casual Occasional End Table; Steve Silver; Occasional; Casual Occasional,Shop Casual Occasional End Table by Steve Silver.,,Casual Occasional End Table
SS-CY100SKW,Casual Occasional Sofa Table,1470,,195,250,Y,N,Casual Occasional Sofa Table by Steve Silver. Dimensions: 54 inW x 18 inD x 30 inH Features: Modern farmhouse styling constructed of hardwood solids with acacia veneers in; Tables feature picture frame apron; tapered legs and working drawers with cup.,Casual Occasional Sofa Table by Steve Silver. Dimensions: 54 inW x 18 inD x 30 inH Features: Modern farmhouse styling constructed of hardwood solids with acacia veneers in; Tables feature picture frame apron; tapered legs and working drawers with cup.,"• 54 inW x 18 inD x 30 inH
• Modern farmhouse styling constructed of hardwood solids with acacia veneers in
• Tables feature picture frame apron
• tapered legs and working drawers with cup",Casual Occasional Sofa Table; Steve Silver; Occasional; Casual Occasional,Shop Casual Occasional Sofa Table by Steve Silver.,,Casual Occasional Sofa Table
SS-DANIEL-PWR-LOVE,"Daniel Triple Power Immersive Entertainment Leather Reclining Console Loveseat, Built-in Speakers, Heat and Massage",3270,,"199, 147",185,,N,"<p>Experience the theater from the comfort of home with the Daniel Triple-Power Leather Reclining Immersive Entertainment Console Loveseat. Wrapped in plush, mossy-gray leather, this sofa is designed for immersive entertainment. Built-in speakers, a subwoofer, and vibration transponders surround you with lifelike sound, while air massage and soothing heat settings add next-level relaxation. A convenient center console offers wireless charging, USB-A &amp; C charging, integrated lighting, easy-access controls and handy storage, keeping everything within reach. Enjoy the ultimate blend of luxury, comfort, and high-tech entertainment with the Daniel Triple-Power Leather Reclining Immersive Entertainment Console Loveseat.</p>","Experience the theater from the comfort of home with the Daniel Triple-Power Leather Reclining Immersive Entertainment Console Loveseat. Wrapped in plush, mossy-gray leather, this sofa is designed for immersive entertainment. Built-in speakers, a subwoofer, and vibration transponders surround you with lifelike sound, while air massage and soothing heat settings add next-level relaxation. A convenient center console offers wireless charging, USB-A & C charging, integrated lighting, easy-access controls and handy storage, keeping everything within reach. Enjoy the ultimate blend of luxury, comfort, and high-tech entertainment with the Daniel Triple-Power Leather Reclining Immersive Entertainment Console Loveseat.","<ul><li><strong>Cover:</strong> Top-grain leather on seating and front-facing surfaces with coordinating faux leather on sides and back</li><li><strong>Color:</strong> Mossy Gray</li><li><strong>Construction:</strong> Engineered-wood frame, sinuous-spring support, and high-density foam</li><li><strong>Dimensions:</strong> 75.5W x 41D x 42H in.</li><li><strong>Motion:</strong> Triple-power reclining with independent headrest, lumbar, and footrest adjustment</li><li><strong>Special Features:</strong> Center console, built-in speakers and subwoofer, vibration, heat, air massage, wireless charging, USB-A/USB-C ports, integrated lighting, and programmable memory controls</li></ul>",Daniel Triple Power Immersive Entertainment Leather Reclining Console Loveseat; Steve Silver,"Shop Daniel Triple Power Immersive Entertainment Leather Reclining Console Loveseat, Built-in Speakers, Heat and Massage at McCabe's Theater & Living. Experience the theater from the comfort of home with the Daniel Triple-Power Leather Reclining Immersive",Daniel Triple Power Immersive Entertainment Leather Reclining Console Loveseat; Steve Silver,"Daniel Triple Power Immersive Entertainment Leather Reclining Console Loveseat, Built-in Speakers, Heat and Massage"
SS-DANIEL-PWR-RECL,Daniel Triple Power Immersive Entertainment Leather Recliner with Built-in Speakers,1550,,186,125,,N,"<p>Experience the theater from the comfort of home with the Daniel Triple-Power Leather Immersive Entertainment Recliner with Built-in Speakers. Wrapped in plush, mossy-gray leather, this recliner is designed for immersive entertainment. Built-in speakers, a subwoofer, and vibration transponders surround you with lifelike sound. Popup arms offer convenient bass, treble and vibration control, while the outer console has USB-A &amp; C charging, integrated lighting and programmable memory settings. Enjoy the ultimate blend of luxury, comfort, and high-tech entertainment with the Daniel Triple-Power Leather Immersive Entertainment Recliner with Built-In Speakers.</p>","Experience the theater from the comfort of home with the Daniel Triple-Power Leather Immersive Entertainment Recliner with Built-in Speakers. Wrapped in plush, mossy-gray leather, this recliner is designed for immersive entertainment. Built-in speakers, a subwoofer, and vibration transponders surround you with lifelike sound. Popup arms offer convenient bass, treble and vibration control, while the outer console has USB-A & C charging, integrated lighting and programmable memory settings. Enjoy the ultimate blend of luxury, comfort, and high-tech entertainment with the Daniel Triple-Power Leather Immersive Entertainment Recliner with Built-In Speakers.","<ul><li><strong>Cover:</strong> Top-grain leather on seating and front-facing surfaces with coordinating faux leather on sides and back</li><li><strong>Color:</strong> Mossy Gray</li><li><strong>Construction:</strong> Engineered-wood frame, sinuous-spring support, and high-density foam</li><li><strong>Dimensions:</strong> 38W x 41D x 42H in.</li><li><strong>Motion:</strong> Triple-power reclining with independent headrest, lumbar, and footrest adjustment</li><li><strong>Special Features:</strong> Built-in speakers, subwoofer and vibration, pop-up arm controls, USB-A/USB-C charging, integrated lighting, and programmable memory controls</li></ul>",Daniel Triple Power Immersive Entertainment Leather Recliner with Built-in Speakers; Steve Silver,Shop Daniel Triple Power Immersive Entertainment Leather Recliner with Built-in Speakers at McCabe's Theater & Living. Experience the theater from the comfort of home with the Daniel Triple-Power Leather Immersive Entertainment Recliner with Built-in Spea,Daniel Triple Power Immersive Entertainment Leather Recliner with Built-in Speakers; Steve Silver,Daniel Triple Power Immersive Entertainment Leather Recliner with Built-in Speakers
SS-DANIEL-PWR-SOFA,"Daniel Triple Power Immersive Audio Leather Reclining Sofa with Drop-Down Control Console, Built-in Speakers & Vibration, Heat, and Massage",3270,,"139, 197, 179",220,,N,"<p>Experience the theater from the comfort of home with the Daniel Triple-Power Leather Reclining Sofa. Wrapped in plush, mossy-gray leather, this sofa is designed for immersive entertainment. Built-in speakers, a subwoofer, and vibration transponders surround you with lifelike sound, while air massage and soothing heat settings add next-level relaxation. A convenient drop-down console offers wireless charging, integrated lighting, and easy-access controls, keeping everything within reach. Enjoy the ultimate blend of luxury, comfort, and high-tech entertainment with the Daniel Triple-Power Leather Reclining Sofa.</p>","Experience the theater from the comfort of home with the Daniel Triple-Power Leather Reclining Sofa. Wrapped in plush, mossy-gray leather, this sofa is designed for immersive entertainment. Built-in speakers, a subwoofer, and vibration transponders surround you with lifelike sound, while air massage and soothing heat settings add next-level relaxation. A convenient drop-down console offers wireless charging, integrated lighting, and easy-access controls, keeping everything within reach. Enjoy the ultimate blend of luxury, comfort, and high-tech entertainment with the Daniel Triple-Power Leather Reclining Sofa.","<ul><li><strong>Cover:</strong> Top-grain leather on seating and front-facing surfaces with coordinating faux leather on sides and back</li><li><strong>Color:</strong> Mossy Gray</li><li><strong>Construction:</strong> Engineered-wood frame, sinuous-spring support, and high-density foam</li><li><strong>Dimensions:</strong> 87W x 41D x 42H in.</li><li><strong>Motion:</strong> Triple-power reclining with independent headrest, lumbar, and footrest adjustment</li><li><strong>Special Features:</strong> Drop-down control console, built-in speakers and subwoofer, vibration, heat, air massage, wireless charging, USB-A/USB-C ports, integrated lighting, and programmable memory controls</li></ul>",Daniel Triple Power Immersive Audio Leather Reclining Sofa with Drop-Down Control Console; Steve Silver,"Shop Daniel Triple Power Immersive Audio Leather Reclining Sofa with Drop-Down Control Console, Built-in Speakers & Vibration, Heat, and Massage at McCabe's Theater & Living. Experience the theater from the comfort of home with the Daniel Triple-Power Lea",Daniel Triple Power Immersive Audio Leather Reclining Sofa with Drop-Down Control Console; Steve Silver,"Daniel Triple Power Immersive Audio Leather Reclining Sofa with Drop-Down Control Console, Built-in Speakers & Vibration, Heat, and Massage"
SS-DAR500BPT,Hyland Counter Dining Set Counter Height w/ Chairs,100,,215,415,Y,N,Hyland Counter Table w/ Leaf Two Tone by Steve Silver. Dimensions: 64-82 inL x 32 inD x 36 inH Includes the dining table and matching chairs shown in the catalog image. Features: Expertly crafted of oak veneers; solid Acacia & Asian hardwoods with engineered hardwoods; Styling details include solid wood turned legs; contoured contrasting wooden seat and modern modern; Solidly constructed using mortise-and-tenon joinery and corner blocks for exceptional stability.; The 36-inch Counter Height Table presents a graceful solution for both dining and working while the 24 in; The 64â€™ long table expands to a full82 in with the 18 in leaf to seat up to eight; Counter Chair is solidly constructed to support up to 300 pounds in weight; The wood is hand-stained in a natural two-tone midnight blue and sand finish.,Hyland Counter Table w/ Leaf Two Tone by Steve Silver. Dimensions: 64-82 inL x 32 inD x 36 inH Includes the dining table and matching chairs shown in the catalog image. Features: Expertly crafted of oak veneers; solid Acacia & Asian hardwoods with engineered hardwoods; Styling details include solid wood turned legs; contoured contrasting wooden seat and modern modern; Solidly constructed using mortise-and-tenon joinery and corner blocks for exceptional stability.; The 36-inch Counter Height Table presents a graceful solution for both dining and working while the 24 in; The 64â€™ long table expands to a full82 in with the 18 in leaf to seat up to eight; Counter Chair is solidly constructed to support up to 300 pounds in weight; The wood is hand-stained in a natural two-tone midnight blue and sand finish.,"• 64-82 inL x 32 inD x 36 inH Includes the dining table and matching chairs shown in the catalog image
• Expertly crafted of oak veneers
• solid Acacia & Asian hardwoods with engineered hardwoods
• Styling details include solid wood turned legs
• contoured contrasting wooden seat and modern modern
• Solidly constructed using mortise-and-tenon joinery and corner blocks for exceptional stability",Hyland Counter Dining Set w/ Chairs; Steve Silver; Dining Set; Dining,Shop Hyland Counter Dining Set w/ Chairs by Steve Silver.,,Hyland Counter Dining Set w/ Chairs
SS-DENVER-BROWN-PWR-SECT,"Denver Dual-Power 6-Piece Leather Sectional, Brown",3270,,"139, 198, 188",465,,N,<p>A generously scaled showstopper. Denver is draped in a luxurious merlot leather. Classic styling and power headrest and footrest means you can relax and enjoy the show! And modular seating means you can build the set to fit your space exactly.</p>,A generously scaled showstopper. Denver is draped in a luxurious merlot leather. Classic styling and power headrest and footrest means you can relax and enjoy the show! And modular seating means you can build the set to fit your space exactly.,"<ul><li><strong>Cover:</strong> Top-grain leather on seating and front-facing surfaces with coordinating vinyl on sides and back</li><li><strong>Color:</strong> Brown / Merlot</li><li><strong>Construction:</strong> Kiln-dried hardwood and engineered-wood framing with supportive foam and reclining steel mechanisms</li><li><strong>Dimensions:</strong> Modular components are approximately 40D x 42H in.; power end recliners are approximately 40.5â€“41.5W in. and armless pieces approximately 32W in.</li><li><strong>Motion:</strong> Dual-power reclining with independent headrest and footrest adjustment</li><li><strong>Special Features:</strong> 6-piece modular sectional with USB charging, center console storage, and two cupholders</li></ul>",Denver Dual-Power 6-Piece Leather Sectional; Steve Silver,"Shop Denver Dual-Power 6-Piece Leather Sectional, Brown at McCabe's Theater & Living. A generously scaled showstopper. Denver is draped in a luxurious merlot leather. Classic styling and power headrest and footrest means you c.",Denver Dual-Power 6-Piece Leather Sectional; Steve Silver,"Denver Dual-Power 6-Piece Leather Sectional, Brown"
SS-DENVER-CHAR-PWR-SECT,"Denver Dual-Power 6-Piece Sectional, Charcoal",3270,,"139, 198, 188",465,,N,<p>A generously scaled showstopper. Denver is draped in luxurious charcoal upholstery. Classic styling and power headrest and footrest mean you can relax and enjoy the show. Modular seating lets you build the set to fit your space exactly.</p>,A generously scaled showstopper. Denver is draped in luxurious charcoal upholstery. Classic styling and power headrest and footrest mean you can relax and enjoy the show. Modular seating lets you build the set to fit your space exactly.,"<ul><li><strong>Cover:</strong> Top-grain leather on seating and front-facing surfaces with coordinating vinyl on sides and back</li><li><strong>Color:</strong> Charcoal</li><li><strong>Construction:</strong> Kiln-dried hardwood and engineered-wood framing with supportive foam and reclining steel mechanisms</li><li><strong>Dimensions:</strong> Modular components are approximately 40D x 42H in.; power end recliners are approximately 40.5â€“41.5W in. and armless pieces approximately 32W in.</li><li><strong>Motion:</strong> Dual-power reclining with independent headrest and footrest adjustment</li><li><strong>Special Features:</strong> 6-piece modular sectional with USB charging, center console storage, and two cupholders</li></ul>",Denver Dual-Power 6-Piece Sectional; Steve Silver,"Shop Denver Dual-Power 6-Piece Sectional, Charcoal at McCabe's Theater & Living. A generously scaled showstopper. Denver is draped in luxurious charcoal upholstery. Classic styling and power headrest and footrest mean you.",Denver Dual-Power 6-Piece Sectional; Steve Silver,"Denver Dual-Power 6-Piece Sectional, Charcoal"
SS-DI100C,Mixed Media Occasional Cocktail Table,520,,195,110,Y,N,Mixed Media Occasional Cocktail Table by Steve Silver. Dimensions: 48 inW x 28 inD x 18 inH Features: Constructed of Silvershield Â® 3D PVC laminate top that resists scratches; heat and moisture with; Grey driftwood color top with pewter colored base; Contemporary driftwood finish fits great in neutral decorating environments; Contemporary geometric design with square tops add architectural element to any room.,Mixed Media Occasional Cocktail Table by Steve Silver. Dimensions: 48 inW x 28 inD x 18 inH Features: Constructed of Silvershield Â® 3D PVC laminate top that resists scratches; heat and moisture with; Grey driftwood color top with pewter colored base; Contemporary driftwood finish fits great in neutral decorating environments; Contemporary geometric design with square tops add architectural element to any room.,"• 48 inW x 28 inD x 18 inH
• Constructed of Silvershield Â® 3D PVC laminate top that resists scratches
• heat and moisture with
• Grey driftwood color top with pewter colored base
• Contemporary driftwood finish fits great in neutral decorating environments
• Contemporary geometric design with square tops add architectural element to any room",Mixed Media Occasional Cocktail Table; Steve Silver; Occasional; Mixed Media Occasional,Shop Mixed Media Occasional Cocktail Table by Steve Silver.,,Mixed Media Occasional Cocktail Table
SS-DI100E,Mixed Media Occasional End Table,310,,195,60,Y,N,Mixed Media Occasional End Table by Steve Silver. Dimensions: 22 inW x 22 inD x 24 inH Features: Constructed of Silvershield Â® 3D PVC laminate top that resists scratches; heat and moisture with; Grey driftwood color top with pewter colored base; Contemporary driftwood finish fits great in neutral decorating environments; Contemporary geometric design with square tops add architectural element to any room.,Mixed Media Occasional End Table by Steve Silver. Dimensions: 22 inW x 22 inD x 24 inH Features: Constructed of Silvershield Â® 3D PVC laminate top that resists scratches; heat and moisture with; Grey driftwood color top with pewter colored base; Contemporary driftwood finish fits great in neutral decorating environments; Contemporary geometric design with square tops add architectural element to any room.,"• 22 inW x 22 inD x 24 inH
• Constructed of Silvershield Â® 3D PVC laminate top that resists scratches
• heat and moisture with
• Grey driftwood color top with pewter colored base
• Contemporary driftwood finish fits great in neutral decorating environments
• Contemporary geometric design with square tops add architectural element to any room",Mixed Media Occasional End Table; Steve Silver; Occasional; Mixed Media Occasional,Shop Mixed Media Occasional End Table by Steve Silver.,,Mixed Media Occasional End Table
SS-DR200RC,Faux Wood Cocktail Table,520,,195,110,Y,N,Faux Wood Cocktail Table by Steve Silver. Dimensions: 36 inW x 36 inD x 18 inH Features: Constructed of faux wood paper veneer; hardwood solids and engineered woods; Plastic glides help prevent scratches to floors; Round cylindrical shape with geometric lines add weight and scale to a room with a; 3A packaging ensures damage free parcel; Black wood frame adds a neutral component to the tables.,Faux Wood Cocktail Table by Steve Silver. Dimensions: 36 inW x 36 inD x 18 inH Features: Constructed of faux wood paper veneer; hardwood solids and engineered woods; Plastic glides help prevent scratches to floors; Round cylindrical shape with geometric lines add weight and scale to a room with a; 3A packaging ensures damage free parcel; Black wood frame adds a neutral component to the tables.,"• 36 inW x 36 inD x 18 inH
• Constructed of faux wood paper veneer
• hardwood solids and engineered woods
• Plastic glides help prevent scratches to floors
• Round cylindrical shape with geometric lines add weight and scale to a room with a
• 3A packaging ensures damage free parcel",Faux Wood Cocktail Table; Steve Silver; Occasional; Casual Occasional,Shop Faux Wood Cocktail Table by Steve Silver.,,Faux Wood Cocktail Table
SS-DR200RE,Faux Wood End Table,310,,195,60,Y,N,Faux Wood End Table by Steve Silver. Dimensions: 24 inW x 24 inD x 24 inH Features: Constructed of faux wood paper veneer; hardwood solids and engineered woods; Plastic glides help prevent scratches to floors; Round cylindrical shape with geometric lines add weight and scale to a room with a; 3A packaging ensures damage free parcel; Black wood frame adds a neutral component to the tables.,Faux Wood End Table by Steve Silver. Dimensions: 24 inW x 24 inD x 24 inH Features: Constructed of faux wood paper veneer; hardwood solids and engineered woods; Plastic glides help prevent scratches to floors; Round cylindrical shape with geometric lines add weight and scale to a room with a; 3A packaging ensures damage free parcel; Black wood frame adds a neutral component to the tables.,"• 24 inW x 24 inD x 24 inH
• Constructed of faux wood paper veneer
• hardwood solids and engineered woods
• Plastic glides help prevent scratches to floors
• Round cylindrical shape with geometric lines add weight and scale to a room with a
• 3A packaging ensures damage free parcel",Faux Wood End Table; Steve Silver; Occasional; Casual Occasional,Shop Faux Wood End Table by Steve Silver.,,Faux Wood End Table
SS-DY200E,Casual Occasional End Table,310,,195,60,Y,N,Casual Occasional End Table by Steve Silver. Dimensions: 22 inW x 22 inD x 24 inH Features: Tables are constructed of hardwood solids and mindi veneers in an ebony finish; Collection features rustic styling with plank-effect tops and beefy legs.; Coffee Table is castered with four independent wheels for easy movement away; Thick tops and large scale give tables a very substantial feel; The wood is hand-stained in a natural multi-step black finish to highlight the.,Casual Occasional End Table by Steve Silver. Dimensions: 22 inW x 22 inD x 24 inH Features: Tables are constructed of hardwood solids and mindi veneers in an ebony finish; Collection features rustic styling with plank-effect tops and beefy legs.; Coffee Table is castered with four independent wheels for easy movement away; Thick tops and large scale give tables a very substantial feel; The wood is hand-stained in a natural multi-step black finish to highlight the.,"• 22 inW x 22 inD x 24 inH
• Tables are constructed of hardwood solids and mindi veneers in an ebony finish
• Collection features rustic styling with plank-effect tops and beefy legs
• Coffee Table is castered with four independent wheels for easy movement away
• Thick tops and large scale give tables a very substantial feel
• The wood is hand-stained in a natural multi-step black finish to highlight the",Casual Occasional End Table; Steve Silver; Occasional; Casual Occasional,Shop Casual Occasional End Table by Steve Silver.,,Casual Occasional End Table
SS-DY200ER,Casual Occasional Round End Table,310,,195,60,Y,N,Casual Occasional Round End Table by Steve Silver. Dimensions: 22 inW x 22 inD x 24 inH Features: Tables are constructed of hardwood solids and mindi veneers in an ebony finish; Collection features rustic styling with plank-effect tops and beefy legs.; Coffee Table is castered with four independent wheels for easy movement away; Thick tops and large scale give tables a very substantial feel; The wood is hand-stained in a natural multi-step black finish to highlight the.,Casual Occasional Round End Table by Steve Silver. Dimensions: 22 inW x 22 inD x 24 inH Features: Tables are constructed of hardwood solids and mindi veneers in an ebony finish; Collection features rustic styling with plank-effect tops and beefy legs.; Coffee Table is castered with four independent wheels for easy movement away; Thick tops and large scale give tables a very substantial feel; The wood is hand-stained in a natural multi-step black finish to highlight the.,"• 22 inW x 22 inD x 24 inH
• Tables are constructed of hardwood solids and mindi veneers in an ebony finish
• Collection features rustic styling with plank-effect tops and beefy legs
• Coffee Table is castered with four independent wheels for easy movement away
• Thick tops and large scale give tables a very substantial feel
• The wood is hand-stained in a natural multi-step black finish to highlight the",Casual Occasional Round End Table; Steve Silver; Occasional; Casual Occasional,Shop Casual Occasional Round End Table by Steve Silver.,,Casual Occasional Round End Table
SS-DY200S,Casual Occasional Sofa Table,1470,,195,250,Y,N,Casual Occasional Sofa Table by Steve Silver. Dimensions: 48 inW x 18 inD x 30 inH Features: Tables are constructed of hardwood solids and mindi veneers in an ebony finish; Collection features rustic styling with plank-effect tops and beefy legs.; Coffee Table is castered with four independent wheels for easy movement away; Thick tops and large scale give tables a very substantial feel; The wood is hand-stained in a natural multi-step black finish to highlight the.,Casual Occasional Sofa Table by Steve Silver. Dimensions: 48 inW x 18 inD x 30 inH Features: Tables are constructed of hardwood solids and mindi veneers in an ebony finish; Collection features rustic styling with plank-effect tops and beefy legs.; Coffee Table is castered with four independent wheels for easy movement away; Thick tops and large scale give tables a very substantial feel; The wood is hand-stained in a natural multi-step black finish to highlight the.,"• 48 inW x 18 inD x 30 inH
• Tables are constructed of hardwood solids and mindi veneers in an ebony finish
• Collection features rustic styling with plank-effect tops and beefy legs
• Coffee Table is castered with four independent wheels for easy movement away
• Thick tops and large scale give tables a very substantial feel
• The wood is hand-stained in a natural multi-step black finish to highlight the",Casual Occasional Sofa Table; Steve Silver; Occasional; Casual Occasional,Shop Casual Occasional Sofa Table by Steve Silver.,,Casual Occasional Sofa Table
SS-EVA100C,Modern Occasional Cocktail Table w/ Casters,520,,195,110,Y,N,Modern Occasional Cocktail Table w/ Casters by Steve Silver. Dimensions: 48 inW x 28 inD x 19 inH Features: Crafted from Oak veneers; Asian hardwoods; and engineered woods with a kiln-dried finish for durability.; Features felt-lined drawers; ball-bearing metal side drawer glides; and open shelves for storage and; The Coffee Tableâ€™s four casters allow you to effortlessly move the table out of the way of reclining upholstery; Part of the Evan Collection; with matching dining furniture and a TV stand for a cohesive look.; The wood is hand-stained in a natural multi-step walnut color finish x.,Modern Occasional Cocktail Table w/ Casters by Steve Silver. Dimensions: 48 inW x 28 inD x 19 inH Features: Crafted from Oak veneers; Asian hardwoods; and engineered woods with a kiln-dried finish for durability.; Features felt-lined drawers; ball-bearing metal side drawer glides; and open shelves for storage and; The Coffee Tableâ€™s four casters allow you to effortlessly move the table out of the way of reclining upholstery; Part of the Evan Collection; with matching dining furniture and a TV stand for a cohesive look.; The wood is hand-stained in a natural multi-step walnut color finish x.,"• 48 inW x 28 inD x 19 inH
• Crafted from Oak veneers
• Asian hardwoods
• and engineered woods with a kiln-dried finish for durability
• Features felt-lined drawers
• ball-bearing metal side drawer glides",Modern Occasional Cocktail Table w/ Casters; Steve Silver; Occasional; Kidâ€™s Furniture,Shop Modern Occasional Cocktail Table w/ Casters by Steve Silver.,,Modern Occasional Cocktail Table w/ Casters
SS-EVA100TV,64 Intv Console,860,,195,180,Y,N,64 Intv Console by Steve Silver. Dimensions: 64 inW x 18 inD x 28 inH Features: Expertly crafted of Oak veneers; solid Asian hardwoods and engineered woods; 64 in length TV cabinet fits televisions up to 70 inches; Kiln-dried wood helps prevent warping; splitting and cracking; Four sleek; felt-lined drawers with metal ball-bearing side glides ensure smooth operation; offering; A wire escape back ensures organized cable management and a clutter-free appearance; Plastic glides keep the table from scratching floor; The wood is hand-stained in a natural multi-step walnut color finish with wire brushing.,64 Intv Console by Steve Silver. Dimensions: 64 inW x 18 inD x 28 inH Features: Expertly crafted of Oak veneers; solid Asian hardwoods and engineered woods; 64 in length TV cabinet fits televisions up to 70 inches; Kiln-dried wood helps prevent warping; splitting and cracking; Four sleek; felt-lined drawers with metal ball-bearing side glides ensure smooth operation; offering; A wire escape back ensures organized cable management and a clutter-free appearance; Plastic glides keep the table from scratching floor; The wood is hand-stained in a natural multi-step walnut color finish with wire brushing.,"• 64 inW x 18 inD x 28 inH
• Expertly crafted of Oak veneers
• solid Asian hardwoods and engineered woods
• 64 in length TV cabinet fits televisions up to 70 inches
• Kiln-dried wood helps prevent warping
• splitting and cracking",64 Intv Console; Steve Silver; Occasional; TV Stands,Shop 64 Intv Console by Steve Silver.,,64 Intv Console
SS-EVA10E,Modern Occasional End Table,310,,195,60,Y,N,Modern Occasional End Table by Steve Silver. Dimensions: 24 inW x 24 inD x 24 inH Features: Crafted from Oak veneers; Asian hardwoods; and engineered woods with a kiln-dried finish for durability.; Features felt-lined drawers; ball-bearing metal side drawer glides; and open shelves for storage and; The Coffee Tableâ€™s four casters allow you to effortlessly move the table out of the way of reclining upholstery; Part of the Evan Collection; with matching dining furniture and a TV stand for a cohesive look.; The wood is hand-stained in a natural multi-step walnut color finish x.,Modern Occasional End Table by Steve Silver. Dimensions: 24 inW x 24 inD x 24 inH Features: Crafted from Oak veneers; Asian hardwoods; and engineered woods with a kiln-dried finish for durability.; Features felt-lined drawers; ball-bearing metal side drawer glides; and open shelves for storage and; The Coffee Tableâ€™s four casters allow you to effortlessly move the table out of the way of reclining upholstery; Part of the Evan Collection; with matching dining furniture and a TV stand for a cohesive look.; The wood is hand-stained in a natural multi-step walnut color finish x.,"• 24 inW x 24 inD x 24 inH
• Crafted from Oak veneers
• Asian hardwoods
• and engineered woods with a kiln-dried finish for durability
• Features felt-lined drawers
• ball-bearing metal side drawer glides",Modern Occasional End Table; Steve Silver; Occasional; Kidâ€™s Furniture,Shop Modern Occasional End Table by Steve Silver.,,Modern Occasional End Table
SS-EVA500NC,Evan Curio,950,,217,190,Y,N,Evan Curio by Steve Silver. Dimensions: 45 inW x 20 inD x 83 inH Features: Crafted from oak veneers with acacia; mango and Asian hardwood solids and; Clean; minimalist lines with a sophisticated finish and two chair options; Cushioned seats feature 1.8 density; high-resiliency foam and 5 in seat; Locking table leaf expands table from 78 to 96 inches for additional seating of; The wood is hand-stained in a natural multi-step walnut color finish.,Evan Curio by Steve Silver. Dimensions: 45 inW x 20 inD x 83 inH Features: Crafted from oak veneers with acacia; mango and Asian hardwood solids and; Clean; minimalist lines with a sophisticated finish and two chair options; Cushioned seats feature 1.8 density; high-resiliency foam and 5 in seat; Locking table leaf expands table from 78 to 96 inches for additional seating of; The wood is hand-stained in a natural multi-step walnut color finish.,"• 45 inW x 20 inD x 83 inH
• Crafted from oak veneers with acacia
• mango and Asian hardwood solids and
• minimalist lines with a sophisticated finish and two chair options
• Cushioned seats feature 1.8 density
• high-resiliency foam and 5 in seat",Evan Curio; Steve Silver; Dining; Modern Dining,Shop Evan Curio by Steve Silver.,,Evan Curio
SS-EVA500NSV,Gabby Server,1120,,217,230,Y,N,Gabby Server by Steve Silver. Dimensions: 60 inW x 20 inD x 32 inH Features: Crafted from oak veneers with acacia; mango and Asian hardwood solids and; Clean; minimalist lines with a sophisticated finish and two chair options; Cushioned seats feature 1.8 density; high-resiliency foam and 5 in seat; Locking table leaf expands table from 78 to 96 inches for additional seating of; The wood is hand-stained in a natural multi-step walnut color finish.,Gabby Server by Steve Silver. Dimensions: 60 inW x 20 inD x 32 inH Features: Crafted from oak veneers with acacia; mango and Asian hardwood solids and; Clean; minimalist lines with a sophisticated finish and two chair options; Cushioned seats feature 1.8 density; high-resiliency foam and 5 in seat; Locking table leaf expands table from 78 to 96 inches for additional seating of; The wood is hand-stained in a natural multi-step walnut color finish.,"• 60 inW x 20 inD x 32 inH
• Crafted from oak veneers with acacia
• mango and Asian hardwood solids and
• minimalist lines with a sophisticated finish and two chair options
• Cushioned seats feature 1.8 density
• high-resiliency foam and 5 in seat",Gabby Server; Steve Silver; Dining; Modern Dining,Shop Gabby Server by Steve Silver.,,Gabby Server
SS-EVA500NT,Evan Dining Set w/ Chairs,1740,,215,350,Y,N,Evan Dining Table w/ Leaf by Steve Silver. Dimensions: 78-96 inL x 40 inD x 30 inH Includes the dining table and matching chairs shown in the catalog image. Features: Crafted from oak veneers with acacia; mango and Asian hardwood solids and; Clean; minimalist lines with a sophisticated finish and two chair options; Cushioned seats feature 1.8 density; high-resiliency foam and 5 in seat; Locking table leaf expands table from 78 to 96 inches for additional seating of; The wood is hand-stained in a natural multi-step walnut color finish.,Evan Dining Table w/ Leaf by Steve Silver. Dimensions: 78-96 inL x 40 inD x 30 inH Includes the dining table and matching chairs shown in the catalog image. Features: Crafted from oak veneers with acacia; mango and Asian hardwood solids and; Clean; minimalist lines with a sophisticated finish and two chair options; Cushioned seats feature 1.8 density; high-resiliency foam and 5 in seat; Locking table leaf expands table from 78 to 96 inches for additional seating of; The wood is hand-stained in a natural multi-step walnut color finish.,"• 78-96 inL x 40 inD x 30 inH Includes the dining table and matching chairs shown in the catalog image
• Crafted from oak veneers with acacia
• mango and Asian hardwood solids and
• minimalist lines with a sophisticated finish and two chair options
• Cushioned seats feature 1.8 density
• high-resiliency foam and 5 in seat",Evan Dining Set w/ Chairs; Steve Silver; Dining Set; Dining,Shop Evan Dining Set w/ Chairs by Steve Silver.,,Evan Dining Set w/ Chairs
SS-FRE300KNT,Nesting Cocktail Table w/ Casters,520,,195,110,Y,N,Nesting Cocktail Table w/ Casters by Steve Silver. Dimensions: TABLE: 36 inW x 18 inD x 17 inH Features: Crafted from oak veneers; engineered woods; foam; and durable 100% polyester fabric; Kiln-dried; hand-stained construction with a multi-step sand finish highlighting natural grain and; Nesting coffee table includes a channeled cushion ottoman with casters for easy mobility and; High-resiliency; fire-resistant foam cushioning provides lasting comfort and shape retention; Upholstered in easy-care 100% polyester boucle fabric with a 275 lb. weight capacity and simple.,Nesting Cocktail Table w/ Casters by Steve Silver. Dimensions: TABLE: 36 inW x 18 inD x 17 inH Features: Crafted from oak veneers; engineered woods; foam; and durable 100% polyester fabric; Kiln-dried; hand-stained construction with a multi-step sand finish highlighting natural grain and; Nesting coffee table includes a channeled cushion ottoman with casters for easy mobility and; High-resiliency; fire-resistant foam cushioning provides lasting comfort and shape retention; Upholstered in easy-care 100% polyester boucle fabric with a 275 lb. weight capacity and simple.,"• TABLE: 36 inW x 18 inD x 17 inH
• Crafted from oak veneers
• engineered woods
• and durable 100% polyester fabric
• Kiln-dried
• hand-stained construction with a multi-step sand finish highlighting natural grain and",Nesting Cocktail Table w/ Casters; Steve Silver; Occasional; Mixed Media Occasional,Shop Nesting Cocktail Table w/ Casters by Steve Silver.,,Nesting Cocktail Table w/ Casters
SS-FRE300NNT,Nesting Cocktail Table w/ Casters,520,,195,110,Y,N,Nesting Cocktail Table w/ Casters by Steve Silver. Dimensions: TABLE: 36 inW x 18 inD x 17 inH Features: Crafted from oak veneers; engineered woods; foam; and durable 100% polyester fabric; Kiln-dried; hand-stained construction with a multi-step sand finish highlighting natural grain and; Nesting coffee table includes a channeled cushion ottoman with casters for easy mobility and; High-resiliency; fire-resistant foam cushioning provides lasting comfort and shape retention; Upholstered in easy-care 100% polyester boucle fabric with a 275 lb. weight capacity and simple.,Nesting Cocktail Table w/ Casters by Steve Silver. Dimensions: TABLE: 36 inW x 18 inD x 17 inH Features: Crafted from oak veneers; engineered woods; foam; and durable 100% polyester fabric; Kiln-dried; hand-stained construction with a multi-step sand finish highlighting natural grain and; Nesting coffee table includes a channeled cushion ottoman with casters for easy mobility and; High-resiliency; fire-resistant foam cushioning provides lasting comfort and shape retention; Upholstered in easy-care 100% polyester boucle fabric with a 275 lb. weight capacity and simple.,"• TABLE: 36 inW x 18 inD x 17 inH
• Crafted from oak veneers
• engineered woods
• and durable 100% polyester fabric
• Kiln-dried
• hand-stained construction with a multi-step sand finish highlighting natural grain and",Nesting Cocktail Table w/ Casters; Steve Silver; Occasional; Mixed Media Occasional,Shop Nesting Cocktail Table w/ Casters by Steve Silver.,,Nesting Cocktail Table w/ Casters
SS-FTZ100C,Casual Occasional Cocktail Table,520,,195,110,Y,N,Casual Occasional Cocktail Table by Steve Silver. Dimensions: 48 inW x 28 inD x 19 inH Features: Crafted of oak veneers; solid Asian hardwoods and engineered hardwoods; Styling details include cathedral arch architectural elements that add dimension to the clean; simple; Three arches on the coffee table add bountiful storage or display area; 350 lb. weight capacity on the coffee table and 175 lbs. on the end table; Plastic glides help prevent scratches or mars to floors; The wood is hand-stained in a multi-step; wire-brushed black finish for a sophisticated neutral accent.,Casual Occasional Cocktail Table by Steve Silver. Dimensions: 48 inW x 28 inD x 19 inH Features: Crafted of oak veneers; solid Asian hardwoods and engineered hardwoods; Styling details include cathedral arch architectural elements that add dimension to the clean; simple; Three arches on the coffee table add bountiful storage or display area; 350 lb. weight capacity on the coffee table and 175 lbs. on the end table; Plastic glides help prevent scratches or mars to floors; The wood is hand-stained in a multi-step; wire-brushed black finish for a sophisticated neutral accent.,"• 48 inW x 28 inD x 19 inH
• Crafted of oak veneers
• solid Asian hardwoods and engineered hardwoods
• Styling details include cathedral arch architectural elements that add dimension to the clean
• Three arches on the coffee table add bountiful storage or display area
• 350 lb. weight capacity on the coffee table and 175 lbs. on the end table",Casual Occasional Cocktail Table; Steve Silver; Occasional; Casual Occasional,Shop Casual Occasional Cocktail Table by Steve Silver.,,Casual Occasional Cocktail Table
SS-FTZ100E,Casual Occasional End Table,310,,195,60,Y,N,Casual Occasional End Table by Steve Silver. Dimensions: 18 inW x 18 inD x 22 inH Features: Crafted of oak veneers; solid Asian hardwoods and engineered hardwoods; Styling details include cathedral arch architectural elements that add dimension to the clean; simple; Three arches on the coffee table add bountiful storage or display area; 350 lb. weight capacity on the coffee table and 175 lbs. on the end table; Plastic glides help prevent scratches or mars to floors; The wood is hand-stained in a multi-step; wire-brushed black finish for a sophisticated neutral accent.,Casual Occasional End Table by Steve Silver. Dimensions: 18 inW x 18 inD x 22 inH Features: Crafted of oak veneers; solid Asian hardwoods and engineered hardwoods; Styling details include cathedral arch architectural elements that add dimension to the clean; simple; Three arches on the coffee table add bountiful storage or display area; 350 lb. weight capacity on the coffee table and 175 lbs. on the end table; Plastic glides help prevent scratches or mars to floors; The wood is hand-stained in a multi-step; wire-brushed black finish for a sophisticated neutral accent.,"• 18 inW x 18 inD x 22 inH
• Crafted of oak veneers
• solid Asian hardwoods and engineered hardwoods
• Styling details include cathedral arch architectural elements that add dimension to the clean
• Three arches on the coffee table add bountiful storage or display area
• 350 lb. weight capacity on the coffee table and 175 lbs. on the end table",Casual Occasional End Table; Steve Silver; Occasional; Casual Occasional,Shop Casual Occasional End Table by Steve Silver.,,Casual Occasional End Table
SS-GA100C,Modern Occasional Glass Top Table w/ Casters Finish,600,,195,130,Y,N,Modern Occasional Glass Top Coffee Table w/ Casters Finish by Steve Silver. Dimensions: 48 inW x 28 inD x 19 inH Features: Constructed of solid Asian hardwoods; Acacia veneers; and engineered wood; Styling details include saw rasping distressing combined with an elegant glass top and satin brass; Kiln-dried wood helps prevent warping; splitting; cracking and developing mildew.; Coffee Table is castered for easy movement. The End and Sofa Table also have adjustable levelers to; The wood is hand-stained in a natural multi-step caramel finish finish to highlight the natural grain.,Modern Occasional Glass Top Coffee Table w/ Casters Finish by Steve Silver. Dimensions: 48 inW x 28 inD x 19 inH Features: Constructed of solid Asian hardwoods; Acacia veneers; and engineered wood; Styling details include saw rasping distressing combined with an elegant glass top and satin brass; Kiln-dried wood helps prevent warping; splitting; cracking and developing mildew.; Coffee Table is castered for easy movement. The End and Sofa Table also have adjustable levelers to; The wood is hand-stained in a natural multi-step caramel finish finish to highlight the natural grain.,"• 48 inW x 28 inD x 19 inH
• Constructed of solid Asian hardwoods
• Acacia veneers
• and engineered wood
• Styling details include saw rasping distressing combined with an elegant glass top and satin brass
• Kiln-dried wood helps prevent warping",Modern Occasional Glass Top Coffee Table w/ Casters Finish; Steve Silver; Occasional; Modern Occasional,Shop Modern Occasional Glass Top Table w/ Casters Finish by Steve Silver.,,Modern Occasional Glass Top Table w/ Casters Finish
SS-GA100E,Modern Occasional Glass Top End Table Finish,400,,195,80,Y,N,Modern Occasional Glass Top End Table Finish by Steve Silver. Dimensions: 24 inW x 24 inD x 24 inH Features: Constructed of solid Asian hardwoods; Acacia veneers; and engineered wood; Styling details include saw rasping distressing combined with an elegant glass top and satin brass; Kiln-dried wood helps prevent warping; splitting; cracking and developing mildew.; Coffee Table is castered for easy movement. The End and Sofa Table also have adjustable levelers to; The wood is hand-stained in a natural multi-step caramel finish finish to highlight the natural grain.,Modern Occasional Glass Top End Table Finish by Steve Silver. Dimensions: 24 inW x 24 inD x 24 inH Features: Constructed of solid Asian hardwoods; Acacia veneers; and engineered wood; Styling details include saw rasping distressing combined with an elegant glass top and satin brass; Kiln-dried wood helps prevent warping; splitting; cracking and developing mildew.; Coffee Table is castered for easy movement. The End and Sofa Table also have adjustable levelers to; The wood is hand-stained in a natural multi-step caramel finish finish to highlight the natural grain.,"• 24 inW x 24 inD x 24 inH
• Constructed of solid Asian hardwoods
• Acacia veneers
• and engineered wood
• Styling details include saw rasping distressing combined with an elegant glass top and satin brass
• Kiln-dried wood helps prevent warping",Modern Occasional Glass Top End Table Finish; Steve Silver; Occasional; Modern Occasional,Shop Modern Occasional Glass Top End Table Finish by Steve Silver.,,Modern Occasional Glass Top End Table Finish
SS-GA100S,Modern Occasional Glass Top Sofa Table Finish,1550,,195,270,Y,N,Modern Occasional Glass Top Sofa Table Finish by Steve Silver. Dimensions: 48 inW x 18 inD x 30 inH Features: Constructed of solid Asian hardwoods; Acacia veneers; and engineered wood; Styling details include saw rasping distressing combined with an elegant glass top and satin brass; Kiln-dried wood helps prevent warping; splitting; cracking and developing mildew.; Coffee Table is castered for easy movement. The End and Sofa Table also have adjustable levelers to; The wood is hand-stained in a natural multi-step caramel finish finish to highlight the natural grain.,Modern Occasional Glass Top Sofa Table Finish by Steve Silver. Dimensions: 48 inW x 18 inD x 30 inH Features: Constructed of solid Asian hardwoods; Acacia veneers; and engineered wood; Styling details include saw rasping distressing combined with an elegant glass top and satin brass; Kiln-dried wood helps prevent warping; splitting; cracking and developing mildew.; Coffee Table is castered for easy movement. The End and Sofa Table also have adjustable levelers to; The wood is hand-stained in a natural multi-step caramel finish finish to highlight the natural grain.,"• 48 inW x 18 inD x 30 inH
• Constructed of solid Asian hardwoods
• Acacia veneers
• and engineered wood
• Styling details include saw rasping distressing combined with an elegant glass top and satin brass
• Kiln-dried wood helps prevent warping",Modern Occasional Glass Top Sofa Table Finish; Steve Silver; Occasional; Modern Occasional,Shop Modern Occasional Glass Top Sofa Table Finish by Steve Silver.,,Modern Occasional Glass Top Sofa Table Finish
SS-GA100TC,Modern Occasional Glass Top Table w/ Casters Finish,600,,195,130,Y,N,Modern Occasional Glass Top Coffee Table w/ Casters Finish by Steve Silver. Dimensions: 48 inW x 28 inD x 19 inH Features: Constructed of solid Asian hardwoods; Acacia veneers; and engineered wood; Styling details include saw rasping distressing combined with an elegant glass top and satin brass; Kiln-dried wood helps prevent warping; splitting; cracking and developing mildew.; Coffee Table is castered for easy movement. The End and Sofa Table also have adjustable levelers to; The wood is hand-stained in a natural multi-step blonde finish finish to highlight the natural grain.,Modern Occasional Glass Top Coffee Table w/ Casters Finish by Steve Silver. Dimensions: 48 inW x 28 inD x 19 inH Features: Constructed of solid Asian hardwoods; Acacia veneers; and engineered wood; Styling details include saw rasping distressing combined with an elegant glass top and satin brass; Kiln-dried wood helps prevent warping; splitting; cracking and developing mildew.; Coffee Table is castered for easy movement. The End and Sofa Table also have adjustable levelers to; The wood is hand-stained in a natural multi-step blonde finish finish to highlight the natural grain.,"• 48 inW x 28 inD x 19 inH
• Constructed of solid Asian hardwoods
• Acacia veneers
• and engineered wood
• Styling details include saw rasping distressing combined with an elegant glass top and satin brass
• Kiln-dried wood helps prevent warping",Modern Occasional Glass Top Coffee Table w/ Casters Finish; Steve Silver; Occasional; Modern Occasional,Shop Modern Occasional Glass Top Table w/ Casters Finish by Steve Silver.,,Modern Occasional Glass Top Table w/ Casters Finish
SS-GA100TE,Modern Occasional Glass Top End Table Finish,400,,195,80,Y,N,Modern Occasional Glass Top End Table Finish by Steve Silver. Dimensions: 24 inW x 24 inD x 24 inH Features: Constructed of solid Asian hardwoods; Acacia veneers; and engineered wood; Styling details include saw rasping distressing combined with an elegant glass top and satin brass; Kiln-dried wood helps prevent warping; splitting; cracking and developing mildew.; Coffee Table is castered for easy movement. The End and Sofa Table also have adjustable levelers to; The wood is hand-stained in a natural multi-step blonde finish finish to highlight the natural grain.,Modern Occasional Glass Top End Table Finish by Steve Silver. Dimensions: 24 inW x 24 inD x 24 inH Features: Constructed of solid Asian hardwoods; Acacia veneers; and engineered wood; Styling details include saw rasping distressing combined with an elegant glass top and satin brass; Kiln-dried wood helps prevent warping; splitting; cracking and developing mildew.; Coffee Table is castered for easy movement. The End and Sofa Table also have adjustable levelers to; The wood is hand-stained in a natural multi-step blonde finish finish to highlight the natural grain.,"• 24 inW x 24 inD x 24 inH
• Constructed of solid Asian hardwoods
• Acacia veneers
• and engineered wood
• Styling details include saw rasping distressing combined with an elegant glass top and satin brass
• Kiln-dried wood helps prevent warping",Modern Occasional Glass Top End Table Finish; Steve Silver; Occasional; Modern Occasional,Shop Modern Occasional Glass Top End Table Finish by Steve Silver.,,Modern Occasional Glass Top End Table Finish
SS-GA100TS,Modern Occasional Glass Top Sofa Table Finish,1550,,195,270,Y,N,Modern Occasional Glass Top Sofa Table Finish by Steve Silver. Dimensions: 48 inW x 18 inD x 30 inH Features: Constructed of solid Asian hardwoods; Acacia veneers; and engineered wood; Styling details include saw rasping distressing combined with an elegant glass top and satin brass; Kiln-dried wood helps prevent warping; splitting; cracking and developing mildew.; Coffee Table is castered for easy movement. The End and Sofa Table also have adjustable levelers to; The wood is hand-stained in a natural multi-step blonde finish finish to highlight the natural grain.,Modern Occasional Glass Top Sofa Table Finish by Steve Silver. Dimensions: 48 inW x 18 inD x 30 inH Features: Constructed of solid Asian hardwoods; Acacia veneers; and engineered wood; Styling details include saw rasping distressing combined with an elegant glass top and satin brass; Kiln-dried wood helps prevent warping; splitting; cracking and developing mildew.; Coffee Table is castered for easy movement. The End and Sofa Table also have adjustable levelers to; The wood is hand-stained in a natural multi-step blonde finish finish to highlight the natural grain.,"• 48 inW x 18 inD x 30 inH
• Constructed of solid Asian hardwoods
• Acacia veneers
• and engineered wood
• Styling details include saw rasping distressing combined with an elegant glass top and satin brass
• Kiln-dried wood helps prevent warping",Modern Occasional Glass Top Sofa Table Finish; Steve Silver; Occasional; Modern Occasional,Shop Modern Occasional Glass Top Sofa Table Finish by Steve Silver.,,Modern Occasional Glass Top Sofa Table Finish
SS-GA500C,Garland Curio,650,,217,190,Y,N,Garland Curio by Steve Silver. Dimensions: 35 inW x 17 inD x 70 inH Features: Crafted of oak and acacia veneers; solid Asian hardwoods; Acacia veneers; and engineered; Styling details include weighty table top with modern trestle base; oatmeal colored chairs with; Storage base and open shelf offer display or storage for dining room essentials; The 60 inch table expands to 80 inches with the addition of included 20-inch leaf to seat up to 10; 36 in table height is comfortable for working or dining; The wood is hand-stained in a natural multi-step caramel finish.,Garland Curio by Steve Silver. Dimensions: 35 inW x 17 inD x 70 inH Features: Crafted of oak and acacia veneers; solid Asian hardwoods; Acacia veneers; and engineered; Styling details include weighty table top with modern trestle base; oatmeal colored chairs with; Storage base and open shelf offer display or storage for dining room essentials; The 60 inch table expands to 80 inches with the addition of included 20-inch leaf to seat up to 10; 36 in table height is comfortable for working or dining; The wood is hand-stained in a natural multi-step caramel finish.,"• 35 inW x 17 inD x 70 inH
• Crafted of oak and acacia veneers
• solid Asian hardwoods
• Acacia veneers
• and engineered
• Styling details include weighty table top with modern trestle base",Garland Curio; Steve Silver; Dining; Modern Dining,Shop Garland Curio by Steve Silver.,,Garland Curio
SS-GA500SV,Garland Counter Server,650,,217,230,Y,N,Garland Counter Server by Steve Silver. Dimensions: 64 inW x 19 inL x 32 inH Features: Constructed of solid Asian hardwoods; Acacia veneers; and engineered wood; Styling details include weighty table top with modern trestle base; oatmeal; Relaxed elegance style in a dining room set; The 78 inch table expands to 96 inches with the addition of included 18-inch leaf; The Table is corner blocked and screwed for added strength; Seats up to 10 guests; The wood is hand-stained in a natural multi-step caramel finish.,Garland Counter Server by Steve Silver. Dimensions: 64 inW x 19 inL x 32 inH Features: Constructed of solid Asian hardwoods; Acacia veneers; and engineered wood; Styling details include weighty table top with modern trestle base; oatmeal; Relaxed elegance style in a dining room set; The 78 inch table expands to 96 inches with the addition of included 18-inch leaf; The Table is corner blocked and screwed for added strength; Seats up to 10 guests; The wood is hand-stained in a natural multi-step caramel finish.,"• 64 inW x 19 inL x 32 inH
• Constructed of solid Asian hardwoods
• Acacia veneers
• and engineered wood
• Styling details include weighty table top with modern trestle base
• Relaxed elegance style in a dining room set",Garland Counter Server; Steve Silver; Dining; Modern Dining,Shop Garland Counter Server by Steve Silver.,,Garland Counter Server
SS-GA500TC,Hartford Curio,1120,,217,190,Y,N,Hartford Curio by Steve Silver. Dimensions: 35 inW x 17 inD x 70 inH Features: Crafted of oak and acacia veneers; solid Asian hardwoods; Acacia veneers; and engineered; Styling details include weighty table top with modern trestle base; eggshell 100&% polyester; Storage base and open shelf offer display or storage for dining room essentials; The 60-inch table expands to 80 inches with the included 20-inch leaf to seat up to 10 guests.; 36 in table height is comfortable for working or dining; 24 in Counter Chairs fit 36 in high kitchen; The wood is hand-stained in a natural multi-step caramel finish.,Hartford Curio by Steve Silver. Dimensions: 35 inW x 17 inD x 70 inH Features: Crafted of oak and acacia veneers; solid Asian hardwoods; Acacia veneers; and engineered; Styling details include weighty table top with modern trestle base; eggshell 100&% polyester; Storage base and open shelf offer display or storage for dining room essentials; The 60-inch table expands to 80 inches with the included 20-inch leaf to seat up to 10 guests.; 36 in table height is comfortable for working or dining; 24 in Counter Chairs fit 36 in high kitchen; The wood is hand-stained in a natural multi-step caramel finish.,"• 35 inW x 17 inD x 70 inH
• Crafted of oak and acacia veneers
• solid Asian hardwoods
• Acacia veneers
• and engineered
• Styling details include weighty table top with modern trestle base",Hartford Curio; Steve Silver; Dining; Modern Dining,Shop Hartford Curio by Steve Silver.,,Hartford Curio
SS-GA500TSV,Garland Counter Server,650,,217,230,Y,N,Garland Counter Server by Steve Silver. Dimensions: 64 inW x 19 inL x 32 inH Features: Constructed of solid Asian hardwoods; Acacia veneers; and engineered wood; Styling details include weighty table top with modern trestle base; eggshell; Relaxed elegance style in a dining room set; The 78 inch table expands to 96 inches with the addition of included 18-inch leaf; The Table is corner blocked and screwed for added strength; Seats up to 10 guests; The wood is hand-stained in a natural multi-step distressed greige finish.,Garland Counter Server by Steve Silver. Dimensions: 64 inW x 19 inL x 32 inH Features: Constructed of solid Asian hardwoods; Acacia veneers; and engineered wood; Styling details include weighty table top with modern trestle base; eggshell; Relaxed elegance style in a dining room set; The 78 inch table expands to 96 inches with the addition of included 18-inch leaf; The Table is corner blocked and screwed for added strength; Seats up to 10 guests; The wood is hand-stained in a natural multi-step distressed greige finish.,"• 64 inW x 19 inL x 32 inH
• Constructed of solid Asian hardwoods
• Acacia veneers
• and engineered wood
• Styling details include weighty table top with modern trestle base
• Relaxed elegance style in a dining room set",Garland Counter Server; Steve Silver; Dining; Modern Dining,Shop Garland Counter Server by Steve Silver.,,Garland Counter Server
SS-GAB300T,Kids Dining Set Standard w/ Chairs,1660,,215,350,Y,N,Kids Dining Table by Steve Silver. Dimensions: 30 inL x 30 inD x 23 inH Includes the dining table and matching chairs shown in the catalog image. Features: Crafted from Asian hardwood solids; oak veneers; and engineered woods-just like the adult version; Styled just like the full-size Gabby Dining Set for a cohesive; charming look in any kid-friendly space; Built to Withstand Play - Kiln-dried wood construction; solid wood legs; and mortise-and-tenon joinery; Comfort and Easy Care - 100% polyester eggshell fabric for easy cleanup after meals or crafts; ensuring; A hand-applied washed oak finish highlights the natural grain; while plastic floor glides protect floors.,Kids Dining Table by Steve Silver. Dimensions: 30 inL x 30 inD x 23 inH Includes the dining table and matching chairs shown in the catalog image. Features: Crafted from Asian hardwood solids; oak veneers; and engineered woods-just like the adult version; Styled just like the full-size Gabby Dining Set for a cohesive; charming look in any kid-friendly space; Built to Withstand Play - Kiln-dried wood construction; solid wood legs; and mortise-and-tenon joinery; Comfort and Easy Care - 100% polyester eggshell fabric for easy cleanup after meals or crafts; ensuring; A hand-applied washed oak finish highlights the natural grain; while plastic floor glides protect floors.,"• 30 inL x 30 inD x 23 inH Includes the dining table and matching chairs shown in the catalog image
• Crafted from Asian hardwood solids
• oak veneers
• and engineered woods-just like the adult version
• Styled just like the full-size Gabby Dining Set for a cohesive
• charming look in any kid-friendly space",Kids Dining Set w/ Chairs; Steve Silver; Dining Set; Dining,Shop Kids Dining Set w/ Chairs by Steve Silver.,,Kids Dining Set w/ Chairs
SS-GAB4848T,Garland Dining Set w/ Chairs,650,,215,350,Y,N,Garland Dining Table by Steve Silver. Dimensions: 48 inL x 48 inD x 30 inH Includes the dining table and matching chairs shown in the catalog image. Features: Table is constructed of oak veneers; Asian hardwoods and engineered woods; Styling details include tubular legs; soft corners; and minimalist fronts; Chair has shaped ergonomic upholstered back with solid legs and cushioned seat in keeping; Table seats up to four people; Server includes felt-lined top drawer; soft-close doors and two adjustable shelves; The wood is hand-stained in a natural multi-step washed oak finish to highlight the natural.,Garland Dining Table by Steve Silver. Dimensions: 48 inL x 48 inD x 30 inH Includes the dining table and matching chairs shown in the catalog image. Features: Table is constructed of oak veneers; Asian hardwoods and engineered woods; Styling details include tubular legs; soft corners; and minimalist fronts; Chair has shaped ergonomic upholstered back with solid legs and cushioned seat in keeping; Table seats up to four people; Server includes felt-lined top drawer; soft-close doors and two adjustable shelves; The wood is hand-stained in a natural multi-step washed oak finish to highlight the natural.,"• 48 inL x 48 inD x 30 inH Includes the dining table and matching chairs shown in the catalog image
• Table is constructed of oak veneers
• Asian hardwoods and engineered woods
• Styling details include tubular legs
• soft corners
• and minimalist fronts",Garland Dining Set w/ Chairs; Steve Silver; Dining Set; Dining,Shop Garland Dining Set w/ Chairs by Steve Silver.,,Garland Dining Set w/ Chairs
SS-GAB500SV,Gabby Server,1120,,217,230,Y,N,Gabby Server by Steve Silver. Dimensions: 54 inW x 17.5 inD x 36 inH Features: Table is constructed of oak veneers; Asian hardwoods and engineered woods; Styling details include tubular legs; soft corners; and minimalist fronts; Chair has shaped ergonomic upholstered back with solid legs and cushioned seat in keeping with the; Locking table leaf allows for expandibility for additional seating up to six people; Server includes felt-lined top drawer; soft-close doors and two adjustable shelves; The wood is hand-stained in a natural multi-step washed oak finish to highlight the natural grain and.,Gabby Server by Steve Silver. Dimensions: 54 inW x 17.5 inD x 36 inH Features: Table is constructed of oak veneers; Asian hardwoods and engineered woods; Styling details include tubular legs; soft corners; and minimalist fronts; Chair has shaped ergonomic upholstered back with solid legs and cushioned seat in keeping with the; Locking table leaf allows for expandibility for additional seating up to six people; Server includes felt-lined top drawer; soft-close doors and two adjustable shelves; The wood is hand-stained in a natural multi-step washed oak finish to highlight the natural grain and.,"• 54 inW x 17.5 inD x 36 inH
• Table is constructed of oak veneers
• Asian hardwoods and engineered woods
• Styling details include tubular legs
• soft corners
• and minimalist fronts",Gabby Server; Steve Silver; Dining; Modern Dining,Shop Gabby Server by Steve Silver.,,Gabby Server
SS-GAB500T,Gabby Dining Set w/ Chairs,2210,,215,455,Y,N,Gabby Dining Table w/ Leaf by Steve Silver. Dimensions: 60-78 inL x 42 inD x 30 inH Includes the dining table and matching chairs shown in the catalog image. Features: Table is constructed of oak veneers; Asian hardwoods and engineered woods; Styling details include tubular legs; soft corners; and minimalist fronts; Chair has shaped ergonomic upholstered back with solid legs and cushioned seat in keeping with the; Locking table leaf allows for expandibility for additional seating up to six people; Server includes felt-lined top drawer; soft-close doors and two adjustable shelves; The wood is hand-stained in a natural multi-step washed oak finish to highlight the natural grain and.,Gabby Dining Table w/ Leaf by Steve Silver. Dimensions: 60-78 inL x 42 inD x 30 inH Includes the dining table and matching chairs shown in the catalog image. Features: Table is constructed of oak veneers; Asian hardwoods and engineered woods; Styling details include tubular legs; soft corners; and minimalist fronts; Chair has shaped ergonomic upholstered back with solid legs and cushioned seat in keeping with the; Locking table leaf allows for expandibility for additional seating up to six people; Server includes felt-lined top drawer; soft-close doors and two adjustable shelves; The wood is hand-stained in a natural multi-step washed oak finish to highlight the natural grain and.,"• 60-78 inL x 42 inD x 30 inH Includes the dining table and matching chairs shown in the catalog image
• Table is constructed of oak veneers
• Asian hardwoods and engineered woods
• Styling details include tubular legs
• soft corners
• and minimalist fronts",Gabby Dining Set w/ Chairs; Steve Silver; Dining Set; Dining,Shop Gabby Dining Set w/ Chairs by Steve Silver.,,Gabby Dining Set w/ Chairs
SS-GASTON-65LOVE,Gaston Manual Reclining Loveseat,689,,"199, 147",175,,N,"<p>Gaston manual reclining loveseat, where modern style meets compact comfort. Perfect for smaller spaces, it boasts plush cushioning, effortless reclining, and sleek vegan leather. Crafted with enduring quality, featuring sturdy wood frame and no-sag springs. Relax in style, watch the game, or unwind after work â€“ Gastonâ€™s got you covered.</p>","Gaston manual reclining loveseat, where modern style meets compact comfort. Perfect for smaller spaces, it boasts plush cushioning, effortless reclining, and sleek vegan leather. Crafted with enduring quality, featuring sturdy wood frame and no-sag springs. Relax in style, watch the game, or unwind after work â€“ Gastonâ€™s got you covered.","<ul><li><strong>Cover:</strong> Leather-look 100% polyester vegan leather</li><li><strong>Color:</strong> Graphite Gray</li><li><strong>Construction:</strong> Engineered-wood mortise-and-tenon frame, no-sag sinuous springs, 9.5-inch high-resiliency foam cushions, and removable backs</li><li><strong>Dimensions:</strong> 65W x 39.5D x 41H in.</li><li><strong>Motion:</strong> Manual reclining with approximately 160-degree recline and 7.5-inch wall clearance</li><li><strong>Special Features:</strong> Dual manual-reclining seats; 350 lb. weight capacity per seat</li></ul>",Gaston Manual Reclining Loveseat; Steve Silver,"Shop Gaston Manual Reclining Loveseat at McCabe's Theater & Living. Gaston manual reclining loveseat, where modern style meets compact comfort. Perfect for smaller spaces, it boasts plush cushioning, effortle.",Gaston Manual Reclining Loveseat; Steve Silver,Gaston Manual Reclining Loveseat
SS-GASTON-87SOFA,"Gaston Sofa, Manual Reclining, Drop-Down Console",779,,"139, 197, 179",220,,N,<p>Gaston: your new haven for cozy elegance and endless relaxation. The manual reclining sofa pairs plush cushioning and easy reclining comfort with a gray vegan leather cover and a convenient drop-down console.</p>,Gaston: your new haven for cozy elegance and endless relaxation. The manual reclining sofa pairs plush cushioning and easy reclining comfort with a gray vegan leather cover and a convenient drop-down console.,"<ul><li><strong>Cover:</strong> Leather-look 100% polyester vegan leather</li><li><strong>Color:</strong> Graphite Gray</li><li><strong>Construction:</strong> Engineered-wood mortise-and-tenon frame, no-sag sinuous springs, 9.5-inch high-resiliency foam cushions, and removable backs</li><li><strong>Dimensions:</strong> 87.5W x 39.5D x 41H in.</li><li><strong>Motion:</strong> Manual reclining with approximately 160-degree recline and 7.5-inch wall clearance</li><li><strong>Special Features:</strong> Drop-down center console with two cupholders; 350 lb. weight capacity per seat</li></ul>",Gaston Sofa; Steve Silver,"Shop Gaston Sofa, Manual Reclining, Drop-Down Console at McCabe's Theater & Living. Gaston: your new haven for cozy elegance and endless relaxation. The manual reclining sofa pairs plush cushioning and easy reclining comfort.",Gaston Sofa; Steve Silver,"Gaston Sofa, Manual Reclining, Drop-Down Console"
SS-GASTON-RECL,"Gaston Recliner, Manual, Glider",449,,186,105,,N,"<p>Unwind in sleek, modern luxury with the Gaston Manual Recliner. This masterpiece marries contemporary cool with unmatched comfort. Sink into plush, buttery vegan leather framed by crisp, clean lines. Effortlessly recline 160 degrees, leaving worries at the door. Sturdy support ensures every movie marathon, game night, or quiet reading session is pure bliss. Make relaxation an essential part of your home with the Gaston recliner.</p>","Unwind in sleek, modern luxury with the Gaston Manual Recliner. This masterpiece marries contemporary cool with unmatched comfort. Sink into plush, buttery vegan leather framed by crisp, clean lines. Effortlessly recline 160 degrees, leaving worries at the door. Sturdy support ensures every movie marathon, game night, or quiet reading session is pure bliss. Make relaxation an essential part of your home with the Gaston recliner.","<ul><li><strong>Cover:</strong> Leather-look 100% polyester vegan leather</li><li><strong>Color:</strong> Graphite Gray</li><li><strong>Construction:</strong> Engineered-wood mortise-and-tenon frame, no-sag sinuous springs, 9.5-inch high-resiliency foam cushions, and removable backs</li><li><strong>Dimensions:</strong> 40.5W x 39.5D x 41H in.</li><li><strong>Motion:</strong> Manual reclining with approximately 160-degree recline and 7.5-inch wall clearance</li><li><strong>Special Features:</strong> Gliding motion when closed; 350 lb. weight capacity per seat</li></ul>",Gaston Recliner; Steve Silver,"Shop Gaston Recliner, Manual, Glider at McCabe's Theater & Living. Unwind in sleek, modern luxury with the Gaston Manual Recliner. This masterpiece marries contemporary cool with unmatched comfort. Sink into.",Gaston Recliner; Steve Silver,"Gaston Recliner, Manual, Glider"
SS-GAT70696N,Gatlin Dual Power Reclining Console Loveseat,1190,,"199, 147",235,Y,N,Gatlin Dual Power Reclining Console Loveseat by Steve Silver. Dimensions: 97 inW x 39 inD x 40 inH Features: Dual-Power Recline: Independent headrest and footrest controls for personalized comfort; Kiln-dried hardwood frame with reinforced support; high-density foam; and 350 lb. capacity per seat.; 100% polyester chocolate fabric is plush and velvety to the touch; USB-A/USB-C charging on outer arms and inside storage console; Wall-saver zero-gravity recline needs only 3 in of wall clearane; Lift-top storage on Loveseat has stainless steel cupholders; USB-A/USB-C chargers and power; Modular Seating Flexibility: Mix-and-match pieces to build anything from a sectional to a sofa or.,Gatlin Dual Power Reclining Console Loveseat by Steve Silver. Dimensions: 97 inW x 39 inD x 40 inH Features: Dual-Power Recline: Independent headrest and footrest controls for personalized comfort; Kiln-dried hardwood frame with reinforced support; high-density foam; and 350 lb. capacity per seat.; 100% polyester chocolate fabric is plush and velvety to the touch; USB-A/USB-C charging on outer arms and inside storage console; Wall-saver zero-gravity recline needs only 3 in of wall clearane; Lift-top storage on Loveseat has stainless steel cupholders; USB-A/USB-C chargers and power; Modular Seating Flexibility: Mix-and-match pieces to build anything from a sectional to a sofa or.,"• 97 inW x 39 inD x 40 inH
• Dual-Power Recline: Independent headrest and footrest controls for personalized comfort
• Kiln-dried hardwood frame with reinforced support
• high-density foam
• and 350 lb. capacity per seat
• 100% polyester chocolate fabric is plush and velvety to the touch",Gatlin Dual Power Reclining Console Loveseat; Steve Silver; Upholstery; Leather Power Reclining,Shop Gatlin Dual Power Reclining Console Loveseat by Steve Silver.,,Gatlin Dual Power Reclining Console Loveseat
SS-GAT70696T,Stone Dual Power Reclining Console Loveseat,1320,,147,235,Y,N,Stone Dual Power Reclining Console Loveseat by Steve Silver. Dimensions: 97 inW x 39 inD x 40 inH Features: Dual-Power Recline: Independent headrest and footrest controls for personalized comfort; Leather match has caramel top-grain leather on front with matching vinyl on sides and outer back; Kiln-dried hardwood frame with reinforced support; high-density foam; and 350 lb. capacity per seat.; USB-A/USB-C charging on outer arms and inside storage console; Wall-saver zero-gravity recline needs only 3 in of wall clearane; Lift-top storage on Loveseat has stainless steel cupholders; USB-A/USB-C chargers and power; Modular Seating Flexibility: Mix-and-match pieces to build anything from a sectional to a sofa or.,Stone Dual Power Reclining Console Loveseat by Steve Silver. Dimensions: 97 inW x 39 inD x 40 inH Features: Dual-Power Recline: Independent headrest and footrest controls for personalized comfort; Leather match has caramel top-grain leather on front with matching vinyl on sides and outer back; Kiln-dried hardwood frame with reinforced support; high-density foam; and 350 lb. capacity per seat.; USB-A/USB-C charging on outer arms and inside storage console; Wall-saver zero-gravity recline needs only 3 in of wall clearane; Lift-top storage on Loveseat has stainless steel cupholders; USB-A/USB-C chargers and power; Modular Seating Flexibility: Mix-and-match pieces to build anything from a sectional to a sofa or.,"• 97 inW x 39 inD x 40 inH
• Dual-Power Recline: Independent headrest and footrest controls for personalized comfort
• Leather match has caramel top-grain leather on front with matching vinyl on sides and outer back
• Kiln-dried hardwood frame with reinforced support
• high-density foam
• and 350 lb. capacity per seat",Stone Dual Power Reclining Console Loveseat; Steve Silver; Upholstery; Leather Power Reclining,Shop Dual Power Reclining Console Loveseat by Steve Silver.,,Stone Dual Power Reclining Console Loveseat
SS-GAT70696T-2,Stone Dual Power Reclining Sofa,1370,,"139, 197, 179",275,Y,N,Stone Dual Power Reclining Sofa by Steve Silver. Dimensions: 113 inW x 39 inD x 40 inH Features: Dual-Power Recline: Independent headrest and footrest controls for personalized comfort; Leather match has caramel top-grain leather on front with matching vinyl on sides and outer back; Kiln-dried hardwood frame with reinforced support; high-density foam; and 350 lb. capacity per seat.; USB-A/USB-C charging on outer arms and inside storage console; Wall-saver zero-gravity recline needs only 3 in of wall clearane; Lift-top storage on Loveseat has stainless steel cupholders; USB-A/USB-C chargers and power; Modular Seating Flexibility: Mix-and-match pieces to build anything from a sectional to a sofa or.,Stone Dual Power Reclining Sofa by Steve Silver. Dimensions: 113 inW x 39 inD x 40 inH Features: Dual-Power Recline: Independent headrest and footrest controls for personalized comfort; Leather match has caramel top-grain leather on front with matching vinyl on sides and outer back; Kiln-dried hardwood frame with reinforced support; high-density foam; and 350 lb. capacity per seat.; USB-A/USB-C charging on outer arms and inside storage console; Wall-saver zero-gravity recline needs only 3 in of wall clearane; Lift-top storage on Loveseat has stainless steel cupholders; USB-A/USB-C chargers and power; Modular Seating Flexibility: Mix-and-match pieces to build anything from a sectional to a sofa or.,"• 113 inW x 39 inD x 40 inH
• Dual-Power Recline: Independent headrest and footrest controls for personalized comfort
• Leather match has caramel top-grain leather on front with matching vinyl on sides and outer back
• Kiln-dried hardwood frame with reinforced support
• high-density foam
• and 350 lb. capacity per seat",Stone Dual Power Reclining Sofa; Steve Silver; Upholstery; Leather Power Reclining,Shop Dual Power Reclining Sofa by Steve Silver.,,Stone Dual Power Reclining Sofa
SS-GATLIN-114SOFA,Gatlin Leather Dual-Power 3-Piece Reclining Sofa,1420,,"139, 197, 179",210,,N,"<p>Relax in premium comfort with the Gatlin Leather Dual-Power Reclining Collection. Upholstered in rich butterscotch leather on all front-facing surfaces, with durable vegan leather on the sides and backs, it blends luxury and practicality. Plush pillow-top arms and generously wide seating invite you to unwind, while dual-power reclining lets you effortlessly adjust headrests and footrests. Built-in USB charging, supportive bustle backs, 2.0 density foam, sinuous springs, and a sturdy engineered wood frame ensure lasting comfort and reliability.</p>","Relax in premium comfort with the Gatlin Leather Dual-Power Reclining Collection. Upholstered in rich butterscotch leather on all front-facing surfaces, with durable vegan leather on the sides and backs, it blends luxury and practicality. Plush pillow-top arms and generously wide seating invite you to unwind, while dual-power reclining lets you effortlessly adjust headrests and footrests. Built-in USB charging, supportive bustle backs, 2.0 density foam, sinuous springs, and a sturdy engineered wood frame ensure lasting comfort and reliability.","<ul><li><strong>Cover:</strong> Top-grain leather on seating and front-facing surfaces with coordinating vegan leather on sides and back</li><li><strong>Color:</strong> Butterscotch</li><li><strong>Construction:</strong> Kiln-dried hardwood and engineered-wood frame, corner-blocked and double-doweled, steel seat box, no-sag sinuous-wire support, 2.0-density foam, and removable backs</li><li><strong>Dimensions:</strong> 114W x 39D x 40.5H in.</li><li><strong>Motion:</strong> Dual-power reclining with independent headrest and footrest controls and approximately 3-inch wall clearance</li><li><strong>Special Features:</strong> 3-piece sofa configuration with ultra-wide 32-inch seat-and-a-half seating; USB-A/USB-C charging and 350 lb. weight capacity per seat</li></ul>",Gatlin Leather Dual-Power 3-Piece Reclining Sofa; Steve Silver,Shop Gatlin Leather Dual-Power 3-Piece Reclining Sofa at McCabe's Theater & Living. Relax in premium comfort with the Gatlin Leather Dual-Power Reclining Collection. Upholstered in rich butterscotch leather on all front-faci.,Gatlin Leather Dual-Power 3-Piece Reclining Sofa; Steve Silver,Gatlin Leather Dual-Power 3-Piece Reclining Sofa
SS-GATLIN-95SOFA,Gatlin Leather Dual-Power 3-Piece Reclining Console Loveseat,1420,,"199, 147",220,,N,"<p>Relax in premium comfort with the Gatlin Leather Dual-Power Reclining Collection. Upholstered in rich butterscotch leather on all front-facing surfaces, with durable vegan leather on the sides and backs, it blends luxury and practicality. Plush pillow-top arms and generously wide seating invite you to unwind, while dual-power reclining lets you effortlessly adjust headrests and footrests. Built-in USB charging, supportive bustle backs, 2.0 density foam, sinuous springs, and a sturdy engineered wood frame ensure lasting comfort and reliability.</p>","Relax in premium comfort with the Gatlin Leather Dual-Power Reclining Collection. Upholstered in rich butterscotch leather on all front-facing surfaces, with durable vegan leather on the sides and backs, it blends luxury and practicality. Plush pillow-top arms and generously wide seating invite you to unwind, while dual-power reclining lets you effortlessly adjust headrests and footrests. Built-in USB charging, supportive bustle backs, 2.0 density foam, sinuous springs, and a sturdy engineered wood frame ensure lasting comfort and reliability.","<ul><li><strong>Cover:</strong> Top-grain leather on seating and front-facing surfaces with coordinating vegan leather on sides and back</li><li><strong>Color:</strong> Butterscotch</li><li><strong>Construction:</strong> Kiln-dried hardwood and engineered-wood frame, corner-blocked and double-doweled, steel seat box, no-sag sinuous-wire support, 2.0-density foam, and removable backs</li><li><strong>Dimensions:</strong> 95W x 39D x 40.5H in.</li><li><strong>Motion:</strong> Dual-power reclining with independent headrest and footrest controls and approximately 3-inch wall clearance</li><li><strong>Special Features:</strong> 3-piece console loveseat with lift-top storage, two stainless cupholders, and electrical outlets; USB-A/USB-C charging and 350 lb. weight capacity per seat</li></ul>",Gatlin Leather Dual-Power 3-Piece Reclining Console Loveseat; Steve Silver,Shop Gatlin Leather Dual-Power 3-Piece Reclining Console Loveseat at McCabe's Theater & Living. Relax in premium comfort with the Gatlin Leather Dual-Power Reclining Collection. Upholstered in rich butterscotch leather on all front-faci.,Gatlin Leather Dual-Power 3-Piece Reclining Console Loveseat; Steve Silver,Gatlin Leather Dual-Power 3-Piece Reclining Console Loveseat
SS-GATLIN-BROWN-114SOFA,Gatlin Brown Fabric Dual-Power 3-Piece Reclining Sofa,1190,,"139, 197, 179",,,N,"<p>Relax in premium comfort with the Gatlin Brown Fabric Dual-Power Reclining Collection. Upholstered in soft, durable fabric, it features plush pillow-top arms and generously wide seating designed for everyday lounging. Dual-power reclining allows easy headrest and footrest adjustment, while built-in USB charging adds modern convenience. A supportive bustle back, 2.0 density foam, sinuous spring seating, and a sturdy engineered wood frame ensure lasting comfort, support, and reliability.</p>","Relax in premium comfort with the Gatlin Brown Fabric Dual-Power Reclining Collection. Upholstered in soft, durable fabric, it features plush pillow-top arms and generously wide seating designed for everyday lounging. Dual-power reclining allows easy headrest and footrest adjustment, while built-in USB charging adds modern convenience. A supportive bustle back, 2.0 density foam, sinuous spring seating, and a sturdy engineered wood frame ensure lasting comfort, support, and reliability.","<ul><li><strong>Cover:</strong> Easy-care 100% polyester fabric</li><li><strong>Color:</strong> Chocolate Brown</li><li><strong>Construction:</strong> Kiln-dried hardwood and engineered-wood frame, corner-blocked and double-doweled, steel seat box, no-sag sinuous-wire support, 2.0-density foam, and removable backs</li><li><strong>Dimensions:</strong> 114W x 39D x 40.5H in.</li><li><strong>Motion:</strong> Dual-power reclining with independent headrest and footrest controls and approximately 3-inch wall clearance</li><li><strong>Special Features:</strong> 3-piece sofa configuration with ultra-wide 32-inch seat-and-a-half seating; USB-A/USB-C charging and 350 lb. weight capacity per seat</li></ul>",Gatlin Brown Fabric Dual-Power 3-Piece Reclining Sofa; Steve Silver,"Shop Gatlin Brown Fabric Dual-Power 3-Piece Reclining Sofa at McCabe's Theater & Living. Relax in premium comfort with the Gatlin Brown Fabric Dual-Power Reclining Collection. Upholstered in soft, durable fabric, it features plus.",Gatlin Brown Fabric Dual-Power 3-Piece Reclining Sofa; Steve Silver,Gatlin Brown Fabric Dual-Power 3-Piece Reclining Sofa
SS-GATLIN-BROWN-95SOFA,Gatlin Brown Fabric Dual-Power 3-Piece Reclining Console Loveseat,1190,,"199, 147",220,,N,"<p>Relax in premium comfort with the Gatlin Brown Fabric Dual-Power Reclining Collection. Upholstered in soft, durable fabric, it features plush pillow-top arms and generously wide seating designed for everyday lounging. Dual-power reclining allows easy headrest and footrest adjustment, while built-in USB charging adds modern convenience. A supportive bustle back, 2.0 density foam, sinuous spring seating, and a sturdy engineered wood frame ensure lasting comfort, support, and reliability.</p>","Relax in premium comfort with the Gatlin Brown Fabric Dual-Power Reclining Collection. Upholstered in soft, durable fabric, it features plush pillow-top arms and generously wide seating designed for everyday lounging. Dual-power reclining allows easy headrest and footrest adjustment, while built-in USB charging adds modern convenience. A supportive bustle back, 2.0 density foam, sinuous spring seating, and a sturdy engineered wood frame ensure lasting comfort, support, and reliability.","<ul><li><strong>Cover:</strong> Easy-care 100% polyester fabric</li><li><strong>Color:</strong> Chocolate Brown</li><li><strong>Construction:</strong> Kiln-dried hardwood and engineered-wood frame, corner-blocked and double-doweled, steel seat box, no-sag sinuous-wire support, 2.0-density foam, and removable backs</li><li><strong>Dimensions:</strong> 95W x 39D x 40.5H in.</li><li><strong>Motion:</strong> Dual-power reclining with independent headrest and footrest controls and approximately 3-inch wall clearance</li><li><strong>Special Features:</strong> 3-piece console loveseat with lift-top storage, two stainless cupholders, and electrical outlets; USB-A/USB-C charging and 350 lb. weight capacity per seat</li></ul>",Gatlin Brown Fabric Dual-Power 3-Piece Reclining Console Loveseat; Steve Silver,"Shop Gatlin Brown Fabric Dual-Power 3-Piece Reclining Console Loveseat at McCabe's Theater & Living. Relax in premium comfort with the Gatlin Brown Fabric Dual-Power Reclining Collection. Upholstered in soft, durable fabric, it features plus.",Gatlin Brown Fabric Dual-Power 3-Piece Reclining Console Loveseat; Steve Silver,Gatlin Brown Fabric Dual-Power 3-Piece Reclining Console Loveseat
SS-GATLIN-BROWN-PWR-SECT,Gatlin Brown Power Reclining Sectional,2240,,188,465,,N,,,,Gatlin Brown Power Reclining Sectional; Steve Silver,Shop Gatlin Brown Power Reclining Sectional at McCabe's Theater & Living. Gatlin Brown Power Reclining Sectional.,Gatlin Brown Power Reclining Sectional; Steve Silver,Gatlin Brown Power Reclining Sectional
SS-GATLIN-BROWN-RECL,Gatlin Brown Fabric Dual-Power Recliner,689,,186,125,,N,"<p>Relax in premium comfort with the Gatlin Dual-Power Leather Recliner. Featuring soft, durable brown fabric, plush pillow top arms, and an ultra-wide seat, this recliner is designed for everyday relaxation. Dual-power reclining and built-in USB charging add modern convenience, while a supportive bustle back, 2.0 density foam, No-Sag suspension, and durable engineered wood frame ensure lasting comfort and style.</p>","Relax in premium comfort with the Gatlin Dual-Power Leather Recliner. Featuring soft, durable brown fabric, plush pillow top arms, and an ultra-wide seat, this recliner is designed for everyday relaxation. Dual-power reclining and built-in USB charging add modern convenience, while a supportive bustle back, 2.0 density foam, No-Sag suspension, and durable engineered wood frame ensure lasting comfort and style.","<ul><li><strong>Cover:</strong> Easy-care 100% polyester fabric</li><li><strong>Color:</strong> Chocolate Brown</li><li><strong>Construction:</strong> Kiln-dried hardwood and engineered-wood frame, corner-blocked and double-doweled, steel seat box, no-sag sinuous-wire support, 2.0-density foam, and removable backs</li><li><strong>Dimensions:</strong> 32W x 39D x 40.5H in.</li><li><strong>Motion:</strong> Dual-power reclining with independent headrest and footrest controls and approximately 3-inch wall clearance</li><li><strong>Special Features:</strong> Ultra-wide seat-and-a-half recliner; USB-A/USB-C charging and 350 lb. weight capacity per seat</li></ul>",Gatlin Brown Fabric Dual-Power Recliner; Steve Silver,"Shop Gatlin Brown Fabric Dual-Power Recliner at McCabe's Theater & Living. Relax in premium comfort with the Gatlin Dual-Power Leather Recliner. Featuring soft, durable brown fabric, plush pillow top arms, and an ul.",Gatlin Brown Fabric Dual-Power Recliner; Steve Silver,Gatlin Brown Fabric Dual-Power Recliner
SS-GATLIN-PWR-SECT,Gatlin Dual-Power Leather 6-Piece Modular Reclining Sectional,2580,,"139, 198, 188",465,,N,"<p>Relax in premium comfort with the Gatlin Leather Dual-Power Reclining Collection. Upholstered in rich butterscotch leather on all front-facing surfaces, with durable vegan leather on the sides and backs, it blends luxury and practicality. Plush pillow-top arms and generously wide seating invite you to unwind, while dual-power reclining lets you effortlessly adjust headrests and footrests. Built-in USB charging, supportive bustle backs, 2.0 density foam, sinuous springs, and a sturdy engineered wood frame ensure lasting comfort and reliability.</p>","Relax in premium comfort with the Gatlin Leather Dual-Power Reclining Collection. Upholstered in rich butterscotch leather on all front-facing surfaces, with durable vegan leather on the sides and backs, it blends luxury and practicality. Plush pillow-top arms and generously wide seating invite you to unwind, while dual-power reclining lets you effortlessly adjust headrests and footrests. Built-in USB charging, supportive bustle backs, 2.0 density foam, sinuous springs, and a sturdy engineered wood frame ensure lasting comfort and reliability.","<ul><li><strong>Cover:</strong> Butterscotch Top-grain leather on seating and front-facing surfaces with vinyl match on sides and back</li><li><strong>Construction:</strong> Kiln-dried hardwood and engineered-wood frame, corner-blocked and double-doweled, steel seat box, no-sag sinuous-wire support, 2.0-density foam, and removable backs</li><li><strong>Dimensions:</strong> Modular pieces include 41W x 39D x 40.5H in. arm-facing recliners, 32W x 39D x 40.5H in. armless seats, and 13W x 47D x 40.5H in. console</li><li><strong>Motion:</strong> Dual-power reclining with independent headrest and footrest controls and approx. 3-inch wall clearance</li><li><strong>Special Features:</strong> 6-piece modular configuration with console storage, stainless cupholders, and electrical outlets; USB-A/USB-C charging and 350 lb. weight capacity per seat</li></ul>",Gatlin Dual-Power Leather 6-Piece Modular Reclining Sectional; Steve Silver,Shop Gatlin Dual-Power Leather 6-Piece Modular Reclining Sectional at McCabe's Theater & Living. Relax in premium comfort with the Gatlin Leather Dual-Power Reclining Collection. Upholstered in rich butterscotch leather on all front-faci.,Gatlin Dual-Power Leather 6-Piece Modular Reclining Sectional; Steve Silver,Gatlin Dual-Power Leather 6-Piece Modular Reclining Sectional
SS-GATLIN-RECL,Gatlin Leather Dual-Power Recliner,819,,186,125,,N,"<p>Relax in premium comfort with the Gatlin Dual-Power Leather Recliner. Featuring butterscotch dyed top-grain leather on the seats and backs, plush pillow top arms, and an ultra-wide seat, this recliner is designed for everyday relaxation. Dual-power reclining and built-in USB charging add modern convenience, while a supportive bustle back, 2.0 density foam, No-Sag suspension, and durable engineered wood frame ensure lasting comfort and style.</p>","Relax in premium comfort with the Gatlin Dual-Power Leather Recliner. Featuring butterscotch dyed top-grain leather on the seats and backs, plush pillow top arms, and an ultra-wide seat, this recliner is designed for everyday relaxation. Dual-power reclining and built-in USB charging add modern convenience, while a supportive bustle back, 2.0 density foam, No-Sag suspension, and durable engineered wood frame ensure lasting comfort and style.","<ul><li><strong>Cover:</strong> Top-grain leather on seating and front-facing surfaces with coordinating vegan leather on sides and back</li><li><strong>Color:</strong> Butterscotch</li><li><strong>Construction:</strong> Kiln-dried hardwood and engineered-wood frame, corner-blocked and double-doweled, steel seat box, no-sag sinuous-wire support, 2.0-density foam, and removable backs</li><li><strong>Dimensions:</strong> 32W x 39D x 40.5H in.</li><li><strong>Motion:</strong> Dual-power reclining with independent headrest and footrest controls and approximately 3-inch wall clearance</li><li><strong>Special Features:</strong> Ultra-wide seat-and-a-half recliner; USB-A/USB-C charging and 350 lb. weight capacity per seat</li></ul>",Gatlin Leather Dual-Power Recliner; Steve Silver,"Shop Gatlin Leather Dual-Power Recliner at McCabe's Theater & Living. Relax in premium comfort with the Gatlin Dual-Power Leather Recliner. Featuring butterscotch dyed top-grain leather on the seats and backs,.",Gatlin Leather Dual-Power Recliner; Steve Silver,Gatlin Leather Dual-Power Recliner
SS-GEORGE-ACCENT-CHR,George Accent Chair,500,,175,115,Y,N,,,,George Accent Chair; Steve Silver,Shop George Accent Chair at McCabe's Theater & Living. George Accent Chair.,George Accent Chair; Steve Silver,George Accent Chair
SS-GG850AC,George Two Tone Accent Chair Linen Faux Rawhide Look,500,,178,70,Y,N,George Two Tone Accent Chair Linen Faux Rawhide Look by Steve Silver. Dimensions: 26 inW x 32 inD x 38.5 inH,George Two Tone Accent Chair Linen Faux Rawhide Look by Steve Silver. Dimensions: 26 inW x 32 inD x 38.5 inH,• 26 inW x 32 inD x 38.5 inH,George Two Tone Accent Chair Linen Faux Rawhide Look; Steve Silver; Upholstery; Accents,Shop George Two Tone Accent Chair Linen Faux Rawhide Look by Steve Silver.,,George Two Tone Accent Chair Linen Faux Rawhide Look
SS-GRA100NC,Mixed Media Occasional Round Cocktail Table,520,,195,110,Y,N,Mixed Media Occasional Round Cocktail Table by Steve Silver. Dimensions: 48 inW x 48 inD x 19 inH Features: Crafted of oak veneers; engineered woods with iron legs; Large 48 in Round Cocktail Table with sunburst oak veneer layup in a light; industrial look; Round shape softens a room; Adjustable levelers add stability on uneven floors; 300 lb. weight capacity for Cocktail and End Table ensures durability and reliable support for the end; The wood is hand-stained in a natural multi-step espresso finish with monochromatic copper finished.,Mixed Media Occasional Round Cocktail Table by Steve Silver. Dimensions: 48 inW x 48 inD x 19 inH Features: Crafted of oak veneers; engineered woods with iron legs; Large 48 in Round Cocktail Table with sunburst oak veneer layup in a light; industrial look; Round shape softens a room; Adjustable levelers add stability on uneven floors; 300 lb. weight capacity for Cocktail and End Table ensures durability and reliable support for the end; The wood is hand-stained in a natural multi-step espresso finish with monochromatic copper finished.,"• 48 inW x 48 inD x 19 inH
• Crafted of oak veneers
• engineered woods with iron legs
• Large 48 in Round Cocktail Table with sunburst oak veneer layup in a light
• industrial look
• Round shape softens a room",Mixed Media Occasional Round Cocktail Table; Steve Silver; Occasional; Mixed Media Occasional,Shop Mixed Media Occasional Round Cocktail Table by Steve Silver.,,Mixed Media Occasional Round Cocktail Table
SS-GRA100NE,Mixed Media Occasional Round End Table 23 X,310,,195,60,Y,N,Mixed Media Occasional Round End Table 23 X by Steve Silver. Features: Crafted of oak veneers; engineered woods with iron legs; Large 48 in Round Cocktail Table with sunburst oak veneer layup in a light; industrial look; Round shape softens a room; Adjustable levelers add stability on uneven floors; 300 lb. weight capacity for Cocktail and End Table ensures durability and reliable support for the end; The wood is hand-stained in a natural multi-step espresso finish with monochromatic copper finished.,Mixed Media Occasional Round End Table 23 X by Steve Silver. Features: Crafted of oak veneers; engineered woods with iron legs; Large 48 in Round Cocktail Table with sunburst oak veneer layup in a light; industrial look; Round shape softens a room; Adjustable levelers add stability on uneven floors; 300 lb. weight capacity for Cocktail and End Table ensures durability and reliable support for the end; The wood is hand-stained in a natural multi-step espresso finish with monochromatic copper finished.,"• Crafted of oak veneers
• engineered woods with iron legs
• Large 48 in Round Cocktail Table with sunburst oak veneer layup in a light
• industrial look
• Round shape softens a room
• Adjustable levelers add stability on uneven floors",Mixed Media Occasional Round End Table 23 X; Steve Silver; Occasional; Mixed Media Occasional,Shop Mixed Media Occasional Round End Table 23 X by Steve Silver.,,Mixed Media Occasional Round End Table 23 X
SS-GRA100WC,Mixed Media Occasional Round Cocktail Table,520,,195,110,Y,N,Mixed Media Occasional Round Cocktail Table by Steve Silver. Dimensions: 48 inW x 48 inD x 19 inH Features: Crafted of oak veneers; engineered woods with iron legs; Large 48 in Round Cocktail Table with sunburst oak veneer layup in a light; industrial look; Round shape softens a room; Adjustable levelers add stability on uneven floors; 300 lb. weight capacity for Cocktail and End Table ensures durability and reliable support for the end; The wood is hand-stained in a natural multi-step washed white finish with contrasting satin gold finished.,Mixed Media Occasional Round Cocktail Table by Steve Silver. Dimensions: 48 inW x 48 inD x 19 inH Features: Crafted of oak veneers; engineered woods with iron legs; Large 48 in Round Cocktail Table with sunburst oak veneer layup in a light; industrial look; Round shape softens a room; Adjustable levelers add stability on uneven floors; 300 lb. weight capacity for Cocktail and End Table ensures durability and reliable support for the end; The wood is hand-stained in a natural multi-step washed white finish with contrasting satin gold finished.,"• 48 inW x 48 inD x 19 inH
• Crafted of oak veneers
• engineered woods with iron legs
• Large 48 in Round Cocktail Table with sunburst oak veneer layup in a light
• industrial look
• Round shape softens a room",Mixed Media Occasional Round Cocktail Table; Steve Silver; Occasional; Mixed Media Occasional,Shop Mixed Media Occasional Round Cocktail Table by Steve Silver.,,Mixed Media Occasional Round Cocktail Table
SS-GRA100WE,Mixed Media Occasional Round End Table 23 X,310,,195,60,Y,N,Mixed Media Occasional Round End Table 23 X by Steve Silver. Features: Crafted of oak veneers; engineered woods with iron legs; Large 48 in Round Cocktail Table with sunburst oak veneer layup in a light; industrial look; Round shape softens a room; Adjustable levelers add stability on uneven floors; 300 lb. weight capacity for Cocktail and End Table ensures durability and reliable support for the end; The wood is hand-stained in a natural multi-step washed white finish with contrasting satin gold finished.,Mixed Media Occasional Round End Table 23 X by Steve Silver. Features: Crafted of oak veneers; engineered woods with iron legs; Large 48 in Round Cocktail Table with sunburst oak veneer layup in a light; industrial look; Round shape softens a room; Adjustable levelers add stability on uneven floors; 300 lb. weight capacity for Cocktail and End Table ensures durability and reliable support for the end; The wood is hand-stained in a natural multi-step washed white finish with contrasting satin gold finished.,"• Crafted of oak veneers
• engineered woods with iron legs
• Large 48 in Round Cocktail Table with sunburst oak veneer layup in a light
• industrial look
• Round shape softens a room
• Adjustable levelers add stability on uneven floors",Mixed Media Occasional Round End Table 23 X; Steve Silver; Occasional; Mixed Media Occasional,Shop Mixed Media Occasional Round End Table 23 X by Steve Silver.,,Mixed Media Occasional Round End Table 23 X
SS-HEL850KAC,Page Chair,430,,178,120,Y,N,Page Chair by Steve Silver. Dimensions: 27.5 inW x 31 inD x 31.5 inH,Page Chair by Steve Silver. Dimensions: 27.5 inW x 31 inD x 31.5 inH,• 27.5 inW x 31 inD x 31.5 inH,Page Chair; Steve Silver; Upholstery; Accents,Shop Page Chair by Steve Silver.,,Page Chair
SS-HEL850NAC,Page Chair,430,,178,120,Y,N,Page Chair by Steve Silver. Dimensions: 27.5 inW x 31 inD x 31.5 inH,Page Chair by Steve Silver. Dimensions: 27.5 inW x 31 inD x 31.5 inH,• 27.5 inW x 31 inD x 31.5 inH,Page Chair; Steve Silver; Upholstery; Accents,Shop Page Chair by Steve Silver.,,Page Chair
SS-HF7272T,Magnolia Dining Set Round w/ Chairs,1660,,215,350,Y,N,Magnolia Round Dining Table by Steve Silver. Dimensions: 72 inL x 72 inD x 30 inH Includes the dining table and matching chairs shown in the catalog image. Features: 72 in round leg table constructed of hardwood solids and oak veneers in espresso; Styling details include inx in shaped stretchers; unique double top design with fancy; Bonded leather parsons chair in choice of red or brown has solid wood legs and; Optional 40 in round; 12mm clear tempered glass lazy susan.,Magnolia Round Dining Table by Steve Silver. Dimensions: 72 inL x 72 inD x 30 inH Includes the dining table and matching chairs shown in the catalog image. Features: 72 in round leg table constructed of hardwood solids and oak veneers in espresso; Styling details include inx in shaped stretchers; unique double top design with fancy; Bonded leather parsons chair in choice of red or brown has solid wood legs and; Optional 40 in round; 12mm clear tempered glass lazy susan.,"• 72 inL x 72 inD x 30 inH Includes the dining table and matching chairs shown in the catalog image
• 72 in round leg table constructed of hardwood solids and oak veneers in espresso
• Styling details include inx in shaped stretchers
• unique double top design with fancy
• Bonded leather parsons chair in choice of red or brown has solid wood legs and
• Optional 40 in round",Magnolia Dining Set w/ Chairs; Steve Silver; Dining Set; Dining,Shop Magnolia Dining Set w/ Chairs by Steve Silver.,,Magnolia Dining Set w/ Chairs
SS-HM100C,Joplin Lift Top Cocktail Table,270,,195,110,Y,N,Joplin Lift Top Cocktail Table by Steve Silver. Dimensions: 50 inW x 27.5 inD x 18 inH Features: Classic cottage styling combined with the functionality of a Lift-Top Cocktail; Turned legs and planked tops with bottom shelf for storage or display; all in a; Cocktail Table and End Table in collection; Cathedral White finish.,Joplin Lift Top Cocktail Table by Steve Silver. Dimensions: 50 inW x 27.5 inD x 18 inH Features: Classic cottage styling combined with the functionality of a Lift-Top Cocktail; Turned legs and planked tops with bottom shelf for storage or display; all in a; Cocktail Table and End Table in collection; Cathedral White finish.,"• 50 inW x 27.5 inD x 18 inH
• Classic cottage styling combined with the functionality of a Lift-Top Cocktail
• Turned legs and planked tops with bottom shelf for storage or display
• Cocktail Table and End Table in collection
• Cathedral White finish",Joplin Lift Top Cocktail Table; Steve Silver; Occasional; Lift-Top Coffee Tables,Shop Joplin Lift Top Cocktail Table by Steve Silver.,,Joplin Lift Top Cocktail Table
SS-HM100E,Joplin End Table,190,,195,60,Y,N,Joplin End Table by Steve Silver. Dimensions: 22 inW x 24 inD x 24 inH Features: Classic cottage styling combined with the functionality of a Lift-Top Cocktail; Turned legs and planked tops with bottom shelf for storage or display; all in a; Cocktail Table and End Table in collection; Cathedral White finish.,Joplin End Table by Steve Silver. Dimensions: 22 inW x 24 inD x 24 inH Features: Classic cottage styling combined with the functionality of a Lift-Top Cocktail; Turned legs and planked tops with bottom shelf for storage or display; all in a; Cocktail Table and End Table in collection; Cathedral White finish.,"• 22 inW x 24 inD x 24 inH
• Classic cottage styling combined with the functionality of a Lift-Top Cocktail
• Turned legs and planked tops with bottom shelf for storage or display
• Cocktail Table and End Table in collection
• Cathedral White finish",Joplin End Table; Steve Silver; Occasional; Lift-Top Coffee Tables,Shop Joplin End Table by Steve Silver.,,Joplin End Table
SS-HM100S,Joplin Sofa Table,290,,195,250,Y,N,Joplin Sofa Table by Steve Silver. Dimensions: 50 inW x 17 inD x 30 inH Features: Classic cottage styling combined with the functionality of a Lift-Top Cocktail; Turned legs and planked tops with bottom shelf for storage or display; all in a; Cocktail Table and End Table in collection; Cathedral White finish.,Joplin Sofa Table by Steve Silver. Dimensions: 50 inW x 17 inD x 30 inH Features: Classic cottage styling combined with the functionality of a Lift-Top Cocktail; Turned legs and planked tops with bottom shelf for storage or display; all in a; Cocktail Table and End Table in collection; Cathedral White finish.,"• 50 inW x 17 inD x 30 inH
• Classic cottage styling combined with the functionality of a Lift-Top Cocktail
• Turned legs and planked tops with bottom shelf for storage or display
• Cocktail Table and End Table in collection
• Cathedral White finish",Joplin Sofa Table; Steve Silver; Occasional; Lift-Top Coffee Tables,Shop Joplin Sofa Table by Steve Silver.,,Joplin Sofa Table
SS-HP900CTDT,"Highland Park Chest, Waxed Driftwood",830,,142,180,,N,"<p>Vintage styling in a classically styled bedroom collection. Highland Park features a waxed driftwood finish complemented beautifully with a tufted fabric headboard. Storage pieces include chest, dresser, and nightstand to complete your bedroom.</p>","Vintage styling in a classically styled bedroom collection. Highland Park features a waxed driftwood finish complemented beautifully with a tufted fabric headboard. Storage pieces include chest, dresser, and nightstand to complete your bedroom.","<ul><li><strong>Material:</strong> Hardwood solids with acacia veneers and engineered wood</li><li><strong>Finish:</strong> Multi-step Waxed Driftwood</li><li><strong>Dimensions:</strong> 40W x 19D x 56H in.</li><li><strong>Storage:</strong> Five-drawer chest</li><li><strong>Special Features:</strong> Classic vintage styling, heavy molding, picture-frame drawer fronts, visible wood grain and knots, and pewter-tone hardware</li></ul>",Highland Park Chest; Steve Silver; Bedroom; HP900DRD / DRESSER,Shop Highland Park Chest by Steve Silver.,,Highland Park Chest
SS-HP900CTWT,"Highland Park Chest, Cathedral White",830,,142,180,,N,"<p>Get the finest in romantic, vintage styling with Highland Park by Steve Silver Company. This bedroom collection features a multi-step, distressed Cathedral White finish that evokes the feeling of time-worn antiques with all the amenities todayâ€™s designs offer. Refresh your bedroom with the nostalgia of Highland Park.</p>","Get the finest in romantic, vintage styling with Highland Park by Steve Silver Company. This bedroom collection features a multi-step, distressed Cathedral White finish that evokes the feeling of time-worn antiques with all the amenities todayâ€™s designs offer. Refresh your bedroom with the nostalgia of Highland Park.","<ul><li><strong>Material:</strong> Hardwood solids, veneers, and engineered wood</li><li><strong>Finish:</strong> Distressed Cathedral White</li><li><strong>Dimensions:</strong> 40W x 19D x 56H in.</li><li><strong>Storage:</strong> Five-drawer chest</li><li><strong>Special Features:</strong> Classic vintage styling, heavy molding, picture-frame drawer fronts, and pewter-tone hardware</li></ul>",Highland Park Chest; Steve Silver; Bedroom; HP900DRW / DRESSER,Shop Highland Park Chest by Steve Silver.,,Highland Park Chest
SS-HP900KFBD,"Highland Park King Bed, Waxed Driftwood",1140,,214,300,,,"Get the finest in romantic, vintage styling with Highland Park by Steve Silver Company. This bedroom collection features a multi-step, distressed waxed driftwood finish that evokes the feeling of time-worn antiques with all the amenities today designs offer (like USB chargers in the nightstand). Refresh your bedroom with the nostalgia of Highland Park.","Get the finest in romantic, vintage styling with Highland Park by Steve Silver Company. This bedroom collection features a multi-step, distressed waxed driftwood finish that evokes the feeling of time-worn antiques with all the amenities today designs offer (like USB chargers in the nightstand). Refresh your bedroom with the nostalgia of Highland Park.","Get the finest in romantic, vintage styling with Highland Park by Steve Silver Company. This bedroom collection features a multi-step, distressed waxed driftwood finish that evokes the feeling of time-worn antiques with all the amenities today designs offer (like USB chargers in the nightstand). Refresh your bedroom with the nostalgia of Highland Park.

Features:
â€¢ Constructed of hardwood solids and veneers
â€¢ Styling details include vintage finish, framed button-tufted headboard, framed door fronts and pewter finish hardware
â€¢ Storage pieces include dresser, chest, and vanity
â€¢ Multi-step waxed driftwood finish",Highland Park King Bed; Steve Silver,"Shop Highland Park King Bed, Waxed Driftwood at McCabe's Theater & Living. Get the finest in romantic, vintage styling with Highland Park by Steve Silver Company. This bedroom collection features a multi-step, distr.",Highland Park King Bed; Steve Silver,"Highland Park King Bed, Waxed Driftwood"
SS-HP900KFBW,"Highland Park King Bed, Cathedral White",1140,,214,300,,,"Get the finest in romantic, vintage styling with Highland Park by Steve Silver Company. This bedroom collection features a multi-step, distressed Cathedral White finish that evokes the feeling of time-worn antiques with all the amenities today designs offer (like USB chargers in the nightstand). Refresh your bedroom with the nostalgia of Highland Park.","Get the finest in romantic, vintage styling with Highland Park by Steve Silver Company. This bedroom collection features a multi-step, distressed Cathedral White finish that evokes the feeling of time-worn antiques with all the amenities today designs offer (like USB chargers in the nightstand). Refresh your bedroom with the nostalgia of Highland Park.","Get the finest in romantic, vintage styling with Highland Park by Steve Silver Company. This bedroom collection features a multi-step, distressed waxed driftwood finish that evokes the feeling of time-worn antiques with all the amenities today designs offer (like USB chargers in the nightstand). Refresh your bedroom with the nostalgia of Highland Park.

Features:
â€¢ Constructed of hardwood solids and veneers
â€¢ Styling details include vintage finish, framed button-tufted headboard, framed door fronts and pewter finish hardware
â€¢ Storage pieces include dresser, chest, and vanity",Highland Park King Bed; Steve Silver,"Shop Highland Park King Bed, Cathedral White at McCabe's Theater & Living. Get the finest in romantic, vintage styling with Highland Park by Steve Silver Company. This bedroom collection features a multi-step, distr.",Highland Park King Bed; Steve Silver,"Highland Park King Bed, Cathedral White"
SS-HP900MRD,"Highland Park Mirror, Waxed Driftwood",210,,213,55,,N,"<p>Vintage styling in a classically styled bedroom collection. Highland Park features a waxed driftwood finish complemented beautifully with a tufted fabric headboard. Storage pieces include chest, dresser, and nightstand to complete your bedroom.</p>","Vintage styling in a classically styled bedroom collection. Highland Park features a waxed driftwood finish complemented beautifully with a tufted fabric headboard. Storage pieces include chest, dresser, and nightstand to complete your bedroom.","<ul><li><strong>Material:</strong> Acacia veneers, Asian hardwood solids, and engineered wood</li><li><strong>Finish:</strong> Waxed Driftwood</li><li><strong>Dimensions:</strong> 48W x 2.9D x 41H in.</li><li><strong>Mounting:</strong> Includes mounting hardware for attachment to the matching dresser or wall</li><li><strong>Special Features:</strong> Beveled framed mirror; ships fully assembled</li></ul>",Highland Park Mirror; Steve Silver; Bedroom; HP900DRD / DRESSER,Shop Highland Park Mirror by Steve Silver.,,Highland Park Mirror
SS-HP900MRW,"Highland Park Mirror, Cathedral White",210,,213,55,,N,"<p>Get the finest in romantic, vintage styling with Highland Park by Steve Silver Company. This bedroom collection features a multi-step, distressed Cathedral White finish that evokes the feeling of time-worn antiques with all the amenities todayâ€™s designs offer. Refresh your bedroom with the nostalgia of Highland Park.</p>","Get the finest in romantic, vintage styling with Highland Park by Steve Silver Company. This bedroom collection features a multi-step, distressed Cathedral White finish that evokes the feeling of time-worn antiques with all the amenities todayâ€™s designs offer. Refresh your bedroom with the nostalgia of Highland Park.","<ul><li><strong>Material:</strong> Hardwood solids, veneers, and engineered wood</li><li><strong>Finish:</strong> Distressed Cathedral White</li><li><strong>Dimensions:</strong> 48W x 2.9D x 41H in.</li><li><strong>Mounting:</strong> Includes mounting hardware for attachment to the matching dresser or wall</li><li><strong>Special Features:</strong> Beveled framed mirror; ships fully assembled</li></ul>",Highland Park Mirror; Steve Silver; Bedroom; HP900DRW / DRESSER,Shop Highland Park Mirror by Steve Silver.,,Highland Park Mirror
SS-HP900NSD,"Highland Park Nightstand, Waxed Driftwood",410,,210,85,,N,"<p>Vintage styling in a classically styled bedroom collection. Highland Park features a waxed driftwood finish complemented beautifully with a tufted fabric headboard. Storage pieces include chest, dresser, and nightstand to complete your bedroom.</p>","Vintage styling in a classically styled bedroom collection. Highland Park features a waxed driftwood finish complemented beautifully with a tufted fabric headboard. Storage pieces include chest, dresser, and nightstand to complete your bedroom.","<ul><li><strong>Material:</strong> Acacia hardwoods, acacia veneers, and engineered wood</li><li><strong>Finish:</strong> Hand-stained multi-step Waxed Driftwood</li><li><strong>Dimensions:</strong> 28W x 17D x 39H in.</li><li><strong>Storage:</strong> Two full-size drawers plus one half-size drawer with metal side glides</li><li><strong>Special Features:</strong> Built-in charging station with two USB ports and electrical outlets; substantial wraparound molding and nickel/pewter-tone hardware</li></ul>",Highland Park Nightstand; Steve Silver; Bedroom; HP900DRD / DRESSER,Shop Highland Park Nightstand by Steve Silver.,,Highland Park Nightstand
SS-HP900NSW,"Highland Park Nightstand, Cathedral White",410,,210,85,,N,"<p>Get the finest in romantic, vintage styling with Highland Park by Steve Silver Company. This bedroom collection features a multi-step, distressed Cathedral White finish that evokes the feeling of time-worn antiques with all the amenities todayâ€™s designs offer. Refresh your bedroom with the nostalgia of Highland Park.</p>","Get the finest in romantic, vintage styling with Highland Park by Steve Silver Company. This bedroom collection features a multi-step, distressed Cathedral White finish that evokes the feeling of time-worn antiques with all the amenities todayâ€™s designs offer. Refresh your bedroom with the nostalgia of Highland Park.","<ul><li><strong>Material:</strong> Hardwood solids, veneers, and engineered wood</li><li><strong>Finish:</strong> Distressed Cathedral White</li><li><strong>Dimensions:</strong> 28W x 17D x 29.5H in.</li><li><strong>Storage:</strong> Bedside drawer storage with metal side glides</li><li><strong>Special Features:</strong> Built-in charging station with two USB ports and electrical outlets; vintage-inspired molding and pewter-tone hardware</li></ul>",Highland Park Nightstand; Steve Silver; Bedroom; HP900DRW / DRESSER,Shop Highland Park Nightstand by Steve Silver.,,Highland Park Nightstand
SS-HP900QFBD,"Highland Park Queen Bed, Waxed Driftwood",940,,214,300,,,"Get the finest in romantic, vintage styling with Highland Park by Steve Silver Company. This bedroom collection features a multi-step, distressed waxed driftwood finish that evokes the feeling of time-worn antiques with all the amenities today designs offer (like USB chargers in the nightstand). Refresh your bedroom with the nostalgia of Highland Park.","Get the finest in romantic, vintage styling with Highland Park by Steve Silver Company. This bedroom collection features a multi-step, distressed waxed driftwood finish that evokes the feeling of time-worn antiques with all the amenities today designs offer (like USB chargers in the nightstand). Refresh your bedroom with the nostalgia of Highland Park.","Get the finest in romantic, vintage styling with Highland Park by Steve Silver Company. This bedroom collection features a multi-step, distressed waxed driftwood finish that evokes the feeling of time-worn antiques with all the amenities today designs offer (like USB chargers in the nightstand). Refresh your bedroom with the nostalgia of Highland Park.

Features:
â€¢ Constructed of hardwood solids and veneers
â€¢ Styling details include vintage finish, framed button-tufted headboard, framed door fronts and pewter finish hardware
â€¢ Storage pieces include dresser, chest, and vanity
â€¢ Multi-step waxed driftwood finish",Highland Park Queen Bed; Steve Silver,"Shop Highland Park Queen Bed, Waxed Driftwood at McCabe's Theater & Living. Get the finest in romantic, vintage styling with Highland Park by Steve Silver Company. This bedroom collection features a multi-step, distr.",Highland Park Queen Bed; Steve Silver,"Highland Park Queen Bed, Waxed Driftwood"
SS-HP900QFBW,"Highland Park Queen Bed, Cathedral White",940,,214,300,,,"Get the finest in romantic, vintage styling with Highland Park by Steve Silver Company. This bedroom collection features a multi-step, distressed Cathedral White finish that evokes the feeling of time-worn antiques with all the amenities today designs offer (like USB chargers in the nightstand). Refresh your bedroom with the nostalgia of Highland Park.","Get the finest in romantic, vintage styling with Highland Park by Steve Silver Company. This bedroom collection features a multi-step, distressed Cathedral White finish that evokes the feeling of time-worn antiques with all the amenities today designs offer (like USB chargers in the nightstand). Refresh your bedroom with the nostalgia of Highland Park.","Get the finest in romantic, vintage styling with Highland Park by Steve Silver Company. This bedroom collection features a multi-step, distressed waxed driftwood finish that evokes the feeling of time-worn antiques with all the amenities today designs offer (like USB chargers in the nightstand). Refresh your bedroom with the nostalgia of Highland Park.

Features:
â€¢ Constructed of hardwood solids and veneers
â€¢ Styling details include vintage finish, framed button-tufted headboard, framed door fronts and pewter finish hardware
â€¢ Storage pieces include dresser, chest, and vanity",Highland Park Queen Bed; Steve Silver,"Shop Highland Park Queen Bed, Cathedral White at McCabe's Theater & Living. Get the finest in romantic, vintage styling with Highland Park by Steve Silver Company. This bedroom collection features a multi-step, distr.",Highland Park Queen Bed; Steve Silver,"Highland Park Queen Bed, Cathedral White"
SS-HY500PT,Joanna Counter Dining Set Counter Height w/ Chairs,1910,,215,385,Y,N,Joanna Counter Table w/ Leaf by Steve Silver. Dimensions: 60-80 inL x 42 inW x 36 inH Includes the dining table and matching chairs shown in the catalog image. Features: Dining set constructed of hardwood solids and veneers; Styling details include modern farmhouse design; stretchers for strength and; Server offers additional space for storage and serving option with removable wine; Two-tone grey.,Joanna Counter Table w/ Leaf by Steve Silver. Dimensions: 60-80 inL x 42 inW x 36 inH Includes the dining table and matching chairs shown in the catalog image. Features: Dining set constructed of hardwood solids and veneers; Styling details include modern farmhouse design; stretchers for strength and; Server offers additional space for storage and serving option with removable wine; Two-tone grey.,"• 60-80 inL x 42 inW x 36 inH Includes the dining table and matching chairs shown in the catalog image
• Dining set constructed of hardwood solids and veneers
• Styling details include modern farmhouse design
• stretchers for strength and
• Server offers additional space for storage and serving option with removable wine
• Two-tone grey",Joanna Counter Dining Set w/ Chairs; Steve Silver; Dining Set; Dining,Shop Joanna Counter Dining Set w/ Chairs by Steve Silver.,,Joanna Counter Dining Set w/ Chairs
SS-HY500PTB,Hyland Counter Dining Set Counter Height w/ Chairs,100,,215,505,Y,N,Hyland Counter Table w/ Leaf by Steve Silver. Dimensions: 60-80 inL x 42 inD x 36 inH Includes the dining table and matching chairs shown in the catalog image. Features: Dining set constructed of hardwood solids and veneers; Styling details include modern farmhouse design; stretchers for strength and; Server offers additional space for storage and serving option with removable wine; Two-tone white and brown.,Hyland Counter Table w/ Leaf by Steve Silver. Dimensions: 60-80 inL x 42 inD x 36 inH Includes the dining table and matching chairs shown in the catalog image. Features: Dining set constructed of hardwood solids and veneers; Styling details include modern farmhouse design; stretchers for strength and; Server offers additional space for storage and serving option with removable wine; Two-tone white and brown.,"• 60-80 inL x 42 inD x 36 inH Includes the dining table and matching chairs shown in the catalog image
• Dining set constructed of hardwood solids and veneers
• Styling details include modern farmhouse design
• stretchers for strength and
• Server offers additional space for storage and serving option with removable wine
• Two-tone white and brown",Hyland Counter Dining Set w/ Chairs; Steve Silver; Dining Set; Dining,Shop Hyland Counter Dining Set w/ Chairs by Steve Silver.,,Hyland Counter Dining Set w/ Chairs
SS-HY500SV,Joanna Server,260,,217,230,Y,N,Joanna Server by Steve Silver. Dimensions: 52 inW x 18 inD x 42 inH Features: Dining set constructed of hardwood solids and veneers; Styling details include modern farmhouse design; stretchers for strength and; Server offers additional space for storage and serving option with removable wine; Two-tone grey.,Joanna Server by Steve Silver. Dimensions: 52 inW x 18 inD x 42 inH Features: Dining set constructed of hardwood solids and veneers; Styling details include modern farmhouse design; stretchers for strength and; Server offers additional space for storage and serving option with removable wine; Two-tone grey.,"• 52 inW x 18 inD x 42 inH
• Dining set constructed of hardwood solids and veneers
• Styling details include modern farmhouse design
• stretchers for strength and
• Server offers additional space for storage and serving option with removable wine
• Two-tone grey",Joanna Server; Steve Silver; Dining; Casual Dining,Shop Joanna Server by Steve Silver.,,Joanna Server
SS-HY500SVB,Hyland Server,100,,217,230,Y,N,Hyland Server by Steve Silver. Dimensions: 52 inW x 18 inD x 42 inH Features: Dining set constructed of hardwood solids and veneers; Styling details include modern farmhouse design; stretchers for strength and; Server offers additional space for storage and serving option with removable wine; Two-tone white and brown.,Hyland Server by Steve Silver. Dimensions: 52 inW x 18 inD x 42 inH Features: Dining set constructed of hardwood solids and veneers; Styling details include modern farmhouse design; stretchers for strength and; Server offers additional space for storage and serving option with removable wine; Two-tone white and brown.,"• 52 inW x 18 inD x 42 inH
• Dining set constructed of hardwood solids and veneers
• Styling details include modern farmhouse design
• stretchers for strength and
• Server offers additional space for storage and serving option with removable wine
• Two-tone white and brown",Hyland Server; Steve Silver; Dining; Casual Dining,Shop Hyland Server by Steve Silver.,,Hyland Server
SS-IM3500T,Table Set Glass Set Includes 1 Cocktail And 2 End Table Tops,600,,195,130,Y,N,Table Set Glass Set Includes 1 Cocktail And 2 End Table Tops by Steve Silver. Dimensions: Cocktail Table Glass Top 36 inW x 36 inD Features: Constructed of ash veneers; hardwood solids and 8mm tempered; beveled; Modern interpretation of cocktail and end table with triangular tops and bent.,Table Set Glass Set Includes 1 Cocktail And 2 End Table Tops by Steve Silver. Dimensions: Cocktail Table Glass Top 36 inW x 36 inD Features: Constructed of ash veneers; hardwood solids and 8mm tempered; beveled; Modern interpretation of cocktail and end table with triangular tops and bent.,"• Cocktail Table Glass Top 36 inW x 36 inD
• Constructed of ash veneers
• hardwood solids and 8mm tempered
• Modern interpretation of cocktail and end table with triangular tops and bent",Table Set Glass Set Includes 1 Cocktail And 2 End Table Tops; Steve Silver; Occasional; 3-Pack Occasional,Shop Table Set Glass Set Includes 1 Cocktail And 2 End Table Tops by Steve Silver.,,Table Set Glass Set Includes 1 Cocktail And 2 End Table Tops
SS-JA150C,Casual Occasional Table w/ Casters,520,,195,110,Y,N,Casual Occasional Coffee Table w/ Casters by Steve Silver. Dimensions: 48 inW x 29 inD x 19 inH Features: Classic farmhouse styling constructed of acacia veneers and hardwood solids; Styling details include turned legs; half-cup pewter hardware and picture frame apron and drawers; The Coffee Table has four independent casters; enabling effortless mobility for convenient rearrangement; Coffee Table features bottom shelf for storage or display and casters for easy mobility for cleaning and for; End Table features a drawer for storage and bottom shelf for storage or display; Two-tone ivory and mocha finish.,Casual Occasional Coffee Table w/ Casters by Steve Silver. Dimensions: 48 inW x 29 inD x 19 inH Features: Classic farmhouse styling constructed of acacia veneers and hardwood solids; Styling details include turned legs; half-cup pewter hardware and picture frame apron and drawers; The Coffee Table has four independent casters; enabling effortless mobility for convenient rearrangement; Coffee Table features bottom shelf for storage or display and casters for easy mobility for cleaning and for; End Table features a drawer for storage and bottom shelf for storage or display; Two-tone ivory and mocha finish.,"• 48 inW x 29 inD x 19 inH
• Classic farmhouse styling constructed of acacia veneers and hardwood solids
• Styling details include turned legs
• half-cup pewter hardware and picture frame apron and drawers
• The Coffee Table has four independent casters
• enabling effortless mobility for convenient rearrangement",Casual Occasional Coffee Table w/ Casters; Steve Silver; Occasional; Casual Occasional,Shop Casual Occasional Table w/ Casters by Steve Silver.,,Casual Occasional Table w/ Casters
SS-JA150E,Casual Occasional End Table,310,,195,60,Y,N,Casual Occasional End Table by Steve Silver. Dimensions: 22 inW x 22 inD x 23 inH Features: Classic farmhouse styling constructed of acacia veneers and hardwood solids; Styling details include turned legs; half-cup pewter hardware and picture frame apron and drawers; The Coffee Table has four independent casters; enabling effortless mobility for convenient rearrangement; Coffee Table features bottom shelf for storage or display and casters for easy mobility for cleaning and for; End Table features a drawer for storage and bottom shelf for storage or display; Two-tone ivory and mocha finish.,Casual Occasional End Table by Steve Silver. Dimensions: 22 inW x 22 inD x 23 inH Features: Classic farmhouse styling constructed of acacia veneers and hardwood solids; Styling details include turned legs; half-cup pewter hardware and picture frame apron and drawers; The Coffee Table has four independent casters; enabling effortless mobility for convenient rearrangement; Coffee Table features bottom shelf for storage or display and casters for easy mobility for cleaning and for; End Table features a drawer for storage and bottom shelf for storage or display; Two-tone ivory and mocha finish.,"• 22 inW x 22 inD x 23 inH
• Classic farmhouse styling constructed of acacia veneers and hardwood solids
• Styling details include turned legs
• half-cup pewter hardware and picture frame apron and drawers
• The Coffee Table has four independent casters
• enabling effortless mobility for convenient rearrangement",Casual Occasional End Table; Steve Silver; Occasional; Casual Occasional,Shop Casual Occasional End Table by Steve Silver.,,Casual Occasional End Table
SS-JA300T,Kids Dining Set Standard w/ Chairs,1660,,215,350,Y,N,Kids Dining Table by Steve Silver. Dimensions: 42 inL x 30 inD x 23 inH Includes the dining table and matching chairs shown in the catalog image. Features: Crafted from Asian; Acacia; and Mango hardwood solids; Acacia veneers; and engineered woods-just like; Styled just like the full-size Joanna Dining Set for a cohesive; charming look in any kid-friendly space; Built to Withstand Play - Kiln-dried wood construction; solid wood legs; and mortise-and-tenon joinery with; Comfort and Easy Care - Scooped wooden seats offer comfort for meals or crafts; while the two-tone ivory; Plastic floor glides protect floors from scuffs during energetic play; with a kid-sized table that seats up to six.,Kids Dining Table by Steve Silver. Dimensions: 42 inL x 30 inD x 23 inH Includes the dining table and matching chairs shown in the catalog image. Features: Crafted from Asian; Acacia; and Mango hardwood solids; Acacia veneers; and engineered woods-just like; Styled just like the full-size Joanna Dining Set for a cohesive; charming look in any kid-friendly space; Built to Withstand Play - Kiln-dried wood construction; solid wood legs; and mortise-and-tenon joinery with; Comfort and Easy Care - Scooped wooden seats offer comfort for meals or crafts; while the two-tone ivory; Plastic floor glides protect floors from scuffs during energetic play; with a kid-sized table that seats up to six.,"• 42 inL x 30 inD x 23 inH Includes the dining table and matching chairs shown in the catalog image
• Crafted from Asian
• and Mango hardwood solids
• Acacia veneers
• and engineered woods-just like
• Styled just like the full-size Joanna Dining Set for a cohesive",Kids Dining Set w/ Chairs; Steve Silver; Dining Set; Dining,Shop Kids Dining Set w/ Chairs by Steve Silver.,,Kids Dining Set w/ Chairs
SS-JA500C,Joanna Dropleaf Counter Kitchen Cart w/ Casters,430,,193,145,Y,N,Joanna Dropleaf Counter Kitchen Cart w/ Casters by Steve Silver. Dimensions: 50 inW x 28 inD x 36 inH Features: Classic farmhouse styling constructed of acacia veneers and hardwood solids; Styling details include turned legs; half-cup pewter hardware and picture frame apron; Table converts from rectangle to 54 in square with a 16 in leaf and features a working drawer; Kitchen cart has hooks for hanging organization; bottom shelf for storage and push bar and; Two-tone ivory and mocha finish.,Joanna Dropleaf Counter Kitchen Cart w/ Casters by Steve Silver. Dimensions: 50 inW x 28 inD x 36 inH Features: Classic farmhouse styling constructed of acacia veneers and hardwood solids; Styling details include turned legs; half-cup pewter hardware and picture frame apron; Table converts from rectangle to 54 in square with a 16 in leaf and features a working drawer; Kitchen cart has hooks for hanging organization; bottom shelf for storage and push bar and; Two-tone ivory and mocha finish.,"• 50 inW x 28 inD x 36 inH
• Classic farmhouse styling constructed of acacia veneers and hardwood solids
• Styling details include turned legs
• half-cup pewter hardware and picture frame apron
• Table converts from rectangle to 54 in square with a 16 in leaf and features a working drawer
• Kitchen cart has hooks for hanging organization",Joanna Dropleaf Counter Kitchen Cart w/ Casters; Steve Silver; Dining; Casual Dining,Shop Joanna Dropleaf Counter Kitchen Cart w/ Casters by Steve Silver.,,Joanna Dropleaf Counter Kitchen Cart w/ Casters
SS-JA500SV,Joanna Server,260,,217,230,Y,N,Joanna Server by Steve Silver. Dimensions: 60 inW x 19 inD x 36 inH Features: Classic farmhouse styling constructed of acacia veneers and hardwood solids; Styling details include turned legs; half-cup pewter hardware and picture frame; Table extends to 80 in with 16 in leaf and features a working drawer; Schoolhouse chair has wood seat and modified wallsaver back leg; Server has sliding doors; wine rack and bottle storage; 50 in bench features lift-top for hidden storage; Two-tone ivory and mocha finish.,Joanna Server by Steve Silver. Dimensions: 60 inW x 19 inD x 36 inH Features: Classic farmhouse styling constructed of acacia veneers and hardwood solids; Styling details include turned legs; half-cup pewter hardware and picture frame; Table extends to 80 in with 16 in leaf and features a working drawer; Schoolhouse chair has wood seat and modified wallsaver back leg; Server has sliding doors; wine rack and bottle storage; 50 in bench features lift-top for hidden storage; Two-tone ivory and mocha finish.,"• 60 inW x 19 inD x 36 inH
• Classic farmhouse styling constructed of acacia veneers and hardwood solids
• Styling details include turned legs
• half-cup pewter hardware and picture frame
• Table extends to 80 in with 16 in leaf and features a working drawer
• Schoolhouse chair has wood seat and modified wallsaver back leg",Joanna Server; Steve Silver; Dining; Casual Dining,Shop Joanna Server by Steve Silver.,,Joanna Server
SS-JA500T,Joanna Dining Set w/ Chairs,260,,215,365,Y,N,Joanna Dining Table w/ Leaf by Steve Silver. Dimensions: 64-80 inL x 40 inW Includes the dining table and matching chairs shown in the catalog image. Features: Classic farmhouse styling constructed of acacia veneers and hardwood solids; Styling details include turned legs; half-cup pewter hardware and picture frame; Table extends to 80 in with 16 in leaf and features a working drawer; Schoolhouse chair has wood seat and modified wallsaver back leg; Server has sliding doors; wine rack and bottle storage; 50 in bench features lift-top for hidden storage; Two-tone ivory and mocha finish.,Joanna Dining Table w/ Leaf by Steve Silver. Dimensions: 64-80 inL x 40 inW Includes the dining table and matching chairs shown in the catalog image. Features: Classic farmhouse styling constructed of acacia veneers and hardwood solids; Styling details include turned legs; half-cup pewter hardware and picture frame; Table extends to 80 in with 16 in leaf and features a working drawer; Schoolhouse chair has wood seat and modified wallsaver back leg; Server has sliding doors; wine rack and bottle storage; 50 in bench features lift-top for hidden storage; Two-tone ivory and mocha finish.,"• 64-80 inL x 40 inW Includes the dining table and matching chairs shown in the catalog image
• Classic farmhouse styling constructed of acacia veneers and hardwood solids
• Styling details include turned legs
• half-cup pewter hardware and picture frame
• Table extends to 80 in with 16 in leaf and features a working drawer
• Schoolhouse chair has wood seat and modified wallsaver back leg",Joanna Dining Set w/ Chairs; Steve Silver; Dining Set; Dining,Shop Joanna Dining Set w/ Chairs by Steve Silver.,,Joanna Dining Set w/ Chairs
SS-JA5454PTN,Joanna Counter Dining Set Counter Height w/ Chairs,1660,,215,335,Y,N,Joanna Dropleaf Counter Table w/ Leaf by Steve Silver. Dimensions: 36-54 inL x 54 inD Includes the dining table and matching chairs shown in the catalog image. Features: Classic farmhouse styling constructed of acacia veneers and hardwood solids; Styling details include turned legs; half-cup pewter hardware and picture frame apron; Table converts from rectangle to 54 in square with a 16 in leaf and features a working drawer; Kitchen cart has hooks for hanging organization; bottom shelf for storage and push bar and; Two-tone ivory and mocha finish.,Joanna Dropleaf Counter Table w/ Leaf by Steve Silver. Dimensions: 36-54 inL x 54 inD Includes the dining table and matching chairs shown in the catalog image. Features: Classic farmhouse styling constructed of acacia veneers and hardwood solids; Styling details include turned legs; half-cup pewter hardware and picture frame apron; Table converts from rectangle to 54 in square with a 16 in leaf and features a working drawer; Kitchen cart has hooks for hanging organization; bottom shelf for storage and push bar and; Two-tone ivory and mocha finish.,"• 36-54 inL x 54 inD Includes the dining table and matching chairs shown in the catalog image
• Classic farmhouse styling constructed of acacia veneers and hardwood solids
• Styling details include turned legs
• half-cup pewter hardware and picture frame apron
• Table converts from rectangle to 54 in square with a 16 in leaf and features a working drawer
• Kitchen cart has hooks for hanging organization",Joanna Counter Dining Set w/ Chairs; Steve Silver; Dining Set; Dining,Shop Joanna Counter Dining Set w/ Chairs by Steve Silver.,,Joanna Counter Dining Set w/ Chairs
SS-JE400C,Mixed Media Occasional Cocktail Table,520,,195,110,Y,N,Mixed Media Occasional Cocktail Table by Steve Silver. Dimensions: 48 inW x 26 inD x 18 inH Features: Constructed of pine veneers; engineered hardwoods and iron base in an antiqued; Styling details include simulated plank top; riveted iron sides and industrial-styled.,Mixed Media Occasional Cocktail Table by Steve Silver. Dimensions: 48 inW x 26 inD x 18 inH Features: Constructed of pine veneers; engineered hardwoods and iron base in an antiqued; Styling details include simulated plank top; riveted iron sides and industrial-styled.,"• 48 inW x 26 inD x 18 inH
• Constructed of pine veneers
• engineered hardwoods and iron base in an antiqued
• Styling details include simulated plank top
• riveted iron sides and industrial-styled",Mixed Media Occasional Cocktail Table; Steve Silver; Occasional; Mixed Media Occasional,Shop Mixed Media Occasional Cocktail Table by Steve Silver.,,Mixed Media Occasional Cocktail Table
SS-JE400E,Mixed Media Occasional End Table,310,,195,60,Y,N,Mixed Media Occasional End Table by Steve Silver. Dimensions: 23 inW x 23 inD x 24 inH Features: Constructed of pine veneers; engineered hardwoods and iron base in an antiqued; Styling details include simulated plank top; riveted iron sides and industrial-styled.,Mixed Media Occasional End Table by Steve Silver. Dimensions: 23 inW x 23 inD x 24 inH Features: Constructed of pine veneers; engineered hardwoods and iron base in an antiqued; Styling details include simulated plank top; riveted iron sides and industrial-styled.,"• 23 inW x 23 inD x 24 inH
• Constructed of pine veneers
• engineered hardwoods and iron base in an antiqued
• Styling details include simulated plank top
• riveted iron sides and industrial-styled",Mixed Media Occasional End Table; Steve Silver; Occasional; Mixed Media Occasional,Shop Mixed Media Occasional End Table by Steve Silver.,,Mixed Media Occasional End Table
SS-JE400EC,Chairside End Table,120,,195,60,Y,N,Chairside End Table by Steve Silver. Dimensions: 24 inW x 13 inD x 24 inH Features: Constructed of pine veneers; engineered hardwoods and iron base in an antiqued; Styling details include simulated plank top; riveted iron sides and industrial-styled.,Chairside End Table by Steve Silver. Dimensions: 24 inW x 13 inD x 24 inH Features: Constructed of pine veneers; engineered hardwoods and iron base in an antiqued; Styling details include simulated plank top; riveted iron sides and industrial-styled.,"• 24 inW x 13 inD x 24 inH
• Constructed of pine veneers
• engineered hardwoods and iron base in an antiqued
• Styling details include simulated plank top
• riveted iron sides and industrial-styled",Chairside End Table; Steve Silver; Occasional; Mixed Media Occasional,Shop Chairside End Table by Steve Silver.,,Chairside End Table
SS-JE400S,Mixed Media Occasional Sofa Table,1470,,195,250,Y,N,Mixed Media Occasional Sofa Table by Steve Silver. Dimensions: 48 inW x 18 inD x 30 inH Features: Constructed of pine veneers; engineered hardwoods and iron base in an antiqued; Styling details include simulated plank top; riveted iron sides and industrial-styled.,Mixed Media Occasional Sofa Table by Steve Silver. Dimensions: 48 inW x 18 inD x 30 inH Features: Constructed of pine veneers; engineered hardwoods and iron base in an antiqued; Styling details include simulated plank top; riveted iron sides and industrial-styled.,"• 48 inW x 18 inD x 30 inH
• Constructed of pine veneers
• engineered hardwoods and iron base in an antiqued
• Styling details include simulated plank top
• riveted iron sides and industrial-styled",Mixed Media Occasional Sofa Table; Steve Silver; Occasional; Mixed Media Occasional,Shop Mixed Media Occasional Sofa Table by Steve Silver.,,Mixed Media Occasional Sofa Table
SS-JL200CN,Modern Occasional Cocktail Table,520,,195,110,Y,N,Modern Occasional Cocktail Table by Steve Silver. Dimensions: 48 inW x 28 inD x 18 inH Features: Collection features a decorative base and thick double edge tops constructed of; Espresso cherry finish.,Modern Occasional Cocktail Table by Steve Silver. Dimensions: 48 inW x 28 inD x 18 inH Features: Collection features a decorative base and thick double edge tops constructed of; Espresso cherry finish.,"• 48 inW x 28 inD x 18 inH
• Collection features a decorative base and thick double edge tops constructed of
• Espresso cherry finish",Modern Occasional Cocktail Table; Steve Silver; Occasional; Modern Occasional,Shop Modern Occasional Cocktail Table by Steve Silver.,,Modern Occasional Cocktail Table
SS-JL200EN,Modern Occasional End Table,310,,195,60,Y,N,Modern Occasional End Table by Steve Silver. Dimensions: 24 inW x 24 inD x 24 inH Features: Collection features a decorative base and thick double edge tops constructed of; Espresso cherry finish.,Modern Occasional End Table by Steve Silver. Dimensions: 24 inW x 24 inD x 24 inH Features: Collection features a decorative base and thick double edge tops constructed of; Espresso cherry finish.,"• 24 inW x 24 inD x 24 inH
• Collection features a decorative base and thick double edge tops constructed of
• Espresso cherry finish",Modern Occasional End Table; Steve Silver; Occasional; Modern Occasional,Shop Modern Occasional End Table by Steve Silver.,,Modern Occasional End Table
SS-JL200SN,Modern Occasional Sofa Table,1470,,195,250,Y,N,Modern Occasional Sofa Table by Steve Silver. Dimensions: 48 inW x 18 inD x 30 inH Features: Collection features a decorative base and thick double edge tops constructed of; Espresso cherry finish.,Modern Occasional Sofa Table by Steve Silver. Dimensions: 48 inW x 18 inD x 30 inH Features: Collection features a decorative base and thick double edge tops constructed of; Espresso cherry finish.,"• 48 inW x 18 inD x 30 inH
• Collection features a decorative base and thick double edge tops constructed of
• Espresso cherry finish",Modern Occasional Sofa Table; Steve Silver; Occasional; Modern Occasional,Shop Modern Occasional Sofa Table by Steve Silver.,,Modern Occasional Sofa Table
SS-JN200B,Casual Occasional Bar,1380,,195,250,Y,N,Casual Occasional Bar by Steve Silver. Dimensions: 60 inW x 18 inD x 36 inH Features: Constructed of solid pine legs and tops; Styling details include live edge on all pieces; A versatile group that works well in any modern or transitional decor; Cherry tops with ebony finished base.,Casual Occasional Bar by Steve Silver. Dimensions: 60 inW x 18 inD x 36 inH Features: Constructed of solid pine legs and tops; Styling details include live edge on all pieces; A versatile group that works well in any modern or transitional decor; Cherry tops with ebony finished base.,"• 60 inW x 18 inD x 36 inH
• Constructed of solid pine legs and tops
• Styling details include live edge on all pieces
• A versatile group that works well in any modern or transitional decor
• Cherry tops with ebony finished base",Casual Occasional Bar; Steve Silver; Occasional; Casual Occasional,Shop Casual Occasional Bar by Steve Silver.,,Casual Occasional Bar
SS-JN200C,Casual Occasional Cocktail Table,520,,195,110,Y,N,Casual Occasional Cocktail Table by Steve Silver. Dimensions: 48 inW x 26 inD x 18 inH Features: Constructed of solid pine legs and tops; Styling details include live edge on all pieces; A versatile group that works well in any modern or transitional decor; Cherry tops with ebony finished base.,Casual Occasional Cocktail Table by Steve Silver. Dimensions: 48 inW x 26 inD x 18 inH Features: Constructed of solid pine legs and tops; Styling details include live edge on all pieces; A versatile group that works well in any modern or transitional decor; Cherry tops with ebony finished base.,"• 48 inW x 26 inD x 18 inH
• Constructed of solid pine legs and tops
• Styling details include live edge on all pieces
• A versatile group that works well in any modern or transitional decor
• Cherry tops with ebony finished base",Casual Occasional Cocktail Table; Steve Silver; Occasional; Casual Occasional,Shop Casual Occasional Cocktail Table by Steve Silver.,,Casual Occasional Cocktail Table
SS-JN200E,Casual Occasional End Table,310,,195,60,Y,N,Casual Occasional End Table by Steve Silver. Dimensions: 22 inW x 22 inD x 24.25 inH Features: Constructed of solid pine legs and tops; Styling details include live edge on all pieces; A versatile group that works well in any modern or transitional decor; Cherry tops with ebony finished base.,Casual Occasional End Table by Steve Silver. Dimensions: 22 inW x 22 inD x 24.25 inH Features: Constructed of solid pine legs and tops; Styling details include live edge on all pieces; A versatile group that works well in any modern or transitional decor; Cherry tops with ebony finished base.,"• 22 inW x 22 inD x 24.25 inH
• Constructed of solid pine legs and tops
• Styling details include live edge on all pieces
• A versatile group that works well in any modern or transitional decor
• Cherry tops with ebony finished base",Casual Occasional End Table; Steve Silver; Occasional; Casual Occasional,Shop Casual Occasional End Table by Steve Silver.,,Casual Occasional End Table
SS-JN200ST,Casual Occasional Counter Stool,260,,195,50,Y,N,Casual Occasional Counter Stool by Steve Silver. Dimensions: 18 inW x 14 inD x 25.5 inH Features: Constructed of solid pine legs and tops; Styling details include live edge on all pieces; A versatile group that works well in any modern or transitional decor; Cherry tops with ebony finished base.,Casual Occasional Counter Stool by Steve Silver. Dimensions: 18 inW x 14 inD x 25.5 inH Features: Constructed of solid pine legs and tops; Styling details include live edge on all pieces; A versatile group that works well in any modern or transitional decor; Cherry tops with ebony finished base.,"• 18 inW x 14 inD x 25.5 inH
• Constructed of solid pine legs and tops
• Styling details include live edge on all pieces
• A versatile group that works well in any modern or transitional decor
• Cherry tops with ebony finished base",Casual Occasional Counter Stool; Steve Silver; Occasional; Casual Occasional,Shop Casual Occasional Counter Stool by Steve Silver.,,Casual Occasional Counter Stool
SS-JOP100NC,Lenka Lift Top Table,410,,195,110,Y,N,Lenka Lift Top Coffee Table by Steve Silver. Dimensions: 48 inW x 28 inD x 19Â¾ inH Features: Crafted of walnut veneers; solid Asian hardwoods and engineered woods; Styling details include the signature Joplin concave ends and two-tone finish with stunning; Lift-top cocktail features a bottom shelf for stability; storage; display and sturdines; The Coffee Table has four independent casters; enabling effortless mobility for convenient; The wood is hand-stained in a natural multi-step mocha oak finish to highlight the natural.,Lenka Lift Top Coffee Table by Steve Silver. Dimensions: 48 inW x 28 inD x 19Â¾ inH Features: Crafted of walnut veneers; solid Asian hardwoods and engineered woods; Styling details include the signature Joplin concave ends and two-tone finish with stunning; Lift-top cocktail features a bottom shelf for stability; storage; display and sturdines; The Coffee Table has four independent casters; enabling effortless mobility for convenient; The wood is hand-stained in a natural multi-step mocha oak finish to highlight the natural.,"• 48 inW x 28 inD x 19Â¾ inH
• Crafted of walnut veneers
• solid Asian hardwoods and engineered woods
• Styling details include the signature Joplin concave ends and two-tone finish with stunning
• Lift-top cocktail features a bottom shelf for stability
• display and sturdines",Lenka Lift Top Coffee Table; Steve Silver; Occasional; Lift-Top Coffee Tables,Shop Lenka Lift Top Table by Steve Silver.,,Lenka Lift Top Table
SS-JOP100NE,Lenka End Table,410,,195,60,Y,N,Lenka End Table by Steve Silver. Dimensions: 22 inW x 22 inD x 24 inH Features: Crafted of walnut veneers; solid Asian hardwoods and engineered woods; Styling details include the signature Joplin concave ends and two-tone finish with stunning; Lift-top cocktail features a bottom shelf for stability; storage; display and sturdines; The Coffee Table has four independent casters; enabling effortless mobility for convenient; The wood is hand-stained in a natural multi-step mocha oak finish to highlight the natural.,Lenka End Table by Steve Silver. Dimensions: 22 inW x 22 inD x 24 inH Features: Crafted of walnut veneers; solid Asian hardwoods and engineered woods; Styling details include the signature Joplin concave ends and two-tone finish with stunning; Lift-top cocktail features a bottom shelf for stability; storage; display and sturdines; The Coffee Table has four independent casters; enabling effortless mobility for convenient; The wood is hand-stained in a natural multi-step mocha oak finish to highlight the natural.,"• 22 inW x 22 inD x 24 inH
• Crafted of walnut veneers
• solid Asian hardwoods and engineered woods
• Styling details include the signature Joplin concave ends and two-tone finish with stunning
• Lift-top cocktail features a bottom shelf for stability
• display and sturdines",Lenka End Table; Steve Silver; Occasional; Lift-Top Coffee Tables,Shop Lenka End Table by Steve Silver.,,Lenka End Table
SS-JOP100NS,Lenka Sofa Table,410,,195,250,Y,N,Lenka Sofa Table by Steve Silver. Dimensions: 48 inW x 18 inD x 30 inH Features: Crafted of walnut veneers; solid Asian hardwoods and engineered woods; Styling details include the signature Joplin concave ends and two-tone finish with stunning; Lift-top cocktail features a bottom shelf for stability; storage; display and sturdines; The Coffee Table has four independent casters; enabling effortless mobility for convenient; The wood is hand-stained in a natural multi-step mocha oak finish to highlight the natural.,Lenka Sofa Table by Steve Silver. Dimensions: 48 inW x 18 inD x 30 inH Features: Crafted of walnut veneers; solid Asian hardwoods and engineered woods; Styling details include the signature Joplin concave ends and two-tone finish with stunning; Lift-top cocktail features a bottom shelf for stability; storage; display and sturdines; The Coffee Table has four independent casters; enabling effortless mobility for convenient; The wood is hand-stained in a natural multi-step mocha oak finish to highlight the natural.,"• 48 inW x 18 inD x 30 inH
• Crafted of walnut veneers
• solid Asian hardwoods and engineered woods
• Styling details include the signature Joplin concave ends and two-tone finish with stunning
• Lift-top cocktail features a bottom shelf for stability
• display and sturdines",Lenka Sofa Table; Steve Silver; Occasional; Lift-Top Coffee Tables,Shop Lenka Sofa Table by Steve Silver.,,Lenka Sofa Table
SS-JOP500NPT,Magnolia Counter Dining Set w/ Chairs,1830,,215,375,Y,N,Magnolia Counter Dining Table w/ Leaf by Steve Silver. Dimensions: 42 in-54 inL x 54 in D x 36 in H Includes the dining table and matching chairs shown in the catalog image. Features: Crafted of walnut veneers; solid Asian hardwoods and engineered woods; The table expands from 42 to 54 inches with the included 12-inch leaf; which stores neatly on a shelf; Interesting concave ends and stunning walnut veneers add to the visual allure of the counter table.; 36 in counter height table is comfortable for working while standing and dining; Chairs are solidly constructed with sturdy solid wood legs; corner-blocked and screwed joints with a; The wood is hand-stained in a natural multi-step wlanut and ebony finish with burnished edges that.,Magnolia Counter Dining Table w/ Leaf by Steve Silver. Dimensions: 42 in-54 inL x 54 in D x 36 in H Includes the dining table and matching chairs shown in the catalog image. Features: Crafted of walnut veneers; solid Asian hardwoods and engineered woods; The table expands from 42 to 54 inches with the included 12-inch leaf; which stores neatly on a shelf; Interesting concave ends and stunning walnut veneers add to the visual allure of the counter table.; 36 in counter height table is comfortable for working while standing and dining; Chairs are solidly constructed with sturdy solid wood legs; corner-blocked and screwed joints with a; The wood is hand-stained in a natural multi-step wlanut and ebony finish with burnished edges that.,"• 42 in-54 inL x 54 in D x 36 in H Includes the dining table and matching chairs shown in the catalog image
• Crafted of walnut veneers
• solid Asian hardwoods and engineered woods
• The table expands from 42 to 54 inches with the included 12-inch leaf
• which stores neatly on a shelf
• Interesting concave ends and stunning walnut veneers add to the visual allure of the counter table",Magnolia Counter Dining Set w/ Chairs; Steve Silver; Dining Set; Dining,Shop Magnolia Counter Dining Set w/ Chairs by Steve Silver.,,Magnolia Counter Dining Set w/ Chairs
SS-JOP500NT,Joplin Counter Dining Set w/ Chairs,1830,,215,375,Y,N,Joplin Counter Dining Table w/ Leaf by Steve Silver. Dimensions: 60-72 inL x 40 inD x 30 inH Includes the dining table and matching chairs shown in the catalog image. Features: Crafted of walnut veneers; solid Asian hardwoods and engineered woods; The table expands from 50 to 62 inches with the included 12-inch leaf; which stores neatly on a shelf; Table and chairs are solidly constructed with sturdy solid wood legs and a frame that is reinforced with; The chairâ€™s ergonomic ladder back and scooped seat provide a supportive and comfortable seating; The wood is hand-stained in a natural multi-step wlanut and ebony finish with burnished edges.,Joplin Counter Dining Table w/ Leaf by Steve Silver. Dimensions: 60-72 inL x 40 inD x 30 inH Includes the dining table and matching chairs shown in the catalog image. Features: Crafted of walnut veneers; solid Asian hardwoods and engineered woods; The table expands from 50 to 62 inches with the included 12-inch leaf; which stores neatly on a shelf; Table and chairs are solidly constructed with sturdy solid wood legs and a frame that is reinforced with; The chairâ€™s ergonomic ladder back and scooped seat provide a supportive and comfortable seating; The wood is hand-stained in a natural multi-step wlanut and ebony finish with burnished edges.,"• 60-72 inL x 40 inD x 30 inH Includes the dining table and matching chairs shown in the catalog image
• Crafted of walnut veneers
• solid Asian hardwoods and engineered woods
• The table expands from 50 to 62 inches with the included 12-inch leaf
• which stores neatly on a shelf
• Table and chairs are solidly constructed with sturdy solid wood legs and a frame that is reinforced with",Joplin Counter Dining Set w/ Chairs; Steve Silver; Dining Set; Dining,Shop Joplin Counter Dining Set w/ Chairs by Steve Silver.,,Joplin Counter Dining Set w/ Chairs
SS-KE800C,Keily Manual Swivel Glider Recliner,520,,149,130,Y,N,Keily Manual Swivel Glider Recliner Chair by Steve Silver. Dimensions: 42 inW x 37 inD x 41 inH Features: Manual recline; Sofa features drop-down console with slow-release pop-up USB charging station that; 2 electrical outlets and 2 USB ports for easy recharging; 2 Cupholders; Hard surface; Rocker/Recliner Chair swivels in a 360-degree radius; Marbled leatherette cover application in a cinnamon color.,Keily Manual Swivel Glider Recliner Chair by Steve Silver. Dimensions: 42 inW x 37 inD x 41 inH Features: Manual recline; Sofa features drop-down console with slow-release pop-up USB charging station that; 2 electrical outlets and 2 USB ports for easy recharging; 2 Cupholders; Hard surface; Rocker/Recliner Chair swivels in a 360-degree radius; Marbled leatherette cover application in a cinnamon color.,"• 42 inW x 37 inD x 41 inH
• Manual recline
• Sofa features drop-down console with slow-release pop-up USB charging station that
• 2 electrical outlets and 2 USB ports for easy recharging
• 2 Cupholders
• Hard surface",Keily Manual Swivel Glider Recliner Chair; Steve Silver; Upholstery; Manual Reclining,Shop Keily Manual Swivel Glider Recliner Chair by Steve Silver.,,Keily Manual Swivel Glider Recliner Chair
SS-KE800CG,Marlow Manual Swivel Glider Recliner,690,,149,130,,N,Marlow Manual Swivel Glider Recliner Chair by Steve Silver. Dimensions: 42 inW x 37 inD x 41 inH Features: Manual recline; Sofa features drop-down console with slow-release pop-up USB charging; The loveseat has dual rocker/recliner ends and features console with hidden; Rocker/Recliner Chair swivels in a 360-degree radius; Marbled leatherette cover application in a Garrulous Grey color.,Marlow Manual Swivel Glider Recliner Chair by Steve Silver. Dimensions: 42 inW x 37 inD x 41 inH Features: Manual recline; Sofa features drop-down console with slow-release pop-up USB charging; The loveseat has dual rocker/recliner ends and features console with hidden; Rocker/Recliner Chair swivels in a 360-degree radius; Marbled leatherette cover application in a Garrulous Grey color.,"• 42 inW x 37 inD x 41 inH
• Manual recline
• Sofa features drop-down console with slow-release pop-up USB charging
• The loveseat has dual rocker/recliner ends and features console with hidden
• Rocker/Recliner Chair swivels in a 360-degree radius
• Marbled leatherette cover application in a Garrulous Grey color",Marlow Manual Swivel Glider Recliner Chair; Steve Silver; Upholstery; â€¢ Marbled leatherette cover application in a Garrulous Grey color / Manual Reclining,Shop Marlow Manual Swivel Glider Recliner Chair by Steve Silver.,,Marlow Manual Swivel Glider Recliner Chair
SS-KE800CL,Keily Manual Glider Reclining Console Loveseat,830,,147,210,,N,Keily Manual Glider Reclining Console Loveseat by Steve Silver. Dimensions: 78 inW x 37 inD x 41 inH Features: Manual recline; Sofa features drop-down console with slow-release pop-up USB charging station that; 2 electrical outlets and 2 USB ports for easy recharging; 2 Cupholders; Hard surface; Rocker/Recliner Chair swivels in a 360-degree radius; Marbled leatherette cover application in a cinnamon color.,Keily Manual Glider Reclining Console Loveseat by Steve Silver. Dimensions: 78 inW x 37 inD x 41 inH Features: Manual recline; Sofa features drop-down console with slow-release pop-up USB charging station that; 2 electrical outlets and 2 USB ports for easy recharging; 2 Cupholders; Hard surface; Rocker/Recliner Chair swivels in a 360-degree radius; Marbled leatherette cover application in a cinnamon color.,"• 78 inW x 37 inD x 41 inH
• Manual recline
• Sofa features drop-down console with slow-release pop-up USB charging station that
• 2 electrical outlets and 2 USB ports for easy recharging
• 2 Cupholders
• Hard surface",Keily Manual Glider Reclining Console Loveseat; Steve Silver; Upholstery; Manual Reclining,Shop Keily Manual Glider Reclining Console Loveseat by Steve Silver.,,Keily Manual Glider Reclining Console Loveseat
SS-KE800S,Keily Manual Reclining Sofa w/ Dropdown Console,860,,188,250,Y,N,Keily Manual Reclining Sofa w/ Dropdown Console by Steve Silver. Dimensions: 89 inW x 37 inD x 41 inH Features: Manual recline; Sofa features drop-down console with slow-release pop-up USB charging station that; 2 electrical outlets and 2 USB ports for easy recharging; 2 Cupholders; Hard surface; Rocker/Recliner Chair swivels in a 360-degree radius; Marbled leatherette cover application in a cinnamon color.,Keily Manual Reclining Sofa w/ Dropdown Console by Steve Silver. Dimensions: 89 inW x 37 inD x 41 inH Features: Manual recline; Sofa features drop-down console with slow-release pop-up USB charging station that; 2 electrical outlets and 2 USB ports for easy recharging; 2 Cupholders; Hard surface; Rocker/Recliner Chair swivels in a 360-degree radius; Marbled leatherette cover application in a cinnamon color.,"• 89 inW x 37 inD x 41 inH
• Manual recline
• Sofa features drop-down console with slow-release pop-up USB charging station that
• 2 electrical outlets and 2 USB ports for easy recharging
• 2 Cupholders
• Hard surface",Keily Manual Reclining Sofa w/ Dropdown Console; Steve Silver; Upholstery; Manual Reclining,Shop Keily Manual Reclining Sofa w/ Dropdown Console by Steve Silver.,,Keily Manual Reclining Sofa w/ Dropdown Console
SS-KEILY-BROWN-75LOVE,"Keily Console Loveseat, Manual Reclining, Glider, Brown",869,,"199, 147",175,,N,"<p>Superior comfort and style are the hallmarks of this motion set. Featuring a leather-like cover with baseball stitching, this ensemble comes with a sofa with a drop-down console and USB charging station; a loveseat with dual rocker/recliner ends; and a rocker/recliner chair with 360-degree swivel. Antiqued brass nailhead trim and padded arms complete this ultimate motion package.</p>","Superior comfort and style are the hallmarks of this motion set. Featuring a leather-like cover with baseball stitching, this ensemble comes with a sofa with a drop-down console and USB charging station; a loveseat with dual rocker/recliner ends; and a rocker/recliner chair with 360-degree swivel. Antiqued brass nailhead trim and padded arms complete this ultimate motion package.","<ul><li><strong>Cover:</strong> Marbled leather-look faux leather</li><li><strong>Color:</strong> Brown</li><li><strong>Construction:</strong> Furniture-grade engineered-wood frame, sinuous-spring support, padded arms, baseball stitching, and antiqued brass/oil-rubbed brass nailheads</li><li><strong>Dimensions:</strong> 75W x 39D x 41H in.</li><li><strong>Motion:</strong> Manual reclining with dual glider/recliner end seats</li><li><strong>Special Features:</strong> Lift-top center console with two cupholders, two USB ports, and an electrical outlet</li></ul>",Keily Console Loveseat; Steve Silver,"Shop Keily Console Loveseat, Manual Reclining, Glider, Brown at McCabe's Theater & Living. Superior comfort and style are the hallmarks of this motion set. Featuring a leather-like cover with baseball stitching, this ensemble comes.",Keily Console Loveseat; Steve Silver,"Keily Console Loveseat, Manual Reclining, Glider, Brown"
SS-KEILY-BROWN-86SOFA,"Keily Sofa, Manual Reclining, Drop-Down Console, Brown",909,,"139, 197, 179",220,,N,"<p>Superior comfort and style are the hallmarks of this motion set. Featuring a leather-like cover with baseball stitching, this ensemble comes with a sofa with a drop-down console and USB charging station; a loveseat with dual rocker/recliner ends; and a rocker/recliner chair with 360-degree swivel. Antiqued brass nailhead trim and padded arms complete this ultimate motion package.</p>","Superior comfort and style are the hallmarks of this motion set. Featuring a leather-like cover with baseball stitching, this ensemble comes with a sofa with a drop-down console and USB charging station; a loveseat with dual rocker/recliner ends; and a rocker/recliner chair with 360-degree swivel. Antiqued brass nailhead trim and padded arms complete this ultimate motion package.","<ul><li><strong>Cover:</strong> Marbled leather-look faux leather</li><li><strong>Color:</strong> Brown</li><li><strong>Construction:</strong> Furniture-grade engineered-wood frame, sinuous-spring support, padded arms, baseball stitching, and antiqued brass/oil-rubbed brass nailheads</li><li><strong>Dimensions:</strong> 86W x 39D x 41H in.</li><li><strong>Motion:</strong> Manual reclining end seats</li><li><strong>Special Features:</strong> Drop-down center console with wood-grain hard surface, pouch storage, two cupholders, and pop-up power strip with two outlets and two USB ports</li></ul>",Keily Sofa; Steve Silver,"Shop Keily Sofa, Manual Reclining, Drop-Down Console, Brown at McCabe's Theater & Living. Superior comfort and style are the hallmarks of this motion set. Featuring a leather-like cover with baseball stitching, this ensemble comes.",Keily Sofa; Steve Silver,"Keily Sofa, Manual Reclining, Drop-Down Console, Brown"
SS-KEILY-BROWN-RECL,"Keily Recliner, Manual Swivel, Glider, Brown",539,,186,105,,N,"<p>Superior comfort and style are the hallmarks of this motion set. Featuring a leather-like cover with baseball stitching, this ensemble comes with a sofa with a drop-down console and USB charging station; a loveseat with dual rocker/recliner ends; and a rocker/recliner chair with 360-degree swivel. Antiqued brass nailhead trim and padded arms complete this ultimate motion package.</p>","Superior comfort and style are the hallmarks of this motion set. Featuring a leather-like cover with baseball stitching, this ensemble comes with a sofa with a drop-down console and USB charging station; a loveseat with dual rocker/recliner ends; and a rocker/recliner chair with 360-degree swivel. Antiqued brass nailhead trim and padded arms complete this ultimate motion package.","<ul><li><strong>Cover:</strong> Marbled leather-look faux leather</li><li><strong>Color:</strong> Brown</li><li><strong>Construction:</strong> Furniture-grade engineered-wood frame, sinuous-spring support, padded arms, baseball stitching, and antiqued brass/oil-rubbed brass nailheads</li><li><strong>Dimensions:</strong> 39W x 39D x 41H in.</li><li><strong>Motion:</strong> Manual recliner with 360-degree swivel and gliding motion when closed</li><li><strong>Special Features:</strong> Baseball stitching, padded arms, and decorative nailhead trim</li></ul>",Keily Recliner; Steve Silver,"Shop Keily Recliner, Manual Swivel, Glider, Brown at McCabe's Theater & Living. Superior comfort and style are the hallmarks of this motion set. Featuring a leather-like cover with baseball stitching, this ensemble comes.",Keily Recliner; Steve Silver,"Keily Recliner, Manual Swivel, Glider, Brown"
SS-KEILY-GREY-75LOVE,"Keily Console Loveseat, Manual Reclining, Glider, Grey",869,,"199, 147",175,,N,"<p>Superior comfort and style are the hallmarks of this motion set. Featuring a leather-like cover with baseball stitching, this ensemble comes with a sofa with a drop-down console and USB charging station; a loveseat with dual rocker/recliner ends; and a rocker/recliner chair with 360-degree swivel. Antiqued brass nailhead trim and padded arms complete this ultimate motion package.</p>","Superior comfort and style are the hallmarks of this motion set. Featuring a leather-like cover with baseball stitching, this ensemble comes with a sofa with a drop-down console and USB charging station; a loveseat with dual rocker/recliner ends; and a rocker/recliner chair with 360-degree swivel. Antiqued brass nailhead trim and padded arms complete this ultimate motion package.","<ul><li><strong>Cover:</strong> Marbled leather-look faux leather</li><li><strong>Color:</strong> Dove Grey</li><li><strong>Construction:</strong> Furniture-grade engineered-wood frame, sinuous-spring support, padded arms, baseball stitching, and pewter-tone nailheads</li><li><strong>Dimensions:</strong> 75W x 39D x 41H in.</li><li><strong>Motion:</strong> Manual reclining with dual glider/recliner end seats</li><li><strong>Special Features:</strong> Lift-top center console with two cupholders, two USB ports, and an electrical outlet</li></ul>",Keily Console Loveseat; Steve Silver,"Shop Keily Console Loveseat, Manual Reclining, Glider, Grey at McCabe's Theater & Living. Superior comfort and style are the hallmarks of this motion set. Featuring a leather-like cover with baseball stitching, this ensemble comes.",Keily Console Loveseat; Steve Silver,"Keily Console Loveseat, Manual Reclining, Glider, Grey"
SS-KEILY-GREY-86SOFA,"Keily Sofa, Manual Reclining, Drop-Down Console, Grey",909,,"139, 197, 179",220,,N,"<p>Superior comfort and style are the hallmarks of this motion set. Featuring a leather-like cover with baseball stitching, this ensemble comes with a sofa with a drop-down console and USB charging station; a loveseat with dual rocker/recliner ends; and a rocker/recliner chair with 360-degree swivel. Antiqued brass nailhead trim and padded arms complete this ultimate motion package.</p>","Superior comfort and style are the hallmarks of this motion set. Featuring a leather-like cover with baseball stitching, this ensemble comes with a sofa with a drop-down console and USB charging station; a loveseat with dual rocker/recliner ends; and a rocker/recliner chair with 360-degree swivel. Antiqued brass nailhead trim and padded arms complete this ultimate motion package.","<ul><li><strong>Cover:</strong> Marbled leather-look faux leather</li><li><strong>Color:</strong> Dove Grey</li><li><strong>Construction:</strong> Furniture-grade engineered-wood frame, sinuous-spring support, padded arms, baseball stitching, and pewter-tone nailheads</li><li><strong>Dimensions:</strong> 86W x 39D x 41H in.</li><li><strong>Motion:</strong> Manual reclining end seats</li><li><strong>Special Features:</strong> Drop-down center console with wood-grain hard surface, pouch storage, two cupholders, and pop-up power strip with two outlets and two USB ports</li></ul>",Keily Sofa; Steve Silver,"Shop Keily Sofa, Manual Reclining, Drop-Down Console, Grey at McCabe's Theater & Living. Superior comfort and style are the hallmarks of this motion set. Featuring a leather-like cover with baseball stitching, this ensemble comes.",Keily Sofa; Steve Silver,"Keily Sofa, Manual Reclining, Drop-Down Console, Grey"
SS-KEILY-GREY-RECL,"Keily Recliner, Manual Swivel, Glider, Grey",649,,186,105,,N,"<p>Superior comfort and style are the hallmarks of this motion set. Featuring a leather-like cover with baseball stitching, this ensemble comes with a sofa with a drop-down console and USB charging station; a loveseat with dual rocker/recliner ends; and a rocker/recliner chair with 360-degree swivel. Antiqued brass nailhead trim and padded arms complete this ultimate motion package.</p>","Superior comfort and style are the hallmarks of this motion set. Featuring a leather-like cover with baseball stitching, this ensemble comes with a sofa with a drop-down console and USB charging station; a loveseat with dual rocker/recliner ends; and a rocker/recliner chair with 360-degree swivel. Antiqued brass nailhead trim and padded arms complete this ultimate motion package.","<ul><li><strong>Cover:</strong> Marbled leather-look faux leather</li><li><strong>Color:</strong> Dove Grey</li><li><strong>Construction:</strong> Furniture-grade engineered-wood frame, sinuous-spring support, padded arms, baseball stitching, and pewter-tone nailheads</li><li><strong>Dimensions:</strong> 39W x 39D x 41H in.</li><li><strong>Motion:</strong> Manual recliner with 360-degree swivel and gliding motion when closed</li><li><strong>Special Features:</strong> Baseball stitching, padded arms, and decorative nailhead trim</li></ul>",Keily Recliner; Steve Silver,"Shop Keily Recliner, Manual Swivel, Glider, Grey at McCabe's Theater & Living. Superior comfort and style are the hallmarks of this motion set. Featuring a leather-like cover with baseball stitching, this ensemble comes.",Keily Recliner; Steve Silver,"Keily Recliner, Manual Swivel, Glider, Grey"
SS-KY200WC,Lucca Cocktail Table,520,,195,110,Y,N,Lucca Cocktail Table by Steve Silver. Dimensions: 47.5 inW x 23.25â€™â€™D x 18â€™â€™H Features: Constructed of black frame with sintered stone inlay; Sled base adds a contemporary element to the collection while reinforcing the frame for a stronger;; 3A packaging ensures damage free parcel; Powder coated finish enhances durability; offers a flawless finish; and provides resistance against wear;; Sintered Stone inlay offers enhanced performance features including moisture; scratch and heat.,Lucca Cocktail Table by Steve Silver. Dimensions: 47.5 inW x 23.25â€™â€™D x 18â€™â€™H Features: Constructed of black frame with sintered stone inlay; Sled base adds a contemporary element to the collection while reinforcing the frame for a stronger;; 3A packaging ensures damage free parcel; Powder coated finish enhances durability; offers a flawless finish; and provides resistance against wear;; Sintered Stone inlay offers enhanced performance features including moisture; scratch and heat.,"• 47.5 inW x 23.25â€™â€™D x 18â€™â€™H
• Constructed of black frame with sintered stone inlay
• Sled base adds a contemporary element to the collection while reinforcing the frame for a stronger
• 3A packaging ensures damage free parcel
• Powder coated finish enhances durability
• offers a flawless finish",Lucca Cocktail Table; Steve Silver; Occasional; Stone Top Occasional,Shop Lucca Cocktail Table by Steve Silver.,,Lucca Cocktail Table
SS-KY200WE,Lucca End Table 23 25 W X 23 25 D X 22 H,310,,195,60,Y,N,Lucca End Table 23 25 W X 23 25 D X 22 H by Steve Silver. Features: Constructed of black frame with sintered stone inlay; Sled base adds a contemporary element to the collection while reinforcing the frame for a stronger;; 3A packaging ensures damage free parcel; Powder coated finish enhances durability; offers a flawless finish; and provides resistance against wear;; Sintered Stone inlay offers enhanced performance features including moisture; scratch and heat.,Lucca End Table 23 25 W X 23 25 D X 22 H by Steve Silver. Features: Constructed of black frame with sintered stone inlay; Sled base adds a contemporary element to the collection while reinforcing the frame for a stronger;; 3A packaging ensures damage free parcel; Powder coated finish enhances durability; offers a flawless finish; and provides resistance against wear;; Sintered Stone inlay offers enhanced performance features including moisture; scratch and heat.,"• Constructed of black frame with sintered stone inlay
• Sled base adds a contemporary element to the collection while reinforcing the frame for a stronger
• 3A packaging ensures damage free parcel
• Powder coated finish enhances durability
• offers a flawless finish
• and provides resistance against wear",Lucca End Table 23 25 W X 23 25 D X 22 H; Steve Silver; Occasional; Stone Top Occasional,Shop Lucca End Table 23 25 W X 23 25 D X 22 H by Steve Silver.,,Lucca End Table 23 25 W X 23 25 D X 22 H
SS-LEHI-MANUAL-SECT,Lehi 6-Piece Manual Reclining Sectional,1980,,"139, 198, 188",465,,N,"<p>Comfort, convenience and style blend beautifully in the six-piece Lehi modular Sectional. Covered in a warm brindle-colored breathable leatherette, the Lehi features luxurious shaped seats with contrasting stitching for a seat as good-looking as it is comfortable. The manual footrest opens easily with the pull-lever control and the lift-top console adds storage and USB charging ports for a central hub for all your electronics. The modular configuration allows you to custom-build your own set to exactly match your desired area.</p>","Comfort, convenience and style blend beautifully in the six-piece Lehi modular Sectional. Covered in a warm brindle-colored breathable leatherette, the Lehi features luxurious shaped seats with contrasting stitching for a seat as good-looking as it is comfortable. The manual footrest opens easily with the pull-lever control and the lift-top console adds storage and USB charging ports for a central hub for all your electronics. The modular configuration allows you to custom-build your own set to exactly match your desired area.","<ul><li><strong>Cover:</strong> Breathable leatherette blend with soft pebble-grain texture and fleece backing</li><li><strong>Color:</strong> Brindle</li><li><strong>Construction:</strong> Kiln-dried hardwood frame, corner-blocked and double-doweled, no-sag sinuous-wire support, 2.0-density foam, removable backs, and contrast baseball stitching</li><li><strong>Dimensions:</strong> Modular pieces include 41.5W x 38D x 39.5H in. end recliners, 32.5W x 38D x 39.5H in. armless seats, 63W x 39.75D x 39.5H in. wedge, and 13W x 38D x 39.5H in. console</li><li><strong>Motion:</strong> Manual reclining with approximately 3-inch wall clearance</li><li><strong>Special Features:</strong> 6-piece modular sectional with lift-top powered console, USB charging, and 360 lb. capacity per seat</li></ul>",Lehi 6-Piece Manual Reclining Sectional; Steve Silver,"Shop Lehi 6-Piece Manual Reclining Sectional at McCabe's Theater & Living. Comfort, convenience and style blend beautifully in the six-piece Lehi modular Sectional. Covered in a warm brindle-colored breathable leath.",Lehi 6-Piece Manual Reclining Sectional; Steve Silver,Lehi 6-Piece Manual Reclining Sectional
SS-LK100CLC,Oliver Lift Top Cocktail Table w/ Casters,430,,195,110,Y,N,Oliver Lift Top Cocktail Table w/ Casters by Steve Silver. Dimensions: 48 inW x 28 inD x 19 inH Features: Rustic styling constructed of hardwood solids and acacia veneers; Styling details include border plank edge with x in shaped side panels; Lift-top cocktail features a bottom shelf and casters; The Coffee Table has four independent casters; enabling effortless mobility for; The wood is hand-stained in a natural multi-step mocha oak finish to highlight the.,Oliver Lift Top Cocktail Table w/ Casters by Steve Silver. Dimensions: 48 inW x 28 inD x 19 inH Features: Rustic styling constructed of hardwood solids and acacia veneers; Styling details include border plank edge with x in shaped side panels; Lift-top cocktail features a bottom shelf and casters; The Coffee Table has four independent casters; enabling effortless mobility for; The wood is hand-stained in a natural multi-step mocha oak finish to highlight the.,"• 48 inW x 28 inD x 19 inH
• Rustic styling constructed of hardwood solids and acacia veneers
• Styling details include border plank edge with x in shaped side panels
• Lift-top cocktail features a bottom shelf and casters
• The Coffee Table has four independent casters
• enabling effortless mobility for",Oliver Lift Top Cocktail Table w/ Casters; Steve Silver; Occasional; Lift-Top Coffee Tables,Shop Oliver Lift Top Cocktail Table w/ Casters by Steve Silver.,,Oliver Lift Top Cocktail Table w/ Casters
SS-LK100E,Oliver End Table,240,,195,60,Y,N,Oliver End Table by Steve Silver. Dimensions: 24 inW x 24 inD x 24 inH Features: Rustic styling constructed of hardwood solids and acacia veneers; Styling details include border plank edge with x in shaped side panels; Lift-top cocktail features a bottom shelf and casters; The Coffee Table has four independent casters; enabling effortless mobility for; The wood is hand-stained in a natural multi-step mocha oak finish to highlight the.,Oliver End Table by Steve Silver. Dimensions: 24 inW x 24 inD x 24 inH Features: Rustic styling constructed of hardwood solids and acacia veneers; Styling details include border plank edge with x in shaped side panels; Lift-top cocktail features a bottom shelf and casters; The Coffee Table has four independent casters; enabling effortless mobility for; The wood is hand-stained in a natural multi-step mocha oak finish to highlight the.,"• 24 inW x 24 inD x 24 inH
• Rustic styling constructed of hardwood solids and acacia veneers
• Styling details include border plank edge with x in shaped side panels
• Lift-top cocktail features a bottom shelf and casters
• The Coffee Table has four independent casters
• enabling effortless mobility for",Oliver End Table; Steve Silver; Occasional; Lift-Top Coffee Tables,Shop Oliver End Table by Steve Silver.,,Oliver End Table
SS-LK100S,Oliver Sofa Table,410,,195,250,Y,N,Oliver Sofa Table by Steve Silver. Dimensions: 48 inW x 18 inD x 30 inH Features: Rustic styling constructed of hardwood solids and acacia veneers; Styling details include border plank edge with x in shaped side panels; Lift-top cocktail features a bottom shelf and casters; The Coffee Table has four independent casters; enabling effortless mobility for; The wood is hand-stained in a natural multi-step mocha oak finish to highlight the.,Oliver Sofa Table by Steve Silver. Dimensions: 48 inW x 18 inD x 30 inH Features: Rustic styling constructed of hardwood solids and acacia veneers; Styling details include border plank edge with x in shaped side panels; Lift-top cocktail features a bottom shelf and casters; The Coffee Table has four independent casters; enabling effortless mobility for; The wood is hand-stained in a natural multi-step mocha oak finish to highlight the.,"• 48 inW x 18 inD x 30 inH
• Rustic styling constructed of hardwood solids and acacia veneers
• Styling details include border plank edge with x in shaped side panels
• Lift-top cocktail features a bottom shelf and casters
• The Coffee Table has four independent casters
• enabling effortless mobility for",Oliver Sofa Table; Steve Silver; Occasional; Lift-Top Coffee Tables,Shop Oliver Sofa Table by Steve Silver.,,Oliver Sofa Table
SS-LK100SV,Tv Stands Cabinet,430,,195,120,Y,N,TV Stands Cabinet by Steve Silver. Dimensions: 33.5 inW x 16 inD x 37 inH,TV Stands Cabinet by Steve Silver. Dimensions: 33.5 inW x 16 inD x 37 inH,• 33.5 inW x 16 inD x 37 inH,TV Stands Cabinet; Steve Silver; Occasional; 64 inW x 18 inD x 32 inH / Accents,Shop Tv Stands Cabinet by Steve Silver.,,Tv Stands Cabinet
SS-LK100TV,Tv Stand,410,,195,120,Y,N,TV Stand by Steve Silver. Dimensions: 64 inW x 17 inD x 20 inH Features: Constructed of veneers; Asian hardwood solids and engineered woods; Kiln-dried wood helps prevent warping; splitting; cracking and developing mildew.; Two adjustable shelvers; two fixed shelves and wire escape allows configuration for any type of; 64-inch wide TV Stand acommodates up to 75-inch television depending upon the manufacturer; Solid wood legs offer enhanced durability; longevity; and can withstand daily wear for years; Plastic glides keep the table from scratching floor; The wood is hand-stained in a natural multi-step mocha finish to highlight the natural grain and knots of.,TV Stand by Steve Silver. Dimensions: 64 inW x 17 inD x 20 inH Features: Constructed of veneers; Asian hardwood solids and engineered woods; Kiln-dried wood helps prevent warping; splitting; cracking and developing mildew.; Two adjustable shelvers; two fixed shelves and wire escape allows configuration for any type of; 64-inch wide TV Stand acommodates up to 75-inch television depending upon the manufacturer; Solid wood legs offer enhanced durability; longevity; and can withstand daily wear for years; Plastic glides keep the table from scratching floor; The wood is hand-stained in a natural multi-step mocha finish to highlight the natural grain and knots of.,"• 64 inW x 17 inD x 20 inH
• Constructed of veneers
• Asian hardwood solids and engineered woods
• Kiln-dried wood helps prevent warping
• splitting
• cracking and developing mildew",TV Stand; Steve Silver; Occasional; TV Stands,Shop Tv Stand by Steve Silver.,,Tv Stand
SS-LM150E,Tv Stands Accent Side Table Solid,430,,195,120,Y,N,TV Stands Accent Side Table Solid Acacia by Steve Silver. Dimensions: 12 inW X 12 inD X 18 inH,TV Stands Accent Side Table Solid Acacia by Steve Silver. Dimensions: 12 inW X 12 inD X 18 inH,• 12 inW X 12 inD X 18 inH,TV Stands Accent Side Table Solid Acacia; Steve Silver; Occasional; 64 inW x 18 inD x 32 inH / Accents,Shop Tv Stands Accent Side Table Solid by Steve Silver.,,Tv Stands Accent Side Table Solid
SS-LUNA-CHAR-PWR-LOVE,"Luna Home Cinema Power Reclining Console Loveseat, Charcoal Vegan Leather",1240,,"199, 147",185,,N,"<p>Relax in modern style with the Luna Charcoal, upholstered in smooth, charcoal-gray vegan leather featuring an elegant argyle-quilted pattern on the seats, backs, and sides for a refined, high-end look. Effortless power recline lets you adjust the back and footrest to your perfect position, while built-in speakers create all-encompassing sound. A sleek center console offers wireless charging, USB-A &amp; C ports, ambient lighting, and convenient storageâ€”bringing sophisticated design and smart entertainment to your living space for the ultimate at-home theater experience.</p>","Relax in modern style with the Luna Charcoal, upholstered in smooth, charcoal-gray vegan leather featuring an elegant argyle-quilted pattern on the seats, backs, and sides for a refined, high-end look. Effortless power recline lets you adjust the back and footrest to your perfect position, while built-in speakers create all-encompassing sound. A sleek center console offers wireless charging, USB-A & C ports, ambient lighting, and convenient storageâ€”bringing sophisticated design and smart entertainment to your living space for the ultimate at-home theater experience.","<ul><li><strong>Cover:</strong> Smooth vegan leather with argyle-quilted detailing on seats, backs, and sides</li><li><strong>Color:</strong> Charcoal Gray</li><li><strong>Construction:</strong> Engineered-wood frame, high-density foam, and sinuous-spring seating support</li><li><strong>Dimensions:</strong> 71W x 39.5D x 42H in.</li><li><strong>Motion:</strong> Power reclining backrest and footrest</li><li><strong>Special Features:</strong> Home-cinema console loveseat with Bluetooth audio, built-in speakers, ambient and under-frame lighting, illuminated cupholders, wireless charging, USB-A/USB-C ports, and center storage console</li></ul>",Luna Home Cinema Power Reclining Console Loveseat; Steve Silver,"Shop Luna Home Cinema Power Reclining Console Loveseat, Charcoal Vegan Leather at McCabe's Theater & Living. Relax in modern style with the Luna Charcoal, upholstered in smooth, charcoal-gray vegan leather featuring an elegant argyle-quilted pattern.",Luna Home Cinema Power Reclining Console Loveseat; Steve Silver,"Luna Home Cinema Power Reclining Console Loveseat, Charcoal Vegan Leather"
SS-LUNA-CHAR-PWR-RECL,Luna Charcoal Power Recliner,730,,186,125,,N,,,,Luna Charcoal Power Recliner; Steve Silver,Shop Luna Charcoal Power Recliner at McCabe's Theater & Living. Luna Charcoal Power Recliner.,Luna Charcoal Power Recliner; Steve Silver,Luna Charcoal Power Recliner
SS-LUNA-CHAR-PWR-SOFA,Luna Charcoal Power Reclining Sofa,1240,,"139, 197, 179",210,,N,,,,Luna Charcoal Power Reclining Sofa; Steve Silver,Shop Luna Charcoal Power Reclining Sofa at McCabe's Theater & Living. Luna Charcoal Power Reclining Sofa.,Luna Charcoal Power Reclining Sofa; Steve Silver,Luna Charcoal Power Reclining Sofa
SS-LUNA-ICE-PWR-LOVE,Luna Ice Power Reclining Console Loveseat,1240,,"199, 147",185,,N,,,,Luna Ice Power Reclining Console Loveseat; Steve Silver,Shop Luna Ice Power Reclining Console Loveseat at McCabe's Theater & Living. Luna Ice Power Reclining Console Loveseat.,Luna Ice Power Reclining Console Loveseat; Steve Silver,Luna Ice Power Reclining Console Loveseat
SS-LUNA-ICE-PWR-RECL,Luna Ice Power Recliner,730,,186,125,,N,,,,Luna Ice Power Recliner; Steve Silver,Shop Luna Ice Power Recliner at McCabe's Theater & Living. Luna Ice Power Recliner.,Luna Ice Power Recliner; Steve Silver,Luna Ice Power Recliner
SS-LUNA-ICE-PWR-SOFA,Luna Ice Power Reclining Sofa,1240,,"139, 197, 179",210,,N,,,,Luna Ice Power Reclining Sofa; Steve Silver,Shop Luna Ice Power Reclining Sofa at McCabe's Theater & Living. Luna Ice Power Reclining Sofa.,Luna Ice Power Reclining Sofa; Steve Silver,Luna Ice Power Reclining Sofa
SS-LX850C,Ottawa Triple Power Reclining w/ Hidden Cupholders,2100,,149,155,,N,Ottawa Triple Power Reclining w/ Hidden Cupholders Faux Fabric by Steve Silver. Dimensions: 38 inW x 42 inD x 42 inH Features: Power headrest; power footrest and power lumbar; Hidden lighted cupholders; Stitched side pocket holds magazines or tablets; USB charging port and All Close button on control panel; Baseball stitching; Walnut or Ocean Blue Faux-Suede Cover.,Ottawa Triple Power Reclining w/ Hidden Cupholders Faux Fabric by Steve Silver. Dimensions: 38 inW x 42 inD x 42 inH Features: Power headrest; power footrest and power lumbar; Hidden lighted cupholders; Stitched side pocket holds magazines or tablets; USB charging port and All Close button on control panel; Baseball stitching; Walnut or Ocean Blue Faux-Suede Cover.,"• 38 inW x 42 inD x 42 inH
• Power headrest
• power footrest and power lumbar
• Hidden lighted cupholders
• Stitched side pocket holds magazines or tablets
• USB charging port and All Close button on control panel",Ottawa Triple Power Reclining w/ Hidden Cupholders Faux Fabric; Steve Silver; Upholstery; Power Reclining,Shop Ottawa Triple Power Reclining w/ Hidden Cupholders Faux Fabric by Steve Silver.,,Ottawa Triple Power Reclining w/ Hidden Cupholders Faux Fabric
SS-LX850CO,Ottawa Triple Power Reclining w/ Hidden Cupholders Ocean,2100,,149,155,,N,Ottawa Triple Power Reclining w/ Hidden Cupholders Ocean Faux Fabric by Steve Silver. Dimensions: 38 inW x 42 inD x 42 inH Features: Power headrest; power footrest and power lumbar; Hidden lighted cupholders; Stitched side pocket holds magazines or tablets; USB charging port and All Close button on control panel; Baseball stitching; Walnut or Ocean Blue Faux-Suede Cover.,Ottawa Triple Power Reclining w/ Hidden Cupholders Ocean Faux Fabric by Steve Silver. Dimensions: 38 inW x 42 inD x 42 inH Features: Power headrest; power footrest and power lumbar; Hidden lighted cupholders; Stitched side pocket holds magazines or tablets; USB charging port and All Close button on control panel; Baseball stitching; Walnut or Ocean Blue Faux-Suede Cover.,"• 38 inW x 42 inD x 42 inH
• Power headrest
• power footrest and power lumbar
• Hidden lighted cupholders
• Stitched side pocket holds magazines or tablets
• USB charging port and All Close button on control panel",Ottawa Triple Power Reclining w/ Hidden Cupholders Ocean Faux Fabric; Steve Silver; Upholstery; Power Reclining,Shop Ottawa Triple Power Reclining w/ Hidden Cupholders Ocean Faux Fabric by Steve Silver.,,Ottawa Triple Power Reclining w/ Hidden Cupholders Ocean Faux Fabric
SS-LZ100C,Mixed Media Occasional Cocktail Table,520,,195,110,Y,N,Mixed Media Occasional Cocktail Table by Steve Silver. Dimensions: 48 inW x 28 inD x 18 inH Features: Constructed of solid acacia wood tops and metal base; Styling details include distressed top in chevron pattern with a natural honey finish; Rustic casual styling available in cocktail; end or sofa table.,Mixed Media Occasional Cocktail Table by Steve Silver. Dimensions: 48 inW x 28 inD x 18 inH Features: Constructed of solid acacia wood tops and metal base; Styling details include distressed top in chevron pattern with a natural honey finish; Rustic casual styling available in cocktail; end or sofa table.,"• 48 inW x 28 inD x 18 inH
• Constructed of solid acacia wood tops and metal base
• Styling details include distressed top in chevron pattern with a natural honey finish
• Rustic casual styling available in cocktail
• end or sofa table",Mixed Media Occasional Cocktail Table; Steve Silver; Occasional; Mixed Media Occasional,Shop Mixed Media Occasional Cocktail Table by Steve Silver.,,Mixed Media Occasional Cocktail Table
SS-LZ100E,Mixed Media Occasional End Table,310,,195,60,Y,N,Mixed Media Occasional End Table by Steve Silver. Dimensions: 24 inW x 24 inD x 24 inH Features: Constructed of solid acacia wood tops and metal base; Styling details include distressed top in chevron pattern with a natural honey finish; Rustic casual styling available in cocktail; end or sofa table.,Mixed Media Occasional End Table by Steve Silver. Dimensions: 24 inW x 24 inD x 24 inH Features: Constructed of solid acacia wood tops and metal base; Styling details include distressed top in chevron pattern with a natural honey finish; Rustic casual styling available in cocktail; end or sofa table.,"• 24 inW x 24 inD x 24 inH
• Constructed of solid acacia wood tops and metal base
• Styling details include distressed top in chevron pattern with a natural honey finish
• Rustic casual styling available in cocktail
• end or sofa table",Mixed Media Occasional End Table; Steve Silver; Occasional; Mixed Media Occasional,Shop Mixed Media Occasional End Table by Steve Silver.,,Mixed Media Occasional End Table
SS-LZ100S,Mixed Media Occasional Sofa Table,1470,,195,250,Y,N,Mixed Media Occasional Sofa Table by Steve Silver. Dimensions: 48 inW x 18 inD x 30 inH Features: Constructed of solid acacia wood tops and metal base; Styling details include distressed top in chevron pattern with a natural honey finish; Rustic casual styling available in cocktail; end or sofa table.,Mixed Media Occasional Sofa Table by Steve Silver. Dimensions: 48 inW x 18 inD x 30 inH Features: Constructed of solid acacia wood tops and metal base; Styling details include distressed top in chevron pattern with a natural honey finish; Rustic casual styling available in cocktail; end or sofa table.,"• 48 inW x 18 inD x 30 inH
• Constructed of solid acacia wood tops and metal base
• Styling details include distressed top in chevron pattern with a natural honey finish
• Rustic casual styling available in cocktail
• end or sofa table",Mixed Media Occasional Sofa Table; Steve Silver; Occasional; Mixed Media Occasional,Shop Mixed Media Occasional Sofa Table by Steve Silver.,,Mixed Media Occasional Sofa Table
SS-MAR9990TL,Marlow Manual Reclining Console Loveseat,1070,,"199, 147",210,,N,Marlow Manual Reclining Console Loveseat by Steve Silver. Dimensions: 74.75 inW x 30.5 inD x 28.5 inH Features: Manual recline opens with effortless pull of lever; 100% polyester vegan leather cover has the look and fell of leather in a durable and; The engineered wood frame provides lasting comfort; support and reliability in a; No-Sag Sinuous Spring construction ensures even weight distribution; preventing the; 275 lb. weight capacity ensures durability and reliable support..,Marlow Manual Reclining Console Loveseat by Steve Silver. Dimensions: 74.75 inW x 30.5 inD x 28.5 inH Features: Manual recline opens with effortless pull of lever; 100% polyester vegan leather cover has the look and fell of leather in a durable and; The engineered wood frame provides lasting comfort; support and reliability in a; No-Sag Sinuous Spring construction ensures even weight distribution; preventing the; 275 lb. weight capacity ensures durability and reliable support..,"• 74.75 inW x 30.5 inD x 28.5 inH
• Manual recline opens with effortless pull of lever
• 100% polyester vegan leather cover has the look and fell of leather in a durable and
• The engineered wood frame provides lasting comfort
• support and reliability in a
• No-Sag Sinuous Spring construction ensures even weight distribution",Marlow Manual Reclining Console Loveseat; Steve Silver; Upholstery; Manual Reclining,Shop Marlow Manual Reclining Console Loveseat by Steve Silver.,,Marlow Manual Reclining Console Loveseat
SS-MAR9990TS,Marlow Manual Reclining Sofa,1070,,"139, 197, 179",250,,N,Marlow Manual Reclining Sofa by Steve Silver. Dimensions: 83.25W inx 38 inD x 41.25 inH Features: Manual recline opens with effortless pull of lever; 100% polyester vegan leather cover has the look and fell of leather in a durable and; The engineered wood frame provides lasting comfort; support and reliability in a; No-Sag Sinuous Spring construction ensures even weight distribution; preventing the; 275 lb. weight capacity ensures durability and reliable support..,Marlow Manual Reclining Sofa by Steve Silver. Dimensions: 83.25W inx 38 inD x 41.25 inH Features: Manual recline opens with effortless pull of lever; 100% polyester vegan leather cover has the look and fell of leather in a durable and; The engineered wood frame provides lasting comfort; support and reliability in a; No-Sag Sinuous Spring construction ensures even weight distribution; preventing the; 275 lb. weight capacity ensures durability and reliable support..,"• 83.25W inx 38 inD x 41.25 inH
• Manual recline opens with effortless pull of lever
• 100% polyester vegan leather cover has the look and fell of leather in a durable and
• The engineered wood frame provides lasting comfort
• support and reliability in a
• No-Sag Sinuous Spring construction ensures even weight distribution",Marlow Manual Reclining Sofa; Steve Silver; Upholstery; Manual Reclining,Shop Marlow Manual Reclining Sofa by Steve Silver.,,Marlow Manual Reclining Sofa
SS-MARLOW-CHARCOAL-74LOVE,Marlow Charcoal Manual Reclining Loveseat,1070,,"199, 147",175,,N,"<p>The Marlow manual reclining collection blends plush comfort and practical motion seating with soft vegan leather, supportive seating, console storage on loveseat pieces, and casual styling for living rooms and media rooms.</p><p><strong>Dimensions:</strong> 74.75 inW x 30.5 inD x 28.5 inH</p><p><strong>Features:</strong></p><ul><li>Manual reclining motion</li><li>Soft vegan leather upholstery</li><li>Console storage and cupholders on loveseat pieces</li><li>Supportive padded back and arms</li><li>Removable backs for easier delivery and setup</li></ul>","The Marlow manual reclining collection blends plush comfort and practical motion seating with soft vegan leather, supportive seating, console storage on loveseat pieces, and casual styling for living rooms and media rooms.   Dimensions:  74.75 inW x 30.5 inD x 28.5 inH   Features:    Manual reclining motion  Soft vegan leather upholstery  Console storage and cupholders on loveseat pieces  Supportive padded back and arms  Removable backs for easier delivery and setup","• Manual reclining motion
• Soft vegan leather upholstery
• Console storage and cupholders on loveseat pieces
• Supportive padded back and arms
• Removable backs for easier delivery and setup",Marlow Charcoal Manual Reclining Loveseat; Steve Silver,"Shop Marlow Charcoal Manual Reclining Loveseat at McCabe's Theater & Living. The Marlow manual reclining collection blends plush comfort and practical motion seating with soft vegan leather, supportive seating, consol.",Marlow Charcoal Manual Reclining Loveseat; Steve Silver,Marlow Charcoal Manual Reclining Loveseat
SS-MARLOW-CHARCOAL-83SOFA,Marlow Charcoal Manual Reclining Sofa,1070,,"139, 197, 179",195,,N,"<p>The Marlow manual reclining collection blends plush comfort and practical motion seating with soft vegan leather, supportive seating, console storage on loveseat pieces, and casual styling for living rooms and media rooms.</p><p><strong>Dimensions:</strong> 83.25 inW x 38 inD x 41.25 inH</p><p><strong>Features:</strong></p><ul><li>Manual reclining motion</li><li>Soft vegan leather upholstery</li><li>Console storage and cupholders on loveseat pieces</li><li>Supportive padded back and arms</li><li>Removable backs for easier delivery and setup</li></ul>","The Marlow manual reclining collection blends plush comfort and practical motion seating with soft vegan leather, supportive seating, console storage on loveseat pieces, and casual styling for living rooms and media rooms.   Dimensions:  83.25 inW x 38 inD x 41.25 inH   Features:    Manual reclining motion  Soft vegan leather upholstery  Console storage and cupholders on loveseat pieces  Supportive padded back and arms  Removable backs for easier delivery and setup","• Manual reclining motion
• Soft vegan leather upholstery
• Console storage and cupholders on loveseat pieces
• Supportive padded back and arms
• Removable backs for easier delivery and setup",Marlow Charcoal Manual Reclining Sofa; Steve Silver,"Shop Marlow Charcoal Manual Reclining Sofa at McCabe's Theater & Living. The Marlow manual reclining collection blends plush comfort and practical motion seating with soft vegan leather, supportive seating, consol.",Marlow Charcoal Manual Reclining Sofa; Steve Silver,Marlow Charcoal Manual Reclining Sofa
SS-MARLOW-CHARCOAL-RECL,Marlow Charcoal Manual Recliner,790,,149,105,,N,"<p>The Marlow manual reclining collection blends plush comfort and practical motion seating with soft vegan leather, supportive seating, console storage on loveseat pieces, and casual styling for living rooms and media rooms.</p><p><strong>Dimensions:</strong> 42.5 inW x 30.5 inD x 28.5 inH</p><p><strong>Features:</strong></p><ul><li>Manual reclining motion</li><li>Soft vegan leather upholstery</li><li>Console storage and cupholders on loveseat pieces</li><li>Supportive padded back and arms</li><li>Removable backs for easier delivery and setup</li></ul>","The Marlow manual reclining collection blends plush comfort and practical motion seating with soft vegan leather, supportive seating, console storage on loveseat pieces, and casual styling for living rooms and media rooms.   Dimensions:  42.5 inW x 30.5 inD x 28.5 inH   Features:    Manual reclining motion  Soft vegan leather upholstery  Console storage and cupholders on loveseat pieces  Supportive padded back and arms  Removable backs for easier delivery and setup","• Manual reclining motion
• Soft vegan leather upholstery
• Console storage and cupholders on loveseat pieces
• Supportive padded back and arms
• Removable backs for easier delivery and setup",Marlow Charcoal Manual Recliner; Steve Silver,"Shop Marlow Charcoal Manual Recliner at McCabe's Theater & Living. The Marlow manual reclining collection blends plush comfort and practical motion seating with soft vegan leather, supportive seating, consol.",Marlow Charcoal Manual Recliner; Steve Silver,Marlow Charcoal Manual Recliner
SS-MARLOW-SAND-RECL,Marlow Sand Manual Recliner,790,,149,105,,N,"<p>The Marlow manual reclining collection blends plush comfort and practical motion seating with soft vegan leather, supportive seating, console storage on loveseat pieces, and casual styling for living rooms and media rooms.</p><p><strong>Dimensions:</strong> 42.5 inW x 30.5 inD x 28.5 inH</p><p><strong>Features:</strong></p><ul><li>Manual reclining motion</li><li>Soft vegan leather upholstery</li><li>Console storage and cupholders on loveseat pieces</li><li>Supportive padded back and arms</li><li>Removable backs for easier delivery and setup</li></ul>","The Marlow manual reclining collection blends plush comfort and practical motion seating with soft vegan leather, supportive seating, console storage on loveseat pieces, and casual styling for living rooms and media rooms.   Dimensions:  42.5 inW x 30.5 inD x 28.5 inH   Features:    Manual reclining motion  Soft vegan leather upholstery  Console storage and cupholders on loveseat pieces  Supportive padded back and arms  Removable backs for easier delivery and setup","• Manual reclining motion
• Soft vegan leather upholstery
• Console storage and cupholders on loveseat pieces
• Supportive padded back and arms
• Removable backs for easier delivery and setup",Marlow Sand Manual Recliner; Steve Silver,"Shop Marlow Sand Manual Recliner at McCabe's Theater & Living. The Marlow manual reclining collection blends plush comfort and practical motion seating with soft vegan leather, supportive seating, consol.",Marlow Sand Manual Recliner; Steve Silver,Marlow Sand Manual Recliner
SS-MM3636TT,Mixed Media Occasional Nesting Table,430,,195,120,Y,N,Mixed Media Occasional Nesting Table by Steve Silver. Dimensions: Table: 36 inW x 36 inDL x 20 inH Features: Constructed of mindi veneers; engineered wood products and iron base; Set comes with four upholstered stools that can be sued as extra seating or as a footrest; Sound shape works well with sectionals; Tweed polyester fabric; Ebony metal finish; The wood is hand-stained in a natural multi-step sand finish to highlight the natural grain and.,Mixed Media Occasional Nesting Table by Steve Silver. Dimensions: Table: 36 inW x 36 inDL x 20 inH Features: Constructed of mindi veneers; engineered wood products and iron base; Set comes with four upholstered stools that can be sued as extra seating or as a footrest; Sound shape works well with sectionals; Tweed polyester fabric; Ebony metal finish; The wood is hand-stained in a natural multi-step sand finish to highlight the natural grain and.,"• Table: 36 inW x 36 inDL x 20 inH
• Constructed of mindi veneers
• engineered wood products and iron base
• Set comes with four upholstered stools that can be sued as extra seating or as a footrest
• Sound shape works well with sectionals
• Tweed polyester fabric",Mixed Media Occasional Nesting Table; Steve Silver; Occasional; Mixed Media Occasional,Shop Mixed Media Occasional Nesting Table by Steve Silver.,,Mixed Media Occasional Nesting Table
