filename,bytes,mtime,local_path
Wyatt-Chofa-altview9.jpg,265789,2026-07-20T10:52:41,C:\Users\erink\OneDrive\Documents\GitHub\mccabe-site\vspfiles\photos\Wyatt-Chofa-altview9.jpg
Wyatt-Chofa-altview8.jpg,981483,2026-07-20T10:52:41,C:\Users\erink\OneDrive\Documents\GitHub\mccabe-site\vspfiles\photos\Wyatt-Chofa-altview8.jpg
Wyatt-Chofa-altview7.jpg,741812,2026-07-20T10:52:41,C:\Users\erink\OneDrive\Documents\GitHub\mccabe-site\vspfiles\photos\Wyatt-Chofa-altview7.jpg
Wyatt-Chofa-altview6.jpg,684192,2026-07-20T10:52:41,C:\Users\erink\OneDrive\Documents\GitHub\mccabe-site\vspfiles\photos\Wyatt-Chofa-altview6.jpg
Wyatt-Chofa-altview5.jpg,217717,2026-07-20T10:52:40,C:\Users\erink\OneDrive\Documents\GitHub\mccabe-site\vspfiles\photos\Wyatt-Chofa-altview5.jpg
Wyatt-Chofa-altview4.jpg,241382,2026-07-20T10:52:40,C:\Users\erink\OneDrive\Documents\GitHub\mccabe-site\vspfiles\photos\Wyatt-Chofa-altview4.jpg
Wyatt-Chofa-altview3.jpg,166065,2026-07-20T10:52:40,C:\Users\erink\OneDrive\Documents\GitHub\mccabe-site\vspfiles\photos\Wyatt-Chofa-altview3.jpg
Wyatt-Chofa-altview2.jpg,226386,2026-07-20T10:52:40,C:\Users\erink\OneDrive\Documents\GitHub\mccabe-site\vspfiles\photos\Wyatt-Chofa-altview2.jpg
Wyatt-Chofa-altview14.jpg,793980,2026-07-20T10:52:40,C:\Users\erink\OneDrive\Documents\GitHub\mccabe-site\vspfiles\photos\Wyatt-Chofa-altview14.jpg
Wyatt-Chofa-altview13.jpg,725360,2026-07-20T10:52:40,C:\Users\erink\OneDrive\Documents\GitHub\mccabe-site\vspfiles\photos\Wyatt-Chofa-altview13.jpg
Wyatt-Chofa-altview12.jpg,697123,2026-07-20T10:52:40,C:\Users\erink\OneDrive\Documents\GitHub\mccabe-site\vspfiles\photos\Wyatt-Chofa-altview12.jpg
Wyatt-Chofa-altview11.jpg,947413,2026-07-20T10:52:40,C:\Users\erink\OneDrive\Documents\GitHub\mccabe-site\vspfiles\photos\Wyatt-Chofa-altview11.jpg
Wyatt-Chofa-altview10.jpg,523279,2026-07-20T10:52:40,C:\Users\erink\OneDrive\Documents\GitHub\mccabe-site\vspfiles\photos\Wyatt-Chofa-altview10.jpg
Wyatt-Chofa-altview1.jpg,873609,2026-07-20T10:52:40,C:\Users\erink\OneDrive\Documents\GitHub\mccabe-site\vspfiles\photos\Wyatt-Chofa-altview1.jpg
Tyler-Bar-Set-altview9.jpg,894758,2026-07-20T10:52:40,C:\Users\erink\OneDrive\Documents\GitHub\mccabe-site\vspfiles\photos\Tyler-Bar-Set-altview9.jpg
Tyler-Bar-Set-altview8.jpg,942368,2026-07-20T10:52:40,C:\Users\erink\OneDrive\Documents\GitHub\mccabe-site\vspfiles\photos\Tyler-Bar-Set-altview8.jpg
Tyler-Bar-Set-altview7.jpg,904790,2026-07-20T10:52:40,C:\Users\erink\OneDrive\Documents\GitHub\mccabe-site\vspfiles\photos\Tyler-Bar-Set-altview7.jpg
Tyler-Bar-Set-altview6.jpg,1057482,2026-07-20T10:52:40,C:\Users\erink\OneDrive\Documents\GitHub\mccabe-site\vspfiles\photos\Tyler-Bar-Set-altview6.jpg
Tyler-Bar-Set-altview5.jpg,1170247,2026-07-20T10:52:40,C:\Users\erink\OneDrive\Documents\GitHub\mccabe-site\vspfiles\photos\Tyler-Bar-Set-altview5.jpg
Tyler-Bar-Set-altview4.jpg,951475,2026-07-20T10:52:40,C:\Users\erink\OneDrive\Documents\GitHub\mccabe-site\vspfiles\photos\Tyler-Bar-Set-altview4.jpg
Tyler-Bar-Set-altview30.jpg,737794,2026-07-20T10:52:40,C:\Users\erink\OneDrive\Documents\GitHub\mccabe-site\vspfiles\photos\Tyler-Bar-Set-altview30.jpg
Tyler-Bar-Set-altview3.jpg,992399,2026-07-20T10:52:40,C:\Users\erink\OneDrive\Documents\GitHub\mccabe-site\vspfiles\photos\Tyler-Bar-Set-altview3.jpg
Tyler-Bar-Set-altview29.jpg,801264,2026-07-20T10:52:40,C:\Users\erink\OneDrive\Documents\GitHub\mccabe-site\vspfiles\photos\Tyler-Bar-Set-altview29.jpg
Tyler-Bar-Set-altview28.jpg,265789,2026-07-20T10:52:40,C:\Users\erink\OneDrive\Documents\GitHub\mccabe-site\vspfiles\photos\Tyler-Bar-Set-altview28.jpg
Tyler-Bar-Set-altview27.jpg,737338,2026-07-20T10:52:40,C:\Users\erink\OneDrive\Documents\GitHub\mccabe-site\vspfiles\photos\Tyler-Bar-Set-altview27.jpg
Tyler-Bar-Set-altview26.jpg,836099,2026-07-20T10:52:40,C:\Users\erink\OneDrive\Documents\GitHub\mccabe-site\vspfiles\photos\Tyler-Bar-Set-altview26.jpg
Tyler-Bar-Set-altview25.jpg,523279,2026-07-20T10:52:40,C:\Users\erink\OneDrive\Documents\GitHub\mccabe-site\vspfiles\photos\Tyler-Bar-Set-altview25.jpg
Tyler-Bar-Set-altview24.jpg,992443,2026-07-20T10:52:40,C:\Users\erink\OneDrive\Documents\GitHub\mccabe-site\vspfiles\photos\Tyler-Bar-Set-altview24.jpg
Tyler-Bar-Set-altview23.jpg,677123,2026-07-20T10:52:40,C:\Users\erink\OneDrive\Documents\GitHub\mccabe-site\vspfiles\photos\Tyler-Bar-Set-altview23.jpg
Tyler-Bar-Set-altview22.jpg,626706,2026-07-20T10:52:40,C:\Users\erink\OneDrive\Documents\GitHub\mccabe-site\vspfiles\photos\Tyler-Bar-Set-altview22.jpg
Tyler-Bar-Set-altview21.jpg,492396,2026-07-20T10:52:40,C:\Users\erink\OneDrive\Documents\GitHub\mccabe-site\vspfiles\photos\Tyler-Bar-Set-altview21.jpg
Tyler-Bar-Set-altview20.jpg,381654,2026-07-20T10:52:40,C:\Users\erink\OneDrive\Documents\GitHub\mccabe-site\vspfiles\photos\Tyler-Bar-Set-altview20.jpg
Tyler-Bar-Set-altview2.jpg,1059181,2026-07-20T10:52:40,C:\Users\erink\OneDrive\Documents\GitHub\mccabe-site\vspfiles\photos\Tyler-Bar-Set-altview2.jpg
Tyler-Bar-Set-altview19.jpg,265574,2026-07-20T10:52:40,C:\Users\erink\OneDrive\Documents\GitHub\mccabe-site\vspfiles\photos\Tyler-Bar-Set-altview19.jpg
Tyler-Bar-Set-altview18.jpg,197772,2026-07-20T10:52:40,C:\Users\erink\OneDrive\Documents\GitHub\mccabe-site\vspfiles\photos\Tyler-Bar-Set-altview18.jpg
Tyler-Bar-Set-altview17.jpg,346412,2026-07-20T10:52:40,C:\Users\erink\OneDrive\Documents\GitHub\mccabe-site\vspfiles\photos\Tyler-Bar-Set-altview17.jpg
Tyler-Bar-Set-altview16.jpg,133643,2026-07-20T10:52:40,C:\Users\erink\OneDrive\Documents\GitHub\mccabe-site\vspfiles\photos\Tyler-Bar-Set-altview16.jpg
Tyler-Bar-Set-altview15.jpg,194890,2026-07-20T10:52:40,C:\Users\erink\OneDrive\Documents\GitHub\mccabe-site\vspfiles\photos\Tyler-Bar-Set-altview15.jpg
Tyler-Bar-Set-altview14.jpg,185284,2026-07-20T10:52:40,C:\Users\erink\OneDrive\Documents\GitHub\mccabe-site\vspfiles\photos\Tyler-Bar-Set-altview14.jpg
Tyler-Bar-Set-altview13.jpg,352947,2026-07-20T10:52:40,C:\Users\erink\OneDrive\Documents\GitHub\mccabe-site\vspfiles\photos\Tyler-Bar-Set-altview13.jpg
Tyler-Bar-Set-altview12.jpg,425026,2026-07-20T10:52:40,C:\Users\erink\OneDrive\Documents\GitHub\mccabe-site\vspfiles\photos\Tyler-Bar-Set-altview12.jpg
Tyler-Bar-Set-altview11.jpg,627161,2026-07-20T10:52:40,C:\Users\erink\OneDrive\Documents\GitHub\mccabe-site\vspfiles\photos\Tyler-Bar-Set-altview11.jpg
Tyler-Bar-Set-altview10.jpg,742031,2026-07-20T10:52:40,C:\Users\erink\OneDrive\Documents\GitHub\mccabe-site\vspfiles\photos\Tyler-Bar-Set-altview10.jpg
Tyler-Bar-Set-altview1.jpg,1034703,2026-07-20T10:52:40,C:\Users\erink\OneDrive\Documents\GitHub\mccabe-site\vspfiles\photos\Tyler-Bar-Set-altview1.jpg
Tamara-Outdoor-Sectional-altview9.jpg,347547,2026-07-20T10:52:40,C:\Users\erink\OneDrive\Documents\GitHub\mccabe-site\vspfiles\photos\Tamara-Outdoor-Sectional-altview9.jpg
Tamara-Outdoor-Sectional-altview8.jpg,251671,2026-07-20T10:52:40,C:\Users\erink\OneDrive\Documents\GitHub\mccabe-site\vspfiles\photos\Tamara-Outdoor-Sectional-altview8.jpg
Tamara-Outdoor-Sectional-altview7.jpg,408629,2026-07-20T10:52:40,C:\Users\erink\OneDrive\Documents\GitHub\mccabe-site\vspfiles\photos\Tamara-Outdoor-Sectional-altview7.jpg
Tamara-Outdoor-Sectional-altview6.jpg,699688,2026-07-20T10:52:40,C:\Users\erink\OneDrive\Documents\GitHub\mccabe-site\vspfiles\photos\Tamara-Outdoor-Sectional-altview6.jpg
Tamara-Outdoor-Sectional-altview5.jpg,679764,2026-07-20T10:52:40,C:\Users\erink\OneDrive\Documents\GitHub\mccabe-site\vspfiles\photos\Tamara-Outdoor-Sectional-altview5.jpg
Tamara-Outdoor-Sectional-altview4.jpg,330552,2026-07-20T10:52:39,C:\Users\erink\OneDrive\Documents\GitHub\mccabe-site\vspfiles\photos\Tamara-Outdoor-Sectional-altview4.jpg
Tamara-Outdoor-Sectional-altview31.jpg,793980,2026-07-20T10:52:39,C:\Users\erink\OneDrive\Documents\GitHub\mccabe-site\vspfiles\photos\Tamara-Outdoor-Sectional-altview31.jpg
Tamara-Outdoor-Sectional-altview30.jpg,440089,2026-07-20T10:52:39,C:\Users\erink\OneDrive\Documents\GitHub\mccabe-site\vspfiles\photos\Tamara-Outdoor-Sectional-altview30.jpg
Tamara-Outdoor-Sectional-altview3.jpg,628329,2026-07-20T10:52:39,C:\Users\erink\OneDrive\Documents\GitHub\mccabe-site\vspfiles\photos\Tamara-Outdoor-Sectional-altview3.jpg
Tamara-Outdoor-Sectional-altview29.jpg,394029,2026-07-20T10:52:39,C:\Users\erink\OneDrive\Documents\GitHub\mccabe-site\vspfiles\photos\Tamara-Outdoor-Sectional-altview29.jpg
Tamara-Outdoor-Sectional-altview28.jpg,669802,2026-07-20T10:52:39,C:\Users\erink\OneDrive\Documents\GitHub\mccabe-site\vspfiles\photos\Tamara-Outdoor-Sectional-altview28.jpg
Tamara-Outdoor-Sectional-altview27.jpg,503637,2026-07-20T10:52:39,C:\Users\erink\OneDrive\Documents\GitHub\mccabe-site\vspfiles\photos\Tamara-Outdoor-Sectional-altview27.jpg
Tamara-Outdoor-Sectional-altview26.jpg,265789,2026-07-20T10:52:39,C:\Users\erink\OneDrive\Documents\GitHub\mccabe-site\vspfiles\photos\Tamara-Outdoor-Sectional-altview26.jpg
Tamara-Outdoor-Sectional-altview25.jpg,486088,2026-07-20T10:52:39,C:\Users\erink\OneDrive\Documents\GitHub\mccabe-site\vspfiles\photos\Tamara-Outdoor-Sectional-altview25.jpg
Tamara-Outdoor-Sectional-altview24.jpg,489823,2026-07-20T10:52:39,C:\Users\erink\OneDrive\Documents\GitHub\mccabe-site\vspfiles\photos\Tamara-Outdoor-Sectional-altview24.jpg
Tamara-Outdoor-Sectional-altview23.jpg,466254,2026-07-20T10:52:39,C:\Users\erink\OneDrive\Documents\GitHub\mccabe-site\vspfiles\photos\Tamara-Outdoor-Sectional-altview23.jpg
Tamara-Outdoor-Sectional-altview22.jpg,519947,2026-07-20T10:52:39,C:\Users\erink\OneDrive\Documents\GitHub\mccabe-site\vspfiles\photos\Tamara-Outdoor-Sectional-altview22.jpg
Tamara-Outdoor-Sectional-altview21.jpg,751389,2026-07-20T10:52:39,C:\Users\erink\OneDrive\Documents\GitHub\mccabe-site\vspfiles\photos\Tamara-Outdoor-Sectional-altview21.jpg
Tamara-Outdoor-Sectional-altview20.jpg,679680,2026-07-20T10:52:39,C:\Users\erink\OneDrive\Documents\GitHub\mccabe-site\vspfiles\photos\Tamara-Outdoor-Sectional-altview20.jpg
Tamara-Outdoor-Sectional-altview2.jpg,915023,2026-07-20T10:52:39,C:\Users\erink\OneDrive\Documents\GitHub\mccabe-site\vspfiles\photos\Tamara-Outdoor-Sectional-altview2.jpg
Tamara-Outdoor-Sectional-altview19.jpg,478401,2026-07-20T10:52:39,C:\Users\erink\OneDrive\Documents\GitHub\mccabe-site\vspfiles\photos\Tamara-Outdoor-Sectional-altview19.jpg
Tamara-Outdoor-Sectional-altview18.jpg,681288,2026-07-20T10:52:39,C:\Users\erink\OneDrive\Documents\GitHub\mccabe-site\vspfiles\photos\Tamara-Outdoor-Sectional-altview18.jpg
Tamara-Outdoor-Sectional-altview17.jpg,649835,2026-07-20T10:52:39,C:\Users\erink\OneDrive\Documents\GitHub\mccabe-site\vspfiles\photos\Tamara-Outdoor-Sectional-altview17.jpg
Tamara-Outdoor-Sectional-altview16.jpg,459315,2026-07-20T10:52:39,C:\Users\erink\OneDrive\Documents\GitHub\mccabe-site\vspfiles\photos\Tamara-Outdoor-Sectional-altview16.jpg
Tamara-Outdoor-Sectional-altview15.jpg,408222,2026-07-20T10:52:39,C:\Users\erink\OneDrive\Documents\GitHub\mccabe-site\vspfiles\photos\Tamara-Outdoor-Sectional-altview15.jpg
Tamara-Outdoor-Sectional-altview14.jpg,456832,2026-07-20T10:52:39,C:\Users\erink\OneDrive\Documents\GitHub\mccabe-site\vspfiles\photos\Tamara-Outdoor-Sectional-altview14.jpg
Tamara-Outdoor-Sectional-altview13.jpg,480811,2026-07-20T10:52:39,C:\Users\erink\OneDrive\Documents\GitHub\mccabe-site\vspfiles\photos\Tamara-Outdoor-Sectional-altview13.jpg
Tamara-Outdoor-Sectional-altview12.jpg,429423,2026-07-20T10:52:39,C:\Users\erink\OneDrive\Documents\GitHub\mccabe-site\vspfiles\photos\Tamara-Outdoor-Sectional-altview12.jpg
Tamara-Outdoor-Sectional-altview11.jpg,405788,2026-07-20T10:52:39,C:\Users\erink\OneDrive\Documents\GitHub\mccabe-site\vspfiles\photos\Tamara-Outdoor-Sectional-altview11.jpg
Tamara-Outdoor-Sectional-altview10.jpg,468369,2026-07-20T10:52:39,C:\Users\erink\OneDrive\Documents\GitHub\mccabe-site\vspfiles\photos\Tamara-Outdoor-Sectional-altview10.jpg
Tamara-Outdoor-Sectional-altview1.jpg,922017,2026-07-20T10:52:39,C:\Users\erink\OneDrive\Documents\GitHub\mccabe-site\vspfiles\photos\Tamara-Outdoor-Sectional-altview1.jpg
Sapphire-Sleep-Cal-King-altview8.jpg,744375,2026-07-20T10:52:39,C:\Users\erink\OneDrive\Documents\GitHub\mccabe-site\vspfiles\photos\Sapphire-Sleep-Cal-King-altview8.jpg
Sapphire-Sleep-Cal-King-altview7.jpg,1040646,2026-07-20T10:52:39,C:\Users\erink\OneDrive\Documents\GitHub\mccabe-site\vspfiles\photos\Sapphire-Sleep-Cal-King-altview7.jpg
Sapphire-Sleep-Cal-King-altview6.jpg,669802,2026-07-20T10:52:39,C:\Users\erink\OneDrive\Documents\GitHub\mccabe-site\vspfiles\photos\Sapphire-Sleep-Cal-King-altview6.jpg
Sapphire-Sleep-Cal-King-altview5.jpg,523279,2026-07-20T10:52:39,C:\Users\erink\OneDrive\Documents\GitHub\mccabe-site\vspfiles\photos\Sapphire-Sleep-Cal-King-altview5.jpg
Sapphire-Sleep-Cal-King-altview4.jpg,1037421,2026-07-20T10:52:39,C:\Users\erink\OneDrive\Documents\GitHub\mccabe-site\vspfiles\photos\Sapphire-Sleep-Cal-King-altview4.jpg
Sapphire-Sleep-Cal-King-altview3.jpg,881377,2026-07-20T10:52:39,C:\Users\erink\OneDrive\Documents\GitHub\mccabe-site\vspfiles\photos\Sapphire-Sleep-Cal-King-altview3.jpg
Sapphire-Sleep-Cal-King-altview2.jpg,68273,2026-07-20T10:52:39,C:\Users\erink\OneDrive\Documents\GitHub\mccabe-site\vspfiles\photos\Sapphire-Sleep-Cal-King-altview2.jpg
Sapphire-Sleep-Cal-King-altview1.jpg,760233,2026-07-20T10:52:39,C:\Users\erink\OneDrive\Documents\GitHub\mccabe-site\vspfiles\photos\Sapphire-Sleep-Cal-King-altview1.jpg
SS-ZENITH-PWR-CONSOLE-SOFA-altview9.jpg,261694,2026-07-20T10:52:39,C:\Users\erink\OneDrive\Documents\GitHub\mccabe-site\vspfiles\photos\SS-ZENITH-PWR-CONSOLE-SOFA-altview9.jpg
SS-ZENITH-PWR-CONSOLE-SOFA-altview8.jpg,128619,2026-07-20T10:52:39,C:\Users\erink\OneDrive\Documents\GitHub\mccabe-site\vspfiles\photos\SS-ZENITH-PWR-CONSOLE-SOFA-altview8.jpg
SS-ZENITH-PWR-CONSOLE-SOFA-altview7.jpg,140694,2026-07-20T10:52:39,C:\Users\erink\OneDrive\Documents\GitHub\mccabe-site\vspfiles\photos\SS-ZENITH-PWR-CONSOLE-SOFA-altview7.jpg
SS-ZENITH-PWR-CONSOLE-SOFA-altview6.jpg,129018,2026-07-20T10:52:39,C:\Users\erink\OneDrive\Documents\GitHub\mccabe-site\vspfiles\photos\SS-ZENITH-PWR-CONSOLE-SOFA-altview6.jpg
SS-ZENITH-PWR-CONSOLE-SOFA-altview5.jpg,432676,2026-07-20T10:52:39,C:\Users\erink\OneDrive\Documents\GitHub\mccabe-site\vspfiles\photos\SS-ZENITH-PWR-CONSOLE-SOFA-altview5.jpg
SS-ZENITH-PWR-CONSOLE-SOFA-altview4.jpg,475257,2026-07-20T10:52:39,C:\Users\erink\OneDrive\Documents\GitHub\mccabe-site\vspfiles\photos\SS-ZENITH-PWR-CONSOLE-SOFA-altview4.jpg
SS-SIG900QFB-altview6.jpg,464223,2026-07-20T10:52:39,C:\Users\erink\OneDrive\Documents\GitHub\mccabe-site\vspfiles\photos\SS-SIG900QFB-altview6.jpg
SS-SIG900NS-altview9.jpg,202956,2026-07-20T10:52:39,C:\Users\erink\OneDrive\Documents\GitHub\mccabe-site\vspfiles\photos\SS-SIG900NS-altview9.jpg
SS-SIG900NS-altview13.jpg,139540,2026-07-20T10:52:39,C:\Users\erink\OneDrive\Documents\GitHub\mccabe-site\vspfiles\photos\SS-SIG900NS-altview13.jpg
SS-SIG900NS-altview12.jpg,464223,2026-07-20T10:52:39,C:\Users\erink\OneDrive\Documents\GitHub\mccabe-site\vspfiles\photos\SS-SIG900NS-altview12.jpg
SS-SIG900NS-altview11.jpg,174925,2026-07-20T10:52:39,C:\Users\erink\OneDrive\Documents\GitHub\mccabe-site\vspfiles\photos\SS-SIG900NS-altview11.jpg
SS-SIG900NS-altview10.jpg,197216,2026-07-20T10:52:39,C:\Users\erink\OneDrive\Documents\GitHub\mccabe-site\vspfiles\photos\SS-SIG900NS-altview10.jpg
SS-SIG900KFB-altview7.jpg,239178,2026-07-20T10:52:39,C:\Users\erink\OneDrive\Documents\GitHub\mccabe-site\vspfiles\photos\SS-SIG900KFB-altview7.jpg
SS-SIG900KFB-altview6.jpg,230200,2026-07-20T10:52:39,C:\Users\erink\OneDrive\Documents\GitHub\mccabe-site\vspfiles\photos\SS-SIG900KFB-altview6.jpg
SS-SIG900KFB-altview5.jpg,268636,2026-07-20T10:52:39,C:\Users\erink\OneDrive\Documents\GitHub\mccabe-site\vspfiles\photos\SS-SIG900KFB-altview5.jpg
SS-SIG900KFB-altview4.jpg,246322,2026-07-20T10:52:39,C:\Users\erink\OneDrive\Documents\GitHub\mccabe-site\vspfiles\photos\SS-SIG900KFB-altview4.jpg
SS-SIG900KFB-altview3.jpg,229683,2026-07-20T10:52:39,C:\Users\erink\OneDrive\Documents\GitHub\mccabe-site\vspfiles\photos\SS-SIG900KFB-altview3.jpg
SS-SIG900KFB-altview2.jpg,136711,2026-07-20T10:52:39,C:\Users\erink\OneDrive\Documents\GitHub\mccabe-site\vspfiles\photos\SS-SIG900KFB-altview2.jpg
SS-SIG900DR-altview9.jpg,137104,2026-07-20T10:52:39,C:\Users\erink\OneDrive\Documents\GitHub\mccabe-site\vspfiles\photos\SS-SIG900DR-altview9.jpg
SS-SIG900DR-altview10.jpg,230200,2026-07-20T10:52:39,C:\Users\erink\OneDrive\Documents\GitHub\mccabe-site\vspfiles\photos\SS-SIG900DR-altview10.jpg
SS-SIG900C-altview9.jpg,122512,2026-07-20T10:52:39,C:\Users\erink\OneDrive\Documents\GitHub\mccabe-site\vspfiles\photos\SS-SIG900C-altview9.jpg
SS-SIG900C-altview10.jpg,464223,2026-07-20T10:52:39,C:\Users\erink\OneDrive\Documents\GitHub\mccabe-site\vspfiles\photos\SS-SIG900C-altview10.jpg
SS-RV900QFB-altview9.jpg,137104,2026-07-20T10:52:39,C:\Users\erink\OneDrive\Documents\GitHub\mccabe-site\vspfiles\photos\SS-RV900QFB-altview9.jpg
SS-RV900QFB-altview8.jpg,230200,2026-07-20T10:52:39,C:\Users\erink\OneDrive\Documents\GitHub\mccabe-site\vspfiles\photos\SS-RV900QFB-altview8.jpg
SS-RV900NS-altview9.jpg,188200,2026-07-20T10:52:39,C:\Users\erink\OneDrive\Documents\GitHub\mccabe-site\vspfiles\photos\SS-RV900NS-altview9.jpg
SS-RV900NS-altview8.jpg,405133,2026-07-20T10:52:39,C:\Users\erink\OneDrive\Documents\GitHub\mccabe-site\vspfiles\photos\SS-RV900NS-altview8.jpg
SS-RV900NS-altview7.jpg,414567,2026-07-20T10:52:39,C:\Users\erink\OneDrive\Documents\GitHub\mccabe-site\vspfiles\photos\SS-RV900NS-altview7.jpg
SS-RV900NS-altview6.jpg,310435,2026-07-20T10:52:39,C:\Users\erink\OneDrive\Documents\GitHub\mccabe-site\vspfiles\photos\SS-RV900NS-altview6.jpg
SS-RV900NS-altview5.jpg,302227,2026-07-20T10:52:39,C:\Users\erink\OneDrive\Documents\GitHub\mccabe-site\vspfiles\photos\SS-RV900NS-altview5.jpg
SS-RV900NS-altview4.jpg,487474,2026-07-20T10:52:39,C:\Users\erink\OneDrive\Documents\GitHub\mccabe-site\vspfiles\photos\SS-RV900NS-altview4.jpg
SS-RV900M-altview9.jpg,239178,2026-07-20T10:52:39,C:\Users\erink\OneDrive\Documents\GitHub\mccabe-site\vspfiles\photos\SS-RV900M-altview9.jpg
SS-RV900M-altview8.jpg,137104,2026-07-20T10:52:39,C:\Users\erink\OneDrive\Documents\GitHub\mccabe-site\vspfiles\photos\SS-RV900M-altview8.jpg
SS-RV900M-altview7.jpg,92126,2026-07-20T10:52:39,C:\Users\erink\OneDrive\Documents\GitHub\mccabe-site\vspfiles\photos\SS-RV900M-altview7.jpg
SS-RV900M-altview6.jpg,89389,2026-07-20T10:52:39,C:\Users\erink\OneDrive\Documents\GitHub\mccabe-site\vspfiles\photos\SS-RV900M-altview6.jpg
SS-RV900M-altview5.jpg,76513,2026-07-20T10:52:39,C:\Users\erink\OneDrive\Documents\GitHub\mccabe-site\vspfiles\photos\SS-RV900M-altview5.jpg
SS-RV900M-altview4.jpg,125391,2026-07-20T10:52:39,C:\Users\erink\OneDrive\Documents\GitHub\mccabe-site\vspfiles\photos\SS-RV900M-altview4.jpg
SS-RV900M-altview3.jpg,153514,2026-07-20T10:52:39,C:\Users\erink\OneDrive\Documents\GitHub\mccabe-site\vspfiles\photos\SS-RV900M-altview3.jpg
SS-RV900M-altview2.jpg,74485,2026-07-20T10:52:39,C:\Users\erink\OneDrive\Documents\GitHub\mccabe-site\vspfiles\photos\SS-RV900M-altview2.jpg
SS-RV900KFB-altview9.jpg,188200,2026-07-20T10:52:39,C:\Users\erink\OneDrive\Documents\GitHub\mccabe-site\vspfiles\photos\SS-RV900KFB-altview9.jpg
SS-RV900KFB-altview8.jpg,230200,2026-07-20T10:52:38,C:\Users\erink\OneDrive\Documents\GitHub\mccabe-site\vspfiles\photos\SS-RV900KFB-altview8.jpg
SS-RV900KFB-altview7.jpg,310275,2026-07-20T10:52:38,C:\Users\erink\OneDrive\Documents\GitHub\mccabe-site\vspfiles\photos\SS-RV900KFB-altview7.jpg
SS-RV900KFB-altview6.jpg,285147,2026-07-20T10:52:38,C:\Users\erink\OneDrive\Documents\GitHub\mccabe-site\vspfiles\photos\SS-RV900KFB-altview6.jpg
SS-RV900KFB-altview5.jpg,348261,2026-07-20T10:52:38,C:\Users\erink\OneDrive\Documents\GitHub\mccabe-site\vspfiles\photos\SS-RV900KFB-altview5.jpg
SS-RV900KFB-altview4.jpg,487500,2026-07-20T10:52:38,C:\Users\erink\OneDrive\Documents\GitHub\mccabe-site\vspfiles\photos\SS-RV900KFB-altview4.jpg
SS-RV900DR-altview8.jpg,239178,2026-07-20T10:52:38,C:\Users\erink\OneDrive\Documents\GitHub\mccabe-site\vspfiles\photos\SS-RV900DR-altview8.jpg
SS-RV900DR-altview7.jpg,257493,2026-07-20T10:52:38,C:\Users\erink\OneDrive\Documents\GitHub\mccabe-site\vspfiles\photos\SS-RV900DR-altview7.jpg
SS-RV900C-altview6.jpg,139540,2026-07-20T10:52:38,C:\Users\erink\OneDrive\Documents\GitHub\mccabe-site\vspfiles\photos\SS-RV900C-altview6.jpg
SS-RV900C-altview5.jpg,285647,2026-07-20T10:52:38,C:\Users\erink\OneDrive\Documents\GitHub\mccabe-site\vspfiles\photos\SS-RV900C-altview5.jpg
SS-OLSEN-DOVE-PWR-SOFA-altview9.jpg,323921,2026-07-20T10:52:38,C:\Users\erink\OneDrive\Documents\GitHub\mccabe-site\vspfiles\photos\SS-OLSEN-DOVE-PWR-SOFA-altview9.jpg
SS-OLSEN-DOVE-PWR-SOFA-altview8.jpg,276126,2026-07-20T10:52:38,C:\Users\erink\OneDrive\Documents\GitHub\mccabe-site\vspfiles\photos\SS-OLSEN-DOVE-PWR-SOFA-altview8.jpg
SS-OLSEN-DOVE-PWR-SOFA-altview7.jpg,261421,2026-07-20T10:52:38,C:\Users\erink\OneDrive\Documents\GitHub\mccabe-site\vspfiles\photos\SS-OLSEN-DOVE-PWR-SOFA-altview7.jpg
SS-OLSEN-DOVE-PWR-SOFA-altview6.jpg,295337,2026-07-20T10:52:38,C:\Users\erink\OneDrive\Documents\GitHub\mccabe-site\vspfiles\photos\SS-OLSEN-DOVE-PWR-SOFA-altview6.jpg
SS-OLSEN-DOVE-PWR-SOFA-altview5.jpg,260648,2026-07-20T10:52:38,C:\Users\erink\OneDrive\Documents\GitHub\mccabe-site\vspfiles\photos\SS-OLSEN-DOVE-PWR-SOFA-altview5.jpg
SS-OLSEN-DOVE-PWR-SOFA-altview4.jpg,279201,2026-07-20T10:52:38,C:\Users\erink\OneDrive\Documents\GitHub\mccabe-site\vspfiles\photos\SS-OLSEN-DOVE-PWR-SOFA-altview4.jpg
SS-OLSEN-DOVE-PWR-SOFA-altview3.jpg,270054,2026-07-20T10:52:38,C:\Users\erink\OneDrive\Documents\GitHub\mccabe-site\vspfiles\photos\SS-OLSEN-DOVE-PWR-SOFA-altview3.jpg
SS-OLSEN-DOVE-PWR-SOFA-altview15.jpg,266451,2026-07-20T10:52:38,C:\Users\erink\OneDrive\Documents\GitHub\mccabe-site\vspfiles\photos\SS-OLSEN-DOVE-PWR-SOFA-altview15.jpg
SS-OLSEN-DOVE-PWR-SOFA-altview14.jpg,142673,2026-07-20T10:52:38,C:\Users\erink\OneDrive\Documents\GitHub\mccabe-site\vspfiles\photos\SS-OLSEN-DOVE-PWR-SOFA-altview14.jpg
SS-OLSEN-DOVE-PWR-SOFA-altview13.jpg,488557,2026-07-20T10:52:38,C:\Users\erink\OneDrive\Documents\GitHub\mccabe-site\vspfiles\photos\SS-OLSEN-DOVE-PWR-SOFA-altview13.jpg
SS-OLSEN-DOVE-PWR-SOFA-altview12.jpg,582262,2026-07-20T10:52:38,C:\Users\erink\OneDrive\Documents\GitHub\mccabe-site\vspfiles\photos\SS-OLSEN-DOVE-PWR-SOFA-altview12.jpg
SS-OLSEN-DOVE-PWR-SOFA-altview11.jpg,505811,2026-07-20T10:52:38,C:\Users\erink\OneDrive\Documents\GitHub\mccabe-site\vspfiles\photos\SS-OLSEN-DOVE-PWR-SOFA-altview11.jpg
SS-OLSEN-DOVE-PWR-SOFA-altview10.jpg,344274,2026-07-20T10:52:38,C:\Users\erink\OneDrive\Documents\GitHub\mccabe-site\vspfiles\photos\SS-OLSEN-DOVE-PWR-SOFA-altview10.jpg
SS-NOAH-GRAY-SLEEPER-SOFA-altview9.jpg,628494,2026-07-20T10:52:38,C:\Users\erink\OneDrive\Documents\GitHub\mccabe-site\vspfiles\photos\SS-NOAH-GRAY-SLEEPER-SOFA-altview9.jpg
SS-NOAH-GRAY-SLEEPER-SOFA-altview22.jpg,329174,2026-07-20T10:52:38,C:\Users\erink\OneDrive\Documents\GitHub\mccabe-site\vspfiles\photos\SS-NOAH-GRAY-SLEEPER-SOFA-altview22.jpg
SS-NOAH-GRAY-SLEEPER-SOFA-altview21.jpg,142673,2026-07-20T10:52:38,C:\Users\erink\OneDrive\Documents\GitHub\mccabe-site\vspfiles\photos\SS-NOAH-GRAY-SLEEPER-SOFA-altview21.jpg
SS-NOAH-GRAY-SLEEPER-SOFA-altview20.jpg,613618,2026-07-20T10:52:38,C:\Users\erink\OneDrive\Documents\GitHub\mccabe-site\vspfiles\photos\SS-NOAH-GRAY-SLEEPER-SOFA-altview20.jpg
SS-NOAH-GRAY-SLEEPER-SOFA-altview19.jpg,682552,2026-07-20T10:52:38,C:\Users\erink\OneDrive\Documents\GitHub\mccabe-site\vspfiles\photos\SS-NOAH-GRAY-SLEEPER-SOFA-altview19.jpg
SS-NOAH-GRAY-SLEEPER-SOFA-altview18.jpg,470663,2026-07-20T10:52:38,C:\Users\erink\OneDrive\Documents\GitHub\mccabe-site\vspfiles\photos\SS-NOAH-GRAY-SLEEPER-SOFA-altview18.jpg
SS-NOAH-GRAY-SLEEPER-SOFA-altview17.jpg,726834,2026-07-20T10:52:38,C:\Users\erink\OneDrive\Documents\GitHub\mccabe-site\vspfiles\photos\SS-NOAH-GRAY-SLEEPER-SOFA-altview17.jpg
SS-NOAH-GRAY-SLEEPER-SOFA-altview16.jpg,662935,2026-07-20T10:52:38,C:\Users\erink\OneDrive\Documents\GitHub\mccabe-site\vspfiles\photos\SS-NOAH-GRAY-SLEEPER-SOFA-altview16.jpg
SS-NOAH-GRAY-SLEEPER-SOFA-altview15.jpg,653240,2026-07-20T10:52:38,C:\Users\erink\OneDrive\Documents\GitHub\mccabe-site\vspfiles\photos\SS-NOAH-GRAY-SLEEPER-SOFA-altview15.jpg
SS-NOAH-GRAY-SLEEPER-SOFA-altview14.jpg,472939,2026-07-20T10:52:38,C:\Users\erink\OneDrive\Documents\GitHub\mccabe-site\vspfiles\photos\SS-NOAH-GRAY-SLEEPER-SOFA-altview14.jpg
SS-NOAH-GRAY-SLEEPER-SOFA-altview13.jpg,438502,2026-07-20T10:52:38,C:\Users\erink\OneDrive\Documents\GitHub\mccabe-site\vspfiles\photos\SS-NOAH-GRAY-SLEEPER-SOFA-altview13.jpg
SS-NOAH-GRAY-SLEEPER-SOFA-altview12.jpg,442891,2026-07-20T10:52:38,C:\Users\erink\OneDrive\Documents\GitHub\mccabe-site\vspfiles\photos\SS-NOAH-GRAY-SLEEPER-SOFA-altview12.jpg
SS-NOAH-GRAY-SLEEPER-SOFA-altview11.jpg,442094,2026-07-20T10:52:38,C:\Users\erink\OneDrive\Documents\GitHub\mccabe-site\vspfiles\photos\SS-NOAH-GRAY-SLEEPER-SOFA-altview11.jpg
SS-NOAH-GRAY-SLEEPER-SOFA-altview10.jpg,597657,2026-07-20T10:52:38,C:\Users\erink\OneDrive\Documents\GitHub\mccabe-site\vspfiles\photos\SS-NOAH-GRAY-SLEEPER-SOFA-altview10.jpg
SS-LUNA-CHAR-PWR-SOFA-altview9.jpg,277553,2026-07-20T10:52:38,C:\Users\erink\OneDrive\Documents\GitHub\mccabe-site\vspfiles\photos\SS-LUNA-CHAR-PWR-SOFA-altview9.jpg
SS-LUNA-CHAR-PWR-SOFA-altview8.jpg,397573,2026-07-20T10:52:38,C:\Users\erink\OneDrive\Documents\GitHub\mccabe-site\vspfiles\photos\SS-LUNA-CHAR-PWR-SOFA-altview8.jpg
SS-LUNA-CHAR-PWR-SOFA-altview7.jpg,404136,2026-07-20T10:52:38,C:\Users\erink\OneDrive\Documents\GitHub\mccabe-site\vspfiles\photos\SS-LUNA-CHAR-PWR-SOFA-altview7.jpg
SS-LUNA-CHAR-PWR-SOFA-altview6.jpg,491685,2026-07-20T10:52:38,C:\Users\erink\OneDrive\Documents\GitHub\mccabe-site\vspfiles\photos\SS-LUNA-CHAR-PWR-SOFA-altview6.jpg
SS-LUNA-CHAR-PWR-SOFA-altview5.jpg,554141,2026-07-20T10:52:38,C:\Users\erink\OneDrive\Documents\GitHub\mccabe-site\vspfiles\photos\SS-LUNA-CHAR-PWR-SOFA-altview5.jpg
SS-LUNA-CHAR-PWR-SOFA-altview4.jpg,477465,2026-07-20T10:52:38,C:\Users\erink\OneDrive\Documents\GitHub\mccabe-site\vspfiles\photos\SS-LUNA-CHAR-PWR-SOFA-altview4.jpg
SS-LUNA-CHAR-PWR-SOFA-altview3.jpg,519514,2026-07-20T10:52:38,C:\Users\erink\OneDrive\Documents\GitHub\mccabe-site\vspfiles\photos\SS-LUNA-CHAR-PWR-SOFA-altview3.jpg
SS-LUNA-CHAR-PWR-SOFA-altview2.jpg,541858,2026-07-20T10:52:38,C:\Users\erink\OneDrive\Documents\GitHub\mccabe-site\vspfiles\photos\SS-LUNA-CHAR-PWR-SOFA-altview2.jpg
SS-LUNA-CHAR-PWR-SOFA-altview17.jpg,519761,2026-07-20T10:52:38,C:\Users\erink\OneDrive\Documents\GitHub\mccabe-site\vspfiles\photos\SS-LUNA-CHAR-PWR-SOFA-altview17.jpg
SS-LUNA-CHAR-PWR-SOFA-altview16.jpg,256727,2026-07-20T10:52:38,C:\Users\erink\OneDrive\Documents\GitHub\mccabe-site\vspfiles\photos\SS-LUNA-CHAR-PWR-SOFA-altview16.jpg
SS-LUNA-CHAR-PWR-SOFA-altview15.jpg,187558,2026-07-20T10:52:38,C:\Users\erink\OneDrive\Documents\GitHub\mccabe-site\vspfiles\photos\SS-LUNA-CHAR-PWR-SOFA-altview15.jpg
SS-LUNA-CHAR-PWR-SOFA-altview14.jpg,351592,2026-07-20T10:52:38,C:\Users\erink\OneDrive\Documents\GitHub\mccabe-site\vspfiles\photos\SS-LUNA-CHAR-PWR-SOFA-altview14.jpg
SS-LUNA-CHAR-PWR-SOFA-altview13.jpg,378999,2026-07-20T10:52:38,C:\Users\erink\OneDrive\Documents\GitHub\mccabe-site\vspfiles\photos\SS-LUNA-CHAR-PWR-SOFA-altview13.jpg
SS-LUNA-CHAR-PWR-SOFA-altview12.jpg,218187,2026-07-20T10:52:38,C:\Users\erink\OneDrive\Documents\GitHub\mccabe-site\vspfiles\photos\SS-LUNA-CHAR-PWR-SOFA-altview12.jpg
SS-LUNA-CHAR-PWR-SOFA-altview11.jpg,274374,2026-07-20T10:52:38,C:\Users\erink\OneDrive\Documents\GitHub\mccabe-site\vspfiles\photos\SS-LUNA-CHAR-PWR-SOFA-altview11.jpg
SS-LUNA-CHAR-PWR-SOFA-altview10.jpg,272075,2026-07-20T10:52:38,C:\Users\erink\OneDrive\Documents\GitHub\mccabe-site\vspfiles\photos\SS-LUNA-CHAR-PWR-SOFA-altview10.jpg
SS-LUNA-CHAR-PWR-SOFA-altview1.jpg,553628,2026-07-20T10:52:37,C:\Users\erink\OneDrive\Documents\GitHub\mccabe-site\vspfiles\photos\SS-LUNA-CHAR-PWR-SOFA-altview1.jpg
SS-KEILY-BROWN-86SOFA-altview9.jpg,131343,2026-07-20T10:52:37,C:\Users\erink\OneDrive\Documents\GitHub\mccabe-site\vspfiles\photos\SS-KEILY-BROWN-86SOFA-altview9.jpg
SS-KEILY-BROWN-86SOFA-altview2.jpg,346692,2026-07-20T10:52:37,C:\Users\erink\OneDrive\Documents\GitHub\mccabe-site\vspfiles\photos\SS-KEILY-BROWN-86SOFA-altview2.jpg
SS-KEILY-BROWN-86SOFA-altview16.jpg,469656,2026-07-20T10:52:37,C:\Users\erink\OneDrive\Documents\GitHub\mccabe-site\vspfiles\photos\SS-KEILY-BROWN-86SOFA-altview16.jpg
SS-KEILY-BROWN-86SOFA-altview15.jpg,147237,2026-07-20T10:52:37,C:\Users\erink\OneDrive\Documents\GitHub\mccabe-site\vspfiles\photos\SS-KEILY-BROWN-86SOFA-altview15.jpg
SS-KEILY-BROWN-86SOFA-altview14.jpg,94062,2026-07-20T10:52:37,C:\Users\erink\OneDrive\Documents\GitHub\mccabe-site\vspfiles\photos\SS-KEILY-BROWN-86SOFA-altview14.jpg
SS-KEILY-BROWN-86SOFA-altview13.jpg,94111,2026-07-20T10:52:37,C:\Users\erink\OneDrive\Documents\GitHub\mccabe-site\vspfiles\photos\SS-KEILY-BROWN-86SOFA-altview13.jpg
SS-KEILY-BROWN-86SOFA-altview12.jpg,105132,2026-07-20T10:52:37,C:\Users\erink\OneDrive\Documents\GitHub\mccabe-site\vspfiles\photos\SS-KEILY-BROWN-86SOFA-altview12.jpg
SS-KEILY-BROWN-86SOFA-altview11.jpg,134488,2026-07-20T10:52:37,C:\Users\erink\OneDrive\Documents\GitHub\mccabe-site\vspfiles\photos\SS-KEILY-BROWN-86SOFA-altview11.jpg
SS-KEILY-BROWN-86SOFA-altview10.jpg,97822,2026-07-20T10:52:37,C:\Users\erink\OneDrive\Documents\GitHub\mccabe-site\vspfiles\photos\SS-KEILY-BROWN-86SOFA-altview10.jpg
SS-JA500SV-altview9.jpg,535707,2026-07-20T10:52:37,C:\Users\erink\OneDrive\Documents\GitHub\mccabe-site\vspfiles\photos\SS-JA500SV-altview9.jpg
SS-JA500SV-altview8.jpg,89848,2026-07-20T10:52:37,C:\Users\erink\OneDrive\Documents\GitHub\mccabe-site\vspfiles\photos\SS-JA500SV-altview8.jpg
SS-JA500SV-altview7.jpg,39535,2026-07-20T10:52:37,C:\Users\erink\OneDrive\Documents\GitHub\mccabe-site\vspfiles\photos\SS-JA500SV-altview7.jpg
SS-JA500SV-altview6.jpg,80647,2026-07-20T10:52:37,C:\Users\erink\OneDrive\Documents\GitHub\mccabe-site\vspfiles\photos\SS-JA500SV-altview6.jpg
SS-JA500SV-altview5.jpg,84708,2026-07-20T10:52:37,C:\Users\erink\OneDrive\Documents\GitHub\mccabe-site\vspfiles\photos\SS-JA500SV-altview5.jpg
SS-JA500SV-altview4.jpg,246144,2026-07-20T10:52:37,C:\Users\erink\OneDrive\Documents\GitHub\mccabe-site\vspfiles\photos\SS-JA500SV-altview4.jpg
SS-JA500SV-altview3.jpg,365861,2026-07-20T10:52:37,C:\Users\erink\OneDrive\Documents\GitHub\mccabe-site\vspfiles\photos\SS-JA500SV-altview3.jpg
SS-JA500SV-altview2.jpg,517724,2026-07-20T10:52:37,C:\Users\erink\OneDrive\Documents\GitHub\mccabe-site\vspfiles\photos\SS-JA500SV-altview2.jpg
SS-JA500SV-altview13.jpg,473769,2026-07-20T10:52:37,C:\Users\erink\OneDrive\Documents\GitHub\mccabe-site\vspfiles\photos\SS-JA500SV-altview13.jpg
SS-JA500SV-altview12.jpg,121281,2026-07-20T10:52:37,C:\Users\erink\OneDrive\Documents\GitHub\mccabe-site\vspfiles\photos\SS-JA500SV-altview12.jpg
SS-JA500SV-altview11.jpg,118705,2026-07-20T10:52:37,C:\Users\erink\OneDrive\Documents\GitHub\mccabe-site\vspfiles\photos\SS-JA500SV-altview11.jpg
SS-JA500SV-altview10.jpg,72739,2026-07-20T10:52:37,C:\Users\erink\OneDrive\Documents\GitHub\mccabe-site\vspfiles\photos\SS-JA500SV-altview10.jpg
SS-JA500SV-altview1.jpg,230455,2026-07-20T10:52:37,C:\Users\erink\OneDrive\Documents\GitHub\mccabe-site\vspfiles\photos\SS-JA500SV-altview1.jpg
SS-HY500SVB-altview9.jpg,404999,2026-07-20T10:52:37,C:\Users\erink\OneDrive\Documents\GitHub\mccabe-site\vspfiles\photos\SS-HY500SVB-altview9.jpg
SS-HY500SVB-altview8.jpg,291400,2026-07-20T10:52:37,C:\Users\erink\OneDrive\Documents\GitHub\mccabe-site\vspfiles\photos\SS-HY500SVB-altview8.jpg
SS-HY500SVB-altview7.jpg,168554,2026-07-20T10:52:37,C:\Users\erink\OneDrive\Documents\GitHub\mccabe-site\vspfiles\photos\SS-HY500SVB-altview7.jpg
SS-HY500SVB-altview6.jpg,276365,2026-07-20T10:52:37,C:\Users\erink\OneDrive\Documents\GitHub\mccabe-site\vspfiles\photos\SS-HY500SVB-altview6.jpg
SS-HY500SVB-altview5.jpg,272838,2026-07-20T10:52:37,C:\Users\erink\OneDrive\Documents\GitHub\mccabe-site\vspfiles\photos\SS-HY500SVB-altview5.jpg
SS-HY500SVB-altview4.jpg,264226,2026-07-20T10:52:37,C:\Users\erink\OneDrive\Documents\GitHub\mccabe-site\vspfiles\photos\SS-HY500SVB-altview4.jpg
SS-HY500SVB-altview3.jpg,274061,2026-07-20T10:52:37,C:\Users\erink\OneDrive\Documents\GitHub\mccabe-site\vspfiles\photos\SS-HY500SVB-altview3.jpg
SS-HY500SVB-altview2.jpg,216007,2026-07-20T10:52:37,C:\Users\erink\OneDrive\Documents\GitHub\mccabe-site\vspfiles\photos\SS-HY500SVB-altview2.jpg
SS-HY500SVB-altview14.jpg,37006,2026-07-20T10:52:37,C:\Users\erink\OneDrive\Documents\GitHub\mccabe-site\vspfiles\photos\SS-HY500SVB-altview14.jpg
SS-HY500SVB-altview13.jpg,145970,2026-07-20T10:52:37,C:\Users\erink\OneDrive\Documents\GitHub\mccabe-site\vspfiles\photos\SS-HY500SVB-altview13.jpg
SS-HY500SVB-altview12.jpg,80940,2026-07-20T10:52:37,C:\Users\erink\OneDrive\Documents\GitHub\mccabe-site\vspfiles\photos\SS-HY500SVB-altview12.jpg
SS-HY500SVB-altview11.jpg,84295,2026-07-20T10:52:37,C:\Users\erink\OneDrive\Documents\GitHub\mccabe-site\vspfiles\photos\SS-HY500SVB-altview11.jpg
SS-HY500SVB-altview10.jpg,27689,2026-07-20T10:52:37,C:\Users\erink\OneDrive\Documents\GitHub\mccabe-site\vspfiles\photos\SS-HY500SVB-altview10.jpg
SS-HY500SVB-altview1.jpg,179800,2026-07-20T10:52:37,C:\Users\erink\OneDrive\Documents\GitHub\mccabe-site\vspfiles\photos\SS-HY500SVB-altview1.jpg
SS-HY500SV-altview9.jpg,63770,2026-07-20T10:52:37,C:\Users\erink\OneDrive\Documents\GitHub\mccabe-site\vspfiles\photos\SS-HY500SV-altview9.jpg
SS-HY500SV-altview8.jpg,293349,2026-07-20T10:52:37,C:\Users\erink\OneDrive\Documents\GitHub\mccabe-site\vspfiles\photos\SS-HY500SV-altview8.jpg
SS-HY500SV-altview7.jpg,37633,2026-07-20T10:52:37,C:\Users\erink\OneDrive\Documents\GitHub\mccabe-site\vspfiles\photos\SS-HY500SV-altview7.jpg
SS-HY500SV-altview6.jpg,87537,2026-07-20T10:52:37,C:\Users\erink\OneDrive\Documents\GitHub\mccabe-site\vspfiles\photos\SS-HY500SV-altview6.jpg
SS-HY500SV-altview5.jpg,87589,2026-07-20T10:52:37,C:\Users\erink\OneDrive\Documents\GitHub\mccabe-site\vspfiles\photos\SS-HY500SV-altview5.jpg
SS-HY500SV-altview4.jpg,226305,2026-07-20T10:52:37,C:\Users\erink\OneDrive\Documents\GitHub\mccabe-site\vspfiles\photos\SS-HY500SV-altview4.jpg
SS-HY500SV-altview3.jpg,86412,2026-07-20T10:52:37,C:\Users\erink\OneDrive\Documents\GitHub\mccabe-site\vspfiles\photos\SS-HY500SV-altview3.jpg
SS-HY500SV-altview2.jpg,185088,2026-07-20T10:52:37,C:\Users\erink\OneDrive\Documents\GitHub\mccabe-site\vspfiles\photos\SS-HY500SV-altview2.jpg
SS-HY500SV-altview11.jpg,93934,2026-07-20T10:52:37,C:\Users\erink\OneDrive\Documents\GitHub\mccabe-site\vspfiles\photos\SS-HY500SV-altview11.jpg
SS-HY500SV-altview10.jpg,61072,2026-07-20T10:52:37,C:\Users\erink\OneDrive\Documents\GitHub\mccabe-site\vspfiles\photos\SS-HY500SV-altview10.jpg
SS-HY500SV-altview1.jpg,309612,2026-07-20T10:52:37,C:\Users\erink\OneDrive\Documents\GitHub\mccabe-site\vspfiles\photos\SS-HY500SV-altview1.jpg
SS-HP900QFBW-altview3.jpg,448990,2026-07-20T10:52:37,C:\Users\erink\OneDrive\Documents\GitHub\mccabe-site\vspfiles\photos\SS-HP900QFBW-altview3.jpg
SS-HP900QFBW-altview2.jpg,355617,2026-07-20T10:52:37,C:\Users\erink\OneDrive\Documents\GitHub\mccabe-site\vspfiles\photos\SS-HP900QFBW-altview2.jpg
SS-HP900QFBW-altview1.jpg,125371,2026-07-20T10:52:37,C:\Users\erink\OneDrive\Documents\GitHub\mccabe-site\vspfiles\photos\SS-HP900QFBW-altview1.jpg
SS-HP900QFBD-altview3.jpg,69872,2026-07-20T10:52:37,C:\Users\erink\OneDrive\Documents\GitHub\mccabe-site\vspfiles\photos\SS-HP900QFBD-altview3.jpg
SS-HP900QFBD-altview2.jpg,196966,2026-07-20T10:52:37,C:\Users\erink\OneDrive\Documents\GitHub\mccabe-site\vspfiles\photos\SS-HP900QFBD-altview2.jpg
SS-HP900QFBD-altview1.jpg,122938,2026-07-20T10:52:37,C:\Users\erink\OneDrive\Documents\GitHub\mccabe-site\vspfiles\photos\SS-HP900QFBD-altview1.jpg
SS-HP900NSD-altview5.jpg,105757,2026-07-20T10:52:37,C:\Users\erink\OneDrive\Documents\GitHub\mccabe-site\vspfiles\photos\SS-HP900NSD-altview5.jpg
SS-HP900NSD-altview4.jpg,137104,2026-07-20T10:52:37,C:\Users\erink\OneDrive\Documents\GitHub\mccabe-site\vspfiles\photos\SS-HP900NSD-altview4.jpg
SS-HP900NSD-altview3.jpg,235943,2026-07-20T10:52:37,C:\Users\erink\OneDrive\Documents\GitHub\mccabe-site\vspfiles\photos\SS-HP900NSD-altview3.jpg
SS-HP900NSD-altview2.jpg,230200,2026-07-20T10:52:37,C:\Users\erink\OneDrive\Documents\GitHub\mccabe-site\vspfiles\photos\SS-HP900NSD-altview2.jpg
SS-HP900MRW-altview3.jpg,69872,2026-07-20T10:52:37,C:\Users\erink\OneDrive\Documents\GitHub\mccabe-site\vspfiles\photos\SS-HP900MRW-altview3.jpg
SS-HP900MRW-altview2.jpg,161151,2026-07-20T10:52:37,C:\Users\erink\OneDrive\Documents\GitHub\mccabe-site\vspfiles\photos\SS-HP900MRW-altview2.jpg
SS-HP900MRD-altview3.jpg,448990,2026-07-20T10:52:37,C:\Users\erink\OneDrive\Documents\GitHub\mccabe-site\vspfiles\photos\SS-HP900MRD-altview3.jpg
SS-HP900MRD-altview2.jpg,69872,2026-07-20T10:52:37,C:\Users\erink\OneDrive\Documents\GitHub\mccabe-site\vspfiles\photos\SS-HP900MRD-altview2.jpg
SS-HP900KFBW-altview3.jpg,185146,2026-07-20T10:52:37,C:\Users\erink\OneDrive\Documents\GitHub\mccabe-site\vspfiles\photos\SS-HP900KFBW-altview3.jpg
SS-HP900KFBW-altview2.jpg,161151,2026-07-20T10:52:37,C:\Users\erink\OneDrive\Documents\GitHub\mccabe-site\vspfiles\photos\SS-HP900KFBW-altview2.jpg
SS-HP900KFBW-altview1.jpg,125371,2026-07-20T10:52:37,C:\Users\erink\OneDrive\Documents\GitHub\mccabe-site\vspfiles\photos\SS-HP900KFBW-altview1.jpg
SS-HP900KFBD-altview2.jpg,125371,2026-07-20T10:52:37,C:\Users\erink\OneDrive\Documents\GitHub\mccabe-site\vspfiles\photos\SS-HP900KFBD-altview2.jpg
SS-HP900KFBD-altview1.jpg,122938,2026-07-20T10:52:37,C:\Users\erink\OneDrive\Documents\GitHub\mccabe-site\vspfiles\photos\SS-HP900KFBD-altview1.jpg
SS-HP900CTWT-altview3.jpg,459950,2026-07-20T10:52:37,C:\Users\erink\OneDrive\Documents\GitHub\mccabe-site\vspfiles\photos\SS-HP900CTWT-altview3.jpg
SS-HP900CTDT-altview5.jpg,285647,2026-07-20T10:52:37,C:\Users\erink\OneDrive\Documents\GitHub\mccabe-site\vspfiles\photos\SS-HP900CTDT-altview5.jpg
SS-HP900CTDT-altview4.jpg,217113,2026-07-20T10:52:37,C:\Users\erink\OneDrive\Documents\GitHub\mccabe-site\vspfiles\photos\SS-HP900CTDT-altview4.jpg
SS-HP900CTDT-altview3.jpg,200121,2026-07-20T10:52:37,C:\Users\erink\OneDrive\Documents\GitHub\mccabe-site\vspfiles\photos\SS-HP900CTDT-altview3.jpg
SS-HP900CTDT-altview2.jpg,487474,2026-07-20T10:52:37,C:\Users\erink\OneDrive\Documents\GitHub\mccabe-site\vspfiles\photos\SS-HP900CTDT-altview2.jpg
SS-HEL850KAC-altview9.jpg,313989,2026-07-20T10:52:37,C:\Users\erink\OneDrive\Documents\GitHub\mccabe-site\vspfiles\photos\SS-HEL850KAC-altview9.jpg
SS-HEL850KAC-altview8.jpg,499641,2026-07-20T10:52:37,C:\Users\erink\OneDrive\Documents\GitHub\mccabe-site\vspfiles\photos\SS-HEL850KAC-altview8.jpg
SS-HEL850KAC-altview7.jpg,192199,2026-07-20T10:52:37,C:\Users\erink\OneDrive\Documents\GitHub\mccabe-site\vspfiles\photos\SS-HEL850KAC-altview7.jpg
SS-HEL850KAC-altview6.jpg,1204071,2026-07-20T10:52:37,C:\Users\erink\OneDrive\Documents\GitHub\mccabe-site\vspfiles\photos\SS-HEL850KAC-altview6.jpg
SS-HEL850KAC-altview5.jpg,230335,2026-07-20T10:52:37,C:\Users\erink\OneDrive\Documents\GitHub\mccabe-site\vspfiles\photos\SS-HEL850KAC-altview5.jpg
SS-HEL850KAC-altview4.jpg,226908,2026-07-20T10:52:37,C:\Users\erink\OneDrive\Documents\GitHub\mccabe-site\vspfiles\photos\SS-HEL850KAC-altview4.jpg
SS-HEL850KAC-altview3.jpg,183512,2026-07-20T10:52:37,C:\Users\erink\OneDrive\Documents\GitHub\mccabe-site\vspfiles\photos\SS-HEL850KAC-altview3.jpg
SS-HEL850KAC-altview2.jpg,148276,2026-07-20T10:52:37,C:\Users\erink\OneDrive\Documents\GitHub\mccabe-site\vspfiles\photos\SS-HEL850KAC-altview2.jpg
SS-HEL850KAC-altview1.jpg,499603,2026-07-20T10:52:37,C:\Users\erink\OneDrive\Documents\GitHub\mccabe-site\vspfiles\photos\SS-HEL850KAC-altview1.jpg
SS-GATLIN-PWR-SECT-altview9.jpg,142231,2026-07-20T10:52:37,C:\Users\erink\OneDrive\Documents\GitHub\mccabe-site\vspfiles\photos\SS-GATLIN-PWR-SECT-altview9.jpg
SS-GATLIN-PWR-SECT-altview3.jpg,933284,2026-07-20T10:52:37,C:\Users\erink\OneDrive\Documents\GitHub\mccabe-site\vspfiles\photos\SS-GATLIN-PWR-SECT-altview3.jpg
SS-GATLIN-PWR-SECT-altview2.jpg,422892,2026-07-20T10:52:37,C:\Users\erink\OneDrive\Documents\GitHub\mccabe-site\vspfiles\photos\SS-GATLIN-PWR-SECT-altview2.jpg
SS-GATLIN-PWR-SECT-altview16.jpg,257422,2026-07-20T10:52:37,C:\Users\erink\OneDrive\Documents\GitHub\mccabe-site\vspfiles\photos\SS-GATLIN-PWR-SECT-altview16.jpg
SS-GATLIN-PWR-SECT-altview15.jpg,179486,2026-07-20T10:52:37,C:\Users\erink\OneDrive\Documents\GitHub\mccabe-site\vspfiles\photos\SS-GATLIN-PWR-SECT-altview15.jpg
SS-GATLIN-PWR-SECT-altview14.jpg,199317,2026-07-20T10:52:37,C:\Users\erink\OneDrive\Documents\GitHub\mccabe-site\vspfiles\photos\SS-GATLIN-PWR-SECT-altview14.jpg
SS-GATLIN-PWR-SECT-altview13.jpg,250891,2026-07-20T10:52:37,C:\Users\erink\OneDrive\Documents\GitHub\mccabe-site\vspfiles\photos\SS-GATLIN-PWR-SECT-altview13.jpg
SS-GATLIN-PWR-SECT-altview12.jpg,251166,2026-07-20T10:52:37,C:\Users\erink\OneDrive\Documents\GitHub\mccabe-site\vspfiles\photos\SS-GATLIN-PWR-SECT-altview12.jpg
SS-GATLIN-PWR-SECT-altview11.jpg,998126,2026-07-20T10:52:37,C:\Users\erink\OneDrive\Documents\GitHub\mccabe-site\vspfiles\photos\SS-GATLIN-PWR-SECT-altview11.jpg
SS-GATLIN-PWR-SECT-altview10.jpg,153820,2026-07-20T10:52:37,C:\Users\erink\OneDrive\Documents\GitHub\mccabe-site\vspfiles\photos\SS-GATLIN-PWR-SECT-altview10.jpg
SS-GAB300T-altview6.jpg,80630,2026-07-20T10:52:37,C:\Users\erink\OneDrive\Documents\GitHub\mccabe-site\vspfiles\photos\SS-GAB300T-altview6.jpg
SS-GAB300T-altview5.jpg,122838,2026-07-20T10:52:37,C:\Users\erink\OneDrive\Documents\GitHub\mccabe-site\vspfiles\photos\SS-GAB300T-altview5.jpg
SS-GAB300T-altview4.jpg,109248,2026-07-20T10:52:37,C:\Users\erink\OneDrive\Documents\GitHub\mccabe-site\vspfiles\photos\SS-GAB300T-altview4.jpg
SS-GAB300T-altview3.jpg,492196,2026-07-20T10:52:37,C:\Users\erink\OneDrive\Documents\GitHub\mccabe-site\vspfiles\photos\SS-GAB300T-altview3.jpg
SS-GAB300T-altview2.jpg,426808,2026-07-20T10:52:37,C:\Users\erink\OneDrive\Documents\GitHub\mccabe-site\vspfiles\photos\SS-GAB300T-altview2.jpg
SS-GAB300T-altview1.jpg,220627,2026-07-20T10:52:36,C:\Users\erink\OneDrive\Documents\GitHub\mccabe-site\vspfiles\photos\SS-GAB300T-altview1.jpg
SS-GA500SV-altview9.jpg,76371,2026-07-20T10:52:36,C:\Users\erink\OneDrive\Documents\GitHub\mccabe-site\vspfiles\photos\SS-GA500SV-altview9.jpg
SS-GA500SV-altview8.jpg,72038,2026-07-20T10:52:36,C:\Users\erink\OneDrive\Documents\GitHub\mccabe-site\vspfiles\photos\SS-GA500SV-altview8.jpg
SS-GA500SV-altview7.jpg,319807,2026-07-20T10:52:36,C:\Users\erink\OneDrive\Documents\GitHub\mccabe-site\vspfiles\photos\SS-GA500SV-altview7.jpg
SS-GA500SV-altview6.jpg,135209,2026-07-20T10:52:36,C:\Users\erink\OneDrive\Documents\GitHub\mccabe-site\vspfiles\photos\SS-GA500SV-altview6.jpg
SS-GA500SV-altview5.jpg,102069,2026-07-20T10:52:36,C:\Users\erink\OneDrive\Documents\GitHub\mccabe-site\vspfiles\photos\SS-GA500SV-altview5.jpg
SS-GA500SV-altview4.jpg,77559,2026-07-20T10:52:36,C:\Users\erink\OneDrive\Documents\GitHub\mccabe-site\vspfiles\photos\SS-GA500SV-altview4.jpg
SS-GA500SV-altview3.jpg,93934,2026-07-20T10:52:36,C:\Users\erink\OneDrive\Documents\GitHub\mccabe-site\vspfiles\photos\SS-GA500SV-altview3.jpg
SS-GA500SV-altview2.jpg,142344,2026-07-20T10:52:36,C:\Users\erink\OneDrive\Documents\GitHub\mccabe-site\vspfiles\photos\SS-GA500SV-altview2.jpg
SS-GA500SV-altview1.jpg,138147,2026-07-20T10:52:36,C:\Users\erink\OneDrive\Documents\GitHub\mccabe-site\vspfiles\photos\SS-GA500SV-altview1.jpg
SS-DENVER-CHAR-PWR-SECT-altview9.jpg,99965,2026-07-20T10:52:36,C:\Users\erink\OneDrive\Documents\GitHub\mccabe-site\vspfiles\photos\SS-DENVER-CHAR-PWR-SECT-altview9.jpg
SS-DENVER-CHAR-PWR-SECT-altview8.jpg,111224,2026-07-20T10:52:36,C:\Users\erink\OneDrive\Documents\GitHub\mccabe-site\vspfiles\photos\SS-DENVER-CHAR-PWR-SECT-altview8.jpg
SS-DENVER-CHAR-PWR-SECT-altview7.jpg,107795,2026-07-20T10:52:36,C:\Users\erink\OneDrive\Documents\GitHub\mccabe-site\vspfiles\photos\SS-DENVER-CHAR-PWR-SECT-altview7.jpg
SS-DENVER-CHAR-PWR-SECT-altview6.jpg,119185,2026-07-20T10:52:36,C:\Users\erink\OneDrive\Documents\GitHub\mccabe-site\vspfiles\photos\SS-DENVER-CHAR-PWR-SECT-altview6.jpg
SS-DENVER-CHAR-PWR-SECT-altview5.jpg,133602,2026-07-20T10:52:36,C:\Users\erink\OneDrive\Documents\GitHub\mccabe-site\vspfiles\photos\SS-DENVER-CHAR-PWR-SECT-altview5.jpg
SS-DENVER-CHAR-PWR-SECT-altview4.jpg,116587,2026-07-20T10:52:36,C:\Users\erink\OneDrive\Documents\GitHub\mccabe-site\vspfiles\photos\SS-DENVER-CHAR-PWR-SECT-altview4.jpg
SS-DENVER-CHAR-PWR-SECT-altview3.jpg,422892,2026-07-20T10:52:36,C:\Users\erink\OneDrive\Documents\GitHub\mccabe-site\vspfiles\photos\SS-DENVER-CHAR-PWR-SECT-altview3.jpg
SS-DENVER-CHAR-PWR-SECT-altview12.jpg,128619,2026-07-20T10:52:36,C:\Users\erink\OneDrive\Documents\GitHub\mccabe-site\vspfiles\photos\SS-DENVER-CHAR-PWR-SECT-altview12.jpg
SS-DENVER-CHAR-PWR-SECT-altview11.jpg,309503,2026-07-20T10:52:36,C:\Users\erink\OneDrive\Documents\GitHub\mccabe-site\vspfiles\photos\SS-DENVER-CHAR-PWR-SECT-altview11.jpg
SS-DENVER-CHAR-PWR-SECT-altview10.jpg,80245,2026-07-20T10:52:36,C:\Users\erink\OneDrive\Documents\GitHub\mccabe-site\vspfiles\photos\SS-DENVER-CHAR-PWR-SECT-altview10.jpg
SS-DENVER-BROWN-PWR-SECT-altview9.jpg,163303,2026-07-20T10:52:36,C:\Users\erink\OneDrive\Documents\GitHub\mccabe-site\vspfiles\photos\SS-DENVER-BROWN-PWR-SECT-altview9.jpg
SS-DENVER-BROWN-PWR-SECT-altview3.jpg,321307,2026-07-20T10:52:36,C:\Users\erink\OneDrive\Documents\GitHub\mccabe-site\vspfiles\photos\SS-DENVER-BROWN-PWR-SECT-altview3.jpg
SS-DENVER-BROWN-PWR-SECT-altview2.jpg,491685,2026-07-20T10:52:36,C:\Users\erink\OneDrive\Documents\GitHub\mccabe-site\vspfiles\photos\SS-DENVER-BROWN-PWR-SECT-altview2.jpg
SS-DENVER-BROWN-PWR-SECT-altview11.jpg,309581,2026-07-20T10:52:36,C:\Users\erink\OneDrive\Documents\GitHub\mccabe-site\vspfiles\photos\SS-DENVER-BROWN-PWR-SECT-altview11.jpg
SS-DENVER-BROWN-PWR-SECT-altview10.jpg,159138,2026-07-20T10:52:36,C:\Users\erink\OneDrive\Documents\GitHub\mccabe-site\vspfiles\photos\SS-DENVER-BROWN-PWR-SECT-altview10.jpg
SS-DANIEL-PWR-SOFA-altview9.jpg,181807,2026-07-20T10:52:36,C:\Users\erink\OneDrive\Documents\GitHub\mccabe-site\vspfiles\photos\SS-DANIEL-PWR-SOFA-altview9.jpg
SS-DANIEL-PWR-SOFA-altview15.jpg,139695,2026-07-20T10:52:36,C:\Users\erink\OneDrive\Documents\GitHub\mccabe-site\vspfiles\photos\SS-DANIEL-PWR-SOFA-altview15.jpg
SS-DANIEL-PWR-SOFA-altview14.jpg,580763,2026-07-20T10:52:36,C:\Users\erink\OneDrive\Documents\GitHub\mccabe-site\vspfiles\photos\SS-DANIEL-PWR-SOFA-altview14.jpg
SS-DANIEL-PWR-SOFA-altview13.jpg,112105,2026-07-20T10:52:36,C:\Users\erink\OneDrive\Documents\GitHub\mccabe-site\vspfiles\photos\SS-DANIEL-PWR-SOFA-altview13.jpg
SS-DANIEL-PWR-SOFA-altview12.jpg,172134,2026-07-20T10:52:36,C:\Users\erink\OneDrive\Documents\GitHub\mccabe-site\vspfiles\photos\SS-DANIEL-PWR-SOFA-altview12.jpg
SS-DANIEL-PWR-SOFA-altview11.jpg,153739,2026-07-20T10:52:36,C:\Users\erink\OneDrive\Documents\GitHub\mccabe-site\vspfiles\photos\SS-DANIEL-PWR-SOFA-altview11.jpg
SS-DANIEL-PWR-SOFA-altview10.jpg,153658,2026-07-20T10:52:36,C:\Users\erink\OneDrive\Documents\GitHub\mccabe-site\vspfiles\photos\SS-DANIEL-PWR-SOFA-altview10.jpg
SS-CONROE-PWR-CHAISE-SECT-altview4.jpg,469575,2026-07-20T10:52:36,C:\Users\erink\OneDrive\Documents\GitHub\mccabe-site\vspfiles\photos\SS-CONROE-PWR-CHAISE-SECT-altview4.jpg
SS-CONROE-GRAY-PWR-SECT-altview5.jpg,469656,2026-07-20T10:52:36,C:\Users\erink\OneDrive\Documents\GitHub\mccabe-site\vspfiles\photos\SS-CONROE-GRAY-PWR-SECT-altview5.jpg
SS-CONROE-GRAY-PWR-SECT-altview4.jpg,176982,2026-07-20T10:52:36,C:\Users\erink\OneDrive\Documents\GitHub\mccabe-site\vspfiles\photos\SS-CONROE-GRAY-PWR-SECT-altview4.jpg
SS-CONROE-GRAY-PWR-SECT-altview3.jpg,564078,2026-07-20T10:52:36,C:\Users\erink\OneDrive\Documents\GitHub\mccabe-site\vspfiles\photos\SS-CONROE-GRAY-PWR-SECT-altview3.jpg
SS-CONROE-GRAY-PWR-SECT-altview2.jpg,815542,2026-07-20T10:52:36,C:\Users\erink\OneDrive\Documents\GitHub\mccabe-site\vspfiles\photos\SS-CONROE-GRAY-PWR-SECT-altview2.jpg
SS-COL500WSV-altview9.jpg,172267,2026-07-20T10:52:36,C:\Users\erink\OneDrive\Documents\GitHub\mccabe-site\vspfiles\photos\SS-COL500WSV-altview9.jpg
SS-COL500WSV-altview8.jpg,183587,2026-07-20T10:52:36,C:\Users\erink\OneDrive\Documents\GitHub\mccabe-site\vspfiles\photos\SS-COL500WSV-altview8.jpg
SS-COL500WSV-altview7.jpg,127170,2026-07-20T10:52:36,C:\Users\erink\OneDrive\Documents\GitHub\mccabe-site\vspfiles\photos\SS-COL500WSV-altview7.jpg
SS-COL500WSV-altview6.jpg,154933,2026-07-20T10:52:36,C:\Users\erink\OneDrive\Documents\GitHub\mccabe-site\vspfiles\photos\SS-COL500WSV-altview6.jpg
SS-COL500WSV-altview5.jpg,416044,2026-07-20T10:52:36,C:\Users\erink\OneDrive\Documents\GitHub\mccabe-site\vspfiles\photos\SS-COL500WSV-altview5.jpg
SS-COL500WSV-altview4.jpg,156918,2026-07-20T10:52:36,C:\Users\erink\OneDrive\Documents\GitHub\mccabe-site\vspfiles\photos\SS-COL500WSV-altview4.jpg
SS-COL500WSV-altview3.jpg,222309,2026-07-20T10:52:36,C:\Users\erink\OneDrive\Documents\GitHub\mccabe-site\vspfiles\photos\SS-COL500WSV-altview3.jpg
SS-COL500WSV-altview2.jpg,263744,2026-07-20T10:52:36,C:\Users\erink\OneDrive\Documents\GitHub\mccabe-site\vspfiles\photos\SS-COL500WSV-altview2.jpg
SS-COL500WSV-altview12.jpg,72038,2026-07-20T10:52:36,C:\Users\erink\OneDrive\Documents\GitHub\mccabe-site\vspfiles\photos\SS-COL500WSV-altview12.jpg
SS-COL500WSV-altview11.jpg,95446,2026-07-20T10:52:36,C:\Users\erink\OneDrive\Documents\GitHub\mccabe-site\vspfiles\photos\SS-COL500WSV-altview11.jpg
SS-COL500WSV-altview10.jpg,135987,2026-07-20T10:52:36,C:\Users\erink\OneDrive\Documents\GitHub\mccabe-site\vspfiles\photos\SS-COL500WSV-altview10.jpg
SS-COL500WSV-altview1.jpg,271291,2026-07-20T10:52:36,C:\Users\erink\OneDrive\Documents\GitHub\mccabe-site\vspfiles\photos\SS-COL500WSV-altview1.jpg
SS-COL500NSV-altview9.jpg,211844,2026-07-20T10:52:36,C:\Users\erink\OneDrive\Documents\GitHub\mccabe-site\vspfiles\photos\SS-COL500NSV-altview9.jpg
SS-COL500NSV-altview8.jpg,220344,2026-07-20T10:52:36,C:\Users\erink\OneDrive\Documents\GitHub\mccabe-site\vspfiles\photos\SS-COL500NSV-altview8.jpg
SS-COL500NSV-altview7.jpg,348070,2026-07-20T10:52:36,C:\Users\erink\OneDrive\Documents\GitHub\mccabe-site\vspfiles\photos\SS-COL500NSV-altview7.jpg
SS-COL500NSV-altview6.jpg,322749,2026-07-20T10:52:36,C:\Users\erink\OneDrive\Documents\GitHub\mccabe-site\vspfiles\photos\SS-COL500NSV-altview6.jpg
SS-COL500NSV-altview5.jpg,156918,2026-07-20T10:52:36,C:\Users\erink\OneDrive\Documents\GitHub\mccabe-site\vspfiles\photos\SS-COL500NSV-altview5.jpg
SS-COL500NSV-altview4.jpg,271291,2026-07-20T10:52:36,C:\Users\erink\OneDrive\Documents\GitHub\mccabe-site\vspfiles\photos\SS-COL500NSV-altview4.jpg
SS-COL500NSV-altview3.jpg,222309,2026-07-20T10:52:36,C:\Users\erink\OneDrive\Documents\GitHub\mccabe-site\vspfiles\photos\SS-COL500NSV-altview3.jpg
SS-COL500NSV-altview2.jpg,366995,2026-07-20T10:52:36,C:\Users\erink\OneDrive\Documents\GitHub\mccabe-site\vspfiles\photos\SS-COL500NSV-altview2.jpg
SS-COL500NSV-altview11.jpg,53500,2026-07-20T10:52:36,C:\Users\erink\OneDrive\Documents\GitHub\mccabe-site\vspfiles\photos\SS-COL500NSV-altview11.jpg
SS-COL500NSV-altview10.jpg,86185,2026-07-20T10:52:36,C:\Users\erink\OneDrive\Documents\GitHub\mccabe-site\vspfiles\photos\SS-COL500NSV-altview10.jpg
SS-COL500NSV-altview1.jpg,416044,2026-07-20T10:52:36,C:\Users\erink\OneDrive\Documents\GitHub\mccabe-site\vspfiles\photos\SS-COL500NSV-altview1.jpg
SS-COL500KSV-altview9.jpg,57635,2026-07-20T10:52:36,C:\Users\erink\OneDrive\Documents\GitHub\mccabe-site\vspfiles\photos\SS-COL500KSV-altview9.jpg
SS-COL500KSV-altview8.jpg,84249,2026-07-20T10:52:36,C:\Users\erink\OneDrive\Documents\GitHub\mccabe-site\vspfiles\photos\SS-COL500KSV-altview8.jpg
SS-COL500KSV-altview7.jpg,110034,2026-07-20T10:52:36,C:\Users\erink\OneDrive\Documents\GitHub\mccabe-site\vspfiles\photos\SS-COL500KSV-altview7.jpg
SS-COL500KSV-altview6.jpg,96672,2026-07-20T10:52:36,C:\Users\erink\OneDrive\Documents\GitHub\mccabe-site\vspfiles\photos\SS-COL500KSV-altview6.jpg
SS-COL500KSV-altview5.jpg,222309,2026-07-20T10:52:36,C:\Users\erink\OneDrive\Documents\GitHub\mccabe-site\vspfiles\photos\SS-COL500KSV-altview5.jpg
SS-COL500KSV-altview4.jpg,271291,2026-07-20T10:52:36,C:\Users\erink\OneDrive\Documents\GitHub\mccabe-site\vspfiles\photos\SS-COL500KSV-altview4.jpg
SS-COL500KSV-altview3.jpg,416044,2026-07-20T10:52:36,C:\Users\erink\OneDrive\Documents\GitHub\mccabe-site\vspfiles\photos\SS-COL500KSV-altview3.jpg
SS-COL500KSV-altview2.jpg,237165,2026-07-20T10:52:36,C:\Users\erink\OneDrive\Documents\GitHub\mccabe-site\vspfiles\photos\SS-COL500KSV-altview2.jpg
SS-COL500KSV-altview11.jpg,137309,2026-07-20T10:52:36,C:\Users\erink\OneDrive\Documents\GitHub\mccabe-site\vspfiles\photos\SS-COL500KSV-altview11.jpg
SS-COL500KSV-altview10.jpg,53894,2026-07-20T10:52:36,C:\Users\erink\OneDrive\Documents\GitHub\mccabe-site\vspfiles\photos\SS-COL500KSV-altview10.jpg
SS-COL500KSV-altview1.jpg,156918,2026-07-20T10:52:36,C:\Users\erink\OneDrive\Documents\GitHub\mccabe-site\vspfiles\photos\SS-COL500KSV-altview1.jpg
SS-COL500ESV-altview9.jpg,176141,2026-07-20T10:52:36,C:\Users\erink\OneDrive\Documents\GitHub\mccabe-site\vspfiles\photos\SS-COL500ESV-altview9.jpg
SS-COL500ESV-altview8.jpg,184884,2026-07-20T10:52:36,C:\Users\erink\OneDrive\Documents\GitHub\mccabe-site\vspfiles\photos\SS-COL500ESV-altview8.jpg
SS-COL500ESV-altview7.jpg,138067,2026-07-20T10:52:36,C:\Users\erink\OneDrive\Documents\GitHub\mccabe-site\vspfiles\photos\SS-COL500ESV-altview7.jpg
SS-COL500ESV-altview6.jpg,521328,2026-07-20T10:52:36,C:\Users\erink\OneDrive\Documents\GitHub\mccabe-site\vspfiles\photos\SS-COL500ESV-altview6.jpg
SS-COL500ESV-altview5.jpg,271291,2026-07-20T10:52:36,C:\Users\erink\OneDrive\Documents\GitHub\mccabe-site\vspfiles\photos\SS-COL500ESV-altview5.jpg
SS-COL500ESV-altview4.jpg,156918,2026-07-20T10:52:36,C:\Users\erink\OneDrive\Documents\GitHub\mccabe-site\vspfiles\photos\SS-COL500ESV-altview4.jpg
SS-COL500ESV-altview3.jpg,416044,2026-07-20T10:52:36,C:\Users\erink\OneDrive\Documents\GitHub\mccabe-site\vspfiles\photos\SS-COL500ESV-altview3.jpg
SS-COL500ESV-altview2.jpg,239760,2026-07-20T10:52:36,C:\Users\erink\OneDrive\Documents\GitHub\mccabe-site\vspfiles\photos\SS-COL500ESV-altview2.jpg
SS-COL500ESV-altview11.jpg,137309,2026-07-20T10:52:36,C:\Users\erink\OneDrive\Documents\GitHub\mccabe-site\vspfiles\photos\SS-COL500ESV-altview11.jpg
SS-COL500ESV-altview10.jpg,190734,2026-07-20T10:52:36,C:\Users\erink\OneDrive\Documents\GitHub\mccabe-site\vspfiles\photos\SS-COL500ESV-altview10.jpg
SS-COL500ESV-altview1.jpg,222309,2026-07-20T10:52:36,C:\Users\erink\OneDrive\Documents\GitHub\mccabe-site\vspfiles\photos\SS-COL500ESV-altview1.jpg
SS-COL100NWME-altview6.jpg,173699,2026-07-20T10:52:36,C:\Users\erink\OneDrive\Documents\GitHub\mccabe-site\vspfiles\photos\SS-COL100NWME-altview6.jpg
SS-COL100NWME-altview5.jpg,235358,2026-07-20T10:52:36,C:\Users\erink\OneDrive\Documents\GitHub\mccabe-site\vspfiles\photos\SS-COL100NWME-altview5.jpg
SS-COL100NWME-altview4.jpg,79466,2026-07-20T10:52:36,C:\Users\erink\OneDrive\Documents\GitHub\mccabe-site\vspfiles\photos\SS-COL100NWME-altview4.jpg
SS-COL100NWME-altview3.jpg,274577,2026-07-20T10:52:36,C:\Users\erink\OneDrive\Documents\GitHub\mccabe-site\vspfiles\photos\SS-COL100NWME-altview3.jpg
SS-COL100NWME-altview2.jpg,399772,2026-07-20T10:52:36,C:\Users\erink\OneDrive\Documents\GitHub\mccabe-site\vspfiles\photos\SS-COL100NWME-altview2.jpg
SS-COL100NWME-altview1.jpg,360529,2026-07-20T10:52:36,C:\Users\erink\OneDrive\Documents\GitHub\mccabe-site\vspfiles\photos\SS-COL100NWME-altview1.jpg
SS-COL100NWMC-altview7.jpg,76366,2026-07-20T10:52:36,C:\Users\erink\OneDrive\Documents\GitHub\mccabe-site\vspfiles\photos\SS-COL100NWMC-altview7.jpg
SS-COL100NWMC-altview6.jpg,127939,2026-07-20T10:52:36,C:\Users\erink\OneDrive\Documents\GitHub\mccabe-site\vspfiles\photos\SS-COL100NWMC-altview6.jpg
SS-COL100NWMC-altview5.jpg,312636,2026-07-20T10:52:36,C:\Users\erink\OneDrive\Documents\GitHub\mccabe-site\vspfiles\photos\SS-COL100NWMC-altview5.jpg
SS-COL100NWMC-altview4.jpg,466837,2026-07-20T10:52:36,C:\Users\erink\OneDrive\Documents\GitHub\mccabe-site\vspfiles\photos\SS-COL100NWMC-altview4.jpg
SS-COL100NWMC-altview3.jpg,364829,2026-07-20T10:52:36,C:\Users\erink\OneDrive\Documents\GitHub\mccabe-site\vspfiles\photos\SS-COL100NWMC-altview3.jpg
SS-COL100NWMC-altview2.jpg,79466,2026-07-20T10:52:36,C:\Users\erink\OneDrive\Documents\GitHub\mccabe-site\vspfiles\photos\SS-COL100NWMC-altview2.jpg
SS-COL100NWMC-altview1.jpg,398274,2026-07-20T10:52:36,C:\Users\erink\OneDrive\Documents\GitHub\mccabe-site\vspfiles\photos\SS-COL100NWMC-altview1.jpg
SS-COL100KE-altview6.jpg,96520,2026-07-20T10:52:36,C:\Users\erink\OneDrive\Documents\GitHub\mccabe-site\vspfiles\photos\SS-COL100KE-altview6.jpg
SS-COL100KE-altview5.jpg,104233,2026-07-20T10:52:36,C:\Users\erink\OneDrive\Documents\GitHub\mccabe-site\vspfiles\photos\SS-COL100KE-altview5.jpg
SS-COL100KE-altview4.jpg,218850,2026-07-20T10:52:36,C:\Users\erink\OneDrive\Documents\GitHub\mccabe-site\vspfiles\photos\SS-COL100KE-altview4.jpg
SS-COL100KE-altview3.jpg,131308,2026-07-20T10:52:36,C:\Users\erink\OneDrive\Documents\GitHub\mccabe-site\vspfiles\photos\SS-COL100KE-altview3.jpg
SS-COL100KE-altview2.jpg,468067,2026-07-20T10:52:36,C:\Users\erink\OneDrive\Documents\GitHub\mccabe-site\vspfiles\photos\SS-COL100KE-altview2.jpg
SS-COL100KE-altview1.jpg,211320,2026-07-20T10:52:36,C:\Users\erink\OneDrive\Documents\GitHub\mccabe-site\vspfiles\photos\SS-COL100KE-altview1.jpg
SS-COL100KC-altview6.jpg,68125,2026-07-20T10:52:36,C:\Users\erink\OneDrive\Documents\GitHub\mccabe-site\vspfiles\photos\SS-COL100KC-altview6.jpg
SS-COL100KC-altview5.jpg,211520,2026-07-20T10:52:36,C:\Users\erink\OneDrive\Documents\GitHub\mccabe-site\vspfiles\photos\SS-COL100KC-altview5.jpg
SS-COL100KC-altview4.jpg,212903,2026-07-20T10:52:36,C:\Users\erink\OneDrive\Documents\GitHub\mccabe-site\vspfiles\photos\SS-COL100KC-altview4.jpg
SS-COL100KC-altview3.jpg,190907,2026-07-20T10:52:36,C:\Users\erink\OneDrive\Documents\GitHub\mccabe-site\vspfiles\photos\SS-COL100KC-altview3.jpg
SS-COL100KC-altview2.jpg,468067,2026-07-20T10:52:36,C:\Users\erink\OneDrive\Documents\GitHub\mccabe-site\vspfiles\photos\SS-COL100KC-altview2.jpg
SS-COL100KC-altview1.jpg,334750,2026-07-20T10:52:36,C:\Users\erink\OneDrive\Documents\GitHub\mccabe-site\vspfiles\photos\SS-COL100KC-altview1.jpg
SS-CAS900QFB-altview6.jpg,230200,2026-07-20T10:52:36,C:\Users\erink\OneDrive\Documents\GitHub\mccabe-site\vspfiles\photos\SS-CAS900QFB-altview6.jpg
SS-CAS900QFB-altview5.jpg,464223,2026-07-20T10:52:36,C:\Users\erink\OneDrive\Documents\GitHub\mccabe-site\vspfiles\photos\SS-CAS900QFB-altview5.jpg
SS-CAS900QFB-altview4.jpg,71315,2026-07-20T10:52:36,C:\Users\erink\OneDrive\Documents\GitHub\mccabe-site\vspfiles\photos\SS-CAS900QFB-altview4.jpg
SS-CAS900QFB-altview3.jpg,92421,2026-07-20T10:52:36,C:\Users\erink\OneDrive\Documents\GitHub\mccabe-site\vspfiles\photos\SS-CAS900QFB-altview3.jpg
SS-CAS900QFB-altview2.jpg,96185,2026-07-20T10:52:36,C:\Users\erink\OneDrive\Documents\GitHub\mccabe-site\vspfiles\photos\SS-CAS900QFB-altview2.jpg
SS-CAS900QFB-altview1.jpg,445942,2026-07-20T10:52:36,C:\Users\erink\OneDrive\Documents\GitHub\mccabe-site\vspfiles\photos\SS-CAS900QFB-altview1.jpg
SS-CAS900NS-altview9.jpg,464223,2026-07-20T10:52:36,C:\Users\erink\OneDrive\Documents\GitHub\mccabe-site\vspfiles\photos\SS-CAS900NS-altview9.jpg
SS-CAS900NS-altview8.jpg,105757,2026-07-20T10:52:36,C:\Users\erink\OneDrive\Documents\GitHub\mccabe-site\vspfiles\photos\SS-CAS900NS-altview8.jpg
SS-CAS900M-altview7.jpg,105757,2026-07-20T10:52:36,C:\Users\erink\OneDrive\Documents\GitHub\mccabe-site\vspfiles\photos\SS-CAS900M-altview7.jpg
SS-CAS900M-altview6.jpg,87061,2026-07-20T10:52:36,C:\Users\erink\OneDrive\Documents\GitHub\mccabe-site\vspfiles\photos\SS-CAS900M-altview6.jpg
SS-CAS900M-altview5.jpg,124206,2026-07-20T10:52:36,C:\Users\erink\OneDrive\Documents\GitHub\mccabe-site\vspfiles\photos\SS-CAS900M-altview5.jpg
SS-CAS900M-altview4.jpg,88984,2026-07-20T10:52:36,C:\Users\erink\OneDrive\Documents\GitHub\mccabe-site\vspfiles\photos\SS-CAS900M-altview4.jpg
SS-CAS900M-altview3.jpg,86130,2026-07-20T10:52:36,C:\Users\erink\OneDrive\Documents\GitHub\mccabe-site\vspfiles\photos\SS-CAS900M-altview3.jpg
SS-CAS900M-altview2.jpg,77892,2026-07-20T10:52:36,C:\Users\erink\OneDrive\Documents\GitHub\mccabe-site\vspfiles\photos\SS-CAS900M-altview2.jpg
SS-CAS900M-altview1.jpg,487474,2026-07-20T10:52:36,C:\Users\erink\OneDrive\Documents\GitHub\mccabe-site\vspfiles\photos\SS-CAS900M-altview1.jpg
SS-CAS900KFB-altview6.jpg,464223,2026-07-20T10:52:36,C:\Users\erink\OneDrive\Documents\GitHub\mccabe-site\vspfiles\photos\SS-CAS900KFB-altview6.jpg
SS-CAS900KFB-altview5.jpg,239178,2026-07-20T10:52:36,C:\Users\erink\OneDrive\Documents\GitHub\mccabe-site\vspfiles\photos\SS-CAS900KFB-altview5.jpg
SS-CAS900KFB-altview4.jpg,71315,2026-07-20T10:52:36,C:\Users\erink\OneDrive\Documents\GitHub\mccabe-site\vspfiles\photos\SS-CAS900KFB-altview4.jpg
SS-CAS900KFB-altview3.jpg,92421,2026-07-20T10:52:36,C:\Users\erink\OneDrive\Documents\GitHub\mccabe-site\vspfiles\photos\SS-CAS900KFB-altview3.jpg
SS-CAS900KFB-altview2.jpg,96185,2026-07-20T10:52:36,C:\Users\erink\OneDrive\Documents\GitHub\mccabe-site\vspfiles\photos\SS-CAS900KFB-altview2.jpg
SS-CAS900KFB-altview1.jpg,445942,2026-07-20T10:52:35,C:\Users\erink\OneDrive\Documents\GitHub\mccabe-site\vspfiles\photos\SS-CAS900KFB-altview1.jpg
SS-CAS900DR-altview7.jpg,195295,2026-07-20T10:52:35,C:\Users\erink\OneDrive\Documents\GitHub\mccabe-site\vspfiles\photos\SS-CAS900DR-altview7.jpg
SS-CAS900DR-altview6.jpg,464223,2026-07-20T10:52:35,C:\Users\erink\OneDrive\Documents\GitHub\mccabe-site\vspfiles\photos\SS-CAS900DR-altview6.jpg
SS-CAS900DR-altview5.jpg,130873,2026-07-20T10:52:35,C:\Users\erink\OneDrive\Documents\GitHub\mccabe-site\vspfiles\photos\SS-CAS900DR-altview5.jpg
SS-CAS900DR-altview4.jpg,142900,2026-07-20T10:52:35,C:\Users\erink\OneDrive\Documents\GitHub\mccabe-site\vspfiles\photos\SS-CAS900DR-altview4.jpg
SS-CAS900DR-altview3.jpg,162906,2026-07-20T10:52:35,C:\Users\erink\OneDrive\Documents\GitHub\mccabe-site\vspfiles\photos\SS-CAS900DR-altview3.jpg
SS-CAS900DR-altview2.jpg,155971,2026-07-20T10:52:35,C:\Users\erink\OneDrive\Documents\GitHub\mccabe-site\vspfiles\photos\SS-CAS900DR-altview2.jpg
SS-CAS900DR-altview1.jpg,177017,2026-07-20T10:52:35,C:\Users\erink\OneDrive\Documents\GitHub\mccabe-site\vspfiles\photos\SS-CAS900DR-altview1.jpg
SS-CAS900C-altview6.jpg,239178,2026-07-20T10:52:35,C:\Users\erink\OneDrive\Documents\GitHub\mccabe-site\vspfiles\photos\SS-CAS900C-altview6.jpg
SS-CAS900C-altview5.jpg,459950,2026-07-20T10:52:35,C:\Users\erink\OneDrive\Documents\GitHub\mccabe-site\vspfiles\photos\SS-CAS900C-altview5.jpg
SS-BUR520NC-altview9.jpg,54831,2026-07-20T10:52:35,C:\Users\erink\OneDrive\Documents\GitHub\mccabe-site\vspfiles\photos\SS-BUR520NC-altview9.jpg
SS-BUR520NC-altview8.jpg,187586,2026-07-20T10:52:35,C:\Users\erink\OneDrive\Documents\GitHub\mccabe-site\vspfiles\photos\SS-BUR520NC-altview8.jpg
SS-BUR520NC-altview7.jpg,184417,2026-07-20T10:52:35,C:\Users\erink\OneDrive\Documents\GitHub\mccabe-site\vspfiles\photos\SS-BUR520NC-altview7.jpg
SS-BUR520NC-altview6.jpg,168664,2026-07-20T10:52:35,C:\Users\erink\OneDrive\Documents\GitHub\mccabe-site\vspfiles\photos\SS-BUR520NC-altview6.jpg
SS-BUR520NC-altview5.jpg,202377,2026-07-20T10:52:35,C:\Users\erink\OneDrive\Documents\GitHub\mccabe-site\vspfiles\photos\SS-BUR520NC-altview5.jpg
SS-BUR520NC-altview4.jpg,351527,2026-07-20T10:52:35,C:\Users\erink\OneDrive\Documents\GitHub\mccabe-site\vspfiles\photos\SS-BUR520NC-altview4.jpg
SS-BUR520NC-altview3.jpg,363357,2026-07-20T10:52:35,C:\Users\erink\OneDrive\Documents\GitHub\mccabe-site\vspfiles\photos\SS-BUR520NC-altview3.jpg
SS-BUR520NC-altview2.jpg,324854,2026-07-20T10:52:35,C:\Users\erink\OneDrive\Documents\GitHub\mccabe-site\vspfiles\photos\SS-BUR520NC-altview2.jpg
SS-BUR520NC-altview10.jpg,35818,2026-07-20T10:52:35,C:\Users\erink\OneDrive\Documents\GitHub\mccabe-site\vspfiles\photos\SS-BUR520NC-altview10.jpg
SS-BUR520NC-altview1.jpg,405871,2026-07-20T10:52:35,C:\Users\erink\OneDrive\Documents\GitHub\mccabe-site\vspfiles\photos\SS-BUR520NC-altview1.jpg
SS-BUR500NSV-altview8.jpg,72295,2026-07-20T10:52:35,C:\Users\erink\OneDrive\Documents\GitHub\mccabe-site\vspfiles\photos\SS-BUR500NSV-altview8.jpg
SS-BUR500NSV-altview7.jpg,86185,2026-07-20T10:52:35,C:\Users\erink\OneDrive\Documents\GitHub\mccabe-site\vspfiles\photos\SS-BUR500NSV-altview7.jpg
SS-BUR500NSV-altview6.jpg,305241,2026-07-20T10:52:35,C:\Users\erink\OneDrive\Documents\GitHub\mccabe-site\vspfiles\photos\SS-BUR500NSV-altview6.jpg
SS-BUR500NSV-altview5.jpg,304253,2026-07-20T10:52:35,C:\Users\erink\OneDrive\Documents\GitHub\mccabe-site\vspfiles\photos\SS-BUR500NSV-altview5.jpg
SS-BUR500NSV-altview4.jpg,189863,2026-07-20T10:52:35,C:\Users\erink\OneDrive\Documents\GitHub\mccabe-site\vspfiles\photos\SS-BUR500NSV-altview4.jpg
SS-BUR500NSV-altview3.jpg,278513,2026-07-20T10:52:35,C:\Users\erink\OneDrive\Documents\GitHub\mccabe-site\vspfiles\photos\SS-BUR500NSV-altview3.jpg
SS-BUR500NSV-altview2.jpg,495510,2026-07-20T10:52:35,C:\Users\erink\OneDrive\Documents\GitHub\mccabe-site\vspfiles\photos\SS-BUR500NSV-altview2.jpg
SS-BUR500NSV-altview1.jpg,398636,2026-07-20T10:52:35,C:\Users\erink\OneDrive\Documents\GitHub\mccabe-site\vspfiles\photos\SS-BUR500NSV-altview1.jpg
SS-BC950QFB-altview6.jpg,239178,2026-07-20T10:52:35,C:\Users\erink\OneDrive\Documents\GitHub\mccabe-site\vspfiles\photos\SS-BC950QFB-altview6.jpg
SS-BC950NSB-altview4.jpg,139540,2026-07-20T10:52:35,C:\Users\erink\OneDrive\Documents\GitHub\mccabe-site\vspfiles\photos\SS-BC950NSB-altview4.jpg
SS-BC950MRB-altview3.jpg,285647,2026-07-20T10:52:35,C:\Users\erink\OneDrive\Documents\GitHub\mccabe-site\vspfiles\photos\SS-BC950MRB-altview3.jpg
SS-BC950MRB-altview2.jpg,188200,2026-07-20T10:52:35,C:\Users\erink\OneDrive\Documents\GitHub\mccabe-site\vspfiles\photos\SS-BC950MRB-altview2.jpg
SS-BC950MRB-altview1.jpg,72497,2026-07-20T10:52:35,C:\Users\erink\OneDrive\Documents\GitHub\mccabe-site\vspfiles\photos\SS-BC950MRB-altview1.jpg
SS-BC950KFB-altview9.jpg,464223,2026-07-20T10:52:35,C:\Users\erink\OneDrive\Documents\GitHub\mccabe-site\vspfiles\photos\SS-BC950KFB-altview9.jpg
SS-BC950KFB-altview8.jpg,139540,2026-07-20T10:52:35,C:\Users\erink\OneDrive\Documents\GitHub\mccabe-site\vspfiles\photos\SS-BC950KFB-altview8.jpg
SS-BC950KFB-altview7.jpg,368785,2026-07-20T10:52:35,C:\Users\erink\OneDrive\Documents\GitHub\mccabe-site\vspfiles\photos\SS-BC950KFB-altview7.jpg
SS-BC950KFB-altview6.jpg,271498,2026-07-20T10:52:35,C:\Users\erink\OneDrive\Documents\GitHub\mccabe-site\vspfiles\photos\SS-BC950KFB-altview6.jpg
SS-BC950KFB-altview5.jpg,272246,2026-07-20T10:52:35,C:\Users\erink\OneDrive\Documents\GitHub\mccabe-site\vspfiles\photos\SS-BC950KFB-altview5.jpg
SS-BC950KFB-altview4.jpg,309064,2026-07-20T10:52:35,C:\Users\erink\OneDrive\Documents\GitHub\mccabe-site\vspfiles\photos\SS-BC950KFB-altview4.jpg
SS-BC950KFB-altview3.jpg,448344,2026-07-20T10:52:35,C:\Users\erink\OneDrive\Documents\GitHub\mccabe-site\vspfiles\photos\SS-BC950KFB-altview3.jpg
SS-BC950KFB-altview2.jpg,599711,2026-07-20T10:52:35,C:\Users\erink\OneDrive\Documents\GitHub\mccabe-site\vspfiles\photos\SS-BC950KFB-altview2.jpg
SS-BC950KFB-altview1.jpg,323852,2026-07-20T10:52:35,C:\Users\erink\OneDrive\Documents\GitHub\mccabe-site\vspfiles\photos\SS-BC950KFB-altview1.jpg
SS-BC950DRB-altview5.jpg,295245,2026-07-20T10:52:35,C:\Users\erink\OneDrive\Documents\GitHub\mccabe-site\vspfiles\photos\SS-BC950DRB-altview5.jpg
SS-BC950CTBT-altview5.jpg,295245,2026-07-20T10:52:35,C:\Users\erink\OneDrive\Documents\GitHub\mccabe-site\vspfiles\photos\SS-BC950CTBT-altview5.jpg
SS-BC950CTBT-altview4.jpg,137104,2026-07-20T10:52:35,C:\Users\erink\OneDrive\Documents\GitHub\mccabe-site\vspfiles\photos\SS-BC950CTBT-altview4.jpg
SS-BC900QFB-altview3.jpg,295245,2026-07-20T10:52:35,C:\Users\erink\OneDrive\Documents\GitHub\mccabe-site\vspfiles\photos\SS-BC900QFB-altview3.jpg
SS-BC900NS-altview5.jpg,200121,2026-07-20T10:52:35,C:\Users\erink\OneDrive\Documents\GitHub\mccabe-site\vspfiles\photos\SS-BC900NS-altview5.jpg
SS-BC900NS-altview4.jpg,226650,2026-07-20T10:52:35,C:\Users\erink\OneDrive\Documents\GitHub\mccabe-site\vspfiles\photos\SS-BC900NS-altview4.jpg
SS-BC900NS-altview3.jpg,304369,2026-07-20T10:52:35,C:\Users\erink\OneDrive\Documents\GitHub\mccabe-site\vspfiles\photos\SS-BC900NS-altview3.jpg
SS-BC900NS-altview2.jpg,295258,2026-07-20T10:52:35,C:\Users\erink\OneDrive\Documents\GitHub\mccabe-site\vspfiles\photos\SS-BC900NS-altview2.jpg
SS-BC900NS-altview1.jpg,344622,2026-07-20T10:52:35,C:\Users\erink\OneDrive\Documents\GitHub\mccabe-site\vspfiles\photos\SS-BC900NS-altview1.jpg
SS-BC900MR-altview3.jpg,195295,2026-07-20T10:52:35,C:\Users\erink\OneDrive\Documents\GitHub\mccabe-site\vspfiles\photos\SS-BC900MR-altview3.jpg
SS-BC900MR-altview2.jpg,459950,2026-07-20T10:52:35,C:\Users\erink\OneDrive\Documents\GitHub\mccabe-site\vspfiles\photos\SS-BC900MR-altview2.jpg
SS-BC900KFB-altview3.jpg,487474,2026-07-20T10:52:35,C:\Users\erink\OneDrive\Documents\GitHub\mccabe-site\vspfiles\photos\SS-BC900KFB-altview3.jpg
SS-BC900DR-altview6.jpg,137104,2026-07-20T10:52:35,C:\Users\erink\OneDrive\Documents\GitHub\mccabe-site\vspfiles\photos\SS-BC900DR-altview6.jpg
SS-BC900DR-altview5.jpg,238476,2026-07-20T10:52:35,C:\Users\erink\OneDrive\Documents\GitHub\mccabe-site\vspfiles\photos\SS-BC900DR-altview5.jpg
SS-BC900CTT-altview5.jpg,230200,2026-07-20T10:52:35,C:\Users\erink\OneDrive\Documents\GitHub\mccabe-site\vspfiles\photos\SS-BC900CTT-altview5.jpg
SS-BC900CTT-altview4.jpg,105757,2026-07-20T10:52:35,C:\Users\erink\OneDrive\Documents\GitHub\mccabe-site\vspfiles\photos\SS-BC900CTT-altview4.jpg
SS-BC900CTT-altview3.jpg,200094,2026-07-20T10:52:35,C:\Users\erink\OneDrive\Documents\GitHub\mccabe-site\vspfiles\photos\SS-BC900CTT-altview3.jpg
SS-BC900CTT-altview2.jpg,195295,2026-07-20T10:52:35,C:\Users\erink\OneDrive\Documents\GitHub\mccabe-site\vspfiles\photos\SS-BC900CTT-altview2.jpg
SS-AUB500SV-altview9.jpg,103947,2026-07-20T10:52:35,C:\Users\erink\OneDrive\Documents\GitHub\mccabe-site\vspfiles\photos\SS-AUB500SV-altview9.jpg
SS-AUB500SV-altview8.jpg,112319,2026-07-20T10:52:35,C:\Users\erink\OneDrive\Documents\GitHub\mccabe-site\vspfiles\photos\SS-AUB500SV-altview8.jpg
SS-AUB500SV-altview7.jpg,88384,2026-07-20T10:52:35,C:\Users\erink\OneDrive\Documents\GitHub\mccabe-site\vspfiles\photos\SS-AUB500SV-altview7.jpg
SS-AUB500SV-altview6.jpg,521328,2026-07-20T10:52:35,C:\Users\erink\OneDrive\Documents\GitHub\mccabe-site\vspfiles\photos\SS-AUB500SV-altview6.jpg
SS-AUB500SV-altview5.jpg,367131,2026-07-20T10:52:35,C:\Users\erink\OneDrive\Documents\GitHub\mccabe-site\vspfiles\photos\SS-AUB500SV-altview5.jpg
SS-AUB500SV-altview4.jpg,275170,2026-07-20T10:52:35,C:\Users\erink\OneDrive\Documents\GitHub\mccabe-site\vspfiles\photos\SS-AUB500SV-altview4.jpg
SS-AUB500SV-altview3.jpg,279689,2026-07-20T10:52:35,C:\Users\erink\OneDrive\Documents\GitHub\mccabe-site\vspfiles\photos\SS-AUB500SV-altview3.jpg
SS-AUB500SV-altview2.jpg,354866,2026-07-20T10:52:35,C:\Users\erink\OneDrive\Documents\GitHub\mccabe-site\vspfiles\photos\SS-AUB500SV-altview2.jpg
SS-AUB500SV-altview12.jpg,139021,2026-07-20T10:52:35,C:\Users\erink\OneDrive\Documents\GitHub\mccabe-site\vspfiles\photos\SS-AUB500SV-altview12.jpg
SS-AUB500SV-altview11.jpg,143601,2026-07-20T10:52:35,C:\Users\erink\OneDrive\Documents\GitHub\mccabe-site\vspfiles\photos\SS-AUB500SV-altview11.jpg
SS-AUB500SV-altview10.jpg,63614,2026-07-20T10:52:35,C:\Users\erink\OneDrive\Documents\GitHub\mccabe-site\vspfiles\photos\SS-AUB500SV-altview10.jpg
SS-AUB500SV-altview1.jpg,156252,2026-07-20T10:52:35,C:\Users\erink\OneDrive\Documents\GitHub\mccabe-site\vspfiles\photos\SS-AUB500SV-altview1.jpg
SS-ALEX-STONE-PWR-SECT-altview9.jpg,306636,2026-07-20T10:52:35,C:\Users\erink\OneDrive\Documents\GitHub\mccabe-site\vspfiles\photos\SS-ALEX-STONE-PWR-SECT-altview9.jpg
SS-ALEX-STONE-PWR-SECT-altview11.jpg,469575,2026-07-20T10:52:35,C:\Users\erink\OneDrive\Documents\GitHub\mccabe-site\vspfiles\photos\SS-ALEX-STONE-PWR-SECT-altview11.jpg
SS-ALEX-STONE-PWR-SECT-altview10.jpg,470589,2026-07-20T10:52:35,C:\Users\erink\OneDrive\Documents\GitHub\mccabe-site\vspfiles\photos\SS-ALEX-STONE-PWR-SECT-altview10.jpg
SAR-WONDER-WOMAN-DBL-LAYER-altview9.jpg,476637,2026-07-20T10:52:35,C:\Users\erink\OneDrive\Documents\GitHub\mccabe-site\vspfiles\photos\SAR-WONDER-WOMAN-DBL-LAYER-altview9.jpg
SAR-WONDER-WOMAN-DBL-LAYER-altview13.jpg,178633,2026-07-20T10:52:35,C:\Users\erink\OneDrive\Documents\GitHub\mccabe-site\vspfiles\photos\SAR-WONDER-WOMAN-DBL-LAYER-altview13.jpg
SAR-WONDER-WOMAN-DBL-LAYER-altview12.jpg,837128,2026-07-20T10:52:34,C:\Users\erink\OneDrive\Documents\GitHub\mccabe-site\vspfiles\photos\SAR-WONDER-WOMAN-DBL-LAYER-altview12.jpg
SAR-WONDER-WOMAN-DBL-LAYER-altview11.jpg,915971,2026-07-20T10:52:34,C:\Users\erink\OneDrive\Documents\GitHub\mccabe-site\vspfiles\photos\SAR-WONDER-WOMAN-DBL-LAYER-altview11.jpg
SAR-WONDER-WOMAN-DBL-LAYER-altview10.jpg,739966,2026-07-20T10:52:34,C:\Users\erink\OneDrive\Documents\GitHub\mccabe-site\vspfiles\photos\SAR-WONDER-WOMAN-DBL-LAYER-altview10.jpg
SAR-WIZARDIN-WORLD-CHARM-altview9.jpg,678303,2026-07-20T10:52:33,C:\Users\erink\OneDrive\Documents\GitHub\mccabe-site\vspfiles\photos\SAR-WIZARDIN-WORLD-CHARM-altview9.jpg
SAR-WIZARDIN-WORLD-CHARM-altview12.jpg,573413,2026-07-20T10:52:33,C:\Users\erink\OneDrive\Documents\GitHub\mccabe-site\vspfiles\photos\SAR-WIZARDIN-WORLD-CHARM-altview12.jpg
SAR-WIZARDIN-WORLD-CHARM-altview11.jpg,595341,2026-07-20T10:52:33,C:\Users\erink\OneDrive\Documents\GitHub\mccabe-site\vspfiles\photos\SAR-WIZARDIN-WORLD-CHARM-altview11.jpg
SAR-WIZARDIN-WORLD-CHARM-altview10.jpg,587115,2026-07-20T10:52:33,C:\Users\erink\OneDrive\Documents\GitHub\mccabe-site\vspfiles\photos\SAR-WIZARDIN-WORLD-CHARM-altview10.jpg
SAR-WFL-KNT-altview9.jpg,707847,2026-07-20T10:52:33,C:\Users\erink\OneDrive\Documents\GitHub\mccabe-site\vspfiles\photos\SAR-WFL-KNT-altview9.jpg
SAR-WFL-KNT-altview21.jpg,413157,2026-07-20T10:52:33,C:\Users\erink\OneDrive\Documents\GitHub\mccabe-site\vspfiles\photos\SAR-WFL-KNT-altview21.jpg
SAR-WFL-KNT-altview20.jpg,442193,2026-07-20T10:52:33,C:\Users\erink\OneDrive\Documents\GitHub\mccabe-site\vspfiles\photos\SAR-WFL-KNT-altview20.jpg
SAR-WFL-KNT-altview19.jpg,428154,2026-07-20T10:52:33,C:\Users\erink\OneDrive\Documents\GitHub\mccabe-site\vspfiles\photos\SAR-WFL-KNT-altview19.jpg
SAR-WFL-KNT-altview18.jpg,465765,2026-07-20T10:52:33,C:\Users\erink\OneDrive\Documents\GitHub\mccabe-site\vspfiles\photos\SAR-WFL-KNT-altview18.jpg
SAR-WFL-KNT-altview17.jpg,617643,2026-07-20T10:52:33,C:\Users\erink\OneDrive\Documents\GitHub\mccabe-site\vspfiles\photos\SAR-WFL-KNT-altview17.jpg
SAR-WFL-KNT-altview16.jpg,731367,2026-07-20T10:52:33,C:\Users\erink\OneDrive\Documents\GitHub\mccabe-site\vspfiles\photos\SAR-WFL-KNT-altview16.jpg
SAR-WFL-KNT-altview15.jpg,198964,2026-07-20T10:52:33,C:\Users\erink\OneDrive\Documents\GitHub\mccabe-site\vspfiles\photos\SAR-WFL-KNT-altview15.jpg
SAR-WFL-KNT-altview14.jpg,495318,2026-07-20T10:52:33,C:\Users\erink\OneDrive\Documents\GitHub\mccabe-site\vspfiles\photos\SAR-WFL-KNT-altview14.jpg
SAR-WFL-KNT-altview13.jpg,217568,2026-07-20T10:52:33,C:\Users\erink\OneDrive\Documents\GitHub\mccabe-site\vspfiles\photos\SAR-WFL-KNT-altview13.jpg
SAR-WFL-KNT-altview12.jpg,232684,2026-07-20T10:52:33,C:\Users\erink\OneDrive\Documents\GitHub\mccabe-site\vspfiles\photos\SAR-WFL-KNT-altview12.jpg
SAR-WFL-KNT-altview11.jpg,214640,2026-07-20T10:52:33,C:\Users\erink\OneDrive\Documents\GitHub\mccabe-site\vspfiles\photos\SAR-WFL-KNT-altview11.jpg
SAR-WFL-KNT-altview10.jpg,425273,2026-07-20T10:52:33,C:\Users\erink\OneDrive\Documents\GitHub\mccabe-site\vspfiles\photos\SAR-WFL-KNT-altview10.jpg
SAR-WFL-KNT-XL-LG-altview9.jpg,961038,2026-07-20T10:52:33,C:\Users\erink\OneDrive\Documents\GitHub\mccabe-site\vspfiles\photos\SAR-WFL-KNT-XL-LG-altview9.jpg
SAR-WFL-KNT-XL-LG-altview21.jpg,359733,2026-07-20T10:52:33,C:\Users\erink\OneDrive\Documents\GitHub\mccabe-site\vspfiles\photos\SAR-WFL-KNT-XL-LG-altview21.jpg
SAR-WFL-KNT-XL-LG-altview20.jpg,346760,2026-07-20T10:52:33,C:\Users\erink\OneDrive\Documents\GitHub\mccabe-site\vspfiles\photos\SAR-WFL-KNT-XL-LG-altview20.jpg
SAR-WFL-KNT-XL-LG-altview19.jpg,419507,2026-07-20T10:52:33,C:\Users\erink\OneDrive\Documents\GitHub\mccabe-site\vspfiles\photos\SAR-WFL-KNT-XL-LG-altview19.jpg
SAR-WFL-KNT-XL-LG-altview18.jpg,465765,2026-07-20T10:52:33,C:\Users\erink\OneDrive\Documents\GitHub\mccabe-site\vspfiles\photos\SAR-WFL-KNT-XL-LG-altview18.jpg
SAR-WFL-KNT-XL-LG-altview17.jpg,618947,2026-07-20T10:52:33,C:\Users\erink\OneDrive\Documents\GitHub\mccabe-site\vspfiles\photos\SAR-WFL-KNT-XL-LG-altview17.jpg
SAR-WFL-KNT-XL-LG-altview16.jpg,542424,2026-07-20T10:52:33,C:\Users\erink\OneDrive\Documents\GitHub\mccabe-site\vspfiles\photos\SAR-WFL-KNT-XL-LG-altview16.jpg
SAR-WFL-KNT-XL-LG-altview15.jpg,203005,2026-07-20T10:52:33,C:\Users\erink\OneDrive\Documents\GitHub\mccabe-site\vspfiles\photos\SAR-WFL-KNT-XL-LG-altview15.jpg
SAR-WFL-KNT-XL-LG-altview14.jpg,257432,2026-07-20T10:52:33,C:\Users\erink\OneDrive\Documents\GitHub\mccabe-site\vspfiles\photos\SAR-WFL-KNT-XL-LG-altview14.jpg
SAR-WFL-KNT-XL-LG-altview13.jpg,343579,2026-07-20T10:52:33,C:\Users\erink\OneDrive\Documents\GitHub\mccabe-site\vspfiles\photos\SAR-WFL-KNT-XL-LG-altview13.jpg
SAR-WFL-KNT-XL-LG-altview12.jpg,204489,2026-07-20T10:52:33,C:\Users\erink\OneDrive\Documents\GitHub\mccabe-site\vspfiles\photos\SAR-WFL-KNT-XL-LG-altview12.jpg
SAR-WFL-KNT-XL-LG-altview11.jpg,426275,2026-07-20T10:52:33,C:\Users\erink\OneDrive\Documents\GitHub\mccabe-site\vspfiles\photos\SAR-WFL-KNT-XL-LG-altview11.jpg
SAR-WFL-KNT-XL-LG-altview10.jpg,433507,2026-07-20T10:52:33,C:\Users\erink\OneDrive\Documents\GitHub\mccabe-site\vspfiles\photos\SAR-WFL-KNT-XL-LG-altview10.jpg
SAR-WFL-KNT-TWIN-altview9.jpg,683808,2026-07-20T10:52:32,C:\Users\erink\OneDrive\Documents\GitHub\mccabe-site\vspfiles\photos\SAR-WFL-KNT-TWIN-altview9.jpg
SAR-WFL-KNT-TWIN-altview20.jpg,365852,2026-07-20T10:52:32,C:\Users\erink\OneDrive\Documents\GitHub\mccabe-site\vspfiles\photos\SAR-WFL-KNT-TWIN-altview20.jpg
SAR-WFL-KNT-TWIN-altview19.jpg,351418,2026-07-20T10:52:32,C:\Users\erink\OneDrive\Documents\GitHub\mccabe-site\vspfiles\photos\SAR-WFL-KNT-TWIN-altview19.jpg
SAR-WFL-KNT-TWIN-altview18.jpg,405469,2026-07-20T10:52:32,C:\Users\erink\OneDrive\Documents\GitHub\mccabe-site\vspfiles\photos\SAR-WFL-KNT-TWIN-altview18.jpg
SAR-WFL-KNT-TWIN-altview17.jpg,510154,2026-07-20T10:52:32,C:\Users\erink\OneDrive\Documents\GitHub\mccabe-site\vspfiles\photos\SAR-WFL-KNT-TWIN-altview17.jpg
SAR-WFL-KNT-TWIN-altview16.jpg,452593,2026-07-20T10:52:32,C:\Users\erink\OneDrive\Documents\GitHub\mccabe-site\vspfiles\photos\SAR-WFL-KNT-TWIN-altview16.jpg
SAR-WFL-KNT-TWIN-altview15.jpg,574215,2026-07-20T10:52:31,C:\Users\erink\OneDrive\Documents\GitHub\mccabe-site\vspfiles\photos\SAR-WFL-KNT-TWIN-altview15.jpg
SAR-WFL-KNT-TWIN-altview14.jpg,552945,2026-07-20T10:52:31,C:\Users\erink\OneDrive\Documents\GitHub\mccabe-site\vspfiles\photos\SAR-WFL-KNT-TWIN-altview14.jpg
SAR-WFL-KNT-TWIN-altview13.jpg,576118,2026-07-20T10:52:31,C:\Users\erink\OneDrive\Documents\GitHub\mccabe-site\vspfiles\photos\SAR-WFL-KNT-TWIN-altview13.jpg
SAR-WFL-KNT-TWIN-altview12.jpg,751658,2026-07-20T10:52:31,C:\Users\erink\OneDrive\Documents\GitHub\mccabe-site\vspfiles\photos\SAR-WFL-KNT-TWIN-altview12.jpg
SAR-WFL-KNT-TWIN-altview11.jpg,609423,2026-07-20T10:52:31,C:\Users\erink\OneDrive\Documents\GitHub\mccabe-site\vspfiles\photos\SAR-WFL-KNT-TWIN-altview11.jpg
SAR-WFL-KNT-TWIN-altview10.jpg,518737,2026-07-20T10:52:31,C:\Users\erink\OneDrive\Documents\GitHub\mccabe-site\vspfiles\photos\SAR-WFL-KNT-TWIN-altview10.jpg
SAR-WFL-KNT-TOD-altview9.jpg,548266,2026-07-20T10:52:30,C:\Users\erink\OneDrive\Documents\GitHub\mccabe-site\vspfiles\photos\SAR-WFL-KNT-TOD-altview9.jpg
SAR-WFL-KNT-TOD-altview19.jpg,178633,2026-07-20T10:52:30,C:\Users\erink\OneDrive\Documents\GitHub\mccabe-site\vspfiles\photos\SAR-WFL-KNT-TOD-altview19.jpg
SAR-WFL-KNT-TOD-altview18.jpg,608998,2026-07-20T10:52:30,C:\Users\erink\OneDrive\Documents\GitHub\mccabe-site\vspfiles\photos\SAR-WFL-KNT-TOD-altview18.jpg
SAR-WFL-KNT-TOD-altview17.jpg,700778,2026-07-20T10:52:30,C:\Users\erink\OneDrive\Documents\GitHub\mccabe-site\vspfiles\photos\SAR-WFL-KNT-TOD-altview17.jpg
SAR-WFL-KNT-TOD-altview16.jpg,459579,2026-07-20T10:52:30,C:\Users\erink\OneDrive\Documents\GitHub\mccabe-site\vspfiles\photos\SAR-WFL-KNT-TOD-altview16.jpg
SAR-WFL-KNT-TOD-altview15.jpg,493581,2026-07-20T10:52:30,C:\Users\erink\OneDrive\Documents\GitHub\mccabe-site\vspfiles\photos\SAR-WFL-KNT-TOD-altview15.jpg
SAR-WFL-KNT-TOD-altview14.jpg,412274,2026-07-20T10:52:30,C:\Users\erink\OneDrive\Documents\GitHub\mccabe-site\vspfiles\photos\SAR-WFL-KNT-TOD-altview14.jpg
SAR-WFL-KNT-TOD-altview13.jpg,281647,2026-07-20T10:52:30,C:\Users\erink\OneDrive\Documents\GitHub\mccabe-site\vspfiles\photos\SAR-WFL-KNT-TOD-altview13.jpg
SAR-WFL-KNT-TOD-altview12.jpg,550638,2026-07-20T10:52:30,C:\Users\erink\OneDrive\Documents\GitHub\mccabe-site\vspfiles\photos\SAR-WFL-KNT-TOD-altview12.jpg
SAR-WFL-KNT-TOD-altview11.jpg,683763,2026-07-20T10:52:30,C:\Users\erink\OneDrive\Documents\GitHub\mccabe-site\vspfiles\photos\SAR-WFL-KNT-TOD-altview11.jpg
SAR-WFL-KNT-TOD-altview10.jpg,403701,2026-07-20T10:52:30,C:\Users\erink\OneDrive\Documents\GitHub\mccabe-site\vspfiles\photos\SAR-WFL-KNT-TOD-altview10.jpg
SAR-WFL-KNT-QUEEN-altview9.jpg,493923,2026-07-20T10:52:30,C:\Users\erink\OneDrive\Documents\GitHub\mccabe-site\vspfiles\photos\SAR-WFL-KNT-QUEEN-altview9.jpg
SAR-WFL-KNT-QUEEN-altview22.jpg,365852,2026-07-20T10:52:30,C:\Users\erink\OneDrive\Documents\GitHub\mccabe-site\vspfiles\photos\SAR-WFL-KNT-QUEEN-altview22.jpg
SAR-WFL-KNT-QUEEN-altview21.jpg,351418,2026-07-20T10:52:30,C:\Users\erink\OneDrive\Documents\GitHub\mccabe-site\vspfiles\photos\SAR-WFL-KNT-QUEEN-altview21.jpg
SAR-WFL-KNT-QUEEN-altview20.jpg,405469,2026-07-20T10:52:30,C:\Users\erink\OneDrive\Documents\GitHub\mccabe-site\vspfiles\photos\SAR-WFL-KNT-QUEEN-altview20.jpg
SAR-WFL-KNT-QUEEN-altview19.jpg,525049,2026-07-20T10:52:30,C:\Users\erink\OneDrive\Documents\GitHub\mccabe-site\vspfiles\photos\SAR-WFL-KNT-QUEEN-altview19.jpg
SAR-WFL-KNT-QUEEN-altview18.jpg,510154,2026-07-20T10:52:29,C:\Users\erink\OneDrive\Documents\GitHub\mccabe-site\vspfiles\photos\SAR-WFL-KNT-QUEEN-altview18.jpg
SAR-WFL-KNT-QUEEN-altview17.jpg,574215,2026-07-20T10:52:29,C:\Users\erink\OneDrive\Documents\GitHub\mccabe-site\vspfiles\photos\SAR-WFL-KNT-QUEEN-altview17.jpg
SAR-WFL-KNT-QUEEN-altview16.jpg,518376,2026-07-20T10:52:29,C:\Users\erink\OneDrive\Documents\GitHub\mccabe-site\vspfiles\photos\SAR-WFL-KNT-QUEEN-altview16.jpg
SAR-WFL-KNT-QUEEN-altview15.jpg,577388,2026-07-20T10:52:29,C:\Users\erink\OneDrive\Documents\GitHub\mccabe-site\vspfiles\photos\SAR-WFL-KNT-QUEEN-altview15.jpg
SAR-WFL-KNT-QUEEN-altview14.jpg,324945,2026-07-20T10:52:29,C:\Users\erink\OneDrive\Documents\GitHub\mccabe-site\vspfiles\photos\SAR-WFL-KNT-QUEEN-altview14.jpg
SAR-WFL-KNT-QUEEN-altview13.jpg,795056,2026-07-20T10:52:29,C:\Users\erink\OneDrive\Documents\GitHub\mccabe-site\vspfiles\photos\SAR-WFL-KNT-QUEEN-altview13.jpg
SAR-WFL-KNT-QUEEN-altview12.jpg,793410,2026-07-20T10:52:29,C:\Users\erink\OneDrive\Documents\GitHub\mccabe-site\vspfiles\photos\SAR-WFL-KNT-QUEEN-altview12.jpg
SAR-WFL-KNT-QUEEN-altview11.jpg,735470,2026-07-20T10:52:29,C:\Users\erink\OneDrive\Documents\GitHub\mccabe-site\vspfiles\photos\SAR-WFL-KNT-QUEEN-altview11.jpg
SAR-WFL-KNT-QUEEN-altview10.jpg,760831,2026-07-20T10:52:29,C:\Users\erink\OneDrive\Documents\GitHub\mccabe-site\vspfiles\photos\SAR-WFL-KNT-QUEEN-altview10.jpg
SAR-WFL-KNT-KING-altview9.jpg,576891,2026-07-20T10:52:29,C:\Users\erink\OneDrive\Documents\GitHub\mccabe-site\vspfiles\photos\SAR-WFL-KNT-KING-altview9.jpg
SAR-WFL-KNT-KING-altview21.jpg,365852,2026-07-20T10:52:29,C:\Users\erink\OneDrive\Documents\GitHub\mccabe-site\vspfiles\photos\SAR-WFL-KNT-KING-altview21.jpg
SAR-WFL-KNT-KING-altview20.jpg,351418,2026-07-20T10:52:29,C:\Users\erink\OneDrive\Documents\GitHub\mccabe-site\vspfiles\photos\SAR-WFL-KNT-KING-altview20.jpg
SAR-WFL-KNT-KING-altview19.jpg,405469,2026-07-20T10:52:29,C:\Users\erink\OneDrive\Documents\GitHub\mccabe-site\vspfiles\photos\SAR-WFL-KNT-KING-altview19.jpg
SAR-WFL-KNT-KING-altview18.jpg,525049,2026-07-20T10:52:29,C:\Users\erink\OneDrive\Documents\GitHub\mccabe-site\vspfiles\photos\SAR-WFL-KNT-KING-altview18.jpg
SAR-WFL-KNT-KING-altview17.jpg,510154,2026-07-20T10:52:29,C:\Users\erink\OneDrive\Documents\GitHub\mccabe-site\vspfiles\photos\SAR-WFL-KNT-KING-altview17.jpg
SAR-WFL-KNT-KING-altview16.jpg,574215,2026-07-20T10:52:29,C:\Users\erink\OneDrive\Documents\GitHub\mccabe-site\vspfiles\photos\SAR-WFL-KNT-KING-altview16.jpg
SAR-WFL-KNT-KING-altview15.jpg,518376,2026-07-20T10:52:29,C:\Users\erink\OneDrive\Documents\GitHub\mccabe-site\vspfiles\photos\SAR-WFL-KNT-KING-altview15.jpg
SAR-WFL-KNT-KING-altview14.jpg,627036,2026-07-20T10:52:29,C:\Users\erink\OneDrive\Documents\GitHub\mccabe-site\vspfiles\photos\SAR-WFL-KNT-KING-altview14.jpg
SAR-WFL-KNT-KING-altview13.jpg,341725,2026-07-20T10:52:29,C:\Users\erink\OneDrive\Documents\GitHub\mccabe-site\vspfiles\photos\SAR-WFL-KNT-KING-altview13.jpg
SAR-WFL-KNT-KING-altview12.jpg,422365,2026-07-20T10:52:29,C:\Users\erink\OneDrive\Documents\GitHub\mccabe-site\vspfiles\photos\SAR-WFL-KNT-KING-altview12.jpg
SAR-WFL-KNT-KING-altview11.jpg,449721,2026-07-20T10:52:29,C:\Users\erink\OneDrive\Documents\GitHub\mccabe-site\vspfiles\photos\SAR-WFL-KNT-KING-altview11.jpg
SAR-WFL-KNT-KING-altview10.jpg,438469,2026-07-20T10:52:29,C:\Users\erink\OneDrive\Documents\GitHub\mccabe-site\vspfiles\photos\SAR-WFL-KNT-KING-altview10.jpg
SAR-WEARABLE-altview9.jpg,288997,2026-07-20T10:52:29,C:\Users\erink\OneDrive\Documents\GitHub\mccabe-site\vspfiles\photos\SAR-WEARABLE-altview9.jpg
SAR-WEARABLE-altview20.jpg,97793,2026-07-20T10:52:29,C:\Users\erink\OneDrive\Documents\GitHub\mccabe-site\vspfiles\photos\SAR-WEARABLE-altview20.jpg
SAR-WEARABLE-altview19.jpg,479946,2026-07-20T10:52:29,C:\Users\erink\OneDrive\Documents\GitHub\mccabe-site\vspfiles\photos\SAR-WEARABLE-altview19.jpg
SAR-WEARABLE-altview18.jpg,970081,2026-07-20T10:52:29,C:\Users\erink\OneDrive\Documents\GitHub\mccabe-site\vspfiles\photos\SAR-WEARABLE-altview18.jpg
SAR-WEARABLE-altview17.jpg,593828,2026-07-20T10:52:29,C:\Users\erink\OneDrive\Documents\GitHub\mccabe-site\vspfiles\photos\SAR-WEARABLE-altview17.jpg
SAR-WEARABLE-altview16.jpg,598399,2026-07-20T10:52:29,C:\Users\erink\OneDrive\Documents\GitHub\mccabe-site\vspfiles\photos\SAR-WEARABLE-altview16.jpg
SAR-WEARABLE-altview15.jpg,432667,2026-07-20T10:52:29,C:\Users\erink\OneDrive\Documents\GitHub\mccabe-site\vspfiles\photos\SAR-WEARABLE-altview15.jpg
SAR-WEARABLE-altview14.jpg,487816,2026-07-20T10:52:29,C:\Users\erink\OneDrive\Documents\GitHub\mccabe-site\vspfiles\photos\SAR-WEARABLE-altview14.jpg
SAR-WEARABLE-altview13.jpg,386383,2026-07-20T10:52:29,C:\Users\erink\OneDrive\Documents\GitHub\mccabe-site\vspfiles\photos\SAR-WEARABLE-altview13.jpg
SAR-WEARABLE-altview12.jpg,480750,2026-07-20T10:52:29,C:\Users\erink\OneDrive\Documents\GitHub\mccabe-site\vspfiles\photos\SAR-WEARABLE-altview12.jpg
SAR-WEARABLE-altview11.jpg,352925,2026-07-20T10:52:29,C:\Users\erink\OneDrive\Documents\GitHub\mccabe-site\vspfiles\photos\SAR-WEARABLE-altview11.jpg
SAR-WEARABLE-altview10.jpg,344210,2026-07-20T10:52:29,C:\Users\erink\OneDrive\Documents\GitHub\mccabe-site\vspfiles\photos\SAR-WEARABLE-altview10.jpg
SAR-VERY-HGRY-CAT-MNKY-STR-altview9.jpg,133613,2026-07-20T10:52:28,C:\Users\erink\OneDrive\Documents\GitHub\mccabe-site\vspfiles\photos\SAR-VERY-HGRY-CAT-MNKY-STR-altview9.jpg
SAR-SUPERMAN-DBL-LAYER-BMB-altview9.jpg,617365,2026-07-20T10:52:28,C:\Users\erink\OneDrive\Documents\GitHub\mccabe-site\vspfiles\photos\SAR-SUPERMAN-DBL-LAYER-BMB-altview9.jpg
SAR-SUPERMAN-DBL-LAYER-BMB-altview13.jpg,178633,2026-07-20T10:52:28,C:\Users\erink\OneDrive\Documents\GitHub\mccabe-site\vspfiles\photos\SAR-SUPERMAN-DBL-LAYER-BMB-altview13.jpg
SAR-SUPERMAN-DBL-LAYER-BMB-altview12.jpg,816291,2026-07-20T10:52:28,C:\Users\erink\OneDrive\Documents\GitHub\mccabe-site\vspfiles\photos\SAR-SUPERMAN-DBL-LAYER-BMB-altview12.jpg
SAR-SUPERMAN-DBL-LAYER-BMB-altview11.jpg,638444,2026-07-20T10:52:28,C:\Users\erink\OneDrive\Documents\GitHub\mccabe-site\vspfiles\photos\SAR-SUPERMAN-DBL-LAYER-BMB-altview11.jpg
SAR-SUPERMAN-DBL-LAYER-BMB-altview10.jpg,656792,2026-07-20T10:52:28,C:\Users\erink\OneDrive\Documents\GitHub\mccabe-site\vspfiles\photos\SAR-SUPERMAN-DBL-LAYER-BMB-altview10.jpg
SAR-STRETCHY-SWADDLES-HATS-altview9.jpg,391707,2026-07-20T10:52:28,C:\Users\erink\OneDrive\Documents\GitHub\mccabe-site\vspfiles\photos\SAR-STRETCHY-SWADDLES-HATS-altview9.jpg
SAR-STRETCHY-SWADDLES-HATS-altview24.jpg,409134,2026-07-20T10:52:28,C:\Users\erink\OneDrive\Documents\GitHub\mccabe-site\vspfiles\photos\SAR-STRETCHY-SWADDLES-HATS-altview24.jpg
SAR-STRETCHY-SWADDLES-HATS-altview23.jpg,344179,2026-07-20T10:52:28,C:\Users\erink\OneDrive\Documents\GitHub\mccabe-site\vspfiles\photos\SAR-STRETCHY-SWADDLES-HATS-altview23.jpg
SAR-STRETCHY-SWADDLES-HATS-altview22.jpg,265541,2026-07-20T10:52:28,C:\Users\erink\OneDrive\Documents\GitHub\mccabe-site\vspfiles\photos\SAR-STRETCHY-SWADDLES-HATS-altview22.jpg
SAR-STRETCHY-SWADDLES-HATS-altview21.jpg,377842,2026-07-20T10:52:28,C:\Users\erink\OneDrive\Documents\GitHub\mccabe-site\vspfiles\photos\SAR-STRETCHY-SWADDLES-HATS-altview21.jpg
SAR-STRETCHY-SWADDLES-HATS-altview20.jpg,442035,2026-07-20T10:52:28,C:\Users\erink\OneDrive\Documents\GitHub\mccabe-site\vspfiles\photos\SAR-STRETCHY-SWADDLES-HATS-altview20.jpg
SAR-STRETCHY-SWADDLES-HATS-altview19.jpg,449769,2026-07-20T10:52:28,C:\Users\erink\OneDrive\Documents\GitHub\mccabe-site\vspfiles\photos\SAR-STRETCHY-SWADDLES-HATS-altview19.jpg
SAR-STRETCHY-SWADDLES-HATS-altview18.jpg,348876,2026-07-20T10:52:28,C:\Users\erink\OneDrive\Documents\GitHub\mccabe-site\vspfiles\photos\SAR-STRETCHY-SWADDLES-HATS-altview18.jpg
SAR-STRETCHY-SWADDLES-HATS-altview17.jpg,355006,2026-07-20T10:52:28,C:\Users\erink\OneDrive\Documents\GitHub\mccabe-site\vspfiles\photos\SAR-STRETCHY-SWADDLES-HATS-altview17.jpg
SAR-STRETCHY-SWADDLES-HATS-altview16.jpg,375894,2026-07-20T10:52:28,C:\Users\erink\OneDrive\Documents\GitHub\mccabe-site\vspfiles\photos\SAR-STRETCHY-SWADDLES-HATS-altview16.jpg
SAR-STRETCHY-SWADDLES-HATS-altview15.jpg,631452,2026-07-20T10:52:28,C:\Users\erink\OneDrive\Documents\GitHub\mccabe-site\vspfiles\photos\SAR-STRETCHY-SWADDLES-HATS-altview15.jpg
SAR-STRETCHY-SWADDLES-HATS-altview14.jpg,403601,2026-07-20T10:52:28,C:\Users\erink\OneDrive\Documents\GitHub\mccabe-site\vspfiles\photos\SAR-STRETCHY-SWADDLES-HATS-altview14.jpg
SAR-STRETCHY-SWADDLES-HATS-altview13.jpg,651615,2026-07-20T10:52:28,C:\Users\erink\OneDrive\Documents\GitHub\mccabe-site\vspfiles\photos\SAR-STRETCHY-SWADDLES-HATS-altview13.jpg
SAR-STRETCHY-SWADDLES-HATS-altview12.jpg,358699,2026-07-20T10:52:28,C:\Users\erink\OneDrive\Documents\GitHub\mccabe-site\vspfiles\photos\SAR-STRETCHY-SWADDLES-HATS-altview12.jpg
SAR-STRETCHY-SWADDLES-HATS-altview11.jpg,121094,2026-07-20T10:52:28,C:\Users\erink\OneDrive\Documents\GitHub\mccabe-site\vspfiles\photos\SAR-STRETCHY-SWADDLES-HATS-altview11.jpg
SAR-STRETCHY-SWADDLES-HATS-altview10.jpg,241720,2026-07-20T10:52:28,C:\Users\erink\OneDrive\Documents\GitHub\mccabe-site\vspfiles\photos\SAR-STRETCHY-SWADDLES-HATS-altview10.jpg
SAR-SNUGGLER-altview9.jpg,378383,2026-07-20T10:52:28,C:\Users\erink\OneDrive\Documents\GitHub\mccabe-site\vspfiles\photos\SAR-SNUGGLER-altview9.jpg
SAR-SNUGGLER-altview18.jpg,412971,2026-07-20T10:52:28,C:\Users\erink\OneDrive\Documents\GitHub\mccabe-site\vspfiles\photos\SAR-SNUGGLER-altview18.jpg
SAR-SNUGGLER-altview17.jpg,377201,2026-07-20T10:52:28,C:\Users\erink\OneDrive\Documents\GitHub\mccabe-site\vspfiles\photos\SAR-SNUGGLER-altview17.jpg
SAR-SNUGGLER-altview16.jpg,332061,2026-07-20T10:52:28,C:\Users\erink\OneDrive\Documents\GitHub\mccabe-site\vspfiles\photos\SAR-SNUGGLER-altview16.jpg
SAR-SNUGGLER-altview15.jpg,464269,2026-07-20T10:52:28,C:\Users\erink\OneDrive\Documents\GitHub\mccabe-site\vspfiles\photos\SAR-SNUGGLER-altview15.jpg
SAR-SNUGGLER-altview14.jpg,266450,2026-07-20T10:52:28,C:\Users\erink\OneDrive\Documents\GitHub\mccabe-site\vspfiles\photos\SAR-SNUGGLER-altview14.jpg
SAR-SNUGGLER-altview13.jpg,440278,2026-07-20T10:52:28,C:\Users\erink\OneDrive\Documents\GitHub\mccabe-site\vspfiles\photos\SAR-SNUGGLER-altview13.jpg
SAR-SNUGGLER-altview12.jpg,404355,2026-07-20T10:52:28,C:\Users\erink\OneDrive\Documents\GitHub\mccabe-site\vspfiles\photos\SAR-SNUGGLER-altview12.jpg
SAR-SNUGGLER-altview11.jpg,360249,2026-07-20T10:52:28,C:\Users\erink\OneDrive\Documents\GitHub\mccabe-site\vspfiles\photos\SAR-SNUGGLER-altview11.jpg
SAR-SNUGGLER-altview10.jpg,214670,2026-07-20T10:52:28,C:\Users\erink\OneDrive\Documents\GitHub\mccabe-site\vspfiles\photos\SAR-SNUGGLER-altview10.jpg
SAR-SATIN-BORDER-TOD-altview9.jpg,355705,2026-07-20T10:52:28,C:\Users\erink\OneDrive\Documents\GitHub\mccabe-site\vspfiles\photos\SAR-SATIN-BORDER-TOD-altview9.jpg
SAR-SATIN-BORDER-TOD-altview24.jpg,345486,2026-07-20T10:52:28,C:\Users\erink\OneDrive\Documents\GitHub\mccabe-site\vspfiles\photos\SAR-SATIN-BORDER-TOD-altview24.jpg
SAR-SATIN-BORDER-TOD-altview23.jpg,181451,2026-07-20T10:52:28,C:\Users\erink\OneDrive\Documents\GitHub\mccabe-site\vspfiles\photos\SAR-SATIN-BORDER-TOD-altview23.jpg
SAR-SATIN-BORDER-TOD-altview22.jpg,747921,2026-07-20T10:52:28,C:\Users\erink\OneDrive\Documents\GitHub\mccabe-site\vspfiles\photos\SAR-SATIN-BORDER-TOD-altview22.jpg
SAR-SATIN-BORDER-TOD-altview21.jpg,658766,2026-07-20T10:52:28,C:\Users\erink\OneDrive\Documents\GitHub\mccabe-site\vspfiles\photos\SAR-SATIN-BORDER-TOD-altview21.jpg
SAR-SATIN-BORDER-TOD-altview20.jpg,222160,2026-07-20T10:52:28,C:\Users\erink\OneDrive\Documents\GitHub\mccabe-site\vspfiles\photos\SAR-SATIN-BORDER-TOD-altview20.jpg
SAR-SATIN-BORDER-TOD-altview19.jpg,270794,2026-07-20T10:52:28,C:\Users\erink\OneDrive\Documents\GitHub\mccabe-site\vspfiles\photos\SAR-SATIN-BORDER-TOD-altview19.jpg
SAR-SATIN-BORDER-TOD-altview18.jpg,595242,2026-07-20T10:52:28,C:\Users\erink\OneDrive\Documents\GitHub\mccabe-site\vspfiles\photos\SAR-SATIN-BORDER-TOD-altview18.jpg
SAR-SATIN-BORDER-TOD-altview17.jpg,663678,2026-07-20T10:52:28,C:\Users\erink\OneDrive\Documents\GitHub\mccabe-site\vspfiles\photos\SAR-SATIN-BORDER-TOD-altview17.jpg
SAR-SATIN-BORDER-TOD-altview16.jpg,275824,2026-07-20T10:52:28,C:\Users\erink\OneDrive\Documents\GitHub\mccabe-site\vspfiles\photos\SAR-SATIN-BORDER-TOD-altview16.jpg
SAR-SATIN-BORDER-TOD-altview15.jpg,579839,2026-07-20T10:52:28,C:\Users\erink\OneDrive\Documents\GitHub\mccabe-site\vspfiles\photos\SAR-SATIN-BORDER-TOD-altview15.jpg
SAR-SATIN-BORDER-TOD-altview14.jpg,435137,2026-07-20T10:52:28,C:\Users\erink\OneDrive\Documents\GitHub\mccabe-site\vspfiles\photos\SAR-SATIN-BORDER-TOD-altview14.jpg
SAR-SATIN-BORDER-TOD-altview13.jpg,574865,2026-07-20T10:52:28,C:\Users\erink\OneDrive\Documents\GitHub\mccabe-site\vspfiles\photos\SAR-SATIN-BORDER-TOD-altview13.jpg
SAR-SATIN-BORDER-TOD-altview12.jpg,652582,2026-07-20T10:52:28,C:\Users\erink\OneDrive\Documents\GitHub\mccabe-site\vspfiles\photos\SAR-SATIN-BORDER-TOD-altview12.jpg
SAR-SATIN-BORDER-TOD-altview11.jpg,561168,2026-07-20T10:52:28,C:\Users\erink\OneDrive\Documents\GitHub\mccabe-site\vspfiles\photos\SAR-SATIN-BORDER-TOD-altview11.jpg
SAR-SATIN-BORDER-TOD-altview10.jpg,610490,2026-07-20T10:52:28,C:\Users\erink\OneDrive\Documents\GitHub\mccabe-site\vspfiles\photos\SAR-SATIN-BORDER-TOD-altview10.jpg
SAR-SATIN-BACK-TOD-altview9.jpg,769135,2026-07-20T10:52:27,C:\Users\erink\OneDrive\Documents\GitHub\mccabe-site\vspfiles\photos\SAR-SATIN-BACK-TOD-altview9.jpg
SAR-SATIN-BACK-TOD-altview24.jpg,606851,2026-07-20T10:52:27,C:\Users\erink\OneDrive\Documents\GitHub\mccabe-site\vspfiles\photos\SAR-SATIN-BACK-TOD-altview24.jpg
SAR-SATIN-BACK-TOD-altview23.jpg,244806,2026-07-20T10:52:27,C:\Users\erink\OneDrive\Documents\GitHub\mccabe-site\vspfiles\photos\SAR-SATIN-BACK-TOD-altview23.jpg
SAR-SATIN-BACK-TOD-altview22.jpg,220030,2026-07-20T10:52:27,C:\Users\erink\OneDrive\Documents\GitHub\mccabe-site\vspfiles\photos\SAR-SATIN-BACK-TOD-altview22.jpg
SAR-SATIN-BACK-TOD-altview21.jpg,279817,2026-07-20T10:52:27,C:\Users\erink\OneDrive\Documents\GitHub\mccabe-site\vspfiles\photos\SAR-SATIN-BACK-TOD-altview21.jpg
SAR-SATIN-BACK-TOD-altview20.jpg,248795,2026-07-20T10:52:27,C:\Users\erink\OneDrive\Documents\GitHub\mccabe-site\vspfiles\photos\SAR-SATIN-BACK-TOD-altview20.jpg
SAR-SATIN-BACK-TOD-altview19.jpg,262585,2026-07-20T10:52:27,C:\Users\erink\OneDrive\Documents\GitHub\mccabe-site\vspfiles\photos\SAR-SATIN-BACK-TOD-altview19.jpg
SAR-SATIN-BACK-TOD-altview18.jpg,690092,2026-07-20T10:52:27,C:\Users\erink\OneDrive\Documents\GitHub\mccabe-site\vspfiles\photos\SAR-SATIN-BACK-TOD-altview18.jpg
SAR-SATIN-BACK-TOD-altview17.jpg,774201,2026-07-20T10:52:27,C:\Users\erink\OneDrive\Documents\GitHub\mccabe-site\vspfiles\photos\SAR-SATIN-BACK-TOD-altview17.jpg
SAR-SATIN-BACK-TOD-altview16.jpg,737521,2026-07-20T10:52:27,C:\Users\erink\OneDrive\Documents\GitHub\mccabe-site\vspfiles\photos\SAR-SATIN-BACK-TOD-altview16.jpg
SAR-SATIN-BACK-TOD-altview15.jpg,456464,2026-07-20T10:52:27,C:\Users\erink\OneDrive\Documents\GitHub\mccabe-site\vspfiles\photos\SAR-SATIN-BACK-TOD-altview15.jpg
SAR-SATIN-BACK-TOD-altview14.jpg,800371,2026-07-20T10:52:27,C:\Users\erink\OneDrive\Documents\GitHub\mccabe-site\vspfiles\photos\SAR-SATIN-BACK-TOD-altview14.jpg
SAR-SATIN-BACK-TOD-altview13.jpg,476255,2026-07-20T10:52:27,C:\Users\erink\OneDrive\Documents\GitHub\mccabe-site\vspfiles\photos\SAR-SATIN-BACK-TOD-altview13.jpg
SAR-SATIN-BACK-TOD-altview12.jpg,756181,2026-07-20T10:52:27,C:\Users\erink\OneDrive\Documents\GitHub\mccabe-site\vspfiles\photos\SAR-SATIN-BACK-TOD-altview12.jpg
SAR-SATIN-BACK-TOD-altview11.jpg,271338,2026-07-20T10:52:27,C:\Users\erink\OneDrive\Documents\GitHub\mccabe-site\vspfiles\photos\SAR-SATIN-BACK-TOD-altview11.jpg
SAR-SATIN-BACK-TOD-altview10.jpg,597541,2026-07-20T10:52:27,C:\Users\erink\OneDrive\Documents\GitHub\mccabe-site\vspfiles\photos\SAR-SATIN-BACK-TOD-altview10.jpg
SAR-RIBBED-BMB-altview9.jpg,356866,2026-07-20T10:52:27,C:\Users\erink\OneDrive\Documents\GitHub\mccabe-site\vspfiles\photos\SAR-RIBBED-BMB-altview9.jpg
SAR-RIBBED-BMB-altview14.jpg,132308,2026-07-20T10:52:27,C:\Users\erink\OneDrive\Documents\GitHub\mccabe-site\vspfiles\photos\SAR-RIBBED-BMB-altview14.jpg
SAR-RIBBED-BMB-altview13.jpg,153622,2026-07-20T10:52:27,C:\Users\erink\OneDrive\Documents\GitHub\mccabe-site\vspfiles\photos\SAR-RIBBED-BMB-altview13.jpg
SAR-RIBBED-BMB-altview12.jpg,178977,2026-07-20T10:52:27,C:\Users\erink\OneDrive\Documents\GitHub\mccabe-site\vspfiles\photos\SAR-RIBBED-BMB-altview12.jpg
SAR-RIBBED-BMB-altview11.jpg,288235,2026-07-20T10:52:27,C:\Users\erink\OneDrive\Documents\GitHub\mccabe-site\vspfiles\photos\SAR-RIBBED-BMB-altview11.jpg
SAR-RIBBED-BMB-altview10.jpg,293885,2026-07-20T10:52:27,C:\Users\erink\OneDrive\Documents\GitHub\mccabe-site\vspfiles\photos\SAR-RIBBED-BMB-altview10.jpg
SAR-RIBBED-BMB-XL-LG-altview9.jpg,888300,2026-07-20T10:52:27,C:\Users\erink\OneDrive\Documents\GitHub\mccabe-site\vspfiles\photos\SAR-RIBBED-BMB-XL-LG-altview9.jpg
SAR-RIBBED-BMB-XL-LG-altview22.jpg,132308,2026-07-20T10:52:27,C:\Users\erink\OneDrive\Documents\GitHub\mccabe-site\vspfiles\photos\SAR-RIBBED-BMB-XL-LG-altview22.jpg
SAR-RIBBED-BMB-XL-LG-altview21.jpg,742635,2026-07-20T10:52:27,C:\Users\erink\OneDrive\Documents\GitHub\mccabe-site\vspfiles\photos\SAR-RIBBED-BMB-XL-LG-altview21.jpg
SAR-RIBBED-BMB-XL-LG-altview20.jpg,993343,2026-07-20T10:52:27,C:\Users\erink\OneDrive\Documents\GitHub\mccabe-site\vspfiles\photos\SAR-RIBBED-BMB-XL-LG-altview20.jpg
SAR-RIBBED-BMB-XL-LG-altview19.jpg,637488,2026-07-20T10:52:27,C:\Users\erink\OneDrive\Documents\GitHub\mccabe-site\vspfiles\photos\SAR-RIBBED-BMB-XL-LG-altview19.jpg
SAR-RIBBED-BMB-XL-LG-altview18.jpg,700224,2026-07-20T10:52:27,C:\Users\erink\OneDrive\Documents\GitHub\mccabe-site\vspfiles\photos\SAR-RIBBED-BMB-XL-LG-altview18.jpg
SAR-RIBBED-BMB-XL-LG-altview17.jpg,789156,2026-07-20T10:52:27,C:\Users\erink\OneDrive\Documents\GitHub\mccabe-site\vspfiles\photos\SAR-RIBBED-BMB-XL-LG-altview17.jpg
SAR-RIBBED-BMB-XL-LG-altview16.jpg,152847,2026-07-20T10:52:27,C:\Users\erink\OneDrive\Documents\GitHub\mccabe-site\vspfiles\photos\SAR-RIBBED-BMB-XL-LG-altview16.jpg
SAR-RIBBED-BMB-XL-LG-altview15.jpg,582756,2026-07-20T10:52:27,C:\Users\erink\OneDrive\Documents\GitHub\mccabe-site\vspfiles\photos\SAR-RIBBED-BMB-XL-LG-altview15.jpg
SAR-RIBBED-BMB-XL-LG-altview14.jpg,574897,2026-07-20T10:52:27,C:\Users\erink\OneDrive\Documents\GitHub\mccabe-site\vspfiles\photos\SAR-RIBBED-BMB-XL-LG-altview14.jpg
SAR-RIBBED-BMB-XL-LG-altview13.jpg,624452,2026-07-20T10:52:27,C:\Users\erink\OneDrive\Documents\GitHub\mccabe-site\vspfiles\photos\SAR-RIBBED-BMB-XL-LG-altview13.jpg
SAR-RIBBED-BMB-XL-LG-altview12.jpg,628676,2026-07-20T10:52:27,C:\Users\erink\OneDrive\Documents\GitHub\mccabe-site\vspfiles\photos\SAR-RIBBED-BMB-XL-LG-altview12.jpg
SAR-RIBBED-BMB-XL-LG-altview11.jpg,568685,2026-07-20T10:52:27,C:\Users\erink\OneDrive\Documents\GitHub\mccabe-site\vspfiles\photos\SAR-RIBBED-BMB-XL-LG-altview11.jpg
SAR-RIBBED-BMB-XL-LG-altview10.jpg,633835,2026-07-20T10:52:27,C:\Users\erink\OneDrive\Documents\GitHub\mccabe-site\vspfiles\photos\SAR-RIBBED-BMB-XL-LG-altview10.jpg
SAR-RIBBED-BMB-QUEEN-KING-altview9.jpg,653252,2026-07-20T10:52:27,C:\Users\erink\OneDrive\Documents\GitHub\mccabe-site\vspfiles\photos\SAR-RIBBED-BMB-QUEEN-KING-altview9.jpg
SAR-RIBBED-BMB-QUEEN-KING-altview10.jpg,86253,2026-07-20T10:52:27,C:\Users\erink\OneDrive\Documents\GitHub\mccabe-site\vspfiles\photos\SAR-RIBBED-BMB-QUEEN-KING-altview10.jpg
SAR-PTRN-FX-FUR-altview9.jpg,107638,2026-07-20T10:52:27,C:\Users\erink\OneDrive\Documents\GitHub\mccabe-site\vspfiles\photos\SAR-PTRN-FX-FUR-altview9.jpg
SAR-PTRN-FX-FUR-altview24.jpg,303910,2026-07-20T10:52:27,C:\Users\erink\OneDrive\Documents\GitHub\mccabe-site\vspfiles\photos\SAR-PTRN-FX-FUR-altview24.jpg
SAR-PTRN-FX-FUR-altview23.jpg,256271,2026-07-20T10:52:27,C:\Users\erink\OneDrive\Documents\GitHub\mccabe-site\vspfiles\photos\SAR-PTRN-FX-FUR-altview23.jpg
SAR-PTRN-FX-FUR-altview22.jpg,211178,2026-07-20T10:52:27,C:\Users\erink\OneDrive\Documents\GitHub\mccabe-site\vspfiles\photos\SAR-PTRN-FX-FUR-altview22.jpg
SAR-PTRN-FX-FUR-altview21.jpg,249301,2026-07-20T10:52:27,C:\Users\erink\OneDrive\Documents\GitHub\mccabe-site\vspfiles\photos\SAR-PTRN-FX-FUR-altview21.jpg
SAR-PTRN-FX-FUR-altview20.jpg,257709,2026-07-20T10:52:27,C:\Users\erink\OneDrive\Documents\GitHub\mccabe-site\vspfiles\photos\SAR-PTRN-FX-FUR-altview20.jpg
SAR-PTRN-FX-FUR-altview19.jpg,284519,2026-07-20T10:52:26,C:\Users\erink\OneDrive\Documents\GitHub\mccabe-site\vspfiles\photos\SAR-PTRN-FX-FUR-altview19.jpg
SAR-PTRN-FX-FUR-altview18.jpg,284670,2026-07-20T10:52:26,C:\Users\erink\OneDrive\Documents\GitHub\mccabe-site\vspfiles\photos\SAR-PTRN-FX-FUR-altview18.jpg
SAR-PTRN-FX-FUR-altview17.jpg,247056,2026-07-20T10:52:26,C:\Users\erink\OneDrive\Documents\GitHub\mccabe-site\vspfiles\photos\SAR-PTRN-FX-FUR-altview17.jpg
SAR-PTRN-FX-FUR-altview16.jpg,163090,2026-07-20T10:52:26,C:\Users\erink\OneDrive\Documents\GitHub\mccabe-site\vspfiles\photos\SAR-PTRN-FX-FUR-altview16.jpg
SAR-PTRN-FX-FUR-altview15.jpg,209899,2026-07-20T10:52:26,C:\Users\erink\OneDrive\Documents\GitHub\mccabe-site\vspfiles\photos\SAR-PTRN-FX-FUR-altview15.jpg
SAR-PTRN-FX-FUR-altview14.jpg,153926,2026-07-20T10:52:26,C:\Users\erink\OneDrive\Documents\GitHub\mccabe-site\vspfiles\photos\SAR-PTRN-FX-FUR-altview14.jpg
SAR-PTRN-FX-FUR-altview13.jpg,560023,2026-07-20T10:52:26,C:\Users\erink\OneDrive\Documents\GitHub\mccabe-site\vspfiles\photos\SAR-PTRN-FX-FUR-altview13.jpg
SAR-PTRN-FX-FUR-altview12.jpg,283518,2026-07-20T10:52:26,C:\Users\erink\OneDrive\Documents\GitHub\mccabe-site\vspfiles\photos\SAR-PTRN-FX-FUR-altview12.jpg
SAR-PTRN-FX-FUR-altview11.jpg,191926,2026-07-20T10:52:26,C:\Users\erink\OneDrive\Documents\GitHub\mccabe-site\vspfiles\photos\SAR-PTRN-FX-FUR-altview11.jpg
SAR-PTRN-FX-FUR-altview10.jpg,259548,2026-07-20T10:52:26,C:\Users\erink\OneDrive\Documents\GitHub\mccabe-site\vspfiles\photos\SAR-PTRN-FX-FUR-altview10.jpg
SAR-PTRN-FX-FUR-XL-LG-altview9.jpg,259548,2026-07-20T10:52:26,C:\Users\erink\OneDrive\Documents\GitHub\mccabe-site\vspfiles\photos\SAR-PTRN-FX-FUR-XL-LG-altview9.jpg
SAR-PTRN-FX-FUR-XL-LG-altview24.jpg,736547,2026-07-20T10:52:26,C:\Users\erink\OneDrive\Documents\GitHub\mccabe-site\vspfiles\photos\SAR-PTRN-FX-FUR-XL-LG-altview24.jpg
SAR-PTRN-FX-FUR-XL-LG-altview23.jpg,227499,2026-07-20T10:52:26,C:\Users\erink\OneDrive\Documents\GitHub\mccabe-site\vspfiles\photos\SAR-PTRN-FX-FUR-XL-LG-altview23.jpg
SAR-PTRN-FX-FUR-XL-LG-altview22.jpg,356332,2026-07-20T10:52:26,C:\Users\erink\OneDrive\Documents\GitHub\mccabe-site\vspfiles\photos\SAR-PTRN-FX-FUR-XL-LG-altview22.jpg
SAR-PTRN-FX-FUR-XL-LG-altview21.jpg,257058,2026-07-20T10:52:26,C:\Users\erink\OneDrive\Documents\GitHub\mccabe-site\vspfiles\photos\SAR-PTRN-FX-FUR-XL-LG-altview21.jpg
SAR-PTRN-FX-FUR-XL-LG-altview20.jpg,201365,2026-07-20T10:52:26,C:\Users\erink\OneDrive\Documents\GitHub\mccabe-site\vspfiles\photos\SAR-PTRN-FX-FUR-XL-LG-altview20.jpg
SAR-PTRN-FX-FUR-XL-LG-altview19.jpg,256271,2026-07-20T10:52:26,C:\Users\erink\OneDrive\Documents\GitHub\mccabe-site\vspfiles\photos\SAR-PTRN-FX-FUR-XL-LG-altview19.jpg
SAR-PTRN-FX-FUR-XL-LG-altview18.jpg,211178,2026-07-20T10:52:26,C:\Users\erink\OneDrive\Documents\GitHub\mccabe-site\vspfiles\photos\SAR-PTRN-FX-FUR-XL-LG-altview18.jpg
SAR-PTRN-FX-FUR-XL-LG-altview17.jpg,160949,2026-07-20T10:52:26,C:\Users\erink\OneDrive\Documents\GitHub\mccabe-site\vspfiles\photos\SAR-PTRN-FX-FUR-XL-LG-altview17.jpg
SAR-PTRN-FX-FUR-XL-LG-altview16.jpg,247056,2026-07-20T10:52:26,C:\Users\erink\OneDrive\Documents\GitHub\mccabe-site\vspfiles\photos\SAR-PTRN-FX-FUR-XL-LG-altview16.jpg
SAR-PTRN-FX-FUR-XL-LG-altview15.jpg,185112,2026-07-20T10:52:26,C:\Users\erink\OneDrive\Documents\GitHub\mccabe-site\vspfiles\photos\SAR-PTRN-FX-FUR-XL-LG-altview15.jpg
SAR-PTRN-FX-FUR-XL-LG-altview14.jpg,560023,2026-07-20T10:52:26,C:\Users\erink\OneDrive\Documents\GitHub\mccabe-site\vspfiles\photos\SAR-PTRN-FX-FUR-XL-LG-altview14.jpg
SAR-PTRN-FX-FUR-XL-LG-altview13.jpg,194104,2026-07-20T10:52:26,C:\Users\erink\OneDrive\Documents\GitHub\mccabe-site\vspfiles\photos\SAR-PTRN-FX-FUR-XL-LG-altview13.jpg
SAR-PTRN-FX-FUR-XL-LG-altview12.jpg,194049,2026-07-20T10:52:26,C:\Users\erink\OneDrive\Documents\GitHub\mccabe-site\vspfiles\photos\SAR-PTRN-FX-FUR-XL-LG-altview12.jpg
SAR-PTRN-FX-FUR-XL-LG-altview11.jpg,283518,2026-07-20T10:52:26,C:\Users\erink\OneDrive\Documents\GitHub\mccabe-site\vspfiles\photos\SAR-PTRN-FX-FUR-XL-LG-altview11.jpg
SAR-PTRN-FX-FUR-XL-LG-altview10.jpg,192616,2026-07-20T10:52:26,C:\Users\erink\OneDrive\Documents\GitHub\mccabe-site\vspfiles\photos\SAR-PTRN-FX-FUR-XL-LG-altview10.jpg
SAR-MNKY-STR-altview9.jpg,121146,2026-07-20T10:52:26,C:\Users\erink\OneDrive\Documents\GitHub\mccabe-site\vspfiles\photos\SAR-MNKY-STR-altview9.jpg
SAR-MNKY-STR-altview24.jpg,743583,2026-07-20T10:52:26,C:\Users\erink\OneDrive\Documents\GitHub\mccabe-site\vspfiles\photos\SAR-MNKY-STR-altview24.jpg
SAR-MNKY-STR-altview23.jpg,239606,2026-07-20T10:52:26,C:\Users\erink\OneDrive\Documents\GitHub\mccabe-site\vspfiles\photos\SAR-MNKY-STR-altview23.jpg
SAR-MNKY-STR-altview22.jpg,739059,2026-07-20T10:52:25,C:\Users\erink\OneDrive\Documents\GitHub\mccabe-site\vspfiles\photos\SAR-MNKY-STR-altview22.jpg
SAR-MNKY-STR-altview21.jpg,100841,2026-07-20T10:52:25,C:\Users\erink\OneDrive\Documents\GitHub\mccabe-site\vspfiles\photos\SAR-MNKY-STR-altview21.jpg
SAR-MNKY-STR-altview20.jpg,265291,2026-07-20T10:52:25,C:\Users\erink\OneDrive\Documents\GitHub\mccabe-site\vspfiles\photos\SAR-MNKY-STR-altview20.jpg
SAR-MNKY-STR-altview19.jpg,649453,2026-07-20T10:52:25,C:\Users\erink\OneDrive\Documents\GitHub\mccabe-site\vspfiles\photos\SAR-MNKY-STR-altview19.jpg
SAR-MNKY-STR-altview18.jpg,660498,2026-07-20T10:52:25,C:\Users\erink\OneDrive\Documents\GitHub\mccabe-site\vspfiles\photos\SAR-MNKY-STR-altview18.jpg
SAR-MNKY-STR-altview17.jpg,104740,2026-07-20T10:52:25,C:\Users\erink\OneDrive\Documents\GitHub\mccabe-site\vspfiles\photos\SAR-MNKY-STR-altview17.jpg
SAR-MNKY-STR-altview16.jpg,528802,2026-07-20T10:52:25,C:\Users\erink\OneDrive\Documents\GitHub\mccabe-site\vspfiles\photos\SAR-MNKY-STR-altview16.jpg
SAR-MNKY-STR-altview15.jpg,235526,2026-07-20T10:52:25,C:\Users\erink\OneDrive\Documents\GitHub\mccabe-site\vspfiles\photos\SAR-MNKY-STR-altview15.jpg
SAR-MNKY-STR-altview14.jpg,555022,2026-07-20T10:52:25,C:\Users\erink\OneDrive\Documents\GitHub\mccabe-site\vspfiles\photos\SAR-MNKY-STR-altview14.jpg
SAR-MNKY-STR-altview13.jpg,70206,2026-07-20T10:52:25,C:\Users\erink\OneDrive\Documents\GitHub\mccabe-site\vspfiles\photos\SAR-MNKY-STR-altview13.jpg
SAR-MNKY-STR-altview12.jpg,291987,2026-07-20T10:52:25,C:\Users\erink\OneDrive\Documents\GitHub\mccabe-site\vspfiles\photos\SAR-MNKY-STR-altview12.jpg
SAR-MNKY-STR-altview11.jpg,227791,2026-07-20T10:52:25,C:\Users\erink\OneDrive\Documents\GitHub\mccabe-site\vspfiles\photos\SAR-MNKY-STR-altview11.jpg
SAR-MNKY-STR-altview10.jpg,135847,2026-07-20T10:52:25,C:\Users\erink\OneDrive\Documents\GitHub\mccabe-site\vspfiles\photos\SAR-MNKY-STR-altview10.jpg
SAR-MNKY-STR-XL-LG-altview9.jpg,259737,2026-07-20T10:52:25,C:\Users\erink\OneDrive\Documents\GitHub\mccabe-site\vspfiles\photos\SAR-MNKY-STR-XL-LG-altview9.jpg
SAR-MNKY-STR-XL-LG-altview24.jpg,763365,2026-07-20T10:52:25,C:\Users\erink\OneDrive\Documents\GitHub\mccabe-site\vspfiles\photos\SAR-MNKY-STR-XL-LG-altview24.jpg
SAR-MNKY-STR-XL-LG-altview23.jpg,739059,2026-07-20T10:52:25,C:\Users\erink\OneDrive\Documents\GitHub\mccabe-site\vspfiles\photos\SAR-MNKY-STR-XL-LG-altview23.jpg
SAR-MNKY-STR-XL-LG-altview22.jpg,113093,2026-07-20T10:52:25,C:\Users\erink\OneDrive\Documents\GitHub\mccabe-site\vspfiles\photos\SAR-MNKY-STR-XL-LG-altview22.jpg
SAR-MNKY-STR-XL-LG-altview21.jpg,265291,2026-07-20T10:52:25,C:\Users\erink\OneDrive\Documents\GitHub\mccabe-site\vspfiles\photos\SAR-MNKY-STR-XL-LG-altview21.jpg
SAR-MNKY-STR-XL-LG-altview20.jpg,586737,2026-07-20T10:52:25,C:\Users\erink\OneDrive\Documents\GitHub\mccabe-site\vspfiles\photos\SAR-MNKY-STR-XL-LG-altview20.jpg
SAR-MNKY-STR-XL-LG-altview19.jpg,1049981,2026-07-20T10:52:25,C:\Users\erink\OneDrive\Documents\GitHub\mccabe-site\vspfiles\photos\SAR-MNKY-STR-XL-LG-altview19.jpg
SAR-MNKY-STR-XL-LG-altview18.jpg,104740,2026-07-20T10:52:25,C:\Users\erink\OneDrive\Documents\GitHub\mccabe-site\vspfiles\photos\SAR-MNKY-STR-XL-LG-altview18.jpg
SAR-MNKY-STR-XL-LG-altview17.jpg,208180,2026-07-20T10:52:25,C:\Users\erink\OneDrive\Documents\GitHub\mccabe-site\vspfiles\photos\SAR-MNKY-STR-XL-LG-altview17.jpg
SAR-MNKY-STR-XL-LG-altview16.jpg,555022,2026-07-20T10:52:25,C:\Users\erink\OneDrive\Documents\GitHub\mccabe-site\vspfiles\photos\SAR-MNKY-STR-XL-LG-altview16.jpg
SAR-MNKY-STR-XL-LG-altview15.jpg,528802,2026-07-20T10:52:25,C:\Users\erink\OneDrive\Documents\GitHub\mccabe-site\vspfiles\photos\SAR-MNKY-STR-XL-LG-altview15.jpg
SAR-MNKY-STR-XL-LG-altview14.jpg,131119,2026-07-20T10:52:25,C:\Users\erink\OneDrive\Documents\GitHub\mccabe-site\vspfiles\photos\SAR-MNKY-STR-XL-LG-altview14.jpg
SAR-MNKY-STR-XL-LG-altview13.jpg,110192,2026-07-20T10:52:25,C:\Users\erink\OneDrive\Documents\GitHub\mccabe-site\vspfiles\photos\SAR-MNKY-STR-XL-LG-altview13.jpg
SAR-MNKY-STR-XL-LG-altview12.jpg,70206,2026-07-20T10:52:25,C:\Users\erink\OneDrive\Documents\GitHub\mccabe-site\vspfiles\photos\SAR-MNKY-STR-XL-LG-altview12.jpg
SAR-MNKY-STR-XL-LG-altview11.jpg,126233,2026-07-20T10:52:25,C:\Users\erink\OneDrive\Documents\GitHub\mccabe-site\vspfiles\photos\SAR-MNKY-STR-XL-LG-altview11.jpg
SAR-MNKY-STR-XL-LG-altview10.jpg,219658,2026-07-20T10:52:25,C:\Users\erink\OneDrive\Documents\GitHub\mccabe-site\vspfiles\photos\SAR-MNKY-STR-XL-LG-altview10.jpg
SAR-MNKY-PLAY-MAT-altview9.jpg,393884,2026-07-20T10:52:25,C:\Users\erink\OneDrive\Documents\GitHub\mccabe-site\vspfiles\photos\SAR-MNKY-PLAY-MAT-altview9.jpg
SAR-MNKY-PLAY-MAT-altview10.jpg,384804,2026-07-20T10:52:25,C:\Users\erink\OneDrive\Documents\GitHub\mccabe-site\vspfiles\photos\SAR-MNKY-PLAY-MAT-altview10.jpg
SAR-MNKY-LUSH-altview9.jpg,217965,2026-07-20T10:52:25,C:\Users\erink\OneDrive\Documents\GitHub\mccabe-site\vspfiles\photos\SAR-MNKY-LUSH-altview9.jpg
SAR-MNKY-LUSH-altview10.jpg,132308,2026-07-20T10:52:25,C:\Users\erink\OneDrive\Documents\GitHub\mccabe-site\vspfiles\photos\SAR-MNKY-LUSH-altview10.jpg
SAR-MNKY-LUSH-XL-LG-altview9.jpg,217965,2026-07-20T10:52:25,C:\Users\erink\OneDrive\Documents\GitHub\mccabe-site\vspfiles\photos\SAR-MNKY-LUSH-XL-LG-altview9.jpg
SAR-MNKY-LUSH-XL-LG-altview10.jpg,132308,2026-07-20T10:52:25,C:\Users\erink\OneDrive\Documents\GitHub\mccabe-site\vspfiles\photos\SAR-MNKY-LUSH-XL-LG-altview10.jpg
SAR-LUSH-altview9.jpg,782106,2026-07-20T10:52:25,C:\Users\erink\OneDrive\Documents\GitHub\mccabe-site\vspfiles\photos\SAR-LUSH-altview9.jpg
SAR-LUSH-altview16.jpg,178633,2026-07-20T10:52:25,C:\Users\erink\OneDrive\Documents\GitHub\mccabe-site\vspfiles\photos\SAR-LUSH-altview16.jpg
SAR-LUSH-altview15.jpg,810897,2026-07-20T10:52:25,C:\Users\erink\OneDrive\Documents\GitHub\mccabe-site\vspfiles\photos\SAR-LUSH-altview15.jpg
SAR-LUSH-altview14.jpg,950763,2026-07-20T10:52:24,C:\Users\erink\OneDrive\Documents\GitHub\mccabe-site\vspfiles\photos\SAR-LUSH-altview14.jpg
SAR-LUSH-altview13.jpg,689921,2026-07-20T10:52:24,C:\Users\erink\OneDrive\Documents\GitHub\mccabe-site\vspfiles\photos\SAR-LUSH-altview13.jpg
SAR-LUSH-altview12.jpg,466611,2026-07-20T10:52:24,C:\Users\erink\OneDrive\Documents\GitHub\mccabe-site\vspfiles\photos\SAR-LUSH-altview12.jpg
SAR-LUSH-altview11.jpg,760312,2026-07-20T10:52:24,C:\Users\erink\OneDrive\Documents\GitHub\mccabe-site\vspfiles\photos\SAR-LUSH-altview11.jpg
SAR-LUSH-altview10.jpg,563943,2026-07-20T10:52:24,C:\Users\erink\OneDrive\Documents\GitHub\mccabe-site\vspfiles\photos\SAR-LUSH-altview10.jpg
SAR-LUSH-XL-LG-altview9.jpg,726742,2026-07-20T10:52:24,C:\Users\erink\OneDrive\Documents\GitHub\mccabe-site\vspfiles\photos\SAR-LUSH-XL-LG-altview9.jpg
SAR-LUSH-XL-LG-altview24.jpg,226210,2026-07-20T10:52:24,C:\Users\erink\OneDrive\Documents\GitHub\mccabe-site\vspfiles\photos\SAR-LUSH-XL-LG-altview24.jpg
SAR-LUSH-XL-LG-altview23.jpg,231624,2026-07-20T10:52:24,C:\Users\erink\OneDrive\Documents\GitHub\mccabe-site\vspfiles\photos\SAR-LUSH-XL-LG-altview23.jpg
SAR-LUSH-XL-LG-altview22.jpg,808381,2026-07-20T10:52:24,C:\Users\erink\OneDrive\Documents\GitHub\mccabe-site\vspfiles\photos\SAR-LUSH-XL-LG-altview22.jpg
SAR-LUSH-XL-LG-altview21.jpg,126860,2026-07-20T10:52:24,C:\Users\erink\OneDrive\Documents\GitHub\mccabe-site\vspfiles\photos\SAR-LUSH-XL-LG-altview21.jpg
SAR-LUSH-XL-LG-altview20.jpg,157949,2026-07-20T10:52:24,C:\Users\erink\OneDrive\Documents\GitHub\mccabe-site\vspfiles\photos\SAR-LUSH-XL-LG-altview20.jpg
SAR-LUSH-XL-LG-altview19.jpg,318168,2026-07-20T10:52:24,C:\Users\erink\OneDrive\Documents\GitHub\mccabe-site\vspfiles\photos\SAR-LUSH-XL-LG-altview19.jpg
SAR-LUSH-XL-LG-altview18.jpg,734046,2026-07-20T10:52:24,C:\Users\erink\OneDrive\Documents\GitHub\mccabe-site\vspfiles\photos\SAR-LUSH-XL-LG-altview18.jpg
SAR-LUSH-XL-LG-altview17.jpg,128030,2026-07-20T10:52:24,C:\Users\erink\OneDrive\Documents\GitHub\mccabe-site\vspfiles\photos\SAR-LUSH-XL-LG-altview17.jpg
SAR-LUSH-XL-LG-altview16.jpg,776466,2026-07-20T10:52:24,C:\Users\erink\OneDrive\Documents\GitHub\mccabe-site\vspfiles\photos\SAR-LUSH-XL-LG-altview16.jpg
SAR-LUSH-XL-LG-altview15.jpg,207764,2026-07-20T10:52:24,C:\Users\erink\OneDrive\Documents\GitHub\mccabe-site\vspfiles\photos\SAR-LUSH-XL-LG-altview15.jpg
SAR-LUSH-XL-LG-altview14.jpg,247775,2026-07-20T10:52:24,C:\Users\erink\OneDrive\Documents\GitHub\mccabe-site\vspfiles\photos\SAR-LUSH-XL-LG-altview14.jpg
SAR-LUSH-XL-LG-altview13.jpg,359056,2026-07-20T10:52:24,C:\Users\erink\OneDrive\Documents\GitHub\mccabe-site\vspfiles\photos\SAR-LUSH-XL-LG-altview13.jpg
SAR-LUSH-XL-LG-altview12.jpg,281649,2026-07-20T10:52:24,C:\Users\erink\OneDrive\Documents\GitHub\mccabe-site\vspfiles\photos\SAR-LUSH-XL-LG-altview12.jpg
SAR-LUSH-XL-LG-altview11.jpg,300968,2026-07-20T10:52:24,C:\Users\erink\OneDrive\Documents\GitHub\mccabe-site\vspfiles\photos\SAR-LUSH-XL-LG-altview11.jpg
SAR-LUSH-XL-LG-altview10.jpg,414409,2026-07-20T10:52:24,C:\Users\erink\OneDrive\Documents\GitHub\mccabe-site\vspfiles\photos\SAR-LUSH-XL-LG-altview10.jpg
SAR-LUSH-TOD-altview9.jpg,482523,2026-07-20T10:52:24,C:\Users\erink\OneDrive\Documents\GitHub\mccabe-site\vspfiles\photos\SAR-LUSH-TOD-altview9.jpg
SAR-LUSH-TOD-altview24.jpg,189510,2026-07-20T10:52:24,C:\Users\erink\OneDrive\Documents\GitHub\mccabe-site\vspfiles\photos\SAR-LUSH-TOD-altview24.jpg
SAR-LUSH-TOD-altview23.jpg,510058,2026-07-20T10:52:24,C:\Users\erink\OneDrive\Documents\GitHub\mccabe-site\vspfiles\photos\SAR-LUSH-TOD-altview23.jpg
SAR-LUSH-TOD-altview22.jpg,46612,2026-07-20T10:52:24,C:\Users\erink\OneDrive\Documents\GitHub\mccabe-site\vspfiles\photos\SAR-LUSH-TOD-altview22.jpg
SAR-LUSH-TOD-altview21.jpg,436351,2026-07-20T10:52:24,C:\Users\erink\OneDrive\Documents\GitHub\mccabe-site\vspfiles\photos\SAR-LUSH-TOD-altview21.jpg
SAR-LUSH-TOD-altview20.jpg,317857,2026-07-20T10:52:24,C:\Users\erink\OneDrive\Documents\GitHub\mccabe-site\vspfiles\photos\SAR-LUSH-TOD-altview20.jpg
SAR-LUSH-TOD-altview19.jpg,398888,2026-07-20T10:52:24,C:\Users\erink\OneDrive\Documents\GitHub\mccabe-site\vspfiles\photos\SAR-LUSH-TOD-altview19.jpg
SAR-LUSH-TOD-altview18.jpg,279728,2026-07-20T10:52:24,C:\Users\erink\OneDrive\Documents\GitHub\mccabe-site\vspfiles\photos\SAR-LUSH-TOD-altview18.jpg
SAR-LUSH-TOD-altview17.jpg,450067,2026-07-20T10:52:24,C:\Users\erink\OneDrive\Documents\GitHub\mccabe-site\vspfiles\photos\SAR-LUSH-TOD-altview17.jpg
SAR-LUSH-TOD-altview16.jpg,636595,2026-07-20T10:52:24,C:\Users\erink\OneDrive\Documents\GitHub\mccabe-site\vspfiles\photos\SAR-LUSH-TOD-altview16.jpg
SAR-LUSH-TOD-altview15.jpg,479617,2026-07-20T10:52:24,C:\Users\erink\OneDrive\Documents\GitHub\mccabe-site\vspfiles\photos\SAR-LUSH-TOD-altview15.jpg
SAR-LUSH-TOD-altview14.jpg,555549,2026-07-20T10:52:24,C:\Users\erink\OneDrive\Documents\GitHub\mccabe-site\vspfiles\photos\SAR-LUSH-TOD-altview14.jpg
SAR-LUSH-TOD-altview13.jpg,398496,2026-07-20T10:52:24,C:\Users\erink\OneDrive\Documents\GitHub\mccabe-site\vspfiles\photos\SAR-LUSH-TOD-altview13.jpg
SAR-LUSH-TOD-altview12.jpg,344177,2026-07-20T10:52:24,C:\Users\erink\OneDrive\Documents\GitHub\mccabe-site\vspfiles\photos\SAR-LUSH-TOD-altview12.jpg
SAR-LUSH-TOD-altview11.jpg,757638,2026-07-20T10:52:24,C:\Users\erink\OneDrive\Documents\GitHub\mccabe-site\vspfiles\photos\SAR-LUSH-TOD-altview11.jpg
SAR-LUSH-TOD-altview10.jpg,627932,2026-07-20T10:52:24,C:\Users\erink\OneDrive\Documents\GitHub\mccabe-site\vspfiles\photos\SAR-LUSH-TOD-altview10.jpg
SAR-LUSH-RCV-altview9.jpg,218498,2026-07-20T10:52:23,C:\Users\erink\OneDrive\Documents\GitHub\mccabe-site\vspfiles\photos\SAR-LUSH-RCV-altview9.jpg
SAR-LUSH-RCV-altview24.jpg,878395,2026-07-20T10:52:23,C:\Users\erink\OneDrive\Documents\GitHub\mccabe-site\vspfiles\photos\SAR-LUSH-RCV-altview24.jpg
SAR-LUSH-RCV-altview23.jpg,446914,2026-07-20T10:52:23,C:\Users\erink\OneDrive\Documents\GitHub\mccabe-site\vspfiles\photos\SAR-LUSH-RCV-altview23.jpg
SAR-LUSH-RCV-altview22.jpg,388914,2026-07-20T10:52:23,C:\Users\erink\OneDrive\Documents\GitHub\mccabe-site\vspfiles\photos\SAR-LUSH-RCV-altview22.jpg
SAR-LUSH-RCV-altview21.jpg,648810,2026-07-20T10:52:23,C:\Users\erink\OneDrive\Documents\GitHub\mccabe-site\vspfiles\photos\SAR-LUSH-RCV-altview21.jpg
SAR-LUSH-RCV-altview20.jpg,575789,2026-07-20T10:52:23,C:\Users\erink\OneDrive\Documents\GitHub\mccabe-site\vspfiles\photos\SAR-LUSH-RCV-altview20.jpg
SAR-LUSH-RCV-altview19.jpg,230355,2026-07-20T10:52:23,C:\Users\erink\OneDrive\Documents\GitHub\mccabe-site\vspfiles\photos\SAR-LUSH-RCV-altview19.jpg
SAR-LUSH-RCV-altview18.jpg,477651,2026-07-20T10:52:23,C:\Users\erink\OneDrive\Documents\GitHub\mccabe-site\vspfiles\photos\SAR-LUSH-RCV-altview18.jpg
SAR-LUSH-RCV-altview17.jpg,593273,2026-07-20T10:52:23,C:\Users\erink\OneDrive\Documents\GitHub\mccabe-site\vspfiles\photos\SAR-LUSH-RCV-altview17.jpg
SAR-LUSH-RCV-altview16.jpg,194407,2026-07-20T10:52:23,C:\Users\erink\OneDrive\Documents\GitHub\mccabe-site\vspfiles\photos\SAR-LUSH-RCV-altview16.jpg
SAR-LUSH-RCV-altview15.jpg,485510,2026-07-20T10:52:23,C:\Users\erink\OneDrive\Documents\GitHub\mccabe-site\vspfiles\photos\SAR-LUSH-RCV-altview15.jpg
SAR-LUSH-RCV-altview14.jpg,385895,2026-07-20T10:52:23,C:\Users\erink\OneDrive\Documents\GitHub\mccabe-site\vspfiles\photos\SAR-LUSH-RCV-altview14.jpg
SAR-LUSH-RCV-altview13.jpg,145633,2026-07-20T10:52:23,C:\Users\erink\OneDrive\Documents\GitHub\mccabe-site\vspfiles\photos\SAR-LUSH-RCV-altview13.jpg
SAR-LUSH-RCV-altview12.jpg,468246,2026-07-20T10:52:23,C:\Users\erink\OneDrive\Documents\GitHub\mccabe-site\vspfiles\photos\SAR-LUSH-RCV-altview12.jpg
SAR-LUSH-RCV-altview11.jpg,395591,2026-07-20T10:52:23,C:\Users\erink\OneDrive\Documents\GitHub\mccabe-site\vspfiles\photos\SAR-LUSH-RCV-altview11.jpg
SAR-LUSH-RCV-altview10.jpg,429852,2026-07-20T10:52:23,C:\Users\erink\OneDrive\Documents\GitHub\mccabe-site\vspfiles\photos\SAR-LUSH-RCV-altview10.jpg
SAR-LUSH-MINI-altview9.jpg,340103,2026-07-20T10:52:23,C:\Users\erink\OneDrive\Documents\GitHub\mccabe-site\vspfiles\photos\SAR-LUSH-MINI-altview9.jpg
SAR-LUSH-MINI-altview24.jpg,505199,2026-07-20T10:52:23,C:\Users\erink\OneDrive\Documents\GitHub\mccabe-site\vspfiles\photos\SAR-LUSH-MINI-altview24.jpg
SAR-LUSH-MINI-altview23.jpg,362467,2026-07-20T10:52:23,C:\Users\erink\OneDrive\Documents\GitHub\mccabe-site\vspfiles\photos\SAR-LUSH-MINI-altview23.jpg
SAR-LUSH-MINI-altview22.jpg,83957,2026-07-20T10:52:23,C:\Users\erink\OneDrive\Documents\GitHub\mccabe-site\vspfiles\photos\SAR-LUSH-MINI-altview22.jpg
SAR-LUSH-MINI-altview21.jpg,132878,2026-07-20T10:52:23,C:\Users\erink\OneDrive\Documents\GitHub\mccabe-site\vspfiles\photos\SAR-LUSH-MINI-altview21.jpg
SAR-LUSH-MINI-altview20.jpg,436846,2026-07-20T10:52:23,C:\Users\erink\OneDrive\Documents\GitHub\mccabe-site\vspfiles\photos\SAR-LUSH-MINI-altview20.jpg
SAR-LUSH-MINI-altview19.jpg,536744,2026-07-20T10:52:23,C:\Users\erink\OneDrive\Documents\GitHub\mccabe-site\vspfiles\photos\SAR-LUSH-MINI-altview19.jpg
SAR-LUSH-MINI-altview18.jpg,756877,2026-07-20T10:52:23,C:\Users\erink\OneDrive\Documents\GitHub\mccabe-site\vspfiles\photos\SAR-LUSH-MINI-altview18.jpg
SAR-LUSH-MINI-altview17.jpg,394682,2026-07-20T10:52:23,C:\Users\erink\OneDrive\Documents\GitHub\mccabe-site\vspfiles\photos\SAR-LUSH-MINI-altview17.jpg
SAR-LUSH-MINI-altview16.jpg,1004030,2026-07-20T10:52:23,C:\Users\erink\OneDrive\Documents\GitHub\mccabe-site\vspfiles\photos\SAR-LUSH-MINI-altview16.jpg
SAR-LUSH-MINI-altview15.jpg,203851,2026-07-20T10:52:23,C:\Users\erink\OneDrive\Documents\GitHub\mccabe-site\vspfiles\photos\SAR-LUSH-MINI-altview15.jpg
SAR-LUSH-MINI-altview14.jpg,292891,2026-07-20T10:52:23,C:\Users\erink\OneDrive\Documents\GitHub\mccabe-site\vspfiles\photos\SAR-LUSH-MINI-altview14.jpg
SAR-LUSH-MINI-altview13.jpg,249241,2026-07-20T10:52:23,C:\Users\erink\OneDrive\Documents\GitHub\mccabe-site\vspfiles\photos\SAR-LUSH-MINI-altview13.jpg
SAR-LUSH-MINI-altview12.jpg,62055,2026-07-20T10:52:23,C:\Users\erink\OneDrive\Documents\GitHub\mccabe-site\vspfiles\photos\SAR-LUSH-MINI-altview12.jpg
SAR-LUSH-MINI-altview11.jpg,429576,2026-07-20T10:52:23,C:\Users\erink\OneDrive\Documents\GitHub\mccabe-site\vspfiles\photos\SAR-LUSH-MINI-altview11.jpg
SAR-LUSH-MINI-altview10.jpg,307051,2026-07-20T10:52:23,C:\Users\erink\OneDrive\Documents\GitHub\mccabe-site\vspfiles\photos\SAR-LUSH-MINI-altview10.jpg
SAR-JL-JL-SNUGGLER-altview9.jpg,234610,2026-07-20T10:52:22,C:\Users\erink\OneDrive\Documents\GitHub\mccabe-site\vspfiles\photos\SAR-JL-JL-SNUGGLER-altview9.jpg
SAR-JL-JL-SNUGGLER-altview22.jpg,274993,2026-07-20T10:52:22,C:\Users\erink\OneDrive\Documents\GitHub\mccabe-site\vspfiles\photos\SAR-JL-JL-SNUGGLER-altview22.jpg
SAR-JL-JL-SNUGGLER-altview21.jpg,338059,2026-07-20T10:52:22,C:\Users\erink\OneDrive\Documents\GitHub\mccabe-site\vspfiles\photos\SAR-JL-JL-SNUGGLER-altview21.jpg
SAR-JL-JL-SNUGGLER-altview20.jpg,297455,2026-07-20T10:52:22,C:\Users\erink\OneDrive\Documents\GitHub\mccabe-site\vspfiles\photos\SAR-JL-JL-SNUGGLER-altview20.jpg
SAR-JL-JL-SNUGGLER-altview19.jpg,234410,2026-07-20T10:52:22,C:\Users\erink\OneDrive\Documents\GitHub\mccabe-site\vspfiles\photos\SAR-JL-JL-SNUGGLER-altview19.jpg
SAR-JL-JL-SNUGGLER-altview18.jpg,170963,2026-07-20T10:52:22,C:\Users\erink\OneDrive\Documents\GitHub\mccabe-site\vspfiles\photos\SAR-JL-JL-SNUGGLER-altview18.jpg
SAR-JL-JL-SNUGGLER-altview17.jpg,232459,2026-07-20T10:52:22,C:\Users\erink\OneDrive\Documents\GitHub\mccabe-site\vspfiles\photos\SAR-JL-JL-SNUGGLER-altview17.jpg
SAR-JL-JL-SNUGGLER-altview16.jpg,338579,2026-07-20T10:52:22,C:\Users\erink\OneDrive\Documents\GitHub\mccabe-site\vspfiles\photos\SAR-JL-JL-SNUGGLER-altview16.jpg
SAR-JL-JL-SNUGGLER-altview15.jpg,210357,2026-07-20T10:52:22,C:\Users\erink\OneDrive\Documents\GitHub\mccabe-site\vspfiles\photos\SAR-JL-JL-SNUGGLER-altview15.jpg
SAR-JL-JL-SNUGGLER-altview14.jpg,178982,2026-07-20T10:52:22,C:\Users\erink\OneDrive\Documents\GitHub\mccabe-site\vspfiles\photos\SAR-JL-JL-SNUGGLER-altview14.jpg
SAR-JL-JL-SNUGGLER-altview13.jpg,232215,2026-07-20T10:52:22,C:\Users\erink\OneDrive\Documents\GitHub\mccabe-site\vspfiles\photos\SAR-JL-JL-SNUGGLER-altview13.jpg
SAR-JL-JL-SNUGGLER-altview12.jpg,156635,2026-07-20T10:52:22,C:\Users\erink\OneDrive\Documents\GitHub\mccabe-site\vspfiles\photos\SAR-JL-JL-SNUGGLER-altview12.jpg
SAR-JL-JL-SNUGGLER-altview11.jpg,201958,2026-07-20T10:52:22,C:\Users\erink\OneDrive\Documents\GitHub\mccabe-site\vspfiles\photos\SAR-JL-JL-SNUGGLER-altview11.jpg
SAR-JL-JL-SNUGGLER-altview10.jpg,160519,2026-07-20T10:52:22,C:\Users\erink\OneDrive\Documents\GitHub\mccabe-site\vspfiles\photos\SAR-JL-JL-SNUGGLER-altview10.jpg
SAR-JL-JL-MSLN-LUSH-altview9.jpg,500077,2026-07-20T10:52:22,C:\Users\erink\OneDrive\Documents\GitHub\mccabe-site\vspfiles\photos\SAR-JL-JL-MSLN-LUSH-altview9.jpg
SAR-JL-JL-MSLN-LUSH-altview13.jpg,515691,2026-07-20T10:52:22,C:\Users\erink\OneDrive\Documents\GitHub\mccabe-site\vspfiles\photos\SAR-JL-JL-MSLN-LUSH-altview13.jpg
SAR-JL-JL-MSLN-LUSH-altview12.jpg,517287,2026-07-20T10:52:22,C:\Users\erink\OneDrive\Documents\GitHub\mccabe-site\vspfiles\photos\SAR-JL-JL-MSLN-LUSH-altview12.jpg
SAR-JL-JL-MSLN-LUSH-altview11.jpg,522066,2026-07-20T10:52:22,C:\Users\erink\OneDrive\Documents\GitHub\mccabe-site\vspfiles\photos\SAR-JL-JL-MSLN-LUSH-altview11.jpg
SAR-JL-JL-MSLN-LUSH-altview10.jpg,420734,2026-07-20T10:52:22,C:\Users\erink\OneDrive\Documents\GitHub\mccabe-site\vspfiles\photos\SAR-JL-JL-MSLN-LUSH-altview10.jpg
SAR-HP-HP-ICONS-MNKY-LUSH-altview9.jpg,611002,2026-07-20T10:52:22,C:\Users\erink\OneDrive\Documents\GitHub\mccabe-site\vspfiles\photos\SAR-HP-HP-ICONS-MNKY-LUSH-altview9.jpg
SAR-HP-HP-ICONS-MNKY-LUSH-altview10.jpg,751630,2026-07-20T10:52:22,C:\Users\erink\OneDrive\Documents\GitHub\mccabe-site\vspfiles\photos\SAR-HP-HP-ICONS-MNKY-LUSH-altview10.jpg
SAR-GRAND-FX-FUR-altview9.jpg,291160,2026-07-20T10:52:22,C:\Users\erink\OneDrive\Documents\GitHub\mccabe-site\vspfiles\photos\SAR-GRAND-FX-FUR-altview9.jpg
SAR-GRAND-FX-FUR-altview23.jpg,436709,2026-07-20T10:52:22,C:\Users\erink\OneDrive\Documents\GitHub\mccabe-site\vspfiles\photos\SAR-GRAND-FX-FUR-altview23.jpg
SAR-GRAND-FX-FUR-altview22.jpg,421951,2026-07-20T10:52:22,C:\Users\erink\OneDrive\Documents\GitHub\mccabe-site\vspfiles\photos\SAR-GRAND-FX-FUR-altview22.jpg
SAR-GRAND-FX-FUR-altview21.jpg,358470,2026-07-20T10:52:22,C:\Users\erink\OneDrive\Documents\GitHub\mccabe-site\vspfiles\photos\SAR-GRAND-FX-FUR-altview21.jpg
SAR-GRAND-FX-FUR-altview20.jpg,326923,2026-07-20T10:52:22,C:\Users\erink\OneDrive\Documents\GitHub\mccabe-site\vspfiles\photos\SAR-GRAND-FX-FUR-altview20.jpg
SAR-GRAND-FX-FUR-altview19.jpg,373002,2026-07-20T10:52:22,C:\Users\erink\OneDrive\Documents\GitHub\mccabe-site\vspfiles\photos\SAR-GRAND-FX-FUR-altview19.jpg
SAR-GRAND-FX-FUR-altview18.jpg,330634,2026-07-20T10:52:22,C:\Users\erink\OneDrive\Documents\GitHub\mccabe-site\vspfiles\photos\SAR-GRAND-FX-FUR-altview18.jpg
SAR-GRAND-FX-FUR-altview17.jpg,346977,2026-07-20T10:52:22,C:\Users\erink\OneDrive\Documents\GitHub\mccabe-site\vspfiles\photos\SAR-GRAND-FX-FUR-altview17.jpg
SAR-GRAND-FX-FUR-altview16.jpg,435790,2026-07-20T10:52:22,C:\Users\erink\OneDrive\Documents\GitHub\mccabe-site\vspfiles\photos\SAR-GRAND-FX-FUR-altview16.jpg
SAR-GRAND-FX-FUR-altview15.jpg,450652,2026-07-20T10:52:22,C:\Users\erink\OneDrive\Documents\GitHub\mccabe-site\vspfiles\photos\SAR-GRAND-FX-FUR-altview15.jpg
SAR-GRAND-FX-FUR-altview14.jpg,329486,2026-07-20T10:52:22,C:\Users\erink\OneDrive\Documents\GitHub\mccabe-site\vspfiles\photos\SAR-GRAND-FX-FUR-altview14.jpg
SAR-GRAND-FX-FUR-altview13.jpg,379459,2026-07-20T10:52:22,C:\Users\erink\OneDrive\Documents\GitHub\mccabe-site\vspfiles\photos\SAR-GRAND-FX-FUR-altview13.jpg
SAR-GRAND-FX-FUR-altview12.jpg,337494,2026-07-20T10:52:22,C:\Users\erink\OneDrive\Documents\GitHub\mccabe-site\vspfiles\photos\SAR-GRAND-FX-FUR-altview12.jpg
SAR-GRAND-FX-FUR-altview11.jpg,295860,2026-07-20T10:52:22,C:\Users\erink\OneDrive\Documents\GitHub\mccabe-site\vspfiles\photos\SAR-GRAND-FX-FUR-altview11.jpg
SAR-GRAND-FX-FUR-altview10.jpg,315013,2026-07-20T10:52:22,C:\Users\erink\OneDrive\Documents\GitHub\mccabe-site\vspfiles\photos\SAR-GRAND-FX-FUR-altview10.jpg
SAR-GRAND-FX-FUR-XL-LG-altview9.jpg,367939,2026-07-20T10:52:22,C:\Users\erink\OneDrive\Documents\GitHub\mccabe-site\vspfiles\photos\SAR-GRAND-FX-FUR-XL-LG-altview9.jpg
SAR-GRAND-FX-FUR-XL-LG-altview23.jpg,436709,2026-07-20T10:52:22,C:\Users\erink\OneDrive\Documents\GitHub\mccabe-site\vspfiles\photos\SAR-GRAND-FX-FUR-XL-LG-altview23.jpg
SAR-GRAND-FX-FUR-XL-LG-altview22.jpg,421951,2026-07-20T10:52:22,C:\Users\erink\OneDrive\Documents\GitHub\mccabe-site\vspfiles\photos\SAR-GRAND-FX-FUR-XL-LG-altview22.jpg
SAR-GRAND-FX-FUR-XL-LG-altview21.jpg,358470,2026-07-20T10:52:22,C:\Users\erink\OneDrive\Documents\GitHub\mccabe-site\vspfiles\photos\SAR-GRAND-FX-FUR-XL-LG-altview21.jpg
SAR-GRAND-FX-FUR-XL-LG-altview20.jpg,326923,2026-07-20T10:52:22,C:\Users\erink\OneDrive\Documents\GitHub\mccabe-site\vspfiles\photos\SAR-GRAND-FX-FUR-XL-LG-altview20.jpg
SAR-GRAND-FX-FUR-XL-LG-altview19.jpg,373002,2026-07-20T10:52:22,C:\Users\erink\OneDrive\Documents\GitHub\mccabe-site\vspfiles\photos\SAR-GRAND-FX-FUR-XL-LG-altview19.jpg
SAR-GRAND-FX-FUR-XL-LG-altview18.jpg,330634,2026-07-20T10:52:22,C:\Users\erink\OneDrive\Documents\GitHub\mccabe-site\vspfiles\photos\SAR-GRAND-FX-FUR-XL-LG-altview18.jpg
SAR-GRAND-FX-FUR-XL-LG-altview17.jpg,346977,2026-07-20T10:52:22,C:\Users\erink\OneDrive\Documents\GitHub\mccabe-site\vspfiles\photos\SAR-GRAND-FX-FUR-XL-LG-altview17.jpg
SAR-GRAND-FX-FUR-XL-LG-altview16.jpg,450652,2026-07-20T10:52:22,C:\Users\erink\OneDrive\Documents\GitHub\mccabe-site\vspfiles\photos\SAR-GRAND-FX-FUR-XL-LG-altview16.jpg
SAR-GRAND-FX-FUR-XL-LG-altview15.jpg,329486,2026-07-20T10:52:22,C:\Users\erink\OneDrive\Documents\GitHub\mccabe-site\vspfiles\photos\SAR-GRAND-FX-FUR-XL-LG-altview15.jpg
SAR-GRAND-FX-FUR-XL-LG-altview14.jpg,379459,2026-07-20T10:52:22,C:\Users\erink\OneDrive\Documents\GitHub\mccabe-site\vspfiles\photos\SAR-GRAND-FX-FUR-XL-LG-altview14.jpg
SAR-GRAND-FX-FUR-XL-LG-altview13.jpg,337494,2026-07-20T10:52:22,C:\Users\erink\OneDrive\Documents\GitHub\mccabe-site\vspfiles\photos\SAR-GRAND-FX-FUR-XL-LG-altview13.jpg
SAR-GRAND-FX-FUR-XL-LG-altview12.jpg,295860,2026-07-20T10:52:22,C:\Users\erink\OneDrive\Documents\GitHub\mccabe-site\vspfiles\photos\SAR-GRAND-FX-FUR-XL-LG-altview12.jpg
SAR-GRAND-FX-FUR-XL-LG-altview11.jpg,315013,2026-07-20T10:52:22,C:\Users\erink\OneDrive\Documents\GitHub\mccabe-site\vspfiles\photos\SAR-GRAND-FX-FUR-XL-LG-altview11.jpg
SAR-GRAND-FX-FUR-XL-LG-altview10.jpg,291160,2026-07-20T10:52:22,C:\Users\erink\OneDrive\Documents\GitHub\mccabe-site\vspfiles\photos\SAR-GRAND-FX-FUR-XL-LG-altview10.jpg
SAR-GRAND-FX-FUR-QUEEN-altview9.jpg,225315,2026-07-20T10:52:22,C:\Users\erink\OneDrive\Documents\GitHub\mccabe-site\vspfiles\photos\SAR-GRAND-FX-FUR-QUEEN-altview9.jpg
SAR-GRAND-FX-FUR-QUEEN-altview16.jpg,223049,2026-07-20T10:52:22,C:\Users\erink\OneDrive\Documents\GitHub\mccabe-site\vspfiles\photos\SAR-GRAND-FX-FUR-QUEEN-altview16.jpg
SAR-GRAND-FX-FUR-QUEEN-altview15.jpg,303977,2026-07-20T10:52:22,C:\Users\erink\OneDrive\Documents\GitHub\mccabe-site\vspfiles\photos\SAR-GRAND-FX-FUR-QUEEN-altview15.jpg
SAR-GRAND-FX-FUR-QUEEN-altview14.jpg,222623,2026-07-20T10:52:22,C:\Users\erink\OneDrive\Documents\GitHub\mccabe-site\vspfiles\photos\SAR-GRAND-FX-FUR-QUEEN-altview14.jpg
SAR-GRAND-FX-FUR-QUEEN-altview13.jpg,285456,2026-07-20T10:52:22,C:\Users\erink\OneDrive\Documents\GitHub\mccabe-site\vspfiles\photos\SAR-GRAND-FX-FUR-QUEEN-altview13.jpg
SAR-GRAND-FX-FUR-QUEEN-altview12.jpg,299895,2026-07-20T10:52:22,C:\Users\erink\OneDrive\Documents\GitHub\mccabe-site\vspfiles\photos\SAR-GRAND-FX-FUR-QUEEN-altview12.jpg
SAR-GRAND-FX-FUR-QUEEN-altview11.jpg,332339,2026-07-20T10:52:22,C:\Users\erink\OneDrive\Documents\GitHub\mccabe-site\vspfiles\photos\SAR-GRAND-FX-FUR-QUEEN-altview11.jpg
SAR-GRAND-FX-FUR-QUEEN-altview10.jpg,164420,2026-07-20T10:52:22,C:\Users\erink\OneDrive\Documents\GitHub\mccabe-site\vspfiles\photos\SAR-GRAND-FX-FUR-QUEEN-altview10.jpg
SAR-GRAND-FX-FUR-KING-altview9.jpg,391879,2026-07-20T10:52:22,C:\Users\erink\OneDrive\Documents\GitHub\mccabe-site\vspfiles\photos\SAR-GRAND-FX-FUR-KING-altview9.jpg
SAR-GRAND-FX-FUR-KING-altview16.jpg,175754,2026-07-20T10:52:22,C:\Users\erink\OneDrive\Documents\GitHub\mccabe-site\vspfiles\photos\SAR-GRAND-FX-FUR-KING-altview16.jpg
SAR-GRAND-FX-FUR-KING-altview15.jpg,172605,2026-07-20T10:52:22,C:\Users\erink\OneDrive\Documents\GitHub\mccabe-site\vspfiles\photos\SAR-GRAND-FX-FUR-KING-altview15.jpg
SAR-GRAND-FX-FUR-KING-altview14.jpg,136533,2026-07-20T10:52:22,C:\Users\erink\OneDrive\Documents\GitHub\mccabe-site\vspfiles\photos\SAR-GRAND-FX-FUR-KING-altview14.jpg
SAR-GRAND-FX-FUR-KING-altview13.jpg,212246,2026-07-20T10:52:22,C:\Users\erink\OneDrive\Documents\GitHub\mccabe-site\vspfiles\photos\SAR-GRAND-FX-FUR-KING-altview13.jpg
SAR-GRAND-FX-FUR-KING-altview12.jpg,190044,2026-07-20T10:52:22,C:\Users\erink\OneDrive\Documents\GitHub\mccabe-site\vspfiles\photos\SAR-GRAND-FX-FUR-KING-altview12.jpg
SAR-GRAND-FX-FUR-KING-altview11.jpg,161016,2026-07-20T10:52:22,C:\Users\erink\OneDrive\Documents\GitHub\mccabe-site\vspfiles\photos\SAR-GRAND-FX-FUR-KING-altview11.jpg
SAR-GRAND-FX-FUR-KING-altview10.jpg,105150,2026-07-20T10:52:22,C:\Users\erink\OneDrive\Documents\GitHub\mccabe-site\vspfiles\photos\SAR-GRAND-FX-FUR-KING-altview10.jpg
SAR-FX-FUR-TWIN-altview9.jpg,404737,2026-07-20T10:52:21,C:\Users\erink\OneDrive\Documents\GitHub\mccabe-site\vspfiles\photos\SAR-FX-FUR-TWIN-altview9.jpg
SAR-FX-FUR-TWIN-altview12.jpg,472958,2026-07-20T10:52:21,C:\Users\erink\OneDrive\Documents\GitHub\mccabe-site\vspfiles\photos\SAR-FX-FUR-TWIN-altview12.jpg
SAR-FX-FUR-TWIN-altview11.jpg,496791,2026-07-20T10:52:21,C:\Users\erink\OneDrive\Documents\GitHub\mccabe-site\vspfiles\photos\SAR-FX-FUR-TWIN-altview11.jpg
SAR-FX-FUR-TWIN-altview10.jpg,429895,2026-07-20T10:52:21,C:\Users\erink\OneDrive\Documents\GitHub\mccabe-site\vspfiles\photos\SAR-FX-FUR-TWIN-altview10.jpg
SAR-FX-FUR-PILLOWCA-altview9.jpg,416965,2026-07-20T10:52:21,C:\Users\erink\OneDrive\Documents\GitHub\mccabe-site\vspfiles\photos\SAR-FX-FUR-PILLOWCA-altview9.jpg
SAR-ELF-SNUGGLER-altview9.jpg,674105,2026-07-20T10:52:21,C:\Users\erink\OneDrive\Documents\GitHub\mccabe-site\vspfiles\photos\SAR-ELF-SNUGGLER-altview9.jpg
SAR-ELF-SNUGGLER-altview12.jpg,337445,2026-07-20T10:52:21,C:\Users\erink\OneDrive\Documents\GitHub\mccabe-site\vspfiles\photos\SAR-ELF-SNUGGLER-altview12.jpg
SAR-ELF-SNUGGLER-altview11.jpg,305613,2026-07-20T10:52:21,C:\Users\erink\OneDrive\Documents\GitHub\mccabe-site\vspfiles\photos\SAR-ELF-SNUGGLER-altview11.jpg
SAR-ELF-SNUGGLER-altview10.jpg,475630,2026-07-20T10:52:21,C:\Users\erink\OneDrive\Documents\GitHub\mccabe-site\vspfiles\photos\SAR-ELF-SNUGGLER-altview10.jpg
SAR-DBL-RCH-FX-FUR-altview9.jpg,342470,2026-07-20T10:52:21,C:\Users\erink\OneDrive\Documents\GitHub\mccabe-site\vspfiles\photos\SAR-DBL-RCH-FX-FUR-altview9.jpg
SAR-DBL-RCH-FX-FUR-altview24.jpg,583381,2026-07-20T10:52:21,C:\Users\erink\OneDrive\Documents\GitHub\mccabe-site\vspfiles\photos\SAR-DBL-RCH-FX-FUR-altview24.jpg
SAR-DBL-RCH-FX-FUR-altview23.jpg,577914,2026-07-20T10:52:21,C:\Users\erink\OneDrive\Documents\GitHub\mccabe-site\vspfiles\photos\SAR-DBL-RCH-FX-FUR-altview23.jpg
SAR-DBL-RCH-FX-FUR-altview22.jpg,900750,2026-07-20T10:52:21,C:\Users\erink\OneDrive\Documents\GitHub\mccabe-site\vspfiles\photos\SAR-DBL-RCH-FX-FUR-altview22.jpg
SAR-DBL-RCH-FX-FUR-altview21.jpg,839359,2026-07-20T10:52:21,C:\Users\erink\OneDrive\Documents\GitHub\mccabe-site\vspfiles\photos\SAR-DBL-RCH-FX-FUR-altview21.jpg
SAR-DBL-RCH-FX-FUR-altview20.jpg,825310,2026-07-20T10:52:21,C:\Users\erink\OneDrive\Documents\GitHub\mccabe-site\vspfiles\photos\SAR-DBL-RCH-FX-FUR-altview20.jpg
SAR-DBL-RCH-FX-FUR-altview19.jpg,328544,2026-07-20T10:52:21,C:\Users\erink\OneDrive\Documents\GitHub\mccabe-site\vspfiles\photos\SAR-DBL-RCH-FX-FUR-altview19.jpg
SAR-DBL-RCH-FX-FUR-altview18.jpg,322914,2026-07-20T10:52:21,C:\Users\erink\OneDrive\Documents\GitHub\mccabe-site\vspfiles\photos\SAR-DBL-RCH-FX-FUR-altview18.jpg
SAR-DBL-RCH-FX-FUR-altview17.jpg,338190,2026-07-20T10:52:21,C:\Users\erink\OneDrive\Documents\GitHub\mccabe-site\vspfiles\photos\SAR-DBL-RCH-FX-FUR-altview17.jpg
SAR-DBL-RCH-FX-FUR-altview16.jpg,344201,2026-07-20T10:52:21,C:\Users\erink\OneDrive\Documents\GitHub\mccabe-site\vspfiles\photos\SAR-DBL-RCH-FX-FUR-altview16.jpg
SAR-DBL-RCH-FX-FUR-altview15.jpg,285107,2026-07-20T10:52:21,C:\Users\erink\OneDrive\Documents\GitHub\mccabe-site\vspfiles\photos\SAR-DBL-RCH-FX-FUR-altview15.jpg
SAR-DBL-RCH-FX-FUR-altview14.jpg,326185,2026-07-20T10:52:21,C:\Users\erink\OneDrive\Documents\GitHub\mccabe-site\vspfiles\photos\SAR-DBL-RCH-FX-FUR-altview14.jpg
SAR-DBL-RCH-FX-FUR-altview13.jpg,358694,2026-07-20T10:52:21,C:\Users\erink\OneDrive\Documents\GitHub\mccabe-site\vspfiles\photos\SAR-DBL-RCH-FX-FUR-altview13.jpg
SAR-DBL-RCH-FX-FUR-altview12.jpg,333624,2026-07-20T10:52:21,C:\Users\erink\OneDrive\Documents\GitHub\mccabe-site\vspfiles\photos\SAR-DBL-RCH-FX-FUR-altview12.jpg
SAR-DBL-RCH-FX-FUR-altview11.jpg,385337,2026-07-20T10:52:21,C:\Users\erink\OneDrive\Documents\GitHub\mccabe-site\vspfiles\photos\SAR-DBL-RCH-FX-FUR-altview11.jpg
SAR-DBL-RCH-FX-FUR-altview10.jpg,222497,2026-07-20T10:52:21,C:\Users\erink\OneDrive\Documents\GitHub\mccabe-site\vspfiles\photos\SAR-DBL-RCH-FX-FUR-altview10.jpg
SAR-DBL-RCH-FX-FUR-XL-LG-altview9.jpg,336778,2026-07-20T10:52:21,C:\Users\erink\OneDrive\Documents\GitHub\mccabe-site\vspfiles\photos\SAR-DBL-RCH-FX-FUR-XL-LG-altview9.jpg
SAR-DBL-RCH-FX-FUR-XL-LG-altview24.jpg,577914,2026-07-20T10:52:21,C:\Users\erink\OneDrive\Documents\GitHub\mccabe-site\vspfiles\photos\SAR-DBL-RCH-FX-FUR-XL-LG-altview24.jpg
SAR-DBL-RCH-FX-FUR-XL-LG-altview23.jpg,900750,2026-07-20T10:52:21,C:\Users\erink\OneDrive\Documents\GitHub\mccabe-site\vspfiles\photos\SAR-DBL-RCH-FX-FUR-XL-LG-altview23.jpg
SAR-DBL-RCH-FX-FUR-XL-LG-altview22.jpg,839359,2026-07-20T10:52:21,C:\Users\erink\OneDrive\Documents\GitHub\mccabe-site\vspfiles\photos\SAR-DBL-RCH-FX-FUR-XL-LG-altview22.jpg
SAR-DBL-RCH-FX-FUR-XL-LG-altview21.jpg,825310,2026-07-20T10:52:21,C:\Users\erink\OneDrive\Documents\GitHub\mccabe-site\vspfiles\photos\SAR-DBL-RCH-FX-FUR-XL-LG-altview21.jpg
SAR-DBL-RCH-FX-FUR-XL-LG-altview20.jpg,328544,2026-07-20T10:52:21,C:\Users\erink\OneDrive\Documents\GitHub\mccabe-site\vspfiles\photos\SAR-DBL-RCH-FX-FUR-XL-LG-altview20.jpg
SAR-DBL-RCH-FX-FUR-XL-LG-altview19.jpg,332402,2026-07-20T10:52:21,C:\Users\erink\OneDrive\Documents\GitHub\mccabe-site\vspfiles\photos\SAR-DBL-RCH-FX-FUR-XL-LG-altview19.jpg
SAR-DBL-RCH-FX-FUR-XL-LG-altview18.jpg,338190,2026-07-20T10:52:21,C:\Users\erink\OneDrive\Documents\GitHub\mccabe-site\vspfiles\photos\SAR-DBL-RCH-FX-FUR-XL-LG-altview18.jpg
SAR-DBL-RCH-FX-FUR-XL-LG-altview17.jpg,285107,2026-07-20T10:52:21,C:\Users\erink\OneDrive\Documents\GitHub\mccabe-site\vspfiles\photos\SAR-DBL-RCH-FX-FUR-XL-LG-altview17.jpg
SAR-DBL-RCH-FX-FUR-XL-LG-altview16.jpg,326185,2026-07-20T10:52:21,C:\Users\erink\OneDrive\Documents\GitHub\mccabe-site\vspfiles\photos\SAR-DBL-RCH-FX-FUR-XL-LG-altview16.jpg
SAR-DBL-RCH-FX-FUR-XL-LG-altview15.jpg,322580,2026-07-20T10:52:21,C:\Users\erink\OneDrive\Documents\GitHub\mccabe-site\vspfiles\photos\SAR-DBL-RCH-FX-FUR-XL-LG-altview15.jpg
SAR-DBL-RCH-FX-FUR-XL-LG-altview14.jpg,333624,2026-07-20T10:52:21,C:\Users\erink\OneDrive\Documents\GitHub\mccabe-site\vspfiles\photos\SAR-DBL-RCH-FX-FUR-XL-LG-altview14.jpg
SAR-DBL-RCH-FX-FUR-XL-LG-altview13.jpg,385337,2026-07-20T10:52:21,C:\Users\erink\OneDrive\Documents\GitHub\mccabe-site\vspfiles\photos\SAR-DBL-RCH-FX-FUR-XL-LG-altview13.jpg
SAR-DBL-RCH-FX-FUR-XL-LG-altview12.jpg,424974,2026-07-20T10:52:21,C:\Users\erink\OneDrive\Documents\GitHub\mccabe-site\vspfiles\photos\SAR-DBL-RCH-FX-FUR-XL-LG-altview12.jpg
SAR-DBL-RCH-FX-FUR-XL-LG-altview11.jpg,226680,2026-07-20T10:52:21,C:\Users\erink\OneDrive\Documents\GitHub\mccabe-site\vspfiles\photos\SAR-DBL-RCH-FX-FUR-XL-LG-altview11.jpg
SAR-DBL-RCH-FX-FUR-XL-LG-altview10.jpg,222497,2026-07-20T10:52:21,C:\Users\erink\OneDrive\Documents\GitHub\mccabe-site\vspfiles\photos\SAR-DBL-RCH-FX-FUR-XL-LG-altview10.jpg
SAR-DBL-LAYER-BMB-TOD-altview9.jpg,719172,2026-07-20T10:52:20,C:\Users\erink\OneDrive\Documents\GitHub\mccabe-site\vspfiles\photos\SAR-DBL-LAYER-BMB-TOD-altview9.jpg
SAR-DBL-LAYER-BMB-TOD-altview24.jpg,1085320,2026-07-20T10:52:20,C:\Users\erink\OneDrive\Documents\GitHub\mccabe-site\vspfiles\photos\SAR-DBL-LAYER-BMB-TOD-altview24.jpg
SAR-DBL-LAYER-BMB-TOD-altview23.jpg,1198669,2026-07-20T10:52:20,C:\Users\erink\OneDrive\Documents\GitHub\mccabe-site\vspfiles\photos\SAR-DBL-LAYER-BMB-TOD-altview23.jpg
SAR-DBL-LAYER-BMB-TOD-altview22.jpg,677262,2026-07-20T10:52:20,C:\Users\erink\OneDrive\Documents\GitHub\mccabe-site\vspfiles\photos\SAR-DBL-LAYER-BMB-TOD-altview22.jpg
SAR-DBL-LAYER-BMB-TOD-altview21.jpg,1224513,2026-07-20T10:52:20,C:\Users\erink\OneDrive\Documents\GitHub\mccabe-site\vspfiles\photos\SAR-DBL-LAYER-BMB-TOD-altview21.jpg
SAR-DBL-LAYER-BMB-TOD-altview20.jpg,648721,2026-07-20T10:52:20,C:\Users\erink\OneDrive\Documents\GitHub\mccabe-site\vspfiles\photos\SAR-DBL-LAYER-BMB-TOD-altview20.jpg
SAR-DBL-LAYER-BMB-TOD-altview19.jpg,958516,2026-07-20T10:52:20,C:\Users\erink\OneDrive\Documents\GitHub\mccabe-site\vspfiles\photos\SAR-DBL-LAYER-BMB-TOD-altview19.jpg
SAR-DBL-LAYER-BMB-TOD-altview18.jpg,1301989,2026-07-20T10:52:20,C:\Users\erink\OneDrive\Documents\GitHub\mccabe-site\vspfiles\photos\SAR-DBL-LAYER-BMB-TOD-altview18.jpg
SAR-DBL-LAYER-BMB-TOD-altview17.jpg,905404,2026-07-20T10:52:20,C:\Users\erink\OneDrive\Documents\GitHub\mccabe-site\vspfiles\photos\SAR-DBL-LAYER-BMB-TOD-altview17.jpg
SAR-DBL-LAYER-BMB-TOD-altview16.jpg,329173,2026-07-20T10:52:20,C:\Users\erink\OneDrive\Documents\GitHub\mccabe-site\vspfiles\photos\SAR-DBL-LAYER-BMB-TOD-altview16.jpg
SAR-DBL-LAYER-BMB-TOD-altview15.jpg,473552,2026-07-20T10:52:20,C:\Users\erink\OneDrive\Documents\GitHub\mccabe-site\vspfiles\photos\SAR-DBL-LAYER-BMB-TOD-altview15.jpg
SAR-DBL-LAYER-BMB-TOD-altview14.jpg,231886,2026-07-20T10:52:20,C:\Users\erink\OneDrive\Documents\GitHub\mccabe-site\vspfiles\photos\SAR-DBL-LAYER-BMB-TOD-altview14.jpg
SAR-DBL-LAYER-BMB-TOD-altview13.jpg,938135,2026-07-20T10:52:20,C:\Users\erink\OneDrive\Documents\GitHub\mccabe-site\vspfiles\photos\SAR-DBL-LAYER-BMB-TOD-altview13.jpg
SAR-DBL-LAYER-BMB-TOD-altview12.jpg,326854,2026-07-20T10:52:20,C:\Users\erink\OneDrive\Documents\GitHub\mccabe-site\vspfiles\photos\SAR-DBL-LAYER-BMB-TOD-altview12.jpg
SAR-DBL-LAYER-BMB-TOD-altview11.jpg,284252,2026-07-20T10:52:20,C:\Users\erink\OneDrive\Documents\GitHub\mccabe-site\vspfiles\photos\SAR-DBL-LAYER-BMB-TOD-altview11.jpg
SAR-DBL-LAYER-BMB-TOD-altview10.jpg,582355,2026-07-20T10:52:20,C:\Users\erink\OneDrive\Documents\GitHub\mccabe-site\vspfiles\photos\SAR-DBL-LAYER-BMB-TOD-altview10.jpg
SAR-COZY-BMB-ROBES-altview9.jpg,1008891,2026-07-20T10:52:20,C:\Users\erink\OneDrive\Documents\GitHub\mccabe-site\vspfiles\photos\SAR-COZY-BMB-ROBES-altview9.jpg
SAR-COZY-BMB-ROBES-altview18.jpg,610731,2026-07-20T10:52:20,C:\Users\erink\OneDrive\Documents\GitHub\mccabe-site\vspfiles\photos\SAR-COZY-BMB-ROBES-altview18.jpg
SAR-COZY-BMB-ROBES-altview17.jpg,664860,2026-07-20T10:52:20,C:\Users\erink\OneDrive\Documents\GitHub\mccabe-site\vspfiles\photos\SAR-COZY-BMB-ROBES-altview17.jpg
SAR-COZY-BMB-ROBES-altview16.jpg,661595,2026-07-20T10:52:20,C:\Users\erink\OneDrive\Documents\GitHub\mccabe-site\vspfiles\photos\SAR-COZY-BMB-ROBES-altview16.jpg
SAR-COZY-BMB-ROBES-altview15.jpg,908791,2026-07-20T10:52:20,C:\Users\erink\OneDrive\Documents\GitHub\mccabe-site\vspfiles\photos\SAR-COZY-BMB-ROBES-altview15.jpg
SAR-COZY-BMB-ROBES-altview14.jpg,676621,2026-07-20T10:52:20,C:\Users\erink\OneDrive\Documents\GitHub\mccabe-site\vspfiles\photos\SAR-COZY-BMB-ROBES-altview14.jpg
SAR-COZY-BMB-ROBES-altview13.jpg,679892,2026-07-20T10:52:20,C:\Users\erink\OneDrive\Documents\GitHub\mccabe-site\vspfiles\photos\SAR-COZY-BMB-ROBES-altview13.jpg
SAR-COZY-BMB-ROBES-altview12.jpg,273162,2026-07-20T10:52:20,C:\Users\erink\OneDrive\Documents\GitHub\mccabe-site\vspfiles\photos\SAR-COZY-BMB-ROBES-altview12.jpg
SAR-COZY-BMB-ROBES-altview11.jpg,296323,2026-07-20T10:52:20,C:\Users\erink\OneDrive\Documents\GitHub\mccabe-site\vspfiles\photos\SAR-COZY-BMB-ROBES-altview11.jpg
SAR-COZY-BMB-ROBES-altview10.jpg,894658,2026-07-20T10:52:19,C:\Users\erink\OneDrive\Documents\GitHub\mccabe-site\vspfiles\photos\SAR-COZY-BMB-ROBES-altview10.jpg
SAR-COTTON-MSLN-4-LAYER-altview9.jpg,628757,2026-07-20T10:52:19,C:\Users\erink\OneDrive\Documents\GitHub\mccabe-site\vspfiles\photos\SAR-COTTON-MSLN-4-LAYER-altview9.jpg
SAR-COTTON-MSLN-4-LAYER-altview14.jpg,190897,2026-07-20T10:52:19,C:\Users\erink\OneDrive\Documents\GitHub\mccabe-site\vspfiles\photos\SAR-COTTON-MSLN-4-LAYER-altview14.jpg
SAR-COTTON-MSLN-4-LAYER-altview13.jpg,201721,2026-07-20T10:52:19,C:\Users\erink\OneDrive\Documents\GitHub\mccabe-site\vspfiles\photos\SAR-COTTON-MSLN-4-LAYER-altview13.jpg
SAR-COTTON-MSLN-4-LAYER-altview12.jpg,308189,2026-07-20T10:52:19,C:\Users\erink\OneDrive\Documents\GitHub\mccabe-site\vspfiles\photos\SAR-COTTON-MSLN-4-LAYER-altview12.jpg
SAR-COTTON-MSLN-4-LAYER-altview11.jpg,314824,2026-07-20T10:52:19,C:\Users\erink\OneDrive\Documents\GitHub\mccabe-site\vspfiles\photos\SAR-COTTON-MSLN-4-LAYER-altview11.jpg
SAR-COTTON-MSLN-4-LAYER-altview10.jpg,112026,2026-07-20T10:52:19,C:\Users\erink\OneDrive\Documents\GitHub\mccabe-site\vspfiles\photos\SAR-COTTON-MSLN-4-LAYER-altview10.jpg
SAR-BOY-WHO-LIVED-DBL-LAYER-altview9.jpg,605689,2026-07-20T10:52:19,C:\Users\erink\OneDrive\Documents\GitHub\mccabe-site\vspfiles\photos\SAR-BOY-WHO-LIVED-DBL-LAYER-altview9.jpg
SAR-BOY-WHO-LIVED-DBL-LAYER-altview13.jpg,178633,2026-07-20T10:52:19,C:\Users\erink\OneDrive\Documents\GitHub\mccabe-site\vspfiles\photos\SAR-BOY-WHO-LIVED-DBL-LAYER-altview13.jpg
SAR-BOY-WHO-LIVED-DBL-LAYER-altview12.jpg,880201,2026-07-20T10:52:19,C:\Users\erink\OneDrive\Documents\GitHub\mccabe-site\vspfiles\photos\SAR-BOY-WHO-LIVED-DBL-LAYER-altview12.jpg
SAR-BOY-WHO-LIVED-DBL-LAYER-altview11.jpg,613222,2026-07-20T10:52:19,C:\Users\erink\OneDrive\Documents\GitHub\mccabe-site\vspfiles\photos\SAR-BOY-WHO-LIVED-DBL-LAYER-altview11.jpg
SAR-BOY-WHO-LIVED-DBL-LAYER-altview10.jpg,541621,2026-07-20T10:52:19,C:\Users\erink\OneDrive\Documents\GitHub\mccabe-site\vspfiles\photos\SAR-BOY-WHO-LIVED-DBL-LAYER-altview10.jpg
SAR-BMBU-RYN-MSLN-XL-LG-4-altview9.jpg,217852,2026-07-20T10:52:19,C:\Users\erink\OneDrive\Documents\GitHub\mccabe-site\vspfiles\photos\SAR-BMBU-RYN-MSLN-XL-LG-4-altview9.jpg
SAR-BMBU-RYN-MSLN-XL-LG-4-altview24.jpg,646110,2026-07-20T10:52:19,C:\Users\erink\OneDrive\Documents\GitHub\mccabe-site\vspfiles\photos\SAR-BMBU-RYN-MSLN-XL-LG-4-altview24.jpg
SAR-BMBU-RYN-MSLN-XL-LG-4-altview23.jpg,691083,2026-07-20T10:52:19,C:\Users\erink\OneDrive\Documents\GitHub\mccabe-site\vspfiles\photos\SAR-BMBU-RYN-MSLN-XL-LG-4-altview23.jpg
SAR-BMBU-RYN-MSLN-XL-LG-4-altview22.jpg,177799,2026-07-20T10:52:19,C:\Users\erink\OneDrive\Documents\GitHub\mccabe-site\vspfiles\photos\SAR-BMBU-RYN-MSLN-XL-LG-4-altview22.jpg
SAR-BMBU-RYN-MSLN-XL-LG-4-altview21.jpg,313970,2026-07-20T10:52:19,C:\Users\erink\OneDrive\Documents\GitHub\mccabe-site\vspfiles\photos\SAR-BMBU-RYN-MSLN-XL-LG-4-altview21.jpg
SAR-BMBU-RYN-MSLN-XL-LG-4-altview20.jpg,316339,2026-07-20T10:52:19,C:\Users\erink\OneDrive\Documents\GitHub\mccabe-site\vspfiles\photos\SAR-BMBU-RYN-MSLN-XL-LG-4-altview20.jpg
SAR-BMBU-RYN-MSLN-XL-LG-4-altview19.jpg,532527,2026-07-20T10:52:19,C:\Users\erink\OneDrive\Documents\GitHub\mccabe-site\vspfiles\photos\SAR-BMBU-RYN-MSLN-XL-LG-4-altview19.jpg
SAR-BMBU-RYN-MSLN-XL-LG-4-altview18.jpg,214316,2026-07-20T10:52:19,C:\Users\erink\OneDrive\Documents\GitHub\mccabe-site\vspfiles\photos\SAR-BMBU-RYN-MSLN-XL-LG-4-altview18.jpg
SAR-BMBU-RYN-MSLN-XL-LG-4-altview17.jpg,162048,2026-07-20T10:52:19,C:\Users\erink\OneDrive\Documents\GitHub\mccabe-site\vspfiles\photos\SAR-BMBU-RYN-MSLN-XL-LG-4-altview17.jpg
SAR-BMBU-RYN-MSLN-XL-LG-4-altview16.jpg,243709,2026-07-20T10:52:19,C:\Users\erink\OneDrive\Documents\GitHub\mccabe-site\vspfiles\photos\SAR-BMBU-RYN-MSLN-XL-LG-4-altview16.jpg
SAR-BMBU-RYN-MSLN-XL-LG-4-altview15.jpg,141274,2026-07-20T10:52:19,C:\Users\erink\OneDrive\Documents\GitHub\mccabe-site\vspfiles\photos\SAR-BMBU-RYN-MSLN-XL-LG-4-altview15.jpg
SAR-BMBU-RYN-MSLN-XL-LG-4-altview14.jpg,273746,2026-07-20T10:52:19,C:\Users\erink\OneDrive\Documents\GitHub\mccabe-site\vspfiles\photos\SAR-BMBU-RYN-MSLN-XL-LG-4-altview14.jpg
SAR-BMBU-RYN-MSLN-XL-LG-4-altview13.jpg,176251,2026-07-20T10:52:19,C:\Users\erink\OneDrive\Documents\GitHub\mccabe-site\vspfiles\photos\SAR-BMBU-RYN-MSLN-XL-LG-4-altview13.jpg
SAR-BMBU-RYN-MSLN-XL-LG-4-altview12.jpg,150548,2026-07-20T10:52:19,C:\Users\erink\OneDrive\Documents\GitHub\mccabe-site\vspfiles\photos\SAR-BMBU-RYN-MSLN-XL-LG-4-altview12.jpg
SAR-BMBU-RYN-MSLN-XL-LG-4-altview11.jpg,180375,2026-07-20T10:52:19,C:\Users\erink\OneDrive\Documents\GitHub\mccabe-site\vspfiles\photos\SAR-BMBU-RYN-MSLN-XL-LG-4-altview11.jpg
SAR-BMBU-RYN-MSLN-XL-LG-4-altview10.jpg,313898,2026-07-20T10:52:19,C:\Users\erink\OneDrive\Documents\GitHub\mccabe-site\vspfiles\photos\SAR-BMBU-RYN-MSLN-XL-LG-4-altview10.jpg
SAR-BMBU-RYN-MSLN-QUEEN-KING-altview9.jpg,176036,2026-07-20T10:52:19,C:\Users\erink\OneDrive\Documents\GitHub\mccabe-site\vspfiles\photos\SAR-BMBU-RYN-MSLN-QUEEN-KING-altview9.jpg
SAR-BMBU-RYN-MSLN-QUEEN-KING-altview10.jpg,207066,2026-07-20T10:52:19,C:\Users\erink\OneDrive\Documents\GitHub\mccabe-site\vspfiles\photos\SAR-BMBU-RYN-MSLN-QUEEN-KING-altview10.jpg
SAR-BMBU-RYN-MSLN-PILLOWCA-altview9.jpg,388028,2026-07-20T10:52:19,C:\Users\erink\OneDrive\Documents\GitHub\mccabe-site\vspfiles\photos\SAR-BMBU-RYN-MSLN-PILLOWCA-altview9.jpg
SAR-BMBU-RYN-MSLN-4-LAYER-altview9.jpg,92778,2026-07-20T10:52:19,C:\Users\erink\OneDrive\Documents\GitHub\mccabe-site\vspfiles\photos\SAR-BMBU-RYN-MSLN-4-LAYER-altview9.jpg
SAR-BMBU-RYN-MSLN-4-LAYER-altview24.jpg,471369,2026-07-20T10:52:19,C:\Users\erink\OneDrive\Documents\GitHub\mccabe-site\vspfiles\photos\SAR-BMBU-RYN-MSLN-4-LAYER-altview24.jpg
SAR-BMBU-RYN-MSLN-4-LAYER-altview23.jpg,269694,2026-07-20T10:52:19,C:\Users\erink\OneDrive\Documents\GitHub\mccabe-site\vspfiles\photos\SAR-BMBU-RYN-MSLN-4-LAYER-altview23.jpg
SAR-BMBU-RYN-MSLN-4-LAYER-altview22.jpg,368997,2026-07-20T10:52:19,C:\Users\erink\OneDrive\Documents\GitHub\mccabe-site\vspfiles\photos\SAR-BMBU-RYN-MSLN-4-LAYER-altview22.jpg
SAR-BMBU-RYN-MSLN-4-LAYER-altview21.jpg,122277,2026-07-20T10:52:19,C:\Users\erink\OneDrive\Documents\GitHub\mccabe-site\vspfiles\photos\SAR-BMBU-RYN-MSLN-4-LAYER-altview21.jpg
SAR-BMBU-RYN-MSLN-4-LAYER-altview20.jpg,181891,2026-07-20T10:52:19,C:\Users\erink\OneDrive\Documents\GitHub\mccabe-site\vspfiles\photos\SAR-BMBU-RYN-MSLN-4-LAYER-altview20.jpg
SAR-BMBU-RYN-MSLN-4-LAYER-altview19.jpg,138198,2026-07-20T10:52:19,C:\Users\erink\OneDrive\Documents\GitHub\mccabe-site\vspfiles\photos\SAR-BMBU-RYN-MSLN-4-LAYER-altview19.jpg
SAR-BMBU-RYN-MSLN-4-LAYER-altview18.jpg,92943,2026-07-20T10:52:19,C:\Users\erink\OneDrive\Documents\GitHub\mccabe-site\vspfiles\photos\SAR-BMBU-RYN-MSLN-4-LAYER-altview18.jpg
SAR-BMBU-RYN-MSLN-4-LAYER-altview17.jpg,147845,2026-07-20T10:52:19,C:\Users\erink\OneDrive\Documents\GitHub\mccabe-site\vspfiles\photos\SAR-BMBU-RYN-MSLN-4-LAYER-altview17.jpg
SAR-BMBU-RYN-MSLN-4-LAYER-altview16.jpg,232411,2026-07-20T10:52:19,C:\Users\erink\OneDrive\Documents\GitHub\mccabe-site\vspfiles\photos\SAR-BMBU-RYN-MSLN-4-LAYER-altview16.jpg
SAR-BMBU-RYN-MSLN-4-LAYER-altview15.jpg,189561,2026-07-20T10:52:19,C:\Users\erink\OneDrive\Documents\GitHub\mccabe-site\vspfiles\photos\SAR-BMBU-RYN-MSLN-4-LAYER-altview15.jpg
SAR-BMBU-RYN-MSLN-4-LAYER-altview14.jpg,708325,2026-07-20T10:52:19,C:\Users\erink\OneDrive\Documents\GitHub\mccabe-site\vspfiles\photos\SAR-BMBU-RYN-MSLN-4-LAYER-altview14.jpg
SAR-BMBU-RYN-MSLN-4-LAYER-altview13.jpg,528423,2026-07-20T10:52:19,C:\Users\erink\OneDrive\Documents\GitHub\mccabe-site\vspfiles\photos\SAR-BMBU-RYN-MSLN-4-LAYER-altview13.jpg
SAR-BMBU-RYN-MSLN-4-LAYER-altview12.jpg,377029,2026-07-20T10:52:19,C:\Users\erink\OneDrive\Documents\GitHub\mccabe-site\vspfiles\photos\SAR-BMBU-RYN-MSLN-4-LAYER-altview12.jpg
SAR-BMBU-RYN-MSLN-4-LAYER-altview11.jpg,113135,2026-07-20T10:52:19,C:\Users\erink\OneDrive\Documents\GitHub\mccabe-site\vspfiles\photos\SAR-BMBU-RYN-MSLN-4-LAYER-altview11.jpg
SAR-BMBU-RYN-MSLN-4-LAYER-altview10.jpg,578183,2026-07-20T10:52:19,C:\Users\erink\OneDrive\Documents\GitHub\mccabe-site\vspfiles\photos\SAR-BMBU-RYN-MSLN-4-LAYER-altview10.jpg
SAR-BMB-TOD-altview9.jpg,466926,2026-07-20T10:52:18,C:\Users\erink\OneDrive\Documents\GitHub\mccabe-site\vspfiles\photos\SAR-BMB-TOD-altview9.jpg
SAR-BMB-TOD-altview24.jpg,514291,2026-07-20T10:52:18,C:\Users\erink\OneDrive\Documents\GitHub\mccabe-site\vspfiles\photos\SAR-BMB-TOD-altview24.jpg
SAR-BMB-TOD-altview23.jpg,515818,2026-07-20T10:52:18,C:\Users\erink\OneDrive\Documents\GitHub\mccabe-site\vspfiles\photos\SAR-BMB-TOD-altview23.jpg
SAR-BMB-TOD-altview22.jpg,687800,2026-07-20T10:52:18,C:\Users\erink\OneDrive\Documents\GitHub\mccabe-site\vspfiles\photos\SAR-BMB-TOD-altview22.jpg
SAR-BMB-TOD-altview21.jpg,549238,2026-07-20T10:52:18,C:\Users\erink\OneDrive\Documents\GitHub\mccabe-site\vspfiles\photos\SAR-BMB-TOD-altview21.jpg
SAR-BMB-TOD-altview20.jpg,1020597,2026-07-20T10:52:18,C:\Users\erink\OneDrive\Documents\GitHub\mccabe-site\vspfiles\photos\SAR-BMB-TOD-altview20.jpg
SAR-BMB-TOD-altview19.jpg,752183,2026-07-20T10:52:18,C:\Users\erink\OneDrive\Documents\GitHub\mccabe-site\vspfiles\photos\SAR-BMB-TOD-altview19.jpg
SAR-BMB-TOD-altview18.jpg,454190,2026-07-20T10:52:18,C:\Users\erink\OneDrive\Documents\GitHub\mccabe-site\vspfiles\photos\SAR-BMB-TOD-altview18.jpg
SAR-BMB-TOD-altview17.jpg,435853,2026-07-20T10:52:18,C:\Users\erink\OneDrive\Documents\GitHub\mccabe-site\vspfiles\photos\SAR-BMB-TOD-altview17.jpg
SAR-BMB-TOD-altview16.jpg,516669,2026-07-20T10:52:18,C:\Users\erink\OneDrive\Documents\GitHub\mccabe-site\vspfiles\photos\SAR-BMB-TOD-altview16.jpg
SAR-BMB-TOD-altview15.jpg,470782,2026-07-20T10:52:18,C:\Users\erink\OneDrive\Documents\GitHub\mccabe-site\vspfiles\photos\SAR-BMB-TOD-altview15.jpg
SAR-BMB-TOD-altview14.jpg,732042,2026-07-20T10:52:18,C:\Users\erink\OneDrive\Documents\GitHub\mccabe-site\vspfiles\photos\SAR-BMB-TOD-altview14.jpg
SAR-BMB-TOD-altview13.jpg,232391,2026-07-20T10:52:18,C:\Users\erink\OneDrive\Documents\GitHub\mccabe-site\vspfiles\photos\SAR-BMB-TOD-altview13.jpg
SAR-BMB-TOD-altview12.jpg,456951,2026-07-20T10:52:18,C:\Users\erink\OneDrive\Documents\GitHub\mccabe-site\vspfiles\photos\SAR-BMB-TOD-altview12.jpg
SAR-BMB-TOD-altview11.jpg,500132,2026-07-20T10:52:18,C:\Users\erink\OneDrive\Documents\GitHub\mccabe-site\vspfiles\photos\SAR-BMB-TOD-altview11.jpg
SAR-BMB-TOD-altview10.jpg,499343,2026-07-20T10:52:18,C:\Users\erink\OneDrive\Documents\GitHub\mccabe-site\vspfiles\photos\SAR-BMB-TOD-altview10.jpg
SAR-BMB-SNUGGLER-altview9.jpg,412401,2026-07-20T10:52:18,C:\Users\erink\OneDrive\Documents\GitHub\mccabe-site\vspfiles\photos\SAR-BMB-SNUGGLER-altview9.jpg
SAR-BATMAN-DBL-LAYER-BMB-altview9.jpg,561840,2026-07-20T10:52:17,C:\Users\erink\OneDrive\Documents\GitHub\mccabe-site\vspfiles\photos\SAR-BATMAN-DBL-LAYER-BMB-altview9.jpg
SAR-BATMAN-DBL-LAYER-BMB-altview17.jpg,178633,2026-07-20T10:52:17,C:\Users\erink\OneDrive\Documents\GitHub\mccabe-site\vspfiles\photos\SAR-BATMAN-DBL-LAYER-BMB-altview17.jpg
SAR-BATMAN-DBL-LAYER-BMB-altview16.jpg,728617,2026-07-20T10:52:17,C:\Users\erink\OneDrive\Documents\GitHub\mccabe-site\vspfiles\photos\SAR-BATMAN-DBL-LAYER-BMB-altview16.jpg
SAR-BATMAN-DBL-LAYER-BMB-altview15.jpg,773143,2026-07-20T10:52:17,C:\Users\erink\OneDrive\Documents\GitHub\mccabe-site\vspfiles\photos\SAR-BATMAN-DBL-LAYER-BMB-altview15.jpg
SAR-BATMAN-DBL-LAYER-BMB-altview14.jpg,750502,2026-07-20T10:52:17,C:\Users\erink\OneDrive\Documents\GitHub\mccabe-site\vspfiles\photos\SAR-BATMAN-DBL-LAYER-BMB-altview14.jpg
SAR-BATMAN-DBL-LAYER-BMB-altview13.jpg,820448,2026-07-20T10:52:17,C:\Users\erink\OneDrive\Documents\GitHub\mccabe-site\vspfiles\photos\SAR-BATMAN-DBL-LAYER-BMB-altview13.jpg
SAR-BATMAN-DBL-LAYER-BMB-altview12.jpg,810936,2026-07-20T10:52:17,C:\Users\erink\OneDrive\Documents\GitHub\mccabe-site\vspfiles\photos\SAR-BATMAN-DBL-LAYER-BMB-altview12.jpg
SAR-BATMAN-DBL-LAYER-BMB-altview11.jpg,653747,2026-07-20T10:52:17,C:\Users\erink\OneDrive\Documents\GitHub\mccabe-site\vspfiles\photos\SAR-BATMAN-DBL-LAYER-BMB-altview11.jpg
SAR-BATMAN-DBL-LAYER-BMB-altview10.jpg,538238,2026-07-20T10:52:17,C:\Users\erink\OneDrive\Documents\GitHub\mccabe-site\vspfiles\photos\SAR-BATMAN-DBL-LAYER-BMB-altview10.jpg
SAR-BABY-BMB-LITE-SETS-altview9.jpg,395257,2026-07-20T10:52:17,C:\Users\erink\OneDrive\Documents\GitHub\mccabe-site\vspfiles\photos\SAR-BABY-BMB-LITE-SETS-altview9.jpg
SAR-BABY-BMB-LITE-SETS-altview10.jpg,215081,2026-07-20T10:52:17,C:\Users\erink\OneDrive\Documents\GitHub\mccabe-site\vspfiles\photos\SAR-BABY-BMB-LITE-SETS-altview10.jpg
Ramona-Dining-Set-altview9.jpg,721605,2026-07-20T10:52:17,C:\Users\erink\OneDrive\Documents\GitHub\mccabe-site\vspfiles\photos\Ramona-Dining-Set-altview9.jpg
Ramona-Dining-Set-altview8.jpg,301184,2026-07-20T10:52:17,C:\Users\erink\OneDrive\Documents\GitHub\mccabe-site\vspfiles\photos\Ramona-Dining-Set-altview8.jpg
Ramona-Dining-Set-altview7.jpg,346706,2026-07-20T10:52:17,C:\Users\erink\OneDrive\Documents\GitHub\mccabe-site\vspfiles\photos\Ramona-Dining-Set-altview7.jpg
Ramona-Dining-Set-altview6.jpg,318949,2026-07-20T10:52:17,C:\Users\erink\OneDrive\Documents\GitHub\mccabe-site\vspfiles\photos\Ramona-Dining-Set-altview6.jpg
Ramona-Dining-Set-altview5.jpg,282851,2026-07-20T10:52:17,C:\Users\erink\OneDrive\Documents\GitHub\mccabe-site\vspfiles\photos\Ramona-Dining-Set-altview5.jpg
Ramona-Dining-Set-altview4.jpg,371643,2026-07-20T10:52:17,C:\Users\erink\OneDrive\Documents\GitHub\mccabe-site\vspfiles\photos\Ramona-Dining-Set-altview4.jpg
Ramona-Dining-Set-altview3.jpg,111109,2026-07-20T10:52:17,C:\Users\erink\OneDrive\Documents\GitHub\mccabe-site\vspfiles\photos\Ramona-Dining-Set-altview3.jpg
Ramona-Dining-Set-altview2.jpg,91165,2026-07-20T10:52:17,C:\Users\erink\OneDrive\Documents\GitHub\mccabe-site\vspfiles\photos\Ramona-Dining-Set-altview2.jpg
Ramona-Dining-Set-altview17.jpg,387143,2026-07-20T10:52:17,C:\Users\erink\OneDrive\Documents\GitHub\mccabe-site\vspfiles\photos\Ramona-Dining-Set-altview17.jpg
Ramona-Dining-Set-altview16.jpg,737794,2026-07-20T10:52:17,C:\Users\erink\OneDrive\Documents\GitHub\mccabe-site\vspfiles\photos\Ramona-Dining-Set-altview16.jpg
Ramona-Dining-Set-altview15.jpg,697123,2026-07-20T10:52:17,C:\Users\erink\OneDrive\Documents\GitHub\mccabe-site\vspfiles\photos\Ramona-Dining-Set-altview15.jpg
Ramona-Dining-Set-altview14.jpg,947413,2026-07-20T10:52:17,C:\Users\erink\OneDrive\Documents\GitHub\mccabe-site\vspfiles\photos\Ramona-Dining-Set-altview14.jpg
Ramona-Dining-Set-altview13.jpg,836099,2026-07-20T10:52:17,C:\Users\erink\OneDrive\Documents\GitHub\mccabe-site\vspfiles\photos\Ramona-Dining-Set-altview13.jpg
Ramona-Dining-Set-altview12.jpg,863846,2026-07-20T10:52:17,C:\Users\erink\OneDrive\Documents\GitHub\mccabe-site\vspfiles\photos\Ramona-Dining-Set-altview12.jpg
Ramona-Dining-Set-altview11.jpg,1138152,2026-07-20T10:52:17,C:\Users\erink\OneDrive\Documents\GitHub\mccabe-site\vspfiles\photos\Ramona-Dining-Set-altview11.jpg
Ramona-Dining-Set-altview10.jpg,172696,2026-07-20T10:52:17,C:\Users\erink\OneDrive\Documents\GitHub\mccabe-site\vspfiles\photos\Ramona-Dining-Set-altview10.jpg
Ramona-Dining-Set-altview1.jpg,986992,2026-07-20T10:52:17,C:\Users\erink\OneDrive\Documents\GitHub\mccabe-site\vspfiles\photos\Ramona-Dining-Set-altview1.jpg
Molly-Olson-Dining-Set-altview9.jpg,801264,2026-07-20T10:52:17,C:\Users\erink\OneDrive\Documents\GitHub\mccabe-site\vspfiles\photos\Molly-Olson-Dining-Set-altview9.jpg
Molly-Olson-Dining-Set-altview8.jpg,430801,2026-07-20T10:52:17,C:\Users\erink\OneDrive\Documents\GitHub\mccabe-site\vspfiles\photos\Molly-Olson-Dining-Set-altview8.jpg
Molly-Olson-Dining-Set-altview7.jpg,422796,2026-07-20T10:52:17,C:\Users\erink\OneDrive\Documents\GitHub\mccabe-site\vspfiles\photos\Molly-Olson-Dining-Set-altview7.jpg
Molly-Olson-Dining-Set-altview6.jpg,443885,2026-07-20T10:52:17,C:\Users\erink\OneDrive\Documents\GitHub\mccabe-site\vspfiles\photos\Molly-Olson-Dining-Set-altview6.jpg
Molly-Olson-Dining-Set-altview5.jpg,531045,2026-07-20T10:52:17,C:\Users\erink\OneDrive\Documents\GitHub\mccabe-site\vspfiles\photos\Molly-Olson-Dining-Set-altview5.jpg
Molly-Olson-Dining-Set-altview4.jpg,616776,2026-07-20T10:52:17,C:\Users\erink\OneDrive\Documents\GitHub\mccabe-site\vspfiles\photos\Molly-Olson-Dining-Set-altview4.jpg
Molly-Olson-Dining-Set-altview3.jpg,534643,2026-07-20T10:52:17,C:\Users\erink\OneDrive\Documents\GitHub\mccabe-site\vspfiles\photos\Molly-Olson-Dining-Set-altview3.jpg
Molly-Olson-Dining-Set-altview2.jpg,571805,2026-07-20T10:52:17,C:\Users\erink\OneDrive\Documents\GitHub\mccabe-site\vspfiles\photos\Molly-Olson-Dining-Set-altview2.jpg
Molly-Olson-Dining-Set-altview14.jpg,793980,2026-07-20T10:52:17,C:\Users\erink\OneDrive\Documents\GitHub\mccabe-site\vspfiles\photos\Molly-Olson-Dining-Set-altview14.jpg
Molly-Olson-Dining-Set-altview13.jpg,444876,2026-07-20T10:52:17,C:\Users\erink\OneDrive\Documents\GitHub\mccabe-site\vspfiles\photos\Molly-Olson-Dining-Set-altview13.jpg
Molly-Olson-Dining-Set-altview12.jpg,688562,2026-07-20T10:52:17,C:\Users\erink\OneDrive\Documents\GitHub\mccabe-site\vspfiles\photos\Molly-Olson-Dining-Set-altview12.jpg
Molly-Olson-Dining-Set-altview11.jpg,273036,2026-07-20T10:52:17,C:\Users\erink\OneDrive\Documents\GitHub\mccabe-site\vspfiles\photos\Molly-Olson-Dining-Set-altview11.jpg
Molly-Olson-Dining-Set-altview10.jpg,697123,2026-07-20T10:52:17,C:\Users\erink\OneDrive\Documents\GitHub\mccabe-site\vspfiles\photos\Molly-Olson-Dining-Set-altview10.jpg
Molly-Olson-Dining-Set-altview1.jpg,1017334,2026-07-20T10:52:17,C:\Users\erink\OneDrive\Documents\GitHub\mccabe-site\vspfiles\photos\Molly-Olson-Dining-Set-altview1.jpg
Grayson-Dining-Set-altview9.jpg,144971,2026-07-20T10:52:17,C:\Users\erink\OneDrive\Documents\GitHub\mccabe-site\vspfiles\photos\Grayson-Dining-Set-altview9.jpg
Grayson-Dining-Set-altview8.jpg,133350,2026-07-20T10:52:16,C:\Users\erink\OneDrive\Documents\GitHub\mccabe-site\vspfiles\photos\Grayson-Dining-Set-altview8.jpg
Grayson-Dining-Set-altview7.jpg,292777,2026-07-20T10:52:16,C:\Users\erink\OneDrive\Documents\GitHub\mccabe-site\vspfiles\photos\Grayson-Dining-Set-altview7.jpg
Grayson-Dining-Set-altview6.jpg,267187,2026-07-20T10:52:16,C:\Users\erink\OneDrive\Documents\GitHub\mccabe-site\vspfiles\photos\Grayson-Dining-Set-altview6.jpg
Grayson-Dining-Set-altview5.jpg,223506,2026-07-20T10:52:16,C:\Users\erink\OneDrive\Documents\GitHub\mccabe-site\vspfiles\photos\Grayson-Dining-Set-altview5.jpg
Grayson-Dining-Set-altview4.jpg,192893,2026-07-20T10:52:16,C:\Users\erink\OneDrive\Documents\GitHub\mccabe-site\vspfiles\photos\Grayson-Dining-Set-altview4.jpg
Grayson-Dining-Set-altview3.jpg,169137,2026-07-20T10:52:16,C:\Users\erink\OneDrive\Documents\GitHub\mccabe-site\vspfiles\photos\Grayson-Dining-Set-altview3.jpg
Grayson-Dining-Set-altview28.jpg,53894,2026-07-20T10:52:16,C:\Users\erink\OneDrive\Documents\GitHub\mccabe-site\vspfiles\photos\Grayson-Dining-Set-altview28.jpg
Grayson-Dining-Set-altview27.jpg,72295,2026-07-20T10:52:16,C:\Users\erink\OneDrive\Documents\GitHub\mccabe-site\vspfiles\photos\Grayson-Dining-Set-altview27.jpg
Grayson-Dining-Set-altview26.jpg,184314,2026-07-20T10:52:16,C:\Users\erink\OneDrive\Documents\GitHub\mccabe-site\vspfiles\photos\Grayson-Dining-Set-altview26.jpg
Grayson-Dining-Set-altview25.jpg,174903,2026-07-20T10:52:16,C:\Users\erink\OneDrive\Documents\GitHub\mccabe-site\vspfiles\photos\Grayson-Dining-Set-altview25.jpg
Grayson-Dining-Set-altview24.jpg,177231,2026-07-20T10:52:16,C:\Users\erink\OneDrive\Documents\GitHub\mccabe-site\vspfiles\photos\Grayson-Dining-Set-altview24.jpg
Grayson-Dining-Set-altview23.jpg,112713,2026-07-20T10:52:16,C:\Users\erink\OneDrive\Documents\GitHub\mccabe-site\vspfiles\photos\Grayson-Dining-Set-altview23.jpg
Grayson-Dining-Set-altview22.jpg,110630,2026-07-20T10:52:16,C:\Users\erink\OneDrive\Documents\GitHub\mccabe-site\vspfiles\photos\Grayson-Dining-Set-altview22.jpg
Grayson-Dining-Set-altview21.jpg,165568,2026-07-20T10:52:16,C:\Users\erink\OneDrive\Documents\GitHub\mccabe-site\vspfiles\photos\Grayson-Dining-Set-altview21.jpg
Grayson-Dining-Set-altview20.jpg,541264,2026-07-20T10:52:16,C:\Users\erink\OneDrive\Documents\GitHub\mccabe-site\vspfiles\photos\Grayson-Dining-Set-altview20.jpg
Grayson-Dining-Set-altview2.jpg,278515,2026-07-20T10:52:16,C:\Users\erink\OneDrive\Documents\GitHub\mccabe-site\vspfiles\photos\Grayson-Dining-Set-altview2.jpg
Grayson-Dining-Set-altview19.jpg,366817,2026-07-20T10:52:16,C:\Users\erink\OneDrive\Documents\GitHub\mccabe-site\vspfiles\photos\Grayson-Dining-Set-altview19.jpg
Grayson-Dining-Set-altview18.jpg,124021,2026-07-20T10:52:16,C:\Users\erink\OneDrive\Documents\GitHub\mccabe-site\vspfiles\photos\Grayson-Dining-Set-altview18.jpg
Grayson-Dining-Set-altview17.jpg,136890,2026-07-20T10:52:16,C:\Users\erink\OneDrive\Documents\GitHub\mccabe-site\vspfiles\photos\Grayson-Dining-Set-altview17.jpg
Grayson-Dining-Set-altview16.jpg,95758,2026-07-20T10:52:16,C:\Users\erink\OneDrive\Documents\GitHub\mccabe-site\vspfiles\photos\Grayson-Dining-Set-altview16.jpg
Grayson-Dining-Set-altview15.jpg,142847,2026-07-20T10:52:16,C:\Users\erink\OneDrive\Documents\GitHub\mccabe-site\vspfiles\photos\Grayson-Dining-Set-altview15.jpg
Grayson-Dining-Set-altview14.jpg,233500,2026-07-20T10:52:16,C:\Users\erink\OneDrive\Documents\GitHub\mccabe-site\vspfiles\photos\Grayson-Dining-Set-altview14.jpg
Grayson-Dining-Set-altview13.jpg,295886,2026-07-20T10:52:16,C:\Users\erink\OneDrive\Documents\GitHub\mccabe-site\vspfiles\photos\Grayson-Dining-Set-altview13.jpg
Grayson-Dining-Set-altview12.jpg,291883,2026-07-20T10:52:16,C:\Users\erink\OneDrive\Documents\GitHub\mccabe-site\vspfiles\photos\Grayson-Dining-Set-altview12.jpg
Grayson-Dining-Set-altview11.jpg,148614,2026-07-20T10:52:16,C:\Users\erink\OneDrive\Documents\GitHub\mccabe-site\vspfiles\photos\Grayson-Dining-Set-altview11.jpg
Grayson-Dining-Set-altview10.jpg,125935,2026-07-20T10:52:16,C:\Users\erink\OneDrive\Documents\GitHub\mccabe-site\vspfiles\photos\Grayson-Dining-Set-altview10.jpg
Grayson-Dining-Set-altview1.jpg,414456,2026-07-20T10:52:16,C:\Users\erink\OneDrive\Documents\GitHub\mccabe-site\vspfiles\photos\Grayson-Dining-Set-altview1.jpg
Delilah-Patio-Chairs-altview9.jpg,307579,2026-07-20T10:52:16,C:\Users\erink\OneDrive\Documents\GitHub\mccabe-site\vspfiles\photos\Delilah-Patio-Chairs-altview9.jpg
Delilah-Patio-Chairs-altview8.jpg,308555,2026-07-20T10:52:16,C:\Users\erink\OneDrive\Documents\GitHub\mccabe-site\vspfiles\photos\Delilah-Patio-Chairs-altview8.jpg
Delilah-Patio-Chairs-altview7.jpg,391693,2026-07-20T10:52:16,C:\Users\erink\OneDrive\Documents\GitHub\mccabe-site\vspfiles\photos\Delilah-Patio-Chairs-altview7.jpg
Delilah-Patio-Chairs-altview6.jpg,190861,2026-07-20T10:52:16,C:\Users\erink\OneDrive\Documents\GitHub\mccabe-site\vspfiles\photos\Delilah-Patio-Chairs-altview6.jpg
Delilah-Patio-Chairs-altview5.jpg,336554,2026-07-20T10:52:16,C:\Users\erink\OneDrive\Documents\GitHub\mccabe-site\vspfiles\photos\Delilah-Patio-Chairs-altview5.jpg
Delilah-Patio-Chairs-altview4.jpg,372027,2026-07-20T10:52:16,C:\Users\erink\OneDrive\Documents\GitHub\mccabe-site\vspfiles\photos\Delilah-Patio-Chairs-altview4.jpg
Delilah-Patio-Chairs-altview3.jpg,297139,2026-07-20T10:52:16,C:\Users\erink\OneDrive\Documents\GitHub\mccabe-site\vspfiles\photos\Delilah-Patio-Chairs-altview3.jpg
Delilah-Patio-Chairs-altview2.jpg,177841,2026-07-20T10:52:16,C:\Users\erink\OneDrive\Documents\GitHub\mccabe-site\vspfiles\photos\Delilah-Patio-Chairs-altview2.jpg
Delilah-Patio-Chairs-altview17.jpg,697123,2026-07-20T10:52:16,C:\Users\erink\OneDrive\Documents\GitHub\mccabe-site\vspfiles\photos\Delilah-Patio-Chairs-altview17.jpg
Delilah-Patio-Chairs-altview16.jpg,444876,2026-07-20T10:52:16,C:\Users\erink\OneDrive\Documents\GitHub\mccabe-site\vspfiles\photos\Delilah-Patio-Chairs-altview16.jpg
Delilah-Patio-Chairs-altview15.jpg,688562,2026-07-20T10:52:16,C:\Users\erink\OneDrive\Documents\GitHub\mccabe-site\vspfiles\photos\Delilah-Patio-Chairs-altview15.jpg
Delilah-Patio-Chairs-altview14.jpg,1040646,2026-07-20T10:52:16,C:\Users\erink\OneDrive\Documents\GitHub\mccabe-site\vspfiles\photos\Delilah-Patio-Chairs-altview14.jpg
Delilah-Patio-Chairs-altview13.jpg,523279,2026-07-20T10:52:16,C:\Users\erink\OneDrive\Documents\GitHub\mccabe-site\vspfiles\photos\Delilah-Patio-Chairs-altview13.jpg
Delilah-Patio-Chairs-altview12.jpg,394029,2026-07-20T10:52:16,C:\Users\erink\OneDrive\Documents\GitHub\mccabe-site\vspfiles\photos\Delilah-Patio-Chairs-altview12.jpg
Delilah-Patio-Chairs-altview11.jpg,569411,2026-07-20T10:52:16,C:\Users\erink\OneDrive\Documents\GitHub\mccabe-site\vspfiles\photos\Delilah-Patio-Chairs-altview11.jpg
Delilah-Patio-Chairs-altview10.jpg,400336,2026-07-20T10:52:16,C:\Users\erink\OneDrive\Documents\GitHub\mccabe-site\vspfiles\photos\Delilah-Patio-Chairs-altview10.jpg
Delilah-Patio-Chairs-altview1.jpg,957282,2026-07-20T10:52:16,C:\Users\erink\OneDrive\Documents\GitHub\mccabe-site\vspfiles\photos\Delilah-Patio-Chairs-altview1.jpg
Canova-Dining-Set-altview9.jpg,40411,2026-07-20T10:52:16,C:\Users\erink\OneDrive\Documents\GitHub\mccabe-site\vspfiles\photos\Canova-Dining-Set-altview9.jpg
Canova-Dining-Set-altview8.jpg,70348,2026-07-20T10:52:15,C:\Users\erink\OneDrive\Documents\GitHub\mccabe-site\vspfiles\photos\Canova-Dining-Set-altview8.jpg
Canova-Dining-Set-altview7.jpg,128235,2026-07-20T10:52:15,C:\Users\erink\OneDrive\Documents\GitHub\mccabe-site\vspfiles\photos\Canova-Dining-Set-altview7.jpg
Canova-Dining-Set-altview6.jpg,68533,2026-07-20T10:52:15,C:\Users\erink\OneDrive\Documents\GitHub\mccabe-site\vspfiles\photos\Canova-Dining-Set-altview6.jpg
Canova-Dining-Set-altview5.jpg,90648,2026-07-20T10:52:15,C:\Users\erink\OneDrive\Documents\GitHub\mccabe-site\vspfiles\photos\Canova-Dining-Set-altview5.jpg
Canova-Dining-Set-altview4.jpg,251049,2026-07-20T10:52:15,C:\Users\erink\OneDrive\Documents\GitHub\mccabe-site\vspfiles\photos\Canova-Dining-Set-altview4.jpg
Canova-Dining-Set-altview3.jpg,115714,2026-07-20T10:52:15,C:\Users\erink\OneDrive\Documents\GitHub\mccabe-site\vspfiles\photos\Canova-Dining-Set-altview3.jpg
Canova-Dining-Set-altview2.jpg,104596,2026-07-20T10:52:15,C:\Users\erink\OneDrive\Documents\GitHub\mccabe-site\vspfiles\photos\Canova-Dining-Set-altview2.jpg
Canova-Dining-Set-altview18.jpg,737338,2026-07-20T10:52:15,C:\Users\erink\OneDrive\Documents\GitHub\mccabe-site\vspfiles\photos\Canova-Dining-Set-altview18.jpg
Canova-Dining-Set-altview17.jpg,801264,2026-07-20T10:52:15,C:\Users\erink\OneDrive\Documents\GitHub\mccabe-site\vspfiles\photos\Canova-Dining-Set-altview17.jpg
Canova-Dining-Set-altview16.jpg,744375,2026-07-20T10:52:15,C:\Users\erink\OneDrive\Documents\GitHub\mccabe-site\vspfiles\photos\Canova-Dining-Set-altview16.jpg
Canova-Dining-Set-altview15.jpg,782660,2026-07-20T10:52:15,C:\Users\erink\OneDrive\Documents\GitHub\mccabe-site\vspfiles\photos\Canova-Dining-Set-altview15.jpg
Canova-Dining-Set-altview14.jpg,863846,2026-07-20T10:52:15,C:\Users\erink\OneDrive\Documents\GitHub\mccabe-site\vspfiles\photos\Canova-Dining-Set-altview14.jpg
Canova-Dining-Set-altview13.jpg,387143,2026-07-20T10:52:15,C:\Users\erink\OneDrive\Documents\GitHub\mccabe-site\vspfiles\photos\Canova-Dining-Set-altview13.jpg
Canova-Dining-Set-altview12.jpg,120115,2026-07-20T10:52:15,C:\Users\erink\OneDrive\Documents\GitHub\mccabe-site\vspfiles\photos\Canova-Dining-Set-altview12.jpg
Canova-Dining-Set-altview11.jpg,61172,2026-07-20T10:52:15,C:\Users\erink\OneDrive\Documents\GitHub\mccabe-site\vspfiles\photos\Canova-Dining-Set-altview11.jpg
Canova-Dining-Set-altview10.jpg,66065,2026-07-20T10:52:15,C:\Users\erink\OneDrive\Documents\GitHub\mccabe-site\vspfiles\photos\Canova-Dining-Set-altview10.jpg
Canova-Dining-Set-altview1.jpg,977025,2026-07-20T10:52:15,C:\Users\erink\OneDrive\Documents\GitHub\mccabe-site\vspfiles\photos\Canova-Dining-Set-altview1.jpg
Burlington-Dining-Set-altview9.jpg,359706,2026-07-20T10:52:15,C:\Users\erink\OneDrive\Documents\GitHub\mccabe-site\vspfiles\photos\Burlington-Dining-Set-altview9.jpg
Burlington-Dining-Set-altview8.jpg,454401,2026-07-20T10:52:15,C:\Users\erink\OneDrive\Documents\GitHub\mccabe-site\vspfiles\photos\Burlington-Dining-Set-altview8.jpg
Burlington-Dining-Set-altview7.jpg,250818,2026-07-20T10:52:15,C:\Users\erink\OneDrive\Documents\GitHub\mccabe-site\vspfiles\photos\Burlington-Dining-Set-altview7.jpg
Burlington-Dining-Set-altview6.jpg,723015,2026-07-20T10:52:15,C:\Users\erink\OneDrive\Documents\GitHub\mccabe-site\vspfiles\photos\Burlington-Dining-Set-altview6.jpg
Burlington-Dining-Set-altview5.jpg,254825,2026-07-20T10:52:15,C:\Users\erink\OneDrive\Documents\GitHub\mccabe-site\vspfiles\photos\Burlington-Dining-Set-altview5.jpg
Burlington-Dining-Set-altview4.jpg,423176,2026-07-20T10:52:15,C:\Users\erink\OneDrive\Documents\GitHub\mccabe-site\vspfiles\photos\Burlington-Dining-Set-altview4.jpg
Burlington-Dining-Set-altview3.jpg,541571,2026-07-20T10:52:15,C:\Users\erink\OneDrive\Documents\GitHub\mccabe-site\vspfiles\photos\Burlington-Dining-Set-altview3.jpg
Burlington-Dining-Set-altview22.jpg,782660,2026-07-20T10:52:15,C:\Users\erink\OneDrive\Documents\GitHub\mccabe-site\vspfiles\photos\Burlington-Dining-Set-altview22.jpg
Burlington-Dining-Set-altview21.jpg,273036,2026-07-20T10:52:15,C:\Users\erink\OneDrive\Documents\GitHub\mccabe-site\vspfiles\photos\Burlington-Dining-Set-altview21.jpg
Burlington-Dining-Set-altview20.jpg,697123,2026-07-20T10:52:15,C:\Users\erink\OneDrive\Documents\GitHub\mccabe-site\vspfiles\photos\Burlington-Dining-Set-altview20.jpg
Burlington-Dining-Set-altview2.jpg,608184,2026-07-20T10:52:15,C:\Users\erink\OneDrive\Documents\GitHub\mccabe-site\vspfiles\photos\Burlington-Dining-Set-altview2.jpg
Burlington-Dining-Set-altview19.jpg,863846,2026-07-20T10:52:15,C:\Users\erink\OneDrive\Documents\GitHub\mccabe-site\vspfiles\photos\Burlington-Dining-Set-altview19.jpg
Burlington-Dining-Set-altview18.jpg,669802,2026-07-20T10:52:15,C:\Users\erink\OneDrive\Documents\GitHub\mccabe-site\vspfiles\photos\Burlington-Dining-Set-altview18.jpg
Burlington-Dining-Set-altview17.jpg,1040646,2026-07-20T10:52:15,C:\Users\erink\OneDrive\Documents\GitHub\mccabe-site\vspfiles\photos\Burlington-Dining-Set-altview17.jpg
Burlington-Dining-Set-altview16.jpg,844493,2026-07-20T10:52:15,C:\Users\erink\OneDrive\Documents\GitHub\mccabe-site\vspfiles\photos\Burlington-Dining-Set-altview16.jpg
Burlington-Dining-Set-altview15.jpg,310566,2026-07-20T10:52:15,C:\Users\erink\OneDrive\Documents\GitHub\mccabe-site\vspfiles\photos\Burlington-Dining-Set-altview15.jpg
Burlington-Dining-Set-altview14.jpg,872884,2026-07-20T10:52:15,C:\Users\erink\OneDrive\Documents\GitHub\mccabe-site\vspfiles\photos\Burlington-Dining-Set-altview14.jpg
Burlington-Dining-Set-altview13.jpg,412887,2026-07-20T10:52:15,C:\Users\erink\OneDrive\Documents\GitHub\mccabe-site\vspfiles\photos\Burlington-Dining-Set-altview13.jpg
Burlington-Dining-Set-altview12.jpg,426410,2026-07-20T10:52:15,C:\Users\erink\OneDrive\Documents\GitHub\mccabe-site\vspfiles\photos\Burlington-Dining-Set-altview12.jpg
Burlington-Dining-Set-altview11.jpg,282178,2026-07-20T10:52:15,C:\Users\erink\OneDrive\Documents\GitHub\mccabe-site\vspfiles\photos\Burlington-Dining-Set-altview11.jpg
Burlington-Dining-Set-altview10.jpg,360005,2026-07-20T10:52:15,C:\Users\erink\OneDrive\Documents\GitHub\mccabe-site\vspfiles\photos\Burlington-Dining-Set-altview10.jpg
Burlington-Dining-Set-altview1.jpg,700307,2026-07-20T10:52:15,C:\Users\erink\OneDrive\Documents\GitHub\mccabe-site\vspfiles\photos\Burlington-Dining-Set-altview1.jpg
Adeline-Patio-Set-altview9.jpg,697123,2026-07-20T10:52:15,C:\Users\erink\OneDrive\Documents\GitHub\mccabe-site\vspfiles\photos\Adeline-Patio-Set-altview9.jpg
Adeline-Patio-Set-altview8.jpg,460272,2026-07-20T10:52:15,C:\Users\erink\OneDrive\Documents\GitHub\mccabe-site\vspfiles\photos\Adeline-Patio-Set-altview8.jpg
Adeline-Patio-Set-altview7.jpg,462762,2026-07-20T10:52:15,C:\Users\erink\OneDrive\Documents\GitHub\mccabe-site\vspfiles\photos\Adeline-Patio-Set-altview7.jpg
Adeline-Patio-Set-altview6.jpg,432795,2026-07-20T10:52:15,C:\Users\erink\OneDrive\Documents\GitHub\mccabe-site\vspfiles\photos\Adeline-Patio-Set-altview6.jpg
Adeline-Patio-Set-altview5.jpg,460672,2026-07-20T10:52:15,C:\Users\erink\OneDrive\Documents\GitHub\mccabe-site\vspfiles\photos\Adeline-Patio-Set-altview5.jpg
Adeline-Patio-Set-altview4.jpg,506265,2026-07-20T10:52:15,C:\Users\erink\OneDrive\Documents\GitHub\mccabe-site\vspfiles\photos\Adeline-Patio-Set-altview4.jpg
Adeline-Patio-Set-altview3.jpg,406429,2026-07-20T10:52:15,C:\Users\erink\OneDrive\Documents\GitHub\mccabe-site\vspfiles\photos\Adeline-Patio-Set-altview3.jpg
Adeline-Patio-Set-altview2.jpg,529225,2026-07-20T10:52:15,C:\Users\erink\OneDrive\Documents\GitHub\mccabe-site\vspfiles\photos\Adeline-Patio-Set-altview2.jpg
Adeline-Patio-Set-altview14.jpg,947413,2026-07-20T10:52:15,C:\Users\erink\OneDrive\Documents\GitHub\mccabe-site\vspfiles\photos\Adeline-Patio-Set-altview14.jpg
Adeline-Patio-Set-altview13.jpg,737338,2026-07-20T10:52:15,C:\Users\erink\OneDrive\Documents\GitHub\mccabe-site\vspfiles\photos\Adeline-Patio-Set-altview13.jpg
Adeline-Patio-Set-altview12.jpg,273036,2026-07-20T10:52:15,C:\Users\erink\OneDrive\Documents\GitHub\mccabe-site\vspfiles\photos\Adeline-Patio-Set-altview12.jpg
Adeline-Patio-Set-altview11.jpg,523279,2026-07-20T10:52:15,C:\Users\erink\OneDrive\Documents\GitHub\mccabe-site\vspfiles\photos\Adeline-Patio-Set-altview11.jpg
Adeline-Patio-Set-altview10.jpg,737794,2026-07-20T10:52:15,C:\Users\erink\OneDrive\Documents\GitHub\mccabe-site\vspfiles\photos\Adeline-Patio-Set-altview10.jpg
Adeline-Patio-Set-altview1.jpg,975171,2026-07-20T10:52:15,C:\Users\erink\OneDrive\Documents\GitHub\mccabe-site\vspfiles\photos\Adeline-Patio-Set-altview1.jpg
SS-BC900MR-altview1.jpg,105757,2026-07-19T07:38:43,C:\Users\erink\OneDrive\Documents\GitHub\mccabe-site\vspfiles\photos\SS-BC900MR-altview1.jpg
SAR-HEIRLOOM-COTTON-KNT-SETS-altview7.jpg,821399,2026-07-18T17:51:18,C:\Users\erink\OneDrive\Documents\GitHub\mccabe-site\vspfiles\photos\SAR-HEIRLOOM-COTTON-KNT-SETS-altview7.jpg
SAR-HEIRLOOM-COTTON-KNT-SETS-altview6.jpg,464290,2026-07-18T17:51:17,C:\Users\erink\OneDrive\Documents\GitHub\mccabe-site\vspfiles\photos\SAR-HEIRLOOM-COTTON-KNT-SETS-altview6.jpg
SAR-HEIRLOOM-COTTON-KNT-SETS-altview5.jpg,512106,2026-07-18T17:51:16,C:\Users\erink\OneDrive\Documents\GitHub\mccabe-site\vspfiles\photos\SAR-HEIRLOOM-COTTON-KNT-SETS-altview5.jpg
SAR-HEIRLOOM-COTTON-KNT-SETS-altview4.jpg,492234,2026-07-18T17:51:16,C:\Users\erink\OneDrive\Documents\GitHub\mccabe-site\vspfiles\photos\SAR-HEIRLOOM-COTTON-KNT-SETS-altview4.jpg
SAR-HEIRLOOM-COTTON-KNT-SETS-altview3.jpg,356164,2026-07-18T17:51:15,C:\Users\erink\OneDrive\Documents\GitHub\mccabe-site\vspfiles\photos\SAR-HEIRLOOM-COTTON-KNT-SETS-altview3.jpg
SAR-HEIRLOOM-COTTON-KNT-SETS-altview2.jpg,491019,2026-07-18T17:51:14,C:\Users\erink\OneDrive\Documents\GitHub\mccabe-site\vspfiles\photos\SAR-HEIRLOOM-COTTON-KNT-SETS-altview2.jpg
SAR-HEIRLOOM-COTTON-KNT-SETS-altview1.jpg,475659,2026-07-18T17:51:12,C:\Users\erink\OneDrive\Documents\GitHub\mccabe-site\vspfiles\photos\SAR-HEIRLOOM-COTTON-KNT-SETS-altview1.jpg
SAR-STUFFED-ANIMALS-altview21.jpg,1036386,2026-07-18T13:52:31,C:\Users\erink\OneDrive\Documents\GitHub\mccabe-site\vspfiles\photos\SAR-STUFFED-ANIMALS-altview21.jpg
SAR-STUFFED-ANIMALS-altview20.jpg,1285890,2026-07-18T13:52:30,C:\Users\erink\OneDrive\Documents\GitHub\mccabe-site\vspfiles\photos\SAR-STUFFED-ANIMALS-altview20.jpg
SAR-STUFFED-ANIMALS-altview19.jpg,1296542,2026-07-18T13:52:29,C:\Users\erink\OneDrive\Documents\GitHub\mccabe-site\vspfiles\photos\SAR-STUFFED-ANIMALS-altview19.jpg
SAR-STUFFED-ANIMALS-altview18.jpg,1493907,2026-07-18T13:52:28,C:\Users\erink\OneDrive\Documents\GitHub\mccabe-site\vspfiles\photos\SAR-STUFFED-ANIMALS-altview18.jpg
SAR-STUFFED-ANIMALS-altview17.jpg,1514748,2026-07-18T13:52:27,C:\Users\erink\OneDrive\Documents\GitHub\mccabe-site\vspfiles\photos\SAR-STUFFED-ANIMALS-altview17.jpg
SAR-STUFFED-ANIMALS-altview16.jpg,1635691,2026-07-18T13:52:27,C:\Users\erink\OneDrive\Documents\GitHub\mccabe-site\vspfiles\photos\SAR-STUFFED-ANIMALS-altview16.jpg
SAR-STUFFED-ANIMALS-altview15.jpg,1424096,2026-07-18T13:52:26,C:\Users\erink\OneDrive\Documents\GitHub\mccabe-site\vspfiles\photos\SAR-STUFFED-ANIMALS-altview15.jpg
SAR-STUFFED-ANIMALS-altview14.jpg,1566694,2026-07-18T13:52:25,C:\Users\erink\OneDrive\Documents\GitHub\mccabe-site\vspfiles\photos\SAR-STUFFED-ANIMALS-altview14.jpg
SAR-STUFFED-ANIMALS-altview13.jpg,1692792,2026-07-18T13:52:25,C:\Users\erink\OneDrive\Documents\GitHub\mccabe-site\vspfiles\photos\SAR-STUFFED-ANIMALS-altview13.jpg
SAR-STUFFED-ANIMALS-altview12.jpg,1545255,2026-07-18T13:52:24,C:\Users\erink\OneDrive\Documents\GitHub\mccabe-site\vspfiles\photos\SAR-STUFFED-ANIMALS-altview12.jpg
SAR-STUFFED-ANIMALS-altview11.jpg,1492675,2026-07-18T13:52:24,C:\Users\erink\OneDrive\Documents\GitHub\mccabe-site\vspfiles\photos\SAR-STUFFED-ANIMALS-altview11.jpg
SAR-STUFFED-ANIMALS-altview10.jpg,1568142,2026-07-18T13:52:23,C:\Users\erink\OneDrive\Documents\GitHub\mccabe-site\vspfiles\photos\SAR-STUFFED-ANIMALS-altview10.jpg
SAR-STUFFED-ANIMALS-altview9.jpg,1050056,2026-07-18T13:52:22,C:\Users\erink\OneDrive\Documents\GitHub\mccabe-site\vspfiles\photos\SAR-STUFFED-ANIMALS-altview9.jpg
SAR-STUFFED-ANIMALS-altview8.jpg,1243928,2026-07-18T13:52:21,C:\Users\erink\OneDrive\Documents\GitHub\mccabe-site\vspfiles\photos\SAR-STUFFED-ANIMALS-altview8.jpg
SAR-STUFFED-ANIMALS-altview7.jpg,1238214,2026-07-18T13:52:20,C:\Users\erink\OneDrive\Documents\GitHub\mccabe-site\vspfiles\photos\SAR-STUFFED-ANIMALS-altview7.jpg
SAR-STUFFED-ANIMALS-altview6.jpg,1075798,2026-07-18T13:52:20,C:\Users\erink\OneDrive\Documents\GitHub\mccabe-site\vspfiles\photos\SAR-STUFFED-ANIMALS-altview6.jpg
SAR-STUFFED-ANIMALS-altview5.jpg,1450070,2026-07-18T13:52:19,C:\Users\erink\OneDrive\Documents\GitHub\mccabe-site\vspfiles\photos\SAR-STUFFED-ANIMALS-altview5.jpg
SAR-STUFFED-ANIMALS-altview4.jpg,1776353,2026-07-18T13:52:19,C:\Users\erink\OneDrive\Documents\GitHub\mccabe-site\vspfiles\photos\SAR-STUFFED-ANIMALS-altview4.jpg
SAR-STUFFED-ANIMALS-altview3.jpg,1324421,2026-07-18T13:52:18,C:\Users\erink\OneDrive\Documents\GitHub\mccabe-site\vspfiles\photos\SAR-STUFFED-ANIMALS-altview3.jpg
SAR-STUFFED-ANIMALS-altview2.jpg,1469531,2026-07-18T13:52:18,C:\Users\erink\OneDrive\Documents\GitHub\mccabe-site\vspfiles\photos\SAR-STUFFED-ANIMALS-altview2.jpg
SAR-STUFFED-ANIMALS-altview1.jpg,1075812,2026-07-18T13:52:18,C:\Users\erink\OneDrive\Documents\GitHub\mccabe-site\vspfiles\photos\SAR-STUFFED-ANIMALS-altview1.jpg
SAR-STUFFED-ANML-ROCKERS-altview13.jpg,1542291,2026-07-18T13:42:13,C:\Users\erink\OneDrive\Documents\GitHub\mccabe-site\vspfiles\photos\SAR-STUFFED-ANML-ROCKERS-altview13.jpg
SAR-STUFFED-ANML-ROCKERS-altview12.jpg,1162790,2026-07-18T13:42:12,C:\Users\erink\OneDrive\Documents\GitHub\mccabe-site\vspfiles\photos\SAR-STUFFED-ANML-ROCKERS-altview12.jpg
SAR-STUFFED-ANML-ROCKERS-altview11.jpg,1623354,2026-07-18T13:42:12,C:\Users\erink\OneDrive\Documents\GitHub\mccabe-site\vspfiles\photos\SAR-STUFFED-ANML-ROCKERS-altview11.jpg
SAR-STUFFED-ANML-ROCKERS-altview10.jpg,1066131,2026-07-18T13:42:11,C:\Users\erink\OneDrive\Documents\GitHub\mccabe-site\vspfiles\photos\SAR-STUFFED-ANML-ROCKERS-altview10.jpg
SAR-STUFFED-ANML-ROCKERS-altview9.jpg,1732488,2026-07-18T13:42:11,C:\Users\erink\OneDrive\Documents\GitHub\mccabe-site\vspfiles\photos\SAR-STUFFED-ANML-ROCKERS-altview9.jpg
SAR-STUFFED-ANML-ROCKERS-altview8.jpg,1319752,2026-07-18T13:42:11,C:\Users\erink\OneDrive\Documents\GitHub\mccabe-site\vspfiles\photos\SAR-STUFFED-ANML-ROCKERS-altview8.jpg
SAR-STUFFED-ANML-ROCKERS-altview7.jpg,1450617,2026-07-18T13:42:10,C:\Users\erink\OneDrive\Documents\GitHub\mccabe-site\vspfiles\photos\SAR-STUFFED-ANML-ROCKERS-altview7.jpg
SAR-STUFFED-ANML-ROCKERS-altview6.jpg,1189050,2026-07-18T13:42:10,C:\Users\erink\OneDrive\Documents\GitHub\mccabe-site\vspfiles\photos\SAR-STUFFED-ANML-ROCKERS-altview6.jpg
SAR-STUFFED-ANML-ROCKERS-altview5.jpg,1727703,2026-07-18T13:42:10,C:\Users\erink\OneDrive\Documents\GitHub\mccabe-site\vspfiles\photos\SAR-STUFFED-ANML-ROCKERS-altview5.jpg
SAR-STUFFED-ANML-ROCKERS-altview4.jpg,1424844,2026-07-18T13:42:09,C:\Users\erink\OneDrive\Documents\GitHub\mccabe-site\vspfiles\photos\SAR-STUFFED-ANML-ROCKERS-altview4.jpg
SAR-STUFFED-ANML-ROCKERS-altview3.jpg,1107695,2026-07-18T13:42:09,C:\Users\erink\OneDrive\Documents\GitHub\mccabe-site\vspfiles\photos\SAR-STUFFED-ANML-ROCKERS-altview3.jpg
SAR-STUFFED-ANML-ROCKERS-altview2.jpg,1315597,2026-07-18T13:42:09,C:\Users\erink\OneDrive\Documents\GitHub\mccabe-site\vspfiles\photos\SAR-STUFFED-ANML-ROCKERS-altview2.jpg
SAR-STUFFED-ANML-ROCKERS-altview1.jpg,1189050,2026-07-18T13:42:08,C:\Users\erink\OneDrive\Documents\GitHub\mccabe-site\vspfiles\photos\SAR-STUFFED-ANML-ROCKERS-altview1.jpg
