Brand,ProductCode,Status,AltIndex,Width,Height,Bytes,Path,SourceURL,Note
SAR,SAR-BATMAN-MNKY-LUSH,OK,1,1620,1620,292802,C:\Users\erink\OneDrive\Documents\GitHub\mccabe-site\vspfiles\photos\SAR-BATMAN-MNKY-LUSH-altview1.jpg,https://cdn.shopify.com/s/files/1/2047/7533/files/BatmanMinky_LushToddler_059351cc-8724-4270-85f3-f619b9900f79.png?v=1762459218,
SAR,SAR-BATMAN-MNKY-LUSH,OK,2,1620,1620,620380,C:\Users\erink\OneDrive\Documents\GitHub\mccabe-site\vspfiles\photos\SAR-BATMAN-MNKY-LUSH-altview2.jpg,https://cdn.shopify.com/s/files/1/2047/7533/files/BatmanMinky_LushMini_2_c0473e25-9e8c-4572-91f3-4d8d6dade813.png?v=1750967412,
SAR,SAR-BATMAN-MNKY-LUSH,OK,3,1620,1620,617805,C:\Users\erink\OneDrive\Documents\GitHub\mccabe-site\vspfiles\photos\SAR-BATMAN-MNKY-LUSH-altview3.jpg,https://cdn.shopify.com/s/files/1/2047/7533/files/BatmanMinky_LushMini_3_6806eead-eef4-459f-8238-798a2dac93fe.png?v=1750967412,
SAR,SAR-BATMAN-MNKY-LUSH,OK,4,1620,1620,553063,C:\Users\erink\OneDrive\Documents\GitHub\mccabe-site\vspfiles\photos\SAR-BATMAN-MNKY-LUSH-altview4.jpg,https://cdn.shopify.com/s/files/1/2047/7533/files/BatmanMinky_LushReceiving_2_71063b45-8958-46ce-bb34-68a9ba231e40.png?v=1750967412,
SAR,SAR-BATMAN-MNKY-LUSH,OK,5,1620,1620,592319,C:\Users\erink\OneDrive\Documents\GitHub\mccabe-site\vspfiles\photos\SAR-BATMAN-MNKY-LUSH-altview5.jpg,https://cdn.shopify.com/s/files/1/2047/7533/files/BatmanMinky_LushReceiving_3_bec5dc88-3907-4b25-b374-05469fd25ba0.png?v=1750967412,
SAR,SAR-BATMAN-MNKY-LUSH,OK,6,1620,1620,496304,C:\Users\erink\OneDrive\Documents\GitHub\mccabe-site\vspfiles\photos\SAR-BATMAN-MNKY-LUSH-altview6.jpg,https://cdn.shopify.com/s/files/1/2047/7533/files/BatmanMinky_LushReceiving_4_63b1074d-75f4-41ed-a7ca-04075a252fbb.png?v=1750967412,
SAR,SAR-BATMAN-MNKY-LUSH,OK,7,1620,1620,546335,C:\Users\erink\OneDrive\Documents\GitHub\mccabe-site\vspfiles\photos\SAR-BATMAN-MNKY-LUSH-altview7.jpg,https://cdn.shopify.com/s/files/1/2047/7533/files/BatmanMinky_LushReceiving_e05e74d4-098f-4dd5-acfa-052e3f200815.png?v=1750967412,
SAR,SAR-BATMAN-MNKY-LUSH,OK,8,1620,1620,468319,C:\Users\erink\OneDrive\Documents\GitHub\mccabe-site\vspfiles\photos\SAR-BATMAN-MNKY-LUSH-altview8.jpg,https://cdn.shopify.com/s/files/1/2047/7533/files/BatmanMinky_LushToddler_2_22cfc710-776a-46e1-b168-61002a07d239.png?v=1750967412,
SAR,SAR-BMB-HATS,OK,1,2000,2000,620710,C:\Users\erink\OneDrive\Documents\GitHub\mccabe-site\vspfiles\photos\SAR-BMB-HATS-altview1.jpg,https://cdn.shopify.com/s/files/1/2047/7533/products/bamboni-hats-880960.jpg?v=1700870514,
SAR,SAR-BMB-HATS,OK,2,2000,2000,509111,C:\Users\erink\OneDrive\Documents\GitHub\mccabe-site\vspfiles\photos\SAR-BMB-HATS-altview2.jpg,https://cdn.shopify.com/s/files/1/2047/7533/products/bamboni-hats-614350.jpg?v=1700870514,
SAR,SAR-BMB-HATS,OK,3,2000,2000,572327,C:\Users\erink\OneDrive\Documents\GitHub\mccabe-site\vspfiles\photos\SAR-BMB-HATS-altview3.jpg,https://cdn.shopify.com/s/files/1/2047/7533/products/bamboni-hats-598980.jpg?v=1700870514,
SAR,SAR-BMB-HATS,OK,4,2000,2000,495504,C:\Users\erink\OneDrive\Documents\GitHub\mccabe-site\vspfiles\photos\SAR-BMB-HATS-altview4.jpg,https://cdn.shopify.com/s/files/1/2047/7533/products/bamboni-hats-344193.jpg?v=1700870514,
SAR,SAR-BMB-HATS,OK,5,2000,2000,453783,C:\Users\erink\OneDrive\Documents\GitHub\mccabe-site\vspfiles\photos\SAR-BMB-HATS-altview5.jpg,https://cdn.shopify.com/s/files/1/2047/7533/products/bamboni-hats-832064.jpg?v=1700870514,
SAR,SAR-BMB-SETS,OK,1,2000,2000,370634,C:\Users\erink\OneDrive\Documents\GitHub\mccabe-site\vspfiles\photos\SAR-BMB-SETS-altview1.jpg,https://cdn.shopify.com/s/files/1/2047/7533/products/daily-deal-bamboni-sets-225762.jpg?v=1762458348,
SAR,SAR-BMB-SETS,OK,2,2000,2000,415651,C:\Users\erink\OneDrive\Documents\GitHub\mccabe-site\vspfiles\photos\SAR-BMB-SETS-altview2.jpg,https://cdn.shopify.com/s/files/1/2047/7533/products/daily-deal-bamboni-sets-758419.jpg?v=1700870524,
SAR,SAR-BMB-SETS,OK,3,2000,2000,356565,C:\Users\erink\OneDrive\Documents\GitHub\mccabe-site\vspfiles\photos\SAR-BMB-SETS-altview3.jpg,https://cdn.shopify.com/s/files/1/2047/7533/products/daily-deal-bamboni-sets-112095.jpg?v=1700870524,
SAR,SAR-BMB-SETS,OK,4,2000,2000,340707,C:\Users\erink\OneDrive\Documents\GitHub\mccabe-site\vspfiles\photos\SAR-BMB-SETS-altview4.jpg,https://cdn.shopify.com/s/files/1/2047/7533/products/daily-deal-bamboni-sets-161160.jpg?v=1700870524,
SAR,SAR-BMB-SETS,OK,5,2000,2000,229225,C:\Users\erink\OneDrive\Documents\GitHub\mccabe-site\vspfiles\photos\SAR-BMB-SETS-altview5.jpg,https://cdn.shopify.com/s/files/1/2047/7533/products/daily-deal-bamboni-sets-794333.jpg?v=1700870524,
SAR,SAR-BMB-SETS,OK,6,2000,2000,219141,C:\Users\erink\OneDrive\Documents\GitHub\mccabe-site\vspfiles\photos\SAR-BMB-SETS-altview6.jpg,https://cdn.shopify.com/s/files/1/2047/7533/products/daily-deal-bamboni-sets-335593.jpg?v=1700870524,
SAR,SAR-BMB-SETS,OK,7,2000,2000,230957,C:\Users\erink\OneDrive\Documents\GitHub\mccabe-site\vspfiles\photos\SAR-BMB-SETS-altview7.jpg,https://cdn.shopify.com/s/files/1/2047/7533/products/daily-deal-bamboni-sets-945843.jpg?v=1700870524,
SAR,SAR-BMB-SETS,OK,8,2000,2000,382897,C:\Users\erink\OneDrive\Documents\GitHub\mccabe-site\vspfiles\photos\SAR-BMB-SETS-altview8.jpg,https://cdn.shopify.com/s/files/1/2047/7533/products/daily-deal-bamboni-sets-398900.jpg?v=1700870524,
SAR,SAR-BMB-SNUGGLER,OK,1,1620,1620,474906,C:\Users\erink\OneDrive\Documents\GitHub\mccabe-site\vspfiles\photos\SAR-BMB-SNUGGLER-altview1.jpg,https://cdn.shopify.com/s/files/1/2047/7533/files/Gray_2_76737175-7f9d-4cc6-b8b9-55ce82a94a6c.png?v=1738021531,
SAR,SAR-BMB-SNUGGLER,OK,2,1620,1620,489706,C:\Users\erink\OneDrive\Documents\GitHub\mccabe-site\vspfiles\photos\SAR-BMB-SNUGGLER-altview2.jpg,https://cdn.shopify.com/s/files/1/2047/7533/files/Gray_3_5b5704b4-5bc5-44f9-8410-6319dab37b27.png?v=1738021531,
SAR,SAR-BMB-SNUGGLER,OK,3,1620,1620,471345,C:\Users\erink\OneDrive\Documents\GitHub\mccabe-site\vspfiles\photos\SAR-BMB-SNUGGLER-altview3.jpg,https://cdn.shopify.com/s/files/1/2047/7533/files/Gray_4_575eeee5-34d4-437c-a8e9-a5e12bd31c5f.png?v=1738021531,
SAR,SAR-BMB-SNUGGLER,OK,4,1620,1620,379676,C:\Users\erink\OneDrive\Documents\GitHub\mccabe-site\vspfiles\photos\SAR-BMB-SNUGGLER-altview4.jpg,https://cdn.shopify.com/s/files/1/2047/7533/files/Cream_3_b673859f-0325-432f-a70c-085f91e8f605.png?v=1738021531,
SAR,SAR-BMB-SNUGGLER,OK,5,1620,1620,444979,C:\Users\erink\OneDrive\Documents\GitHub\mccabe-site\vspfiles\photos\SAR-BMB-SNUGGLER-altview5.jpg,https://cdn.shopify.com/s/files/1/2047/7533/files/Cream_4_71609d6c-f23b-4a55-8d18-0dc33d38a0f3.png?v=1738021531,
SAR,SAR-BMB-SNUGGLER,OK,6,1620,1620,367770,C:\Users\erink\OneDrive\Documents\GitHub\mccabe-site\vspfiles\photos\SAR-BMB-SNUGGLER-altview6.jpg,https://cdn.shopify.com/s/files/1/2047/7533/files/Cream_cdef80ac-60f6-47f9-9a00-3a244f24b20d.png?v=1738021531,
SAR,SAR-BMB-SNUGGLER,OK,7,1620,1620,425135,C:\Users\erink\OneDrive\Documents\GitHub\mccabe-site\vspfiles\photos\SAR-BMB-SNUGGLER-altview7.jpg,https://cdn.shopify.com/s/files/1/2047/7533/files/LightPink_3.png?v=1738021522,
SAR,SAR-BMB-SNUGGLER,OK,8,1620,1620,369542,C:\Users\erink\OneDrive\Documents\GitHub\mccabe-site\vspfiles\photos\SAR-BMB-SNUGGLER-altview8.jpg,https://cdn.shopify.com/s/files/1/2047/7533/files/LightPink_4.png?v=1738021522,
SAR,SAR-BMB-SOCKS,OK,1,2000,2000,633382,C:\Users\erink\OneDrive\Documents\GitHub\mccabe-site\vspfiles\photos\SAR-BMB-SOCKS-altview1.jpg,https://cdn.shopify.com/s/files/1/2047/7533/products/bamboni-socks-465788.jpg?v=1700870515,
SAR,SAR-BMB-SOCKS,OK,2,2000,2000,773565,C:\Users\erink\OneDrive\Documents\GitHub\mccabe-site\vspfiles\photos\SAR-BMB-SOCKS-altview2.jpg,https://cdn.shopify.com/s/files/1/2047/7533/products/bamboni-socks-830091.jpg?v=1700870515,
SAR,SAR-BMB-SOCKS,OK,3,2000,2000,727262,C:\Users\erink\OneDrive\Documents\GitHub\mccabe-site\vspfiles\photos\SAR-BMB-SOCKS-altview3.jpg,https://cdn.shopify.com/s/files/1/2047/7533/products/bamboni-socks-386339.jpg?v=1700870515,
SAR,SAR-BMB-SOCKS,OK,4,2000,2000,617455,C:\Users\erink\OneDrive\Documents\GitHub\mccabe-site\vspfiles\photos\SAR-BMB-SOCKS-altview4.jpg,https://cdn.shopify.com/s/files/1/2047/7533/products/bamboni-socks-280086.jpg?v=1700870515,
SAR,SAR-BMB-SOCKS,OK,5,2000,2000,499607,C:\Users\erink\OneDrive\Documents\GitHub\mccabe-site\vspfiles\photos\SAR-BMB-SOCKS-altview5.jpg,https://cdn.shopify.com/s/files/1/2047/7533/products/bamboni-socks-654113.jpg?v=1700870515,
SAR,SAR-BMB-SOCKS,OK,6,2000,2000,742683,C:\Users\erink\OneDrive\Documents\GitHub\mccabe-site\vspfiles\photos\SAR-BMB-SOCKS-altview6.jpg,https://cdn.shopify.com/s/files/1/2047/7533/products/bamboni-socks-676057.jpg?v=1700870515,
SAR,SAR-BMB-TOD,OK,1,2000,2000,483393,C:\Users\erink\OneDrive\Documents\GitHub\mccabe-site\vspfiles\photos\SAR-BMB-TOD-altview1.jpg,https://cdn.shopify.com/s/files/1/2047/7533/products/bamboni-toddler-blankets-133104.jpg?v=1768493852,
SAR,SAR-BMB-TOD,OK,2,2000,2000,593438,C:\Users\erink\OneDrive\Documents\GitHub\mccabe-site\vspfiles\photos\SAR-BMB-TOD-altview2.jpg,https://cdn.shopify.com/s/files/1/2047/7533/products/bamboni-toddler-blankets-948573.jpg?v=1768493852,
SAR,SAR-BMB-TOD,OK,3,2000,2000,576718,C:\Users\erink\OneDrive\Documents\GitHub\mccabe-site\vspfiles\photos\SAR-BMB-TOD-altview3.jpg,https://cdn.shopify.com/s/files/1/2047/7533/products/bamboni-toddler-blankets-679704.jpg?v=1768493852,
SAR,SAR-BMB-TOD,OK,4,2000,2000,664339,C:\Users\erink\OneDrive\Documents\GitHub\mccabe-site\vspfiles\photos\SAR-BMB-TOD-altview4.jpg,https://cdn.shopify.com/s/files/1/2047/7533/products/bamboni-toddler-blankets-304143.jpg?v=1768493852,
SAR,SAR-BMB-TOD,OK,5,2000,2000,553823,C:\Users\erink\OneDrive\Documents\GitHub\mccabe-site\vspfiles\photos\SAR-BMB-TOD-altview5.jpg,https://cdn.shopify.com/s/files/1/2047/7533/products/bamboni-toddler-blankets-524728.jpg?v=1768493852,
SAR,SAR-BMB-TOD,OK,6,2000,2000,261457,C:\Users\erink\OneDrive\Documents\GitHub\mccabe-site\vspfiles\photos\SAR-BMB-TOD-altview6.jpg,https://cdn.shopify.com/s/files/1/2047/7533/products/bamboni-toddler-blankets-266524.jpg?v=1768493852,
SAR,SAR-BMB-TOD,OK,7,2000,2000,524916,C:\Users\erink\OneDrive\Documents\GitHub\mccabe-site\vspfiles\photos\SAR-BMB-TOD-altview7.jpg,https://cdn.shopify.com/s/files/1/2047/7533/products/bamboni-toddler-blankets-792193.jpg?v=1768493852,
SAR,SAR-BMB-TOD,OK,8,2000,2000,448117,C:\Users\erink\OneDrive\Documents\GitHub\mccabe-site\vspfiles\photos\SAR-BMB-TOD-altview8.jpg,https://cdn.shopify.com/s/files/1/2047/7533/products/bamboni-toddler-blankets-739293.jpg?v=1768493852,
SAR,SAR-BMB-TWIN,OK,1,835,835,141651,C:\Users\erink\OneDrive\Documents\GitHub\mccabe-site\vspfiles\photos\SAR-BMB-TWIN-altview1.jpg,https://cdn.shopify.com/s/files/1/2047/7533/files/bamboni-twin-blankets-335742.jpg?v=1762458943,
SAR,SAR-BMB-TWIN,OK,2,672,672,58545,C:\Users\erink\OneDrive\Documents\GitHub\mccabe-site\vspfiles\photos\SAR-BMB-TWIN-altview2.jpg,https://cdn.shopify.com/s/files/1/2047/7533/files/bamboni-twin-blankets-353860.jpg?v=1715212477,
SAR,SAR-BMB-TWIN,OK,3,835,835,118637,C:\Users\erink\OneDrive\Documents\GitHub\mccabe-site\vspfiles\photos\SAR-BMB-TWIN-altview3.jpg,https://cdn.shopify.com/s/files/1/2047/7533/files/bamboni-twin-blankets-179613.jpg?v=1715212477,
SAR,SAR-BMB-TWIN,OK,4,672,672,41152,C:\Users\erink\OneDrive\Documents\GitHub\mccabe-site\vspfiles\photos\SAR-BMB-TWIN-altview4.jpg,https://cdn.shopify.com/s/files/1/2047/7533/files/bamboni-twin-blankets-332051.jpg?v=1715212477,
SAR,SAR-BMB-TWIN,OK,5,835,835,121243,C:\Users\erink\OneDrive\Documents\GitHub\mccabe-site\vspfiles\photos\SAR-BMB-TWIN-altview5.jpg,https://cdn.shopify.com/s/files/1/2047/7533/files/bamboni-twin-blankets-165379.jpg?v=1715212478,
SAR,SAR-BMB-TWIN,OK,6,835,835,88682,C:\Users\erink\OneDrive\Documents\GitHub\mccabe-site\vspfiles\photos\SAR-BMB-TWIN-altview6.jpg,https://cdn.shopify.com/s/files/1/2047/7533/files/bamboni-twin-blankets-687796.jpg?v=1715212478,
SAR,SAR-BMB-TWIN,OK,7,835,835,122716,C:\Users\erink\OneDrive\Documents\GitHub\mccabe-site\vspfiles\photos\SAR-BMB-TWIN-altview7.jpg,https://cdn.shopify.com/s/files/1/2047/7533/files/bamboni-twin-blankets-440455.jpg?v=1715212478,
SAR,SAR-BMB-TWIN,FAIL,,,,,,https://cdn.shopify.com/s/files/1/2047/7533/files/bamboni-twin-blankets-808962.jpg?v=1715212478,width 533 < 650
SAR,SAR-BMB-TWIN,OK,8,835,835,137585,C:\Users\erink\OneDrive\Documents\GitHub\mccabe-site\vspfiles\photos\SAR-BMB-TWIN-altview8.jpg,https://cdn.shopify.com/s/files/1/2047/7533/files/bamboni-twin-blankets-440630.jpg?v=1715212478,
SAR,SAR-BMBU-RYN-MSLN-PILLOWCA,OK,1,2000,2000,432085,C:\Users\erink\OneDrive\Documents\GitHub\mccabe-site\vspfiles\photos\SAR-BMBU-RYN-MSLN-PILLOWCA-altview1.jpg,https://cdn.shopify.com/s/files/1/2047/7533/products/bamboo-rayon-muslin-pillowcase-sets-964576.jpg?v=1762458168,
SAR,SAR-BMBU-RYN-MSLN-PILLOWCA,OK,2,2000,2000,393901,C:\Users\erink\OneDrive\Documents\GitHub\mccabe-site\vspfiles\photos\SAR-BMBU-RYN-MSLN-PILLOWCA-altview2.jpg,https://cdn.shopify.com/s/files/1/2047/7533/products/bamboo-rayon-muslin-pillowcase-sets-276385.jpg?v=1691083498,
SAR,SAR-BMBU-RYN-MSLN-PILLOWCA,OK,3,2000,2000,387355,C:\Users\erink\OneDrive\Documents\GitHub\mccabe-site\vspfiles\photos\SAR-BMBU-RYN-MSLN-PILLOWCA-altview3.jpg,https://cdn.shopify.com/s/files/1/2047/7533/products/bamboo-rayon-muslin-pillowcase-sets-219503.jpg?v=1691083498,
SAR,SAR-BMBU-RYN-MSLN-PILLOWCA,OK,4,2000,2000,271604,C:\Users\erink\OneDrive\Documents\GitHub\mccabe-site\vspfiles\photos\SAR-BMBU-RYN-MSLN-PILLOWCA-altview4.jpg,https://cdn.shopify.com/s/files/1/2047/7533/products/bamboo-rayon-muslin-pillowcase-sets-754028.jpg?v=1691083498,
SAR,SAR-BMBU-RYN-MSLN-PILLOWCA,OK,5,2000,2000,455318,C:\Users\erink\OneDrive\Documents\GitHub\mccabe-site\vspfiles\photos\SAR-BMBU-RYN-MSLN-PILLOWCA-altview5.jpg,https://cdn.shopify.com/s/files/1/2047/7533/products/bamboo-rayon-muslin-pillowcase-sets-402728.jpg?v=1691083498,
SAR,SAR-BMBU-RYN-MSLN-PILLOWCA,OK,6,2000,2000,423302,C:\Users\erink\OneDrive\Documents\GitHub\mccabe-site\vspfiles\photos\SAR-BMBU-RYN-MSLN-PILLOWCA-altview6.jpg,https://cdn.shopify.com/s/files/1/2047/7533/products/bamboo-rayon-muslin-pillowcase-sets-596465.jpg?v=1691083498,
SAR,SAR-BMBU-RYN-MSLN-PILLOWCA,OK,7,2000,2000,417233,C:\Users\erink\OneDrive\Documents\GitHub\mccabe-site\vspfiles\photos\SAR-BMBU-RYN-MSLN-PILLOWCA-altview7.jpg,https://cdn.shopify.com/s/files/1/2047/7533/products/bamboo-rayon-muslin-pillowcase-sets-742691.jpg?v=1691083498,
SAR,SAR-BMBU-RYN-MSLN-PILLOWCA,OK,8,2000,2000,412735,C:\Users\erink\OneDrive\Documents\GitHub\mccabe-site\vspfiles\photos\SAR-BMBU-RYN-MSLN-PILLOWCA-altview8.jpg,https://cdn.shopify.com/s/files/1/2047/7533/products/bamboo-rayon-muslin-pillowcase-sets-572549.jpg?v=1691083499,
SAR,SAR-BMBU-RYN-MSLN-QUEEN-KING,OK,1,2000,2000,484119,C:\Users\erink\OneDrive\Documents\GitHub\mccabe-site\vspfiles\photos\SAR-BMBU-RYN-MSLN-QUEEN-KING-altview1.jpg,https://cdn.shopify.com/s/files/1/2047/7533/products/bamboo-rayon-muslin-queenking-4-layer-quilts-540794.jpg?v=1691083498,
SAR,SAR-BMBU-RYN-MSLN-QUEEN-KING,OK,2,2000,2000,276955,C:\Users\erink\OneDrive\Documents\GitHub\mccabe-site\vspfiles\photos\SAR-BMBU-RYN-MSLN-QUEEN-KING-altview2.jpg,https://cdn.shopify.com/s/files/1/2047/7533/products/bamboo-rayon-muslin-queenking-4-layer-quilts-183446.jpg?v=1691083498,
SAR,SAR-BMBU-RYN-MSLN-QUEEN-KING,OK,3,2000,2000,394145,C:\Users\erink\OneDrive\Documents\GitHub\mccabe-site\vspfiles\photos\SAR-BMBU-RYN-MSLN-QUEEN-KING-altview3.jpg,https://cdn.shopify.com/s/files/1/2047/7533/products/bamboo-rayon-muslin-queenking-4-layer-quilts-616795.jpg?v=1691083498,
SAR,SAR-BMBU-RYN-MSLN-QUEEN-KING,OK,4,2000,2000,599909,C:\Users\erink\OneDrive\Documents\GitHub\mccabe-site\vspfiles\photos\SAR-BMBU-RYN-MSLN-QUEEN-KING-altview4.jpg,https://cdn.shopify.com/s/files/1/2047/7533/products/bamboo-rayon-muslin-queenking-4-layer-quilts-338749.jpg?v=1738953123,
SAR,SAR-BMBU-RYN-MSLN-QUEEN-KING,OK,5,2000,2000,411228,C:\Users\erink\OneDrive\Documents\GitHub\mccabe-site\vspfiles\photos\SAR-BMBU-RYN-MSLN-QUEEN-KING-altview5.jpg,https://cdn.shopify.com/s/files/1/2047/7533/products/bamboo-rayon-muslin-queenking-4-layer-quilts-740150.jpg?v=1738953123,
SAR,SAR-BMBU-RYN-MSLN-QUEEN-KING,OK,6,2000,2000,551762,C:\Users\erink\OneDrive\Documents\GitHub\mccabe-site\vspfiles\photos\SAR-BMBU-RYN-MSLN-QUEEN-KING-altview6.jpg,https://cdn.shopify.com/s/files/1/2047/7533/products/bamboo-rayon-muslin-queenking-4-layer-quilts-189684.jpg?v=1738953123,
SAR,SAR-BMBU-RYN-MSLN-QUEEN-KING,OK,7,2000,1169,84553,C:\Users\erink\OneDrive\Documents\GitHub\mccabe-site\vspfiles\photos\SAR-BMBU-RYN-MSLN-QUEEN-KING-altview7.jpg,https://cdn.shopify.com/s/files/1/2047/7533/products/bamboo-rayon-muslin-queenking-4-layer-quilts-502729.jpg?v=1738953123,
SAR,SAR-BMBU-RYN-MSLN-QUEEN-KING,OK,8,1080,1080,196228,C:\Users\erink\OneDrive\Documents\GitHub\mccabe-site\vspfiles\photos\SAR-BMBU-RYN-MSLN-QUEEN-KING-altview8.jpg,https://cdn.shopify.com/s/files/1/2047/7533/files/Cambridge_Stripe_2.png?v=1738953214,
SAR,SAR-BMBU-RYN-MSLN-XL-LG-4,OK,1,2000,2000,617293,C:\Users\erink\OneDrive\Documents\GitHub\mccabe-site\vspfiles\photos\SAR-BMBU-RYN-MSLN-XL-LG-4-altview1.jpg,https://cdn.shopify.com/s/files/1/2047/7533/products/bamboo-rayon-muslin-xl-4-layer-quilts-875523.jpg?v=1740495135,
SAR,SAR-BMBU-RYN-MSLN-XL-LG-4,OK,2,967,752,40569,C:\Users\erink\OneDrive\Documents\GitHub\mccabe-site\vspfiles\photos\SAR-BMBU-RYN-MSLN-XL-LG-4-altview2.jpg,https://cdn.shopify.com/s/files/1/2047/7533/products/bamboo-rayon-muslin-xl-4-layer-quilts-515791.jpg?v=1744323709,
SAR,SAR-BMBU-RYN-MSLN-XL-LG-4,OK,3,2000,2000,496040,C:\Users\erink\OneDrive\Documents\GitHub\mccabe-site\vspfiles\photos\SAR-BMBU-RYN-MSLN-XL-LG-4-altview3.jpg,https://cdn.shopify.com/s/files/1/2047/7533/files/3_c1677eca-6830-4474-b221-f92a5a8b10cf.png?v=1781759139,
SAR,SAR-BMBU-RYN-MSLN-XL-LG-4,OK,4,1080,1080,185429,C:\Users\erink\OneDrive\Documents\GitHub\mccabe-site\vspfiles\photos\SAR-BMBU-RYN-MSLN-XL-LG-4-altview4.jpg,https://cdn.shopify.com/s/files/1/2047/7533/files/Muslin_12.png?v=1744323709,
SAR,SAR-BMBU-RYN-MSLN-XL-LG-4,OK,5,1080,1080,173984,C:\Users\erink\OneDrive\Documents\GitHub\mccabe-site\vspfiles\photos\SAR-BMBU-RYN-MSLN-XL-LG-4-altview5.jpg,https://cdn.shopify.com/s/files/1/2047/7533/files/Muslin_13.png?v=1744323709,
SAR,SAR-BMBU-RYN-MSLN-XL-LG-4,OK,6,1080,1080,177231,C:\Users\erink\OneDrive\Documents\GitHub\mccabe-site\vspfiles\photos\SAR-BMBU-RYN-MSLN-XL-LG-4-altview6.jpg,https://cdn.shopify.com/s/files/1/2047/7533/files/Muslin_14.png?v=1744323709,
SAR,SAR-BMBU-RYN-MSLN-XL-LG-4,OK,7,1080,1080,227473,C:\Users\erink\OneDrive\Documents\GitHub\mccabe-site\vspfiles\photos\SAR-BMBU-RYN-MSLN-XL-LG-4-altview7.jpg,https://cdn.shopify.com/s/files/1/2047/7533/files/Milo_2.png?v=1744323709,
SAR,SAR-BMBU-RYN-MSLN-XL-LG-4,OK,8,1080,1080,136727,C:\Users\erink\OneDrive\Documents\GitHub\mccabe-site\vspfiles\photos\SAR-BMBU-RYN-MSLN-XL-LG-4-altview8.jpg,https://cdn.shopify.com/s/files/1/2047/7533/files/Milo_3.png?v=1744323709,
SAR,SAR-CHNK-KNT-LG,OK,1,2000,2000,720737,C:\Users\erink\OneDrive\Documents\GitHub\mccabe-site\vspfiles\photos\SAR-CHNK-KNT-LG-altview1.jpg,https://cdn.shopify.com/s/files/1/2047/7533/products/chunky-knit-large-throw-blankets-199006.jpg?v=1740596999,
SAR,SAR-CHNK-KNT-LG,OK,2,2000,2000,511274,C:\Users\erink\OneDrive\Documents\GitHub\mccabe-site\vspfiles\photos\SAR-CHNK-KNT-LG-altview2.jpg,https://cdn.shopify.com/s/files/1/2047/7533/products/chunky-knit-large-throw-blankets-690414.jpg?v=1740596999,
SAR,SAR-CHNK-KNT-LG,OK,3,2000,2000,758801,C:\Users\erink\OneDrive\Documents\GitHub\mccabe-site\vspfiles\photos\SAR-CHNK-KNT-LG-altview3.jpg,https://cdn.shopify.com/s/files/1/2047/7533/products/chunky-knit-large-throw-blankets-822397.jpg?v=1740596999,
SAR,SAR-CHNL-FRNG-XL-LG,NO_HANDLE,,,,,,,no working Shopify handle
SAR,SAR-COTTON-MSLN-4-LAYER,OK,1,2000,2000,321137,C:\Users\erink\OneDrive\Documents\GitHub\mccabe-site\vspfiles\photos\SAR-COTTON-MSLN-4-LAYER-altview1.jpg,https://cdn.shopify.com/s/files/1/2047/7533/products/cotton-muslin-4-layer-quilts-160946.jpg?v=1753122159,
SAR,SAR-COTTON-MSLN-4-LAYER,OK,2,2000,2000,609154,C:\Users\erink\OneDrive\Documents\GitHub\mccabe-site\vspfiles\photos\SAR-COTTON-MSLN-4-LAYER-altview2.jpg,https://cdn.shopify.com/s/files/1/2047/7533/products/cotton-muslin-4-layer-quilts-837140.jpg?v=1753122159,
SAR,SAR-COTTON-MSLN-4-LAYER,OK,3,2000,2000,304535,C:\Users\erink\OneDrive\Documents\GitHub\mccabe-site\vspfiles\photos\SAR-COTTON-MSLN-4-LAYER-altview3.jpg,https://cdn.shopify.com/s/files/1/2047/7533/products/cotton-muslin-4-layer-quilts-241189.jpg?v=1753122159,
SAR,SAR-COTTON-MSLN-4-LAYER,OK,4,1080,1080,207979,C:\Users\erink\OneDrive\Documents\GitHub\mccabe-site\vspfiles\photos\SAR-COTTON-MSLN-4-LAYER-altview4.jpg,https://cdn.shopify.com/s/files/1/2047/7533/files/Muslin_22.png?v=1743458705,
SAR,SAR-COTTON-MSLN-4-LAYER,OK,5,1080,1080,231401,C:\Users\erink\OneDrive\Documents\GitHub\mccabe-site\vspfiles\photos\SAR-COTTON-MSLN-4-LAYER-altview5.jpg,https://cdn.shopify.com/s/files/1/2047/7533/files/Simple_Buds_Quilt_2_1ad6a866-4339-4c7c-b3a0-6ecba64ed4ab.png?v=1743458705,
SAR,SAR-COTTON-MSLN-4-LAYER,OK,6,1755,1755,478598,C:\Users\erink\OneDrive\Documents\GitHub\mccabe-site\vspfiles\photos\SAR-COTTON-MSLN-4-LAYER-altview6.jpg,https://cdn.shopify.com/s/files/1/2047/7533/files/84_8c297b25-d130-4eb1-aeca-1f03aced73f3.png?v=1753122159,
SAR,SAR-COTTON-MSLN-4-LAYER,OK,7,1080,1080,158181,C:\Users\erink\OneDrive\Documents\GitHub\mccabe-site\vspfiles\photos\SAR-COTTON-MSLN-4-LAYER-altview7.jpg,https://cdn.shopify.com/s/files/1/2047/7533/files/Muslin_15.png?v=1753122159,
SAR,SAR-COTTON-MSLN-4-LAYER,OK,8,1080,1080,152362,C:\Users\erink\OneDrive\Documents\GitHub\mccabe-site\vspfiles\photos\SAR-COTTON-MSLN-4-LAYER-altview8.jpg,https://cdn.shopify.com/s/files/1/2047/7533/files/Muslin_16.png?v=1753122159,
SAR,SAR-COZY-BMB-ROBES,OK,1,2000,2000,698888,C:\Users\erink\OneDrive\Documents\GitHub\mccabe-site\vspfiles\photos\SAR-COZY-BMB-ROBES-altview1.jpg,https://cdn.shopify.com/s/files/1/2047/7533/products/cozy-bamboni-robes-625207.jpg?v=1759439945,
SAR,SAR-COZY-BMB-ROBES,OK,2,1000,1000,73282,C:\Users\erink\OneDrive\Documents\GitHub\mccabe-site\vspfiles\photos\SAR-COZY-BMB-ROBES-altview2.jpg,https://cdn.shopify.com/s/files/1/2047/7533/products/cozy-bamboni-robes-983184.jpg?v=1774304422,
SAR,SAR-COZY-BMB-ROBES,OK,3,2000,2000,500444,C:\Users\erink\OneDrive\Documents\GitHub\mccabe-site\vspfiles\photos\SAR-COZY-BMB-ROBES-altview3.jpg,https://cdn.shopify.com/s/files/1/2047/7533/products/cozy-bamboni-robes-130005.jpg?v=1774304422,
SAR,SAR-COZY-BMB-ROBES,OK,4,2000,2000,482097,C:\Users\erink\OneDrive\Documents\GitHub\mccabe-site\vspfiles\photos\SAR-COZY-BMB-ROBES-altview4.jpg,https://cdn.shopify.com/s/files/1/2047/7533/products/cozy-bamboni-robes-140965.jpg?v=1774304422,
SAR,SAR-COZY-BMB-ROBES,OK,5,2000,2000,519446,C:\Users\erink\OneDrive\Documents\GitHub\mccabe-site\vspfiles\photos\SAR-COZY-BMB-ROBES-altview5.jpg,https://cdn.shopify.com/s/files/1/2047/7533/products/cozy-bamboni-robes-112503.jpg?v=1774304422,
SAR,SAR-COZY-BMB-ROBES,OK,6,1999,2000,686025,C:\Users\erink\OneDrive\Documents\GitHub\mccabe-site\vspfiles\photos\SAR-COZY-BMB-ROBES-altview6.jpg,https://cdn.shopify.com/s/files/1/2047/7533/products/cozy-bamboni-robes-282704.jpg?v=1774304422,
SAR,SAR-COZY-BMB-ROBES,OK,7,2000,2000,380746,C:\Users\erink\OneDrive\Documents\GitHub\mccabe-site\vspfiles\photos\SAR-COZY-BMB-ROBES-altview7.jpg,https://cdn.shopify.com/s/files/1/2047/7533/products/cozy-bamboni-robes-670677.jpg?v=1774304422,
SAR,SAR-COZY-BMB-ROBES,OK,8,1890,1890,939645,C:\Users\erink\OneDrive\Documents\GitHub\mccabe-site\vspfiles\photos\SAR-COZY-BMB-ROBES-altview8.jpg,https://cdn.shopify.com/s/files/1/2047/7533/files/207.png?v=1774304422,
SAR,SAR-DBL-LAYER-BMB-TOD,OK,1,2000,2000,658212,C:\Users\erink\OneDrive\Documents\GitHub\mccabe-site\vspfiles\photos\SAR-DBL-LAYER-BMB-TOD-altview1.jpg,https://cdn.shopify.com/s/files/1/2047/7533/products/double-layer-bamboni-toddler-blankets-299471.jpg?v=1762458149,
SAR,SAR-DBL-LAYER-BMB-TOD,OK,2,2000,2000,573929,C:\Users\erink\OneDrive\Documents\GitHub\mccabe-site\vspfiles\photos\SAR-DBL-LAYER-BMB-TOD-altview2.jpg,https://cdn.shopify.com/s/files/1/2047/7533/products/double-layer-bamboni-toddler-blankets-804459.jpg?v=1756841635,
SAR,SAR-DBL-LAYER-BMB-TOD,OK,3,2000,2000,562613,C:\Users\erink\OneDrive\Documents\GitHub\mccabe-site\vspfiles\photos\SAR-DBL-LAYER-BMB-TOD-altview3.jpg,https://cdn.shopify.com/s/files/1/2047/7533/products/double-layer-bamboni-toddler-blankets-228721.jpg?v=1756841635,
SAR,SAR-DBL-LAYER-BMB-TOD,OK,4,2000,2000,454742,C:\Users\erink\OneDrive\Documents\GitHub\mccabe-site\vspfiles\photos\SAR-DBL-LAYER-BMB-TOD-altview4.jpg,https://cdn.shopify.com/s/files/1/2047/7533/products/double-layer-bamboni-toddler-blankets-909195.jpg?v=1756841635,
SAR,SAR-DBL-LAYER-BMB-TOD,OK,5,2000,2000,802550,C:\Users\erink\OneDrive\Documents\GitHub\mccabe-site\vspfiles\photos\SAR-DBL-LAYER-BMB-TOD-altview5.jpg,https://cdn.shopify.com/s/files/1/2047/7533/products/double-layer-bamboni-toddler-blankets-548367.jpg?v=1756841635,
SAR,SAR-DBL-LAYER-BMB-TOD,OK,6,2000,2000,649741,C:\Users\erink\OneDrive\Documents\GitHub\mccabe-site\vspfiles\photos\SAR-DBL-LAYER-BMB-TOD-altview6.jpg,https://cdn.shopify.com/s/files/1/2047/7533/products/double-layer-bamboni-toddler-blankets-815316.jpg?v=1756841635,
SAR,SAR-DBL-LAYER-BMB-TOD,OK,7,2000,2000,382308,C:\Users\erink\OneDrive\Documents\GitHub\mccabe-site\vspfiles\photos\SAR-DBL-LAYER-BMB-TOD-altview7.jpg,https://cdn.shopify.com/s/files/1/2047/7533/products/double-layer-bamboni-toddler-blankets-521062.jpg?v=1756841635,
SAR,SAR-DBL-LAYER-BMB-TOD,OK,8,2000,2000,399377,C:\Users\erink\OneDrive\Documents\GitHub\mccabe-site\vspfiles\photos\SAR-DBL-LAYER-BMB-TOD-altview8.jpg,https://cdn.shopify.com/s/files/1/2047/7533/products/double-layer-bamboni-toddler-blankets-810908.jpg?v=1756841635,
SAR,SAR-DBL-RCH-FX-FUR,OK,1,2000,2000,352601,C:\Users\erink\OneDrive\Documents\GitHub\mccabe-site\vspfiles\photos\SAR-DBL-RCH-FX-FUR-altview1.jpg,https://cdn.shopify.com/s/files/1/2047/7533/products/double-ruched-faux-fur-throw-blankets-189928.jpg?v=1773325085,
SAR,SAR-DBL-RCH-FX-FUR,OK,2,2000,2000,255762,C:\Users\erink\OneDrive\Documents\GitHub\mccabe-site\vspfiles\photos\SAR-DBL-RCH-FX-FUR-altview2.jpg,https://cdn.shopify.com/s/files/1/2047/7533/products/double-ruched-faux-fur-throw-blankets-655688.jpg?v=1773325085,
SAR,SAR-DBL-RCH-FX-FUR,OK,3,2000,2000,332251,C:\Users\erink\OneDrive\Documents\GitHub\mccabe-site\vspfiles\photos\SAR-DBL-RCH-FX-FUR-altview3.jpg,https://cdn.shopify.com/s/files/1/2047/7533/products/double-ruched-faux-fur-throw-blankets-145735.jpg?v=1773325085,
SAR,SAR-DBL-RCH-FX-FUR,OK,4,2000,2000,291634,C:\Users\erink\OneDrive\Documents\GitHub\mccabe-site\vspfiles\photos\SAR-DBL-RCH-FX-FUR-altview4.jpg,https://cdn.shopify.com/s/files/1/2047/7533/products/double-ruched-faux-fur-throw-blankets-605372.jpg?v=1773325085,
SAR,SAR-DBL-RCH-FX-FUR,OK,5,2000,2000,522269,C:\Users\erink\OneDrive\Documents\GitHub\mccabe-site\vspfiles\photos\SAR-DBL-RCH-FX-FUR-altview5.jpg,https://cdn.shopify.com/s/files/1/2047/7533/products/double-ruched-faux-fur-throw-blankets-874047.jpg?v=1773325085,
SAR,SAR-DBL-RCH-FX-FUR,OK,6,2000,2000,469748,C:\Users\erink\OneDrive\Documents\GitHub\mccabe-site\vspfiles\photos\SAR-DBL-RCH-FX-FUR-altview6.jpg,https://cdn.shopify.com/s/files/1/2047/7533/products/double-ruched-faux-fur-throw-blankets-363399.jpg?v=1773325085,
SAR,SAR-DBL-RCH-FX-FUR,OK,7,2000,2000,972954,C:\Users\erink\OneDrive\Documents\GitHub\mccabe-site\vspfiles\photos\SAR-DBL-RCH-FX-FUR-altview7.jpg,https://cdn.shopify.com/s/files/1/2047/7533/files/1_9ca38ea0-dde5-47f5-9e1d-4c19577cbb59.png?v=1782832700,
SAR,SAR-DBL-RCH-FX-FUR,OK,8,1215,1215,336778,C:\Users\erink\OneDrive\Documents\GitHub\mccabe-site\vspfiles\photos\SAR-DBL-RCH-FX-FUR-altview8.jpg,https://cdn.shopify.com/s/files/1/2047/7533/files/3_ad268346-d5a3-4d3c-9c5a-89f1d7747a3f.png?v=1773325085,
SAR,SAR-DBL-RCH-FX-FUR-XL-LG,OK,1,2000,2000,529573,C:\Users\erink\OneDrive\Documents\GitHub\mccabe-site\vspfiles\photos\SAR-DBL-RCH-FX-FUR-XL-LG-altview1.jpg,https://cdn.shopify.com/s/files/1/2047/7533/products/double-ruched-faux-fur-xl-throw-blankets-101831.jpg?v=1773325060,
SAR,SAR-DBL-RCH-FX-FUR-XL-LG,OK,2,2000,2000,332251,C:\Users\erink\OneDrive\Documents\GitHub\mccabe-site\vspfiles\photos\SAR-DBL-RCH-FX-FUR-XL-LG-altview2.jpg,https://cdn.shopify.com/s/files/1/2047/7533/products/double-ruched-faux-fur-xl-throw-blankets-945852.jpg?v=1773325060,
SAR,SAR-DBL-RCH-FX-FUR-XL-LG,OK,3,2000,2000,185238,C:\Users\erink\OneDrive\Documents\GitHub\mccabe-site\vspfiles\photos\SAR-DBL-RCH-FX-FUR-XL-LG-altview3.jpg,https://cdn.shopify.com/s/files/1/2047/7533/products/double-ruched-faux-fur-xl-throw-blankets-824511.jpg?v=1773325060,
SAR,SAR-DBL-RCH-FX-FUR-XL-LG,OK,4,2000,2000,521993,C:\Users\erink\OneDrive\Documents\GitHub\mccabe-site\vspfiles\photos\SAR-DBL-RCH-FX-FUR-XL-LG-altview4.jpg,https://cdn.shopify.com/s/files/1/2047/7533/products/double-ruched-faux-fur-xl-throw-blankets-689585.jpg?v=1773325060,
SAR,SAR-DBL-RCH-FX-FUR-XL-LG,OK,5,2000,2000,490056,C:\Users\erink\OneDrive\Documents\GitHub\mccabe-site\vspfiles\photos\SAR-DBL-RCH-FX-FUR-XL-LG-altview5.jpg,https://cdn.shopify.com/s/files/1/2047/7533/products/double-ruched-faux-fur-xl-throw-blankets-914537.jpg?v=1773325060,
SAR,SAR-DBL-RCH-FX-FUR-XL-LG,OK,6,2000,2000,289764,C:\Users\erink\OneDrive\Documents\GitHub\mccabe-site\vspfiles\photos\SAR-DBL-RCH-FX-FUR-XL-LG-altview6.jpg,https://cdn.shopify.com/s/files/1/2047/7533/products/double-ruched-faux-fur-xl-throw-blankets-764415.jpg?v=1773325060,
SAR,SAR-DBL-RCH-FX-FUR-XL-LG,OK,7,2000,2000,1016079,C:\Users\erink\OneDrive\Documents\GitHub\mccabe-site\vspfiles\photos\SAR-DBL-RCH-FX-FUR-XL-LG-altview7.jpg,https://cdn.shopify.com/s/files/1/2047/7533/files/7_1e2d06ee-e12e-47ad-b94e-ccd1fc86a77e.png?v=1782832853,
SAR,SAR-DBL-RCH-FX-FUR-XL-LG,OK,8,1080,1080,204768,C:\Users\erink\OneDrive\Documents\GitHub\mccabe-site\vspfiles\photos\SAR-DBL-RCH-FX-FUR-XL-LG-altview8.jpg,https://cdn.shopify.com/s/files/1/2047/7533/files/19_0eb8c06b-984d-4ec2-a1f7-88cf1bf72c62.png?v=1773325060,
SAR,SAR-FX-FUR-XL-LG,NO_HANDLE,,,,,,,no working Shopify handle
SAR,SAR-GRAND-FX-FUR,OK,1,1080,1080,231993,C:\Users\erink\OneDrive\Documents\GitHub\mccabe-site\vspfiles\photos\SAR-GRAND-FX-FUR-altview1.jpg,https://cdn.shopify.com/s/files/1/2047/7533/files/86_b750a349-44ba-4f33-a49a-f948034b6621.png?v=1761587615,
SAR,SAR-GRAND-FX-FUR,OK,2,1080,1080,301481,C:\Users\erink\OneDrive\Documents\GitHub\mccabe-site\vspfiles\photos\SAR-GRAND-FX-FUR-altview2.jpg,https://cdn.shopify.com/s/files/1/2047/7533/files/87_e74304cd-8650-4c62-859c-4fa4ad1b051e.png?v=1761587615,
SAR,SAR-GRAND-FX-FUR,OK,3,1080,1080,278625,C:\Users\erink\OneDrive\Documents\GitHub\mccabe-site\vspfiles\photos\SAR-GRAND-FX-FUR-altview3.jpg,https://cdn.shopify.com/s/files/1/2047/7533/files/88_fd662fd2-0e21-4a3f-827f-c1693fadd728.png?v=1761587615,
SAR,SAR-GRAND-FX-FUR,OK,4,1080,1080,335587,C:\Users\erink\OneDrive\Documents\GitHub\mccabe-site\vspfiles\photos\SAR-GRAND-FX-FUR-altview4.jpg,https://cdn.shopify.com/s/files/1/2047/7533/files/89_98fb67e4-9e56-4a66-b117-c8b00f11f582.png?v=1761587615,
SAR,SAR-GRAND-FX-FUR,OK,5,1080,1080,343767,C:\Users\erink\OneDrive\Documents\GitHub\mccabe-site\vspfiles\photos\SAR-GRAND-FX-FUR-altview5.jpg,https://cdn.shopify.com/s/files/1/2047/7533/files/90_51b1c6df-191a-4e86-849f-3aee5d2b3945.png?v=1761587615,
SAR,SAR-GRAND-FX-FUR,OK,6,1080,1080,311380,C:\Users\erink\OneDrive\Documents\GitHub\mccabe-site\vspfiles\photos\SAR-GRAND-FX-FUR-altview6.jpg,https://cdn.shopify.com/s/files/1/2047/7533/files/93_637ecf61-29e0-4c0f-bb8e-82bc42d5db2b.png?v=1761587615,
SAR,SAR-GRAND-FX-FUR,OK,7,1080,1080,315112,C:\Users\erink\OneDrive\Documents\GitHub\mccabe-site\vspfiles\photos\SAR-GRAND-FX-FUR-altview7.jpg,https://cdn.shopify.com/s/files/1/2047/7533/files/95_2964fbb1-5130-4161-a507-c1e1e0e70a37.png?v=1761587615,
SAR,SAR-GRAND-FX-FUR,OK,8,1080,1080,367939,C:\Users\erink\OneDrive\Documents\GitHub\mccabe-site\vspfiles\photos\SAR-GRAND-FX-FUR-altview8.jpg,https://cdn.shopify.com/s/files/1/2047/7533/files/96_9ca7fe6b-6541-4869-b4f2-2787e0a1bb90.png?v=1761587615,
SAR,SAR-GRAND-FX-FUR-12X20,OK,1,2000,2000,308157,C:\Users\erink\OneDrive\Documents\GitHub\mccabe-site\vspfiles\photos\SAR-GRAND-FX-FUR-12X20-altview1.jpg,https://cdn.shopify.com/s/files/1/2047/7533/products/grand-faux-fur-12x20-pillow-covers-807407.jpg?v=1691083745,
SAR,SAR-GRAND-FX-FUR-12X20,OK,2,2000,2000,339412,C:\Users\erink\OneDrive\Documents\GitHub\mccabe-site\vspfiles\photos\SAR-GRAND-FX-FUR-12X20-altview2.jpg,https://cdn.shopify.com/s/files/1/2047/7533/products/grand-faux-fur-12x20-pillow-covers-279931.jpg?v=1691083745,
SAR,SAR-GRAND-FX-FUR-12X20,OK,3,2000,2000,604526,C:\Users\erink\OneDrive\Documents\GitHub\mccabe-site\vspfiles\photos\SAR-GRAND-FX-FUR-12X20-altview3.jpg,https://cdn.shopify.com/s/files/1/2047/7533/products/grand-faux-fur-12x20-pillow-covers-828274.jpg?v=1691083745,
SAR,SAR-GRAND-FX-FUR-2-PACK-EURO,OK,1,1000,1000,111442,C:\Users\erink\OneDrive\Documents\GitHub\mccabe-site\vspfiles\photos\SAR-GRAND-FX-FUR-2-PACK-EURO-altview1.jpg,https://cdn.shopify.com/s/files/1/2047/7533/products/grand-faux-fur-2-pack-euro-pillow-covers-593141.jpg?v=1691083756,
SAR,SAR-GRAND-FX-FUR-2-PACK-EURO,OK,2,1000,1000,170344,C:\Users\erink\OneDrive\Documents\GitHub\mccabe-site\vspfiles\photos\SAR-GRAND-FX-FUR-2-PACK-EURO-altview2.jpg,https://cdn.shopify.com/s/files/1/2047/7533/products/grand-faux-fur-2-pack-euro-pillow-covers-648511.jpg?v=1691083756,
SAR,SAR-GRAND-FX-FUR-2-PACK-EURO,OK,3,2000,2000,327497,C:\Users\erink\OneDrive\Documents\GitHub\mccabe-site\vspfiles\photos\SAR-GRAND-FX-FUR-2-PACK-EURO-altview3.jpg,https://cdn.shopify.com/s/files/1/2047/7533/products/grand-faux-fur-2-pack-euro-pillow-covers-428473.jpg?v=1691083756,
SAR,SAR-GRAND-FX-FUR-2-PACK-EURO,OK,4,1000,1000,181231,C:\Users\erink\OneDrive\Documents\GitHub\mccabe-site\vspfiles\photos\SAR-GRAND-FX-FUR-2-PACK-EURO-altview4.jpg,https://cdn.shopify.com/s/files/1/2047/7533/products/grand-faux-fur-2-pack-euro-pillow-covers-808930.jpg?v=1691083756,
SAR,SAR-GRAND-FX-FUR-2-PACK-EURO,OK,5,1000,1000,86357,C:\Users\erink\OneDrive\Documents\GitHub\mccabe-site\vspfiles\photos\SAR-GRAND-FX-FUR-2-PACK-EURO-altview5.jpg,https://cdn.shopify.com/s/files/1/2047/7533/products/grand-faux-fur-2-pack-euro-pillow-covers-252291.jpg?v=1691083756,
SAR,SAR-GRAND-FX-FUR-2-PACK-EURO,OK,6,1000,1000,169233,C:\Users\erink\OneDrive\Documents\GitHub\mccabe-site\vspfiles\photos\SAR-GRAND-FX-FUR-2-PACK-EURO-altview6.jpg,https://cdn.shopify.com/s/files/1/2047/7533/products/grand-faux-fur-2-pack-euro-pillow-covers-250118.jpg?v=1691083756,
SAR,SAR-GRAND-FX-FUR-KING,OK,1,2000,2000,317923,C:\Users\erink\OneDrive\Documents\GitHub\mccabe-site\vspfiles\photos\SAR-GRAND-FX-FUR-KING-altview1.jpg,https://cdn.shopify.com/s/files/1/2047/7533/products/grand-faux-fur-king-blankets-455109.jpg?v=1762458156,
SAR,SAR-GRAND-FX-FUR-KING,OK,2,1000,1000,159949,C:\Users\erink\OneDrive\Documents\GitHub\mccabe-site\vspfiles\photos\SAR-GRAND-FX-FUR-KING-altview2.jpg,https://cdn.shopify.com/s/files/1/2047/7533/products/grand-faux-fur-king-blankets-746131.jpg?v=1691083763,
SAR,SAR-GRAND-FX-FUR-KING,OK,3,2000,2000,586103,C:\Users\erink\OneDrive\Documents\GitHub\mccabe-site\vspfiles\photos\SAR-GRAND-FX-FUR-KING-altview3.jpg,https://cdn.shopify.com/s/files/1/2047/7533/products/grand-faux-fur-king-blankets-714118.jpg?v=1691083763,
SAR,SAR-GRAND-FX-FUR-KING,OK,4,1000,1000,169239,C:\Users\erink\OneDrive\Documents\GitHub\mccabe-site\vspfiles\photos\SAR-GRAND-FX-FUR-KING-altview4.jpg,https://cdn.shopify.com/s/files/1/2047/7533/products/grand-faux-fur-king-blankets-189156.jpg?v=1691083763,
SAR,SAR-GRAND-FX-FUR-KING,OK,5,2000,2000,311790,C:\Users\erink\OneDrive\Documents\GitHub\mccabe-site\vspfiles\photos\SAR-GRAND-FX-FUR-KING-altview5.jpg,https://cdn.shopify.com/s/files/1/2047/7533/products/grand-faux-fur-king-blankets-655563.jpg?v=1691083763,
SAR,SAR-GRAND-FX-FUR-KING,OK,6,2000,2000,337384,C:\Users\erink\OneDrive\Documents\GitHub\mccabe-site\vspfiles\photos\SAR-GRAND-FX-FUR-KING-altview6.jpg,https://cdn.shopify.com/s/files/1/2047/7533/products/grand-faux-fur-king-blankets-774617.jpg?v=1691083763,
SAR,SAR-GRAND-FX-FUR-KING,OK,7,1000,1000,64419,C:\Users\erink\OneDrive\Documents\GitHub\mccabe-site\vspfiles\photos\SAR-GRAND-FX-FUR-KING-altview7.jpg,https://cdn.shopify.com/s/files/1/2047/7533/products/grand-faux-fur-king-blankets-286311.jpg?v=1691083763,
SAR,SAR-GRAND-FX-FUR-KING,OK,8,1000,1000,113880,C:\Users\erink\OneDrive\Documents\GitHub\mccabe-site\vspfiles\photos\SAR-GRAND-FX-FUR-KING-altview8.jpg,https://cdn.shopify.com/s/files/1/2047/7533/products/grand-faux-fur-king-blankets-901066.jpg?v=1691083763,
SAR,SAR-GRAND-FX-FUR-QUEEN,OK,1,1080,1080,271934,C:\Users\erink\OneDrive\Documents\GitHub\mccabe-site\vspfiles\photos\SAR-GRAND-FX-FUR-QUEEN-altview1.jpg,https://cdn.shopify.com/s/files/1/2047/7533/files/Gray_Mink.png?v=1737141496,
SAR,SAR-GRAND-FX-FUR-QUEEN,OK,2,1080,1080,257258,C:\Users\erink\OneDrive\Documents\GitHub\mccabe-site\vspfiles\photos\SAR-GRAND-FX-FUR-QUEEN-altview2.jpg,https://cdn.shopify.com/s/files/1/2047/7533/files/Gray_Mink_2.png?v=1737141496,
SAR,SAR-GRAND-FX-FUR-QUEEN,OK,3,1080,1080,175055,C:\Users\erink\OneDrive\Documents\GitHub\mccabe-site\vspfiles\photos\SAR-GRAND-FX-FUR-QUEEN-altview3.jpg,https://cdn.shopify.com/s/files/1/2047/7533/files/Gray_Mink_3.png?v=1737141496,
SAR,SAR-GRAND-FX-FUR-QUEEN,OK,4,1080,1080,254361,C:\Users\erink\OneDrive\Documents\GitHub\mccabe-site\vspfiles\photos\SAR-GRAND-FX-FUR-QUEEN-altview4.jpg,https://cdn.shopify.com/s/files/1/2047/7533/files/Gray_Mink_4.png?v=1737141496,
SAR,SAR-GRAND-FX-FUR-QUEEN,OK,5,1080,1080,183300,C:\Users\erink\OneDrive\Documents\GitHub\mccabe-site\vspfiles\photos\SAR-GRAND-FX-FUR-QUEEN-altview5.jpg,https://cdn.shopify.com/s/files/1/2047/7533/files/Arctic_Hare_2.png?v=1737141496,
SAR,SAR-GRAND-FX-FUR-QUEEN,OK,6,1080,1080,130898,C:\Users\erink\OneDrive\Documents\GitHub\mccabe-site\vspfiles\photos\SAR-GRAND-FX-FUR-QUEEN-altview6.jpg,https://cdn.shopify.com/s/files/1/2047/7533/files/Arctic_Hare_3.png?v=1737141496,
SAR,SAR-GRAND-FX-FUR-QUEEN,OK,7,1080,1080,170563,C:\Users\erink\OneDrive\Documents\GitHub\mccabe-site\vspfiles\photos\SAR-GRAND-FX-FUR-QUEEN-altview7.jpg,https://cdn.shopify.com/s/files/1/2047/7533/files/Arctic_Hare_4.png?v=1737141496,
SAR,SAR-GRAND-FX-FUR-QUEEN,OK,8,1080,1080,174966,C:\Users\erink\OneDrive\Documents\GitHub\mccabe-site\vspfiles\photos\SAR-GRAND-FX-FUR-QUEEN-altview8.jpg,https://cdn.shopify.com/s/files/1/2047/7533/files/Fawn_2.png?v=1737141496,
SAR,SAR-GRAND-FX-FUR-XL-LG,OK,1,1080,1080,435790,C:\Users\erink\OneDrive\Documents\GitHub\mccabe-site\vspfiles\photos\SAR-GRAND-FX-FUR-XL-LG-altview1.jpg,https://cdn.shopify.com/s/files/1/2047/7533/files/111_b996db58-3232-40ca-8283-4ac8c8d023aa.png?v=1761587615,
SAR,SAR-GRAND-FX-FUR-XL-LG,OK,2,1080,1080,231993,C:\Users\erink\OneDrive\Documents\GitHub\mccabe-site\vspfiles\photos\SAR-GRAND-FX-FUR-XL-LG-altview2.jpg,https://cdn.shopify.com/s/files/1/2047/7533/files/86_b750a349-44ba-4f33-a49a-f948034b6621.png?v=1761587615,
SAR,SAR-GRAND-FX-FUR-XL-LG,OK,3,1080,1080,301481,C:\Users\erink\OneDrive\Documents\GitHub\mccabe-site\vspfiles\photos\SAR-GRAND-FX-FUR-XL-LG-altview3.jpg,https://cdn.shopify.com/s/files/1/2047/7533/files/87_e74304cd-8650-4c62-859c-4fa4ad1b051e.png?v=1761587615,
SAR,SAR-GRAND-FX-FUR-XL-LG,OK,4,1080,1080,278625,C:\Users\erink\OneDrive\Documents\GitHub\mccabe-site\vspfiles\photos\SAR-GRAND-FX-FUR-XL-LG-altview4.jpg,https://cdn.shopify.com/s/files/1/2047/7533/files/88_fd662fd2-0e21-4a3f-827f-c1693fadd728.png?v=1761587615,
SAR,SAR-GRAND-FX-FUR-XL-LG,OK,5,1080,1080,335587,C:\Users\erink\OneDrive\Documents\GitHub\mccabe-site\vspfiles\photos\SAR-GRAND-FX-FUR-XL-LG-altview5.jpg,https://cdn.shopify.com/s/files/1/2047/7533/files/89_98fb67e4-9e56-4a66-b117-c8b00f11f582.png?v=1761587615,
SAR,SAR-GRAND-FX-FUR-XL-LG,OK,6,1080,1080,343767,C:\Users\erink\OneDrive\Documents\GitHub\mccabe-site\vspfiles\photos\SAR-GRAND-FX-FUR-XL-LG-altview6.jpg,https://cdn.shopify.com/s/files/1/2047/7533/files/90_51b1c6df-191a-4e86-849f-3aee5d2b3945.png?v=1761587615,
SAR,SAR-GRAND-FX-FUR-XL-LG,OK,7,1080,1080,311380,C:\Users\erink\OneDrive\Documents\GitHub\mccabe-site\vspfiles\photos\SAR-GRAND-FX-FUR-XL-LG-altview7.jpg,https://cdn.shopify.com/s/files/1/2047/7533/files/93_637ecf61-29e0-4c0f-bb8e-82bc42d5db2b.png?v=1761587615,
SAR,SAR-GRAND-FX-FUR-XL-LG,OK,8,1080,1080,315112,C:\Users\erink\OneDrive\Documents\GitHub\mccabe-site\vspfiles\photos\SAR-GRAND-FX-FUR-XL-LG-altview8.jpg,https://cdn.shopify.com/s/files/1/2047/7533/files/95_2964fbb1-5130-4161-a507-c1e1e0e70a37.png?v=1761587615,
SAR,SAR-HP-HP-ICONS-MNKY-LUSH,OK,1,1620,1620,667557,C:\Users\erink\OneDrive\Documents\GitHub\mccabe-site\vspfiles\photos\SAR-HP-HP-ICONS-MNKY-LUSH-altview1.jpg,https://cdn.shopify.com/s/files/1/2047/7533/files/119-6565-3_2.png?v=1762458978,
SAR,SAR-HP-HP-ICONS-MNKY-LUSH,OK,2,1620,1620,622991,C:\Users\erink\OneDrive\Documents\GitHub\mccabe-site\vspfiles\photos\SAR-HP-HP-ICONS-MNKY-LUSH-altview2.jpg,https://cdn.shopify.com/s/files/1/2047/7533/files/119-6565-1_2.png?v=1757370297,
SAR,SAR-HP-HP-ICONS-MNKY-LUSH,OK,3,1620,1620,516702,C:\Users\erink\OneDrive\Documents\GitHub\mccabe-site\vspfiles\photos\SAR-HP-HP-ICONS-MNKY-LUSH-altview3.jpg,https://cdn.shopify.com/s/files/1/2047/7533/files/119-6565-1_3.png?v=1757370297,
SAR,SAR-HP-HP-ICONS-MNKY-LUSH,OK,4,1620,1620,745234,C:\Users\erink\OneDrive\Documents\GitHub\mccabe-site\vspfiles\photos\SAR-HP-HP-ICONS-MNKY-LUSH-altview4.jpg,https://cdn.shopify.com/s/files/1/2047/7533/files/119-6565-1.png?v=1751043238,
SAR,SAR-HP-HP-ICONS-MNKY-LUSH,SKIP_DUP,,1620,1620,,,https://cdn.shopify.com/s/files/1/2047/7533/files/119-6565-2_2.png?v=1751043238,duplicate of main/thumb or prior altview
SAR,SAR-HP-HP-ICONS-MNKY-LUSH,OK,5,1620,1620,713146,C:\Users\erink\OneDrive\Documents\GitHub\mccabe-site\vspfiles\photos\SAR-HP-HP-ICONS-MNKY-LUSH-altview5.jpg,https://cdn.shopify.com/s/files/1/2047/7533/files/119-6565-2_4.png?v=1751043238,
SAR,SAR-HP-HP-ICONS-MNKY-LUSH,OK,6,1620,1620,546863,C:\Users\erink\OneDrive\Documents\GitHub\mccabe-site\vspfiles\photos\SAR-HP-HP-ICONS-MNKY-LUSH-altview6.jpg,https://cdn.shopify.com/s/files/1/2047/7533/files/119-6565-2.png?v=1751043238,
SAR,SAR-HP-HP-ICONS-MNKY-LUSH,SKIP_DUP,,1620,1620,,,https://cdn.shopify.com/s/files/1/2047/7533/files/119-6565-3_3.png?v=1751043198,duplicate of main/thumb or prior altview
SAR,SAR-HP-HP-ICONS-MNKY-LUSH,OK,7,1620,1620,685755,C:\Users\erink\OneDrive\Documents\GitHub\mccabe-site\vspfiles\photos\SAR-HP-HP-ICONS-MNKY-LUSH-altview7.jpg,https://cdn.shopify.com/s/files/1/2047/7533/files/119-6565-3.png?v=1751043198,
SAR,SAR-HP-HP-ICONS-MNKY-LUSH,OK,8,1620,1620,697514,C:\Users\erink\OneDrive\Documents\GitHub\mccabe-site\vspfiles\photos\SAR-HP-HP-ICONS-MNKY-LUSH-altview8.jpg,https://cdn.shopify.com/s/files/1/2047/7533/files/119-6565-4_3.png?v=1751043198,
SAR,SAR-HP-HP-MSLN-NRS,OK,1,1620,1620,498511,C:\Users\erink\OneDrive\Documents\GitHub\mccabe-site\vspfiles\photos\SAR-HP-HP-MSLN-NRS-altview1.jpg,https://cdn.shopify.com/s/files/1/2047/7533/files/9_46d88344-e16f-4e22-84ff-ab726c902467.png?v=1776910628,
SAR,SAR-HP-HP-MSLN-NRS,OK,2,1620,1620,363600,C:\Users\erink\OneDrive\Documents\GitHub\mccabe-site\vspfiles\photos\SAR-HP-HP-MSLN-NRS-altview2.jpg,https://cdn.shopify.com/s/files/1/2047/7533/files/13_f47ef87c-48ba-4d4d-9f53-fb919ce9175b.png?v=1776910628,
SAR,SAR-HP-HP-MSLN-NRS,OK,3,1620,1620,650893,C:\Users\erink\OneDrive\Documents\GitHub\mccabe-site\vspfiles\photos\SAR-HP-HP-MSLN-NRS-altview3.jpg,https://cdn.shopify.com/s/files/1/2047/7533/files/2_f8a239d6-44e5-4b0e-9973-dd0aadc9c9c7.png?v=1776910628,
SAR,SAR-HP-HP-MSLN-NRS,OK,4,1620,1620,362630,C:\Users\erink\OneDrive\Documents\GitHub\mccabe-site\vspfiles\photos\SAR-HP-HP-MSLN-NRS-altview4.jpg,https://cdn.shopify.com/s/files/1/2047/7533/files/17_2ac1cd60-3c64-465a-97e9-d02879b4d447.png?v=1776910629,
SAR,SAR-HP-HP-MSLN-NRS,OK,5,1620,1620,616224,C:\Users\erink\OneDrive\Documents\GitHub\mccabe-site\vspfiles\photos\SAR-HP-HP-MSLN-NRS-altview5.jpg,https://cdn.shopify.com/s/files/1/2047/7533/files/3_99a9a314-9e06-4fa6-9cc8-801bb8cbfe37.png?v=1776910628,
SAR,SAR-HP-HP-MSLN-NRS,OK,6,1620,1620,584764,C:\Users\erink\OneDrive\Documents\GitHub\mccabe-site\vspfiles\photos\SAR-HP-HP-MSLN-NRS-altview6.jpg,https://cdn.shopify.com/s/files/1/2047/7533/files/4_9c4fc821-5378-4b79-a1bc-913dbf1821c3.png?v=1776910628,
SAR,SAR-HP-HP-MSLN-NRS,OK,7,1620,1620,601291,C:\Users\erink\OneDrive\Documents\GitHub\mccabe-site\vspfiles\photos\SAR-HP-HP-MSLN-NRS-altview7.jpg,https://cdn.shopify.com/s/files/1/2047/7533/files/6_538a8b80-e741-4206-bdac-01c95271cdb6.png?v=1776910628,
SAR,SAR-HP-HP-MSLN-NRS,OK,8,1620,1620,308028,C:\Users\erink\OneDrive\Documents\GitHub\mccabe-site\vspfiles\photos\SAR-HP-HP-MSLN-NRS-altview8.jpg,https://cdn.shopify.com/s/files/1/2047/7533/files/10_a1696eaa-198a-4da7-ba4b-eb4e0ab39b55.png?v=1776910628,
SAR,SAR-JL-JL-MSLN-LUSH,OK,1,1620,1620,392739,C:\Users\erink\OneDrive\Documents\GitHub\mccabe-site\vspfiles\photos\SAR-JL-JL-MSLN-LUSH-altview1.jpg,https://cdn.shopify.com/s/files/1/2047/7533/files/DCMuslin_LushReceiving_3_2ab66bac-9aa1-4a40-99f0-e8de2b5789b0.png?v=1762459219,
SAR,SAR-JL-JL-MSLN-LUSH,OK,2,1620,1620,535650,C:\Users\erink\OneDrive\Documents\GitHub\mccabe-site\vspfiles\photos\SAR-JL-JL-MSLN-LUSH-altview2.jpg,https://cdn.shopify.com/s/files/1/2047/7533/files/DCMuslin_LushMini_2_8b9c0175-332c-46d0-9ade-8bf38e08596e.png?v=1750967518,
SAR,SAR-JL-JL-MSLN-LUSH,OK,3,1620,1620,637287,C:\Users\erink\OneDrive\Documents\GitHub\mccabe-site\vspfiles\photos\SAR-JL-JL-MSLN-LUSH-altview3.jpg,https://cdn.shopify.com/s/files/1/2047/7533/files/DCMuslin_LushMini_3_2f7228fd-62b9-4f13-bca7-ba4952f4ae7f.png?v=1750967518,
SAR,SAR-JL-JL-MSLN-LUSH,OK,4,1620,1620,564708,C:\Users\erink\OneDrive\Documents\GitHub\mccabe-site\vspfiles\photos\SAR-JL-JL-MSLN-LUSH-altview4.jpg,https://cdn.shopify.com/s/files/1/2047/7533/files/DCMuslin_LushMini_4ea996c2-bb5c-4115-9593-014abd29e3f6.png?v=1750967518,
SAR,SAR-JL-JL-MSLN-LUSH,OK,5,1620,1620,465107,C:\Users\erink\OneDrive\Documents\GitHub\mccabe-site\vspfiles\photos\SAR-JL-JL-MSLN-LUSH-altview5.jpg,https://cdn.shopify.com/s/files/1/2047/7533/files/DCMuslin_LushReceiving_2_15ddcbc9-b925-4756-9882-b63d5b3b8225.png?v=1750967518,
SAR,SAR-JL-JL-MSLN-LUSH,OK,6,1620,1620,416958,C:\Users\erink\OneDrive\Documents\GitHub\mccabe-site\vspfiles\photos\SAR-JL-JL-MSLN-LUSH-altview6.jpg,https://cdn.shopify.com/s/files/1/2047/7533/files/DCMuslin_LushReceiving_4_a7e020a1-987a-41e1-902c-d80148e2cefb.png?v=1750967491,
SAR,SAR-JL-JL-MSLN-LUSH,OK,7,1620,1620,374049,C:\Users\erink\OneDrive\Documents\GitHub\mccabe-site\vspfiles\photos\SAR-JL-JL-MSLN-LUSH-altview7.jpg,https://cdn.shopify.com/s/files/1/2047/7533/files/DCMuslin_LushToddler_2_be9547dc-d845-475e-a640-c9b020c7d47e.png?v=1750967490,
SAR,SAR-JL-JL-MSLN-LUSH,OK,8,1620,1620,469583,C:\Users\erink\OneDrive\Documents\GitHub\mccabe-site\vspfiles\photos\SAR-JL-JL-MSLN-LUSH-altview8.jpg,https://cdn.shopify.com/s/files/1/2047/7533/files/DCMuslin_LushToddler_3_eb9d6ab9-1b46-4e54-a5ec-63000a0ffc6c.png?v=1750967491,
SAR,SAR-LUSH,OK,1,2000,2000,497934,C:\Users\erink\OneDrive\Documents\GitHub\mccabe-site\vspfiles\photos\SAR-LUSH-altview1.jpg,https://cdn.shopify.com/s/files/1/2047/7533/products/lush-throw-blankets-796810.jpg?v=1743084221,
SAR,SAR-LUSH,OK,2,2000,2000,392368,C:\Users\erink\OneDrive\Documents\GitHub\mccabe-site\vspfiles\photos\SAR-LUSH-altview2.jpg,https://cdn.shopify.com/s/files/1/2047/7533/products/lush-throw-blankets-439460.jpg?v=1743084221,
SAR,SAR-LUSH,OK,3,1755,1755,635228,C:\Users\erink\OneDrive\Documents\GitHub\mccabe-site\vspfiles\photos\SAR-LUSH-altview3.jpg,https://cdn.shopify.com/s/files/1/2047/7533/files/WalnutThrow_4_7fd3449a-768c-41f4-aa1f-f5712fa3f10c.png?v=1762458247,
SAR,SAR-LUSH,OK,4,1755,1755,432814,C:\Users\erink\OneDrive\Documents\GitHub\mccabe-site\vspfiles\photos\SAR-LUSH-altview4.jpg,https://cdn.shopify.com/s/files/1/2047/7533/files/ButtermilkThrow.png?v=1743084221,
SAR,SAR-LUSH,OK,5,1755,1755,444351,C:\Users\erink\OneDrive\Documents\GitHub\mccabe-site\vspfiles\photos\SAR-LUSH-altview5.jpg,https://cdn.shopify.com/s/files/1/2047/7533/files/ButtermilkThrow_4.png?v=1743084221,
SAR,SAR-LUSH,OK,6,1755,1755,446729,C:\Users\erink\OneDrive\Documents\GitHub\mccabe-site\vspfiles\photos\SAR-LUSH-altview6.jpg,https://cdn.shopify.com/s/files/1/2047/7533/files/CharcoalThrow_2.png?v=1743084221,
SAR,SAR-LUSH,OK,7,1755,1755,742774,C:\Users\erink\OneDrive\Documents\GitHub\mccabe-site\vspfiles\photos\SAR-LUSH-altview7.jpg,https://cdn.shopify.com/s/files/1/2047/7533/files/CharcoalXL_2_8d35b91f-67f9-4a18-9f9b-eaa5738fc49e.png?v=1743084221,
SAR,SAR-LUSH,OK,8,1755,1755,638278,C:\Users\erink\OneDrive\Documents\GitHub\mccabe-site\vspfiles\photos\SAR-LUSH-altview8.jpg,https://cdn.shopify.com/s/files/1/2047/7533/files/FeatherXL_5bc0b531-ceda-4995-a392-40aefcc1f472.png?v=1743084221,
SAR,SAR-LUSH-MINI,OK,1,2000,2000,508796,C:\Users\erink\OneDrive\Documents\GitHub\mccabe-site\vspfiles\photos\SAR-LUSH-MINI-altview1.jpg,https://cdn.shopify.com/s/files/1/2047/7533/products/102-6060-1saranoni_kmhouse_347.jpg?v=1753208248,
SAR,SAR-LUSH-MINI,OK,2,1999,2000,356769,C:\Users\erink\OneDrive\Documents\GitHub\mccabe-site\vspfiles\photos\SAR-LUSH-MINI-altview2.jpg,https://cdn.shopify.com/s/files/1/2047/7533/products/102-6060-1saranoni_kmhouse_349.jpg?v=1753208248,
SAR,SAR-LUSH-MINI,OK,3,1000,1000,135288,C:\Users\erink\OneDrive\Documents\GitHub\mccabe-site\vspfiles\photos\SAR-LUSH-MINI-altview3.jpg,https://cdn.shopify.com/s/files/1/2047/7533/products/102-3838_Saranoni_BeckyKimballPhoto_304_7713dca4-c38b-4a03-96be-a1926bdb354c.jpg?v=1753208248,
SAR,SAR-LUSH-MINI,OK,4,2000,2000,211274,C:\Users\erink\OneDrive\Documents\GitHub\mccabe-site\vspfiles\photos\SAR-LUSH-MINI-altview4.jpg,https://cdn.shopify.com/s/files/1/2047/7533/products/102-6161DSC_8488.jpg?v=1724188708,
SAR,SAR-LUSH-MINI,OK,5,2000,2000,472218,C:\Users\erink\OneDrive\Documents\GitHub\mccabe-site\vspfiles\photos\SAR-LUSH-MINI-altview5.jpg,https://cdn.shopify.com/s/files/1/2047/7533/products/SARANONI_312_0f4328b2-7338-4c69-8ed6-67d02e214cf5.jpg?v=1724189593,
SAR,SAR-LUSH-MINI,OK,6,850,850,90898,C:\Users\erink\OneDrive\Documents\GitHub\mccabe-site\vspfiles\photos\SAR-LUSH-MINI-altview6.jpg,https://cdn.shopify.com/s/files/1/2047/7533/products/Saranoni_AprilShoot_BeckyKimballPhoto_50_eaf78e0f-f07f-4943-9c3d-e4f80c912480.jpg?v=1768504022,
SAR,SAR-LUSH-MINI,OK,7,2000,2000,545348,C:\Users\erink\OneDrive\Documents\GitHub\mccabe-site\vspfiles\photos\SAR-LUSH-MINI-altview7.jpg,https://cdn.shopify.com/s/files/1/2047/7533/products/102-6262saranoni-june_008.jpg?v=1768504022,
SAR,SAR-LUSH-MINI,OK,8,825,825,85751,C:\Users\erink\OneDrive\Documents\GitHub\mccabe-site\vspfiles\photos\SAR-LUSH-MINI-altview8.jpg,https://cdn.shopify.com/s/files/1/2047/7533/products/Saranoni_AprilShoot_BeckyKimballPhoto_44_f7216c19-7665-4a04-ad87-066fc812232b.jpg?v=1768504022,
SAR,SAR-LUSH-RCV,OK,1,2000,2000,392532,C:\Users\erink\OneDrive\Documents\GitHub\mccabe-site\vspfiles\photos\SAR-LUSH-RCV-altview1.jpg,https://cdn.shopify.com/s/files/1/2047/7533/products/SARANONI_069_8bb541b1-c95b-4277-ad3f-fb23750b52f6.jpg?v=1753208433,
SAR,SAR-LUSH-RCV,OK,2,2000,2000,603073,C:\Users\erink\OneDrive\Documents\GitHub\mccabe-site\vspfiles\photos\SAR-LUSH-RCV-altview2.jpg,https://cdn.shopify.com/s/files/1/2047/7533/products/102-3838-2Photo_421_8054ae40-53e8-45ba-a01f-7aca3e18e0ba.jpg?v=1753208433,
SAR,SAR-LUSH-RCV,OK,3,2000,2000,314889,C:\Users\erink\OneDrive\Documents\GitHub\mccabe-site\vspfiles\photos\SAR-LUSH-RCV-altview3.jpg,https://cdn.shopify.com/s/files/1/2047/7533/products/Saranoni_BeckyKimballPhoto_128_613f024f-ac5e-4ecf-80ac-dd723e7c1353.jpg?v=1753206361,
SAR,SAR-LUSH-RCV,OK,4,2000,2000,657654,C:\Users\erink\OneDrive\Documents\GitHub\mccabe-site\vspfiles\photos\SAR-LUSH-RCV-altview4.jpg,https://cdn.shopify.com/s/files/1/2047/7533/products/102-3535-2Photo_66_7ede7d08-18dc-4a56-bc20-9038f16b1b2e.jpg?v=1753206361,
SAR,SAR-LUSH-RCV,OK,5,2000,2000,466889,C:\Users\erink\OneDrive\Documents\GitHub\mccabe-site\vspfiles\photos\SAR-LUSH-RCV-altview5.jpg,https://cdn.shopify.com/s/files/1/2047/7533/products/saranoni_101_02ec58da-84f1-4b8c-a02b-ffae982addf3.jpg?v=1753206361,
SAR,SAR-LUSH-RCV,OK,6,2000,2000,638541,C:\Users\erink\OneDrive\Documents\GitHub\mccabe-site\vspfiles\photos\SAR-LUSH-RCV-altview6.jpg,https://cdn.shopify.com/s/files/1/2047/7533/products/102-3535_2.jpg?v=1753206361,
SAR,SAR-LUSH-RCV,OK,7,2000,2000,380553,C:\Users\erink\OneDrive\Documents\GitHub\mccabe-site\vspfiles\photos\SAR-LUSH-RCV-altview7.jpg,https://cdn.shopify.com/s/files/1/2047/7533/products/102-3636SARANONI_314_1.jpg?v=1753206361,
SAR,SAR-LUSH-RCV,OK,8,2000,2000,560156,C:\Users\erink\OneDrive\Documents\GitHub\mccabe-site\vspfiles\photos\SAR-LUSH-RCV-altview8.jpg,https://cdn.shopify.com/s/files/1/2047/7533/products/102-7878saranoni3-23_014.jpg?v=1753206361,
SAR,SAR-LUSH-TOD,OK,1,1000,1000,129512,C:\Users\erink\OneDrive\Documents\GitHub\mccabe-site\vspfiles\photos\SAR-LUSH-TOD-altview1.jpg,https://cdn.shopify.com/s/files/1/2047/7533/products/Saranoni_NibleyShoot_BeckyKimballPhoto_176_9b46518b-fd72-41f9-8029-da12cdde430a.jpg?v=1755812367,
SAR,SAR-LUSH-TOD,OK,2,1534,1534,223460,C:\Users\erink\OneDrive\Documents\GitHub\mccabe-site\vspfiles\photos\SAR-LUSH-TOD-altview2.jpg,https://cdn.shopify.com/s/files/1/2047/7533/products/102-3838_102-6565saranoni-june_417.jpg?v=1755812367,
SAR,SAR-LUSH-TOD,OK,3,2000,2000,325956,C:\Users\erink\OneDrive\Documents\GitHub\mccabe-site\vspfiles\photos\SAR-LUSH-TOD-altview3.jpg,https://cdn.shopify.com/s/files/1/2047/7533/products/102-3535saranoni-june_425.jpg?v=1755812367,
SAR,SAR-LUSH-TOD,OK,4,2000,2000,907245,C:\Users\erink\OneDrive\Documents\GitHub\mccabe-site\vspfiles\photos\SAR-LUSH-TOD-altview4.jpg,https://cdn.shopify.com/s/files/1/2047/7533/products/102-3636-3Photo_135_47eac7c6-9236-4ce4-9c89-a088b4a318e3.jpg?v=1755812367,
SAR,SAR-LUSH-TOD,OK,5,2000,2000,226346,C:\Users\erink\OneDrive\Documents\GitHub\mccabe-site\vspfiles\photos\SAR-LUSH-TOD-altview5.jpg,https://cdn.shopify.com/s/files/1/2047/7533/products/102-7878-4saranoni_173.jpg?v=1755812367,
SAR,SAR-LUSH-TOD,OK,6,1746,1746,416098,C:\Users\erink\OneDrive\Documents\GitHub\mccabe-site\vspfiles\photos\SAR-LUSH-TOD-altview6.jpg,https://cdn.shopify.com/s/files/1/2047/7533/products/Saranoni_BeckyKimballPhoto_89_f1701b4e-ec6a-44b7-9db1-527cdd84fcd4.jpg?v=1755812367,
SAR,SAR-LUSH-TOD,OK,7,2000,2000,590095,C:\Users\erink\OneDrive\Documents\GitHub\mccabe-site\vspfiles\photos\SAR-LUSH-TOD-altview7.jpg,https://cdn.shopify.com/s/files/1/2047/7533/products/Saranoni_BeckyKimballPhoto_88_8210046f-21dd-4dc8-9c18-0cb16aa049a9.jpg?v=1755812367,
SAR,SAR-LUSH-TOD,OK,8,2000,2000,473960,C:\Users\erink\OneDrive\Documents\GitHub\mccabe-site\vspfiles\photos\SAR-LUSH-TOD-altview8.jpg,https://cdn.shopify.com/s/files/1/2047/7533/products/102-2424Saranoni_Jan2021_BeckyKimballPhoto_93.jpg?v=1755812367,
SAR,SAR-LUSH-XL-LG,OK,1,2000,2000,695757,C:\Users\erink\OneDrive\Documents\GitHub\mccabe-site\vspfiles\photos\SAR-LUSH-XL-LG-altview1.jpg,https://cdn.shopify.com/s/files/1/2047/7533/files/6ccfd615-a68f-49ea-8df4-878f18f8dc86.jpg?v=1762458128,
SAR,SAR-LUSH-XL-LG,OK,2,1890,1890,578579,C:\Users\erink\OneDrive\Documents\GitHub\mccabe-site\vspfiles\photos\SAR-LUSH-XL-LG-altview2.jpg,https://cdn.shopify.com/s/files/1/2047/7533/files/LushXLFeather_2.png?v=1765907118,
SAR,SAR-LUSH-XL-LG,OK,3,1080,1080,104801,C:\Users\erink\OneDrive\Documents\GitHub\mccabe-site\vspfiles\photos\SAR-LUSH-XL-LG-altview3.jpg,https://cdn.shopify.com/s/files/1/2047/7533/files/Feather_3.png?v=1765907118,
SAR,SAR-LUSH-XL-LG,OK,4,1080,1080,201429,C:\Users\erink\OneDrive\Documents\GitHub\mccabe-site\vspfiles\photos\SAR-LUSH-XL-LG-altview4.jpg,https://cdn.shopify.com/s/files/1/2047/7533/files/Feather_4.png?v=1765907118,
SAR,SAR-LUSH-XL-LG,OK,5,1080,1080,174752,C:\Users\erink\OneDrive\Documents\GitHub\mccabe-site\vspfiles\photos\SAR-LUSH-XL-LG-altview5.jpg,https://cdn.shopify.com/s/files/1/2047/7533/files/Lush_5.png?v=1765907118,
SAR,SAR-LUSH-XL-LG,OK,6,1080,1080,343048,C:\Users\erink\OneDrive\Documents\GitHub\mccabe-site\vspfiles\photos\SAR-LUSH-XL-LG-altview6.jpg,https://cdn.shopify.com/s/files/1/2047/7533/files/Lush_7.png?v=1765907118,
SAR,SAR-LUSH-XL-LG,OK,7,2000,2000,764392,C:\Users\erink\OneDrive\Documents\GitHub\mccabe-site\vspfiles\photos\SAR-LUSH-XL-LG-altview7.jpg,https://cdn.shopify.com/s/files/1/2047/7533/files/102-6060Saranoni_1.24_105.jpg?v=1765907118,
SAR,SAR-LUSH-XL-LG,OK,8,1890,1890,739179,C:\Users\erink\OneDrive\Documents\GitHub\mccabe-site\vspfiles\photos\SAR-LUSH-XL-LG-altview8.jpg,https://cdn.shopify.com/s/files/1/2047/7533/files/5_4244c485-8f48-4d28-8865-4267193d636e.png?v=1765907779,
SAR,SAR-MARBLE-FX-FUR-MNKY-XL-LG,NO_HANDLE,,,,,,,no working Shopify handle
SAR,SAR-MNKY-LUSH,OK,1,1620,1620,451234,C:\Users\erink\OneDrive\Documents\GitHub\mccabe-site\vspfiles\photos\SAR-MNKY-LUSH-altview1.jpg,https://cdn.shopify.com/s/files/1/2047/7533/files/IvyXL_3.png?v=1741874243,
SAR,SAR-MNKY-LUSH,OK,2,1620,1620,416993,C:\Users\erink\OneDrive\Documents\GitHub\mccabe-site\vspfiles\photos\SAR-MNKY-LUSH-altview2.jpg,https://cdn.shopify.com/s/files/1/2047/7533/files/IvyXL_4.png?v=1741874243,
SAR,SAR-MNKY-LUSH,OK,3,1620,1620,442295,C:\Users\erink\OneDrive\Documents\GitHub\mccabe-site\vspfiles\photos\SAR-MNKY-LUSH-altview3.jpg,https://cdn.shopify.com/s/files/1/2047/7533/files/IvyXL.png?v=1741874243,
SAR,SAR-MNKY-LUSH,OK,4,1080,1080,109189,C:\Users\erink\OneDrive\Documents\GitHub\mccabe-site\vspfiles\photos\SAR-MNKY-LUSH-altview4.jpg,https://cdn.shopify.com/s/files/1/2047/7533/files/minkylush-xl-blankets-555027.jpg?v=1741874243,
SAR,SAR-MNKY-LUSH,OK,5,1080,1080,188709,C:\Users\erink\OneDrive\Documents\GitHub\mccabe-site\vspfiles\photos\SAR-MNKY-LUSH-altview5.jpg,https://cdn.shopify.com/s/files/1/2047/7533/files/minkylush-xl-blankets-173647.jpg?v=1741874243,
SAR,SAR-MNKY-LUSH,OK,6,1080,1080,185766,C:\Users\erink\OneDrive\Documents\GitHub\mccabe-site\vspfiles\photos\SAR-MNKY-LUSH-altview6.jpg,https://cdn.shopify.com/s/files/1/2047/7533/files/minkylush-xl-blankets-504018.jpg?v=1741874243,
SAR,SAR-MNKY-LUSH,OK,7,1080,1080,168970,C:\Users\erink\OneDrive\Documents\GitHub\mccabe-site\vspfiles\photos\SAR-MNKY-LUSH-altview7.jpg,https://cdn.shopify.com/s/files/1/2047/7533/files/minkylush-xl-blankets-568642.jpg?v=1741874243,
SAR,SAR-MNKY-LUSH,OK,8,1080,1080,210791,C:\Users\erink\OneDrive\Documents\GitHub\mccabe-site\vspfiles\photos\SAR-MNKY-LUSH-altview8.jpg,https://cdn.shopify.com/s/files/1/2047/7533/files/minkylush-xl-blankets-731282.jpg?v=1741874243,
SAR,SAR-MNKY-LUSH-TOD,OK,1,1080,1080,212967,C:\Users\erink\OneDrive\Documents\GitHub\mccabe-site\vspfiles\photos\SAR-MNKY-LUSH-TOD-altview1.jpg,https://cdn.shopify.com/s/files/1/2047/7533/files/minkylush-toddler-blankets-867202.jpg?v=1762459145,
SAR,SAR-MNKY-LUSH-TOD,OK,2,1080,1080,140814,C:\Users\erink\OneDrive\Documents\GitHub\mccabe-site\vspfiles\photos\SAR-MNKY-LUSH-TOD-altview2.jpg,https://cdn.shopify.com/s/files/1/2047/7533/files/minkylush-toddler-blankets-462208.jpg?v=1724161590,
SAR,SAR-MNKY-LUSH-TOD,OK,3,1080,1080,169107,C:\Users\erink\OneDrive\Documents\GitHub\mccabe-site\vspfiles\photos\SAR-MNKY-LUSH-TOD-altview3.jpg,https://cdn.shopify.com/s/files/1/2047/7533/files/minkylush-toddler-blankets-434490.jpg?v=1724161590,
SAR,SAR-MNKY-LUSH-TOD,OK,4,1080,1080,196612,C:\Users\erink\OneDrive\Documents\GitHub\mccabe-site\vspfiles\photos\SAR-MNKY-LUSH-TOD-altview4.jpg,https://cdn.shopify.com/s/files/1/2047/7533/files/minkylush-toddler-blankets-615656.jpg?v=1724161590,
SAR,SAR-MNKY-LUSH-TOD,OK,5,1080,1080,214756,C:\Users\erink\OneDrive\Documents\GitHub\mccabe-site\vspfiles\photos\SAR-MNKY-LUSH-TOD-altview5.jpg,https://cdn.shopify.com/s/files/1/2047/7533/files/minkylush-toddler-blankets-887340.jpg?v=1724161590,
SAR,SAR-MNKY-LUSH-TOD,OK,6,1080,1080,169106,C:\Users\erink\OneDrive\Documents\GitHub\mccabe-site\vspfiles\photos\SAR-MNKY-LUSH-TOD-altview6.jpg,https://cdn.shopify.com/s/files/1/2047/7533/files/minkylush-toddler-blankets-334031.jpg?v=1724161590,
SAR,SAR-MNKY-LUSH-TOD,SKIP_DUP,,1080,1080,,,https://cdn.shopify.com/s/files/1/2047/7533/files/minkylush-toddler-blankets-589642.jpg?v=1724161590,duplicate of main/thumb or prior altview
SAR,SAR-MNKY-LUSH-TOD,OK,7,2000,2000,178633,C:\Users\erink\OneDrive\Documents\GitHub\mccabe-site\vspfiles\photos\SAR-MNKY-LUSH-TOD-altview7.jpg,https://cdn.shopify.com/s/files/1/2047/7533/files/Untitleddesign_15.png?v=1773325085,
SAR,SAR-MNKY-LUSH-XL-LG,OK,1,1620,1620,451234,C:\Users\erink\OneDrive\Documents\GitHub\mccabe-site\vspfiles\photos\SAR-MNKY-LUSH-XL-LG-altview1.jpg,https://cdn.shopify.com/s/files/1/2047/7533/files/IvyXL_3.png?v=1741874243,
SAR,SAR-MNKY-LUSH-XL-LG,OK,2,1620,1620,416993,C:\Users\erink\OneDrive\Documents\GitHub\mccabe-site\vspfiles\photos\SAR-MNKY-LUSH-XL-LG-altview2.jpg,https://cdn.shopify.com/s/files/1/2047/7533/files/IvyXL_4.png?v=1741874243,
SAR,SAR-MNKY-LUSH-XL-LG,OK,3,1620,1620,442295,C:\Users\erink\OneDrive\Documents\GitHub\mccabe-site\vspfiles\photos\SAR-MNKY-LUSH-XL-LG-altview3.jpg,https://cdn.shopify.com/s/files/1/2047/7533/files/IvyXL.png?v=1741874243,
SAR,SAR-MNKY-LUSH-XL-LG,OK,4,1080,1080,109189,C:\Users\erink\OneDrive\Documents\GitHub\mccabe-site\vspfiles\photos\SAR-MNKY-LUSH-XL-LG-altview4.jpg,https://cdn.shopify.com/s/files/1/2047/7533/files/minkylush-xl-blankets-555027.jpg?v=1741874243,
SAR,SAR-MNKY-LUSH-XL-LG,OK,5,1080,1080,188709,C:\Users\erink\OneDrive\Documents\GitHub\mccabe-site\vspfiles\photos\SAR-MNKY-LUSH-XL-LG-altview5.jpg,https://cdn.shopify.com/s/files/1/2047/7533/files/minkylush-xl-blankets-173647.jpg?v=1741874243,
SAR,SAR-MNKY-LUSH-XL-LG,OK,6,1080,1080,185766,C:\Users\erink\OneDrive\Documents\GitHub\mccabe-site\vspfiles\photos\SAR-MNKY-LUSH-XL-LG-altview6.jpg,https://cdn.shopify.com/s/files/1/2047/7533/files/minkylush-xl-blankets-504018.jpg?v=1741874243,
SAR,SAR-MNKY-LUSH-XL-LG,OK,7,1080,1080,168970,C:\Users\erink\OneDrive\Documents\GitHub\mccabe-site\vspfiles\photos\SAR-MNKY-LUSH-XL-LG-altview7.jpg,https://cdn.shopify.com/s/files/1/2047/7533/files/minkylush-xl-blankets-568642.jpg?v=1741874243,
SAR,SAR-MNKY-LUSH-XL-LG,OK,8,1080,1080,210791,C:\Users\erink\OneDrive\Documents\GitHub\mccabe-site\vspfiles\photos\SAR-MNKY-LUSH-XL-LG-altview8.jpg,https://cdn.shopify.com/s/files/1/2047/7533/files/minkylush-xl-blankets-731282.jpg?v=1741874243,
SAR,SAR-MNKY-PLAY-MAT,OK,1,2000,2000,489387,C:\Users\erink\OneDrive\Documents\GitHub\mccabe-site\vspfiles\photos\SAR-MNKY-PLAY-MAT-altview1.jpg,https://cdn.shopify.com/s/files/1/2047/7533/files/minky-play-mat-314009.jpg?v=1762459153,
SAR,SAR-MNKY-PLAY-MAT,OK,2,2000,2000,582368,C:\Users\erink\OneDrive\Documents\GitHub\mccabe-site\vspfiles\photos\SAR-MNKY-PLAY-MAT-altview2.jpg,https://cdn.shopify.com/s/files/1/2047/7533/files/minky-play-mat-645168.jpg?v=1754719012,
SAR,SAR-MNKY-PLAY-MAT,OK,3,1890,1890,519410,C:\Users\erink\OneDrive\Documents\GitHub\mccabe-site\vspfiles\photos\SAR-MNKY-PLAY-MAT-altview3.jpg,https://cdn.shopify.com/s/files/1/2047/7533/files/86_c85ad2be-3457-4654-8656-687565407c23.png?v=1754719012,
SAR,SAR-MNKY-PLAY-MAT,OK,4,2000,2000,951777,C:\Users\erink\OneDrive\Documents\GitHub\mccabe-site\vspfiles\photos\SAR-MNKY-PLAY-MAT-altview4.jpg,https://cdn.shopify.com/s/files/1/2047/7533/files/minky-play-mat-576492.jpg?v=1754719012,
SAR,SAR-MNKY-PLAY-MAT,OK,5,1890,1890,513847,C:\Users\erink\OneDrive\Documents\GitHub\mccabe-site\vspfiles\photos\SAR-MNKY-PLAY-MAT-altview5.jpg,https://cdn.shopify.com/s/files/1/2047/7533/files/88_62be7811-a8b9-42d2-8de7-f36a1d014d61.png?v=1754718955,
SAR,SAR-MNKY-PLAY-MAT,OK,6,1890,1890,320966,C:\Users\erink\OneDrive\Documents\GitHub\mccabe-site\vspfiles\photos\SAR-MNKY-PLAY-MAT-altview6.jpg,https://cdn.shopify.com/s/files/1/2047/7533/files/89_c4dd9234-c80e-489c-bc70-d726f419460d.png?v=1754718955,
SAR,SAR-MNKY-PLAY-MAT,SKIP_DUP,,2000,2000,,,https://cdn.shopify.com/s/files/1/2047/7533/files/minky-play-mat-648473.jpg?v=1754718955,duplicate of main/thumb or prior altview
SAR,SAR-MNKY-PLAY-MAT,OK,7,2000,2000,488119,C:\Users\erink\OneDrive\Documents\GitHub\mccabe-site\vspfiles\photos\SAR-MNKY-PLAY-MAT-altview7.jpg,https://cdn.shopify.com/s/files/1/2047/7533/files/minky-play-mat-304446.jpg?v=1754718955,
SAR,SAR-MNKY-PLAY-MAT,OK,8,2000,2000,589790,C:\Users\erink\OneDrive\Documents\GitHub\mccabe-site\vspfiles\photos\SAR-MNKY-PLAY-MAT-altview8.jpg,https://cdn.shopify.com/s/files/1/2047/7533/files/minky-play-mat-508073.jpg?v=1754718955,
SAR,SAR-MNKY-STR,OK,1,2000,2000,297606,C:\Users\erink\OneDrive\Documents\GitHub\mccabe-site\vspfiles\photos\SAR-MNKY-STR-altview1.jpg,https://cdn.shopify.com/s/files/1/2047/7533/products/minky-stretch-throw-blankets-814195.jpg?v=1744393463,
SAR,SAR-MNKY-STR,OK,2,2000,2000,277594,C:\Users\erink\OneDrive\Documents\GitHub\mccabe-site\vspfiles\photos\SAR-MNKY-STR-altview2.jpg,https://cdn.shopify.com/s/files/1/2047/7533/products/minky-stretch-throw-blankets-794898.jpg?v=1744393463,
SAR,SAR-MNKY-STR,OK,3,2000,2000,198385,C:\Users\erink\OneDrive\Documents\GitHub\mccabe-site\vspfiles\photos\SAR-MNKY-STR-altview3.jpg,https://cdn.shopify.com/s/files/1/2047/7533/products/minky-stretch-throw-blankets-962754.jpg?v=1756841999,
SAR,SAR-MNKY-STR,OK,4,2000,2000,179404,C:\Users\erink\OneDrive\Documents\GitHub\mccabe-site\vspfiles\photos\SAR-MNKY-STR-altview4.jpg,https://cdn.shopify.com/s/files/1/2047/7533/products/minky-stretch-throw-blankets-175121.jpg?v=1756841999,
SAR,SAR-MNKY-STR,OK,5,1080,1080,163265,C:\Users\erink\OneDrive\Documents\GitHub\mccabe-site\vspfiles\photos\SAR-MNKY-STR-altview5.jpg,https://cdn.shopify.com/s/files/1/2047/7533/files/Minky_Stretch_df5333a8-e6f3-4e5d-9664-4476f6e60f13.png?v=1756842281,
SAR,SAR-MNKY-STR,OK,6,1080,1080,171240,C:\Users\erink\OneDrive\Documents\GitHub\mccabe-site\vspfiles\photos\SAR-MNKY-STR-altview6.jpg,https://cdn.shopify.com/s/files/1/2047/7533/files/Minky_Stretch_2.png?v=1756842281,
SAR,SAR-MNKY-STR,OK,7,1890,1890,705950,C:\Users\erink\OneDrive\Documents\GitHub\mccabe-site\vspfiles\photos\SAR-MNKY-STR-altview7.jpg,https://cdn.shopify.com/s/files/1/2047/7533/files/246.png?v=1756841999,
SAR,SAR-MNKY-STR,OK,8,1890,1890,577821,C:\Users\erink\OneDrive\Documents\GitHub\mccabe-site\vspfiles\photos\SAR-MNKY-STR-altview8.jpg,https://cdn.shopify.com/s/files/1/2047/7533/files/249.png?v=1756841999,
SAR,SAR-MNKY-STR-LUXE-ROBES,OK,1,1620,1620,402691,C:\Users\erink\OneDrive\Documents\GitHub\mccabe-site\vspfiles\photos\SAR-MNKY-STR-LUXE-ROBES-altview1.jpg,https://cdn.shopify.com/s/files/1/2047/7533/files/2_0d9c0fea-1aa9-4504-8033-e07a9f9bda87.png?v=1745951129,
SAR,SAR-MNKY-STR-LUXE-ROBES,OK,2,1620,1620,488332,C:\Users\erink\OneDrive\Documents\GitHub\mccabe-site\vspfiles\photos\SAR-MNKY-STR-LUXE-ROBES-altview2.jpg,https://cdn.shopify.com/s/files/1/2047/7533/files/3_6a6a1c56-0bbe-4c0c-b7b3-34ab7d25e0a4.png?v=1774304434,
SAR,SAR-MNKY-STR-LUXE-ROBES,OK,3,1620,1620,341458,C:\Users\erink\OneDrive\Documents\GitHub\mccabe-site\vspfiles\photos\SAR-MNKY-STR-LUXE-ROBES-altview3.jpg,https://cdn.shopify.com/s/files/1/2047/7533/files/4_364ca833-deb4-4172-be9f-de80b1731e54.png?v=1774304434,
SAR,SAR-MNKY-STR-LUXE-ROBES,OK,4,1620,1620,604034,C:\Users\erink\OneDrive\Documents\GitHub\mccabe-site\vspfiles\photos\SAR-MNKY-STR-LUXE-ROBES-altview4.jpg,https://cdn.shopify.com/s/files/1/2047/7533/files/10_9238c222-d26a-4021-bd02-b6a65b6ecc56.png?v=1774304434,
SAR,SAR-MNKY-STR-LUXE-ROBES,OK,5,1620,1620,313869,C:\Users\erink\OneDrive\Documents\GitHub\mccabe-site\vspfiles\photos\SAR-MNKY-STR-LUXE-ROBES-altview5.jpg,https://cdn.shopify.com/s/files/1/2047/7533/files/11_2c511fee-04fe-47ce-a45f-8a60a3b63e2c.png?v=1774304434,
SAR,SAR-MNKY-STR-LUXE-ROBES,OK,6,1620,1620,382433,C:\Users\erink\OneDrive\Documents\GitHub\mccabe-site\vspfiles\photos\SAR-MNKY-STR-LUXE-ROBES-altview6.jpg,https://cdn.shopify.com/s/files/1/2047/7533/files/12_51660a3b-087d-498e-9964-f27e3e4b51a7.png?v=1774304434,
SAR,SAR-MNKY-STR-LUXE-ROBES,OK,7,1620,1620,535807,C:\Users\erink\OneDrive\Documents\GitHub\mccabe-site\vspfiles\photos\SAR-MNKY-STR-LUXE-ROBES-altview7.jpg,https://cdn.shopify.com/s/files/1/2047/7533/files/7_0ae26de6-e058-4cb8-b0b4-26f64b2d59f4.png?v=1774304434,
SAR,SAR-MNKY-STR-LUXE-ROBES,OK,8,1620,1620,397667,C:\Users\erink\OneDrive\Documents\GitHub\mccabe-site\vspfiles\photos\SAR-MNKY-STR-LUXE-ROBES-altview8.jpg,https://cdn.shopify.com/s/files/1/2047/7533/files/6_19288716-0e2e-404b-91e0-e5892c989451.png?v=1774304434,
SAR,SAR-PLSH-FX-FUR-XL-LG,NO_HANDLE,,,,,,,no working Shopify handle
SAR,SAR-PTRN-FX-FUR-XL-LG,OK,1,1890,1890,579221,C:\Users\erink\OneDrive\Documents\GitHub\mccabe-site\vspfiles\photos\SAR-PTRN-FX-FUR-XL-LG-altview1.jpg,https://cdn.shopify.com/s/files/1/2047/7533/files/9_7e15301e-aaeb-45bd-a133-d154925eca39.png?v=1783573663,
SAR,SAR-PTRN-FX-FUR-XL-LG,OK,2,1620,1620,492471,C:\Users\erink\OneDrive\Documents\GitHub\mccabe-site\vspfiles\photos\SAR-PTRN-FX-FUR-XL-LG-altview2.jpg,https://cdn.shopify.com/s/files/1/2047/7533/files/PatternedFauxFurXL-Clove_3_d73b82f7-db0c-4fbd-be63-18dc26e57333.png?v=1762458158,
SAR,SAR-PTRN-FX-FUR-XL-LG,OK,3,1080,1080,267394,C:\Users\erink\OneDrive\Documents\GitHub\mccabe-site\vspfiles\photos\SAR-PTRN-FX-FUR-XL-LG-altview3.jpg,https://cdn.shopify.com/s/files/1/2047/7533/files/Feather_2_94d22ee2-5fc7-40d1-8b15-604e6a5d15c1.png?v=1737571895,
SAR,SAR-PTRN-FX-FUR-XL-LG,OK,4,1080,1080,143782,C:\Users\erink\OneDrive\Documents\GitHub\mccabe-site\vspfiles\photos\SAR-PTRN-FX-FUR-XL-LG-altview4.jpg,https://cdn.shopify.com/s/files/1/2047/7533/files/Feather_3_db167a30-0c1a-4c4b-ad32-d6dd9decf914.png?v=1737571895,
SAR,SAR-PTRN-FX-FUR-XL-LG,OK,5,1080,1080,176389,C:\Users\erink\OneDrive\Documents\GitHub\mccabe-site\vspfiles\photos\SAR-PTRN-FX-FUR-XL-LG-altview5.jpg,https://cdn.shopify.com/s/files/1/2047/7533/files/Patterned_Faux_Fur_17.png?v=1744396207,
SAR,SAR-PTRN-FX-FUR-XL-LG,OK,6,1080,1080,229480,C:\Users\erink\OneDrive\Documents\GitHub\mccabe-site\vspfiles\photos\SAR-PTRN-FX-FUR-XL-LG-altview6.jpg,https://cdn.shopify.com/s/files/1/2047/7533/files/Ivory_2_74baabc7-fa10-4445-8c14-b8a98f90afa0.png?v=1744391871,
SAR,SAR-PTRN-FX-FUR-XL-LG,OK,7,1080,1080,168907,C:\Users\erink\OneDrive\Documents\GitHub\mccabe-site\vspfiles\photos\SAR-PTRN-FX-FUR-XL-LG-altview7.jpg,https://cdn.shopify.com/s/files/1/2047/7533/files/Ivory_3_578a4428-1938-4142-bb20-92cbbabbfbe4.png?v=1744391871,
SAR,SAR-PTRN-FX-FUR-XL-LG,OK,8,1080,1080,112763,C:\Users\erink\OneDrive\Documents\GitHub\mccabe-site\vspfiles\photos\SAR-PTRN-FX-FUR-XL-LG-altview8.jpg,https://cdn.shopify.com/s/files/1/2047/7533/files/Ivory_4_3f49ed12-d5dd-492c-900c-a75daf281d31.png?v=1744391871,
SAR,SAR-RIBBED-BMB,OK,1,2000,2000,430225,C:\Users\erink\OneDrive\Documents\GitHub\mccabe-site\vspfiles\photos\SAR-RIBBED-BMB-altview1.jpg,https://cdn.shopify.com/s/files/1/2047/7533/products/ribbed-bamboni-throw-blankets-688607.jpg?v=1762458140,
SAR,SAR-RIBBED-BMB,OK,2,1080,1080,311142,C:\Users\erink\OneDrive\Documents\GitHub\mccabe-site\vspfiles\photos\SAR-RIBBED-BMB-altview2.jpg,https://cdn.shopify.com/s/files/1/2047/7533/files/Cameo_2.png?v=1738954287,
SAR,SAR-RIBBED-BMB,OK,3,1080,1080,267480,C:\Users\erink\OneDrive\Documents\GitHub\mccabe-site\vspfiles\photos\SAR-RIBBED-BMB-altview3.jpg,https://cdn.shopify.com/s/files/1/2047/7533/files/Cameo_3.png?v=1738954287,
SAR,SAR-RIBBED-BMB,OK,4,1080,1080,263915,C:\Users\erink\OneDrive\Documents\GitHub\mccabe-site\vspfiles\photos\SAR-RIBBED-BMB-altview4.jpg,https://cdn.shopify.com/s/files/1/2047/7533/files/Cameo_4.png?v=1738954287,
SAR,SAR-RIBBED-BMB,OK,5,1080,1080,358915,C:\Users\erink\OneDrive\Documents\GitHub\mccabe-site\vspfiles\photos\SAR-RIBBED-BMB-altview5.jpg,https://cdn.shopify.com/s/files/1/2047/7533/files/Moonbeam_2.png?v=1738954287,
SAR,SAR-RIBBED-BMB,OK,6,1080,1080,289006,C:\Users\erink\OneDrive\Documents\GitHub\mccabe-site\vspfiles\photos\SAR-RIBBED-BMB-altview6.jpg,https://cdn.shopify.com/s/files/1/2047/7533/files/Moonbeam_3.png?v=1738954287,
SAR,SAR-RIBBED-BMB,OK,7,1080,1080,126934,C:\Users\erink\OneDrive\Documents\GitHub\mccabe-site\vspfiles\photos\SAR-RIBBED-BMB-altview7.jpg,https://cdn.shopify.com/s/files/1/2047/7533/files/Moonbeam_4.png?v=1738954287,
SAR,SAR-RIBBED-BMB,OK,8,1080,1080,316435,C:\Users\erink\OneDrive\Documents\GitHub\mccabe-site\vspfiles\photos\SAR-RIBBED-BMB-altview8.jpg,https://cdn.shopify.com/s/files/1/2047/7533/files/Ginger_2.png?v=1738954287,
SAR,SAR-RIBBED-BMB-QUEEN-KING,OK,1,2000,2000,610411,C:\Users\erink\OneDrive\Documents\GitHub\mccabe-site\vspfiles\photos\SAR-RIBBED-BMB-QUEEN-KING-altview1.jpg,https://cdn.shopify.com/s/files/1/2047/7533/products/ribbed-bamboni-king-blankets-718869.jpg?v=1691083856,
SAR,SAR-RIBBED-BMB-QUEEN-KING,OK,2,2000,2000,646563,C:\Users\erink\OneDrive\Documents\GitHub\mccabe-site\vspfiles\photos\SAR-RIBBED-BMB-QUEEN-KING-altview2.jpg,https://cdn.shopify.com/s/files/1/2047/7533/products/ribbed-bamboni-king-blankets-942936.jpg?v=1691083856,
SAR,SAR-RIBBED-BMB-QUEEN-KING,OK,3,2000,2000,636967,C:\Users\erink\OneDrive\Documents\GitHub\mccabe-site\vspfiles\photos\SAR-RIBBED-BMB-QUEEN-KING-altview3.jpg,https://cdn.shopify.com/s/files/1/2047/7533/products/ribbed-bamboni-king-blankets-785975.jpg?v=1691083856,
SAR,SAR-RIBBED-BMB-QUEEN-KING,OK,4,2000,2000,602459,C:\Users\erink\OneDrive\Documents\GitHub\mccabe-site\vspfiles\photos\SAR-RIBBED-BMB-QUEEN-KING-altview4.jpg,https://cdn.shopify.com/s/files/1/2047/7533/products/ribbed-bamboni-king-blankets-117933.jpg?v=1691083856,
SAR,SAR-RIBBED-BMB-QUEEN-KING,OK,5,2000,2000,694817,C:\Users\erink\OneDrive\Documents\GitHub\mccabe-site\vspfiles\photos\SAR-RIBBED-BMB-QUEEN-KING-altview5.jpg,https://cdn.shopify.com/s/files/1/2047/7533/products/ribbed-bamboni-king-blankets-174322.jpg?v=1691083856,
SAR,SAR-RIBBED-BMB-QUEEN-KING,OK,6,2000,2000,586978,C:\Users\erink\OneDrive\Documents\GitHub\mccabe-site\vspfiles\photos\SAR-RIBBED-BMB-QUEEN-KING-altview6.jpg,https://cdn.shopify.com/s/files/1/2047/7533/products/ribbed-bamboni-king-blankets-569054.jpg?v=1691083856,
SAR,SAR-RIBBED-BMB-QUEEN-KING,OK,7,1128,1128,219785,C:\Users\erink\OneDrive\Documents\GitHub\mccabe-site\vspfiles\photos\SAR-RIBBED-BMB-QUEEN-KING-altview7.jpg,https://cdn.shopify.com/s/files/1/2047/7533/products/ribbed-bamboni-king-blankets-183572.jpg?v=1691083856,
SAR,SAR-RIBBED-BMB-QUEEN-KING,OK,8,2000,2000,536770,C:\Users\erink\OneDrive\Documents\GitHub\mccabe-site\vspfiles\photos\SAR-RIBBED-BMB-QUEEN-KING-altview8.jpg,https://cdn.shopify.com/s/files/1/2047/7533/products/ribbed-bamboni-king-blankets-834319.jpg?v=1691083856,
SAR,SAR-RIBBED-BMB-XL-LG,OK,1,2000,2000,470322,C:\Users\erink\OneDrive\Documents\GitHub\mccabe-site\vspfiles\photos\SAR-RIBBED-BMB-XL-LG-altview1.jpg,https://cdn.shopify.com/s/files/1/2047/7533/products/ribbed-bamboni-xl-blankets-774077.jpg?v=1691084061,
SAR,SAR-RIBBED-BMB-XL-LG,OK,2,2000,2000,687364,C:\Users\erink\OneDrive\Documents\GitHub\mccabe-site\vspfiles\photos\SAR-RIBBED-BMB-XL-LG-altview2.jpg,https://cdn.shopify.com/s/files/1/2047/7533/products/ribbed-bamboni-xl-blankets-189178.jpg?v=1691084061,
SAR,SAR-RIBBED-BMB-XL-LG,OK,3,2000,2000,935334,C:\Users\erink\OneDrive\Documents\GitHub\mccabe-site\vspfiles\photos\SAR-RIBBED-BMB-XL-LG-altview3.jpg,https://cdn.shopify.com/s/files/1/2047/7533/products/ribbed-bamboni-xl-blankets-101911.jpg?v=1691084061,
SAR,SAR-RIBBED-BMB-XL-LG,OK,4,2000,2000,525121,C:\Users\erink\OneDrive\Documents\GitHub\mccabe-site\vspfiles\photos\SAR-RIBBED-BMB-XL-LG-altview4.jpg,https://cdn.shopify.com/s/files/1/2047/7533/products/ribbed-bamboni-xl-blankets-332810.jpg?v=1691084061,
SAR,SAR-RIBBED-BMB-XL-LG,OK,5,1999,2000,490840,C:\Users\erink\OneDrive\Documents\GitHub\mccabe-site\vspfiles\photos\SAR-RIBBED-BMB-XL-LG-altview5.jpg,https://cdn.shopify.com/s/files/1/2047/7533/products/ribbed-bamboni-xl-blankets-913438.jpg?v=1691084061,
SAR,SAR-RIBBED-BMB-XL-LG,OK,6,2000,2000,436935,C:\Users\erink\OneDrive\Documents\GitHub\mccabe-site\vspfiles\photos\SAR-RIBBED-BMB-XL-LG-altview6.jpg,https://cdn.shopify.com/s/files/1/2047/7533/products/ribbed-bamboni-xl-blankets-772722.jpg?v=1691084061,
SAR,SAR-RIBBED-BMB-XL-LG,OK,7,2000,2000,807175,C:\Users\erink\OneDrive\Documents\GitHub\mccabe-site\vspfiles\photos\SAR-RIBBED-BMB-XL-LG-altview7.jpg,https://cdn.shopify.com/s/files/1/2047/7533/products/ribbed-bamboni-xl-blankets-179335.jpg?v=1691084061,
SAR,SAR-RIBBED-BMB-XL-LG,OK,8,1580,1580,510138,C:\Users\erink\OneDrive\Documents\GitHub\mccabe-site\vspfiles\photos\SAR-RIBBED-BMB-XL-LG-altview8.jpg,https://cdn.shopify.com/s/files/1/2047/7533/products/ribbed-bamboni-xl-blankets-441740.jpg?v=1691084061,
SAR,SAR-SATIN-BACK-TOD,OK,1,1000,1000,160527,C:\Users\erink\OneDrive\Documents\GitHub\mccabe-site\vspfiles\photos\SAR-SATIN-BACK-TOD-altview1.jpg,https://cdn.shopify.com/s/files/1/2047/7533/products/satin-back-toddler-blankets-137625.jpg?v=1743449188,
SAR,SAR-SATIN-BACK-TOD,OK,2,1000,1000,118438,C:\Users\erink\OneDrive\Documents\GitHub\mccabe-site\vspfiles\photos\SAR-SATIN-BACK-TOD-altview2.jpg,https://cdn.shopify.com/s/files/1/2047/7533/products/satin-back-toddler-blankets-757488.jpg?v=1743449188,
SAR,SAR-SATIN-BACK-TOD,OK,3,1000,1000,163913,C:\Users\erink\OneDrive\Documents\GitHub\mccabe-site\vspfiles\photos\SAR-SATIN-BACK-TOD-altview3.jpg,https://cdn.shopify.com/s/files/1/2047/7533/products/satin-back-toddler-blankets-547751.jpg?v=1743449086,
SAR,SAR-SATIN-BACK-TOD,OK,4,1000,1000,180735,C:\Users\erink\OneDrive\Documents\GitHub\mccabe-site\vspfiles\photos\SAR-SATIN-BACK-TOD-altview4.jpg,https://cdn.shopify.com/s/files/1/2047/7533/products/satin-back-toddler-blankets-795392.jpg?v=1743449086,
SAR,SAR-SATIN-BACK-TOD,OK,5,2000,2000,515449,C:\Users\erink\OneDrive\Documents\GitHub\mccabe-site\vspfiles\photos\SAR-SATIN-BACK-TOD-altview5.jpg,https://cdn.shopify.com/s/files/1/2047/7533/products/satin-back-toddler-blankets-544987.jpg?v=1743449086,
SAR,SAR-SATIN-BACK-TOD,OK,6,1000,1000,178628,C:\Users\erink\OneDrive\Documents\GitHub\mccabe-site\vspfiles\photos\SAR-SATIN-BACK-TOD-altview6.jpg,https://cdn.shopify.com/s/files/1/2047/7533/products/satin-back-toddler-blankets-872467.jpg?v=1743449086,
SAR,SAR-SATIN-BACK-TOD,OK,7,2000,2000,512854,C:\Users\erink\OneDrive\Documents\GitHub\mccabe-site\vspfiles\photos\SAR-SATIN-BACK-TOD-altview7.jpg,https://cdn.shopify.com/s/files/1/2047/7533/products/satin-back-toddler-blankets-482401.jpg?v=1743449086,
SAR,SAR-SATIN-BACK-TOD,OK,8,2000,2000,553698,C:\Users\erink\OneDrive\Documents\GitHub\mccabe-site\vspfiles\photos\SAR-SATIN-BACK-TOD-altview8.jpg,https://cdn.shopify.com/s/files/1/2047/7533/products/satin-back-toddler-blankets-936522.jpg?v=1743449086,
SAR,SAR-SNUGGLER,OK,1,2000,2000,405315,C:\Users\erink\OneDrive\Documents\GitHub\mccabe-site\vspfiles\photos\SAR-SNUGGLER-altview1.jpg,https://cdn.shopify.com/s/files/1/2047/7533/products/snuggler-654296.jpg?v=1762458287,
SAR,SAR-SNUGGLER,OK,2,2000,2000,372213,C:\Users\erink\OneDrive\Documents\GitHub\mccabe-site\vspfiles\photos\SAR-SNUGGLER-altview2.jpg,https://cdn.shopify.com/s/files/1/2047/7533/products/snuggler-124630.jpg?v=1691084053,
SAR,SAR-SNUGGLER,OK,3,2000,2000,301520,C:\Users\erink\OneDrive\Documents\GitHub\mccabe-site\vspfiles\photos\SAR-SNUGGLER-altview3.jpg,https://cdn.shopify.com/s/files/1/2047/7533/products/snuggler-801141.jpg?v=1691084053,
SAR,SAR-SNUGGLER,OK,4,2000,2000,326139,C:\Users\erink\OneDrive\Documents\GitHub\mccabe-site\vspfiles\photos\SAR-SNUGGLER-altview4.jpg,https://cdn.shopify.com/s/files/1/2047/7533/products/snuggler-104858.jpg?v=1691084053,
SAR,SAR-SNUGGLER,OK,5,2000,2000,215220,C:\Users\erink\OneDrive\Documents\GitHub\mccabe-site\vspfiles\photos\SAR-SNUGGLER-altview5.jpg,https://cdn.shopify.com/s/files/1/2047/7533/products/snuggler-806572.jpg?v=1691084053,
SAR,SAR-SNUGGLER,OK,6,2000,2000,419297,C:\Users\erink\OneDrive\Documents\GitHub\mccabe-site\vspfiles\photos\SAR-SNUGGLER-altview6.jpg,https://cdn.shopify.com/s/files/1/2047/7533/products/snuggler-511684.jpg?v=1691084053,
SAR,SAR-SNUGGLER,OK,7,2000,2000,481417,C:\Users\erink\OneDrive\Documents\GitHub\mccabe-site\vspfiles\photos\SAR-SNUGGLER-altview7.jpg,https://cdn.shopify.com/s/files/1/2047/7533/products/snuggler-609704.jpg?v=1691084053,
SAR,SAR-SNUGGLER,OK,8,2000,2000,408958,C:\Users\erink\OneDrive\Documents\GitHub\mccabe-site\vspfiles\photos\SAR-SNUGGLER-altview8.jpg,https://cdn.shopify.com/s/files/1/2047/7533/products/snuggler-975616.jpg?v=1691084053,
SAR,SAR-WEARABLE,OK,1,2000,2000,280075,C:\Users\erink\OneDrive\Documents\GitHub\mccabe-site\vspfiles\photos\SAR-WEARABLE-altview1.jpg,https://cdn.shopify.com/s/files/1/2047/7533/products/wearable-blankets-818029.jpg?v=1762458172,
SAR,SAR-WEARABLE,OK,2,2000,2000,259068,C:\Users\erink\OneDrive\Documents\GitHub\mccabe-site\vspfiles\photos\SAR-WEARABLE-altview2.jpg,https://cdn.shopify.com/s/files/1/2047/7533/products/wearable-blankets-563294.jpg?v=1691084218,
SAR,SAR-WEARABLE,OK,3,2000,2000,325562,C:\Users\erink\OneDrive\Documents\GitHub\mccabe-site\vspfiles\photos\SAR-WEARABLE-altview3.jpg,https://cdn.shopify.com/s/files/1/2047/7533/products/wearable-blankets-112495.jpg?v=1691084218,
SAR,SAR-WEARABLE,OK,4,2000,2000,302687,C:\Users\erink\OneDrive\Documents\GitHub\mccabe-site\vspfiles\photos\SAR-WEARABLE-altview4.jpg,https://cdn.shopify.com/s/files/1/2047/7533/products/wearable-blankets-624987.jpg?v=1691084218,
SAR,SAR-WEARABLE,OK,5,2000,2000,491440,C:\Users\erink\OneDrive\Documents\GitHub\mccabe-site\vspfiles\photos\SAR-WEARABLE-altview5.jpg,https://cdn.shopify.com/s/files/1/2047/7533/products/wearable-blankets-441957.jpg?v=1691084218,
SAR,SAR-WEARABLE,OK,6,2000,2000,495454,C:\Users\erink\OneDrive\Documents\GitHub\mccabe-site\vspfiles\photos\SAR-WEARABLE-altview6.jpg,https://cdn.shopify.com/s/files/1/2047/7533/products/wearable-blankets-792722.jpg?v=1691084218,
SAR,SAR-WEARABLE,OK,7,2000,2000,347250,C:\Users\erink\OneDrive\Documents\GitHub\mccabe-site\vspfiles\photos\SAR-WEARABLE-altview7.jpg,https://cdn.shopify.com/s/files/1/2047/7533/products/wearable-blankets-198066.jpg?v=1691084218,
SAR,SAR-WEARABLE,OK,8,2000,2000,254059,C:\Users\erink\OneDrive\Documents\GitHub\mccabe-site\vspfiles\photos\SAR-WEARABLE-altview8.jpg,https://cdn.shopify.com/s/files/1/2047/7533/products/wearable-blankets-310753.jpg?v=1691084218,
SAR,SAR-WFL-KNT,OK,1,2000,2000,487059,C:\Users\erink\OneDrive\Documents\GitHub\mccabe-site\vspfiles\photos\SAR-WFL-KNT-altview1.jpg,https://cdn.shopify.com/s/files/1/2047/7533/products/waffle-knit-throw-blankets-770868.jpg?v=1744328260,
SAR,SAR-WFL-KNT,OK,2,2000,2000,342978,C:\Users\erink\OneDrive\Documents\GitHub\mccabe-site\vspfiles\photos\SAR-WFL-KNT-altview2.jpg,https://cdn.shopify.com/s/files/1/2047/7533/products/waffle-knit-throw-blankets-411076.jpg?v=1744328260,
SAR,SAR-WFL-KNT,OK,3,2000,2000,468781,C:\Users\erink\OneDrive\Documents\GitHub\mccabe-site\vspfiles\photos\SAR-WFL-KNT-altview3.jpg,https://cdn.shopify.com/s/files/1/2047/7533/products/waffle-knit-throw-blankets-427331.jpg?v=1744328260,
SAR,SAR-WFL-KNT,OK,4,2000,2000,288103,C:\Users\erink\OneDrive\Documents\GitHub\mccabe-site\vspfiles\photos\SAR-WFL-KNT-altview4.jpg,https://cdn.shopify.com/s/files/1/2047/7533/products/waffle-knit-throw-blankets-224540.jpg?v=1744328260,
SAR,SAR-WFL-KNT,OK,5,2000,2000,468343,C:\Users\erink\OneDrive\Documents\GitHub\mccabe-site\vspfiles\photos\SAR-WFL-KNT-altview5.jpg,https://cdn.shopify.com/s/files/1/2047/7533/products/waffle-knit-throw-blankets-797569.jpg?v=1744748976,
SAR,SAR-WFL-KNT,OK,6,2000,2000,380513,C:\Users\erink\OneDrive\Documents\GitHub\mccabe-site\vspfiles\photos\SAR-WFL-KNT-altview6.jpg,https://cdn.shopify.com/s/files/1/2047/7533/products/waffle-knit-throw-blankets-710708.jpg?v=1744748976,
SAR,SAR-WFL-KNT,OK,7,2000,2000,530680,C:\Users\erink\OneDrive\Documents\GitHub\mccabe-site\vspfiles\photos\SAR-WFL-KNT-altview7.jpg,https://cdn.shopify.com/s/files/1/2047/7533/products/daily-deal-waffle-knit-throw-blankets-477480.jpg?v=1744328260,
SAR,SAR-WFL-KNT,OK,8,2000,2000,476146,C:\Users\erink\OneDrive\Documents\GitHub\mccabe-site\vspfiles\photos\SAR-WFL-KNT-altview8.jpg,https://cdn.shopify.com/s/files/1/2047/7533/products/daily-deal-waffle-knit-throw-blankets-921556.jpg?v=1744328260,
SAR,SAR-WFL-KNT-KING,OK,1,2000,2000,778565,C:\Users\erink\OneDrive\Documents\GitHub\mccabe-site\vspfiles\photos\SAR-WFL-KNT-KING-altview1.jpg,https://cdn.shopify.com/s/files/1/2047/7533/products/waffle-knit-king-blankets-933568.jpg?v=1706173723,
SAR,SAR-WFL-KNT-KING,OK,2,2000,2000,689904,C:\Users\erink\OneDrive\Documents\GitHub\mccabe-site\vspfiles\photos\SAR-WFL-KNT-KING-altview2.jpg,https://cdn.shopify.com/s/files/1/2047/7533/products/waffle-knit-king-blankets-797259.jpg?v=1706173723,
SAR,SAR-WFL-KNT-KING,OK,3,2000,2000,630829,C:\Users\erink\OneDrive\Documents\GitHub\mccabe-site\vspfiles\photos\SAR-WFL-KNT-KING-altview3.jpg,https://cdn.shopify.com/s/files/1/2047/7533/products/waffle-knit-king-blankets-441078.jpg?v=1706173723,
SAR,SAR-WFL-KNT-KING,OK,4,2000,2000,784337,C:\Users\erink\OneDrive\Documents\GitHub\mccabe-site\vspfiles\photos\SAR-WFL-KNT-KING-altview4.jpg,https://cdn.shopify.com/s/files/1/2047/7533/products/waffle-knit-king-blankets-824370.jpg?v=1706173724,
SAR,SAR-WFL-KNT-KING,OK,5,2000,2000,681038,C:\Users\erink\OneDrive\Documents\GitHub\mccabe-site\vspfiles\photos\SAR-WFL-KNT-KING-altview5.jpg,https://cdn.shopify.com/s/files/1/2047/7533/products/waffle-knit-king-blankets-180783.jpg?v=1706173724,
SAR,SAR-WFL-KNT-KING,OK,6,2000,2000,830316,C:\Users\erink\OneDrive\Documents\GitHub\mccabe-site\vspfiles\photos\SAR-WFL-KNT-KING-altview6.jpg,https://cdn.shopify.com/s/files/1/2047/7533/products/waffle-knit-king-blankets-894455.jpg?v=1706173724,
SAR,SAR-WFL-KNT-KING,OK,7,2000,2000,556119,C:\Users\erink\OneDrive\Documents\GitHub\mccabe-site\vspfiles\photos\SAR-WFL-KNT-KING-altview7.jpg,https://cdn.shopify.com/s/files/1/2047/7533/products/waffle-knit-king-blankets-759267.jpg?v=1706173724,
SAR,SAR-WFL-KNT-KING,OK,8,2000,2000,722451,C:\Users\erink\OneDrive\Documents\GitHub\mccabe-site\vspfiles\photos\SAR-WFL-KNT-KING-altview8.jpg,https://cdn.shopify.com/s/files/1/2047/7533/products/waffle-knit-king-blankets-661803.jpg?v=1706173724,
SAR,SAR-WFL-KNT-QUEEN,OK,1,2000,2000,441433,C:\Users\erink\OneDrive\Documents\GitHub\mccabe-site\vspfiles\photos\SAR-WFL-KNT-QUEEN-altview1.jpg,https://cdn.shopify.com/s/files/1/2047/7533/products/waffle-knit-queen-blankets-894877.jpg?v=1762458936,
SAR,SAR-WFL-KNT-QUEEN,OK,2,2000,2000,504218,C:\Users\erink\OneDrive\Documents\GitHub\mccabe-site\vspfiles\photos\SAR-WFL-KNT-QUEEN-altview2.jpg,https://cdn.shopify.com/s/files/1/2047/7533/products/waffle-knit-queen-blankets-448647.jpg?v=1706173726,
SAR,SAR-WFL-KNT-QUEEN,OK,3,2000,2000,692244,C:\Users\erink\OneDrive\Documents\GitHub\mccabe-site\vspfiles\photos\SAR-WFL-KNT-QUEEN-altview3.jpg,https://cdn.shopify.com/s/files/1/2047/7533/products/waffle-knit-queen-blankets-515720.jpg?v=1706173726,
SAR,SAR-WFL-KNT-QUEEN,OK,4,2000,2000,662208,C:\Users\erink\OneDrive\Documents\GitHub\mccabe-site\vspfiles\photos\SAR-WFL-KNT-QUEEN-altview4.jpg,https://cdn.shopify.com/s/files/1/2047/7533/products/waffle-knit-queen-blankets-938596.jpg?v=1706173726,
SAR,SAR-WFL-KNT-QUEEN,OK,5,2000,2000,911184,C:\Users\erink\OneDrive\Documents\GitHub\mccabe-site\vspfiles\photos\SAR-WFL-KNT-QUEEN-altview5.jpg,https://cdn.shopify.com/s/files/1/2047/7533/products/waffle-knit-queen-blankets-177323.jpg?v=1706173726,
SAR,SAR-WFL-KNT-QUEEN,OK,6,2000,2000,777974,C:\Users\erink\OneDrive\Documents\GitHub\mccabe-site\vspfiles\photos\SAR-WFL-KNT-QUEEN-altview6.jpg,https://cdn.shopify.com/s/files/1/2047/7533/products/waffle-knit-queen-blankets-240406.jpg?v=1706173726,
SAR,SAR-WFL-KNT-QUEEN,OK,7,2000,2000,784739,C:\Users\erink\OneDrive\Documents\GitHub\mccabe-site\vspfiles\photos\SAR-WFL-KNT-QUEEN-altview7.jpg,https://cdn.shopify.com/s/files/1/2047/7533/products/waffle-knit-queen-blankets-292634.jpg?v=1706173726,
SAR,SAR-WFL-KNT-QUEEN,OK,8,2000,2000,530764,C:\Users\erink\OneDrive\Documents\GitHub\mccabe-site\vspfiles\photos\SAR-WFL-KNT-QUEEN-altview8.jpg,https://cdn.shopify.com/s/files/1/2047/7533/products/waffle-knit-queen-blankets-247986.jpg?v=1706173727,
SAR,SAR-WFL-KNT-ROBES,OK,1,2000,2000,438516,C:\Users\erink\OneDrive\Documents\GitHub\mccabe-site\vspfiles\photos\SAR-WFL-KNT-ROBES-altview1.jpg,https://cdn.shopify.com/s/files/1/2047/7533/products/waffle-knit-robes-360883.jpg?v=1774304446,
SAR,SAR-WFL-KNT-ROBES,OK,2,2000,2000,548697,C:\Users\erink\OneDrive\Documents\GitHub\mccabe-site\vspfiles\photos\SAR-WFL-KNT-ROBES-altview2.jpg,https://cdn.shopify.com/s/files/1/2047/7533/products/waffle-knit-robes-810305.jpg?v=1774304446,
SAR,SAR-WFL-KNT-ROBES,OK,3,2000,2000,407507,C:\Users\erink\OneDrive\Documents\GitHub\mccabe-site\vspfiles\photos\SAR-WFL-KNT-ROBES-altview3.jpg,https://cdn.shopify.com/s/files/1/2047/7533/products/waffle-knit-robes-704150.jpg?v=1774304446,
SAR,SAR-WFL-KNT-ROBES,OK,4,2000,2000,510002,C:\Users\erink\OneDrive\Documents\GitHub\mccabe-site\vspfiles\photos\SAR-WFL-KNT-ROBES-altview4.jpg,https://cdn.shopify.com/s/files/1/2047/7533/products/waffle-knit-robes-573552.jpg?v=1774304446,
SAR,SAR-WFL-KNT-ROBES,OK,5,2000,2000,588443,C:\Users\erink\OneDrive\Documents\GitHub\mccabe-site\vspfiles\photos\SAR-WFL-KNT-ROBES-altview5.jpg,https://cdn.shopify.com/s/files/1/2047/7533/products/waffle-knit-robes-205102.jpg?v=1774304446,
SAR,SAR-WFL-KNT-ROBES,OK,6,2000,2000,258124,C:\Users\erink\OneDrive\Documents\GitHub\mccabe-site\vspfiles\photos\SAR-WFL-KNT-ROBES-altview6.jpg,https://cdn.shopify.com/s/files/1/2047/7533/products/waffle-knit-robes-454275.jpg?v=1774304446,
SAR,SAR-WFL-KNT-ROBES,OK,7,2000,2000,441885,C:\Users\erink\OneDrive\Documents\GitHub\mccabe-site\vspfiles\photos\SAR-WFL-KNT-ROBES-altview7.jpg,https://cdn.shopify.com/s/files/1/2047/7533/products/daily-deal-waffle-knit-robes-694801.jpg?v=1774304446,
SAR,SAR-WFL-KNT-ROBES,OK,8,2000,2000,674753,C:\Users\erink\OneDrive\Documents\GitHub\mccabe-site\vspfiles\photos\SAR-WFL-KNT-ROBES-altview8.jpg,https://cdn.shopify.com/s/files/1/2047/7533/products/daily-deal-waffle-knit-robes-219437.jpg?v=1774304446,
SAR,SAR-WFL-KNT-TOD,OK,1,2000,2000,393513,C:\Users\erink\OneDrive\Documents\GitHub\mccabe-site\vspfiles\photos\SAR-WFL-KNT-TOD-altview1.jpg,https://cdn.shopify.com/s/files/1/2047/7533/products/waffle-knit-toddler-blankets-368418.jpg?v=1754719574,
SAR,SAR-WFL-KNT-TOD,OK,2,2000,2000,550770,C:\Users\erink\OneDrive\Documents\GitHub\mccabe-site\vspfiles\photos\SAR-WFL-KNT-TOD-altview2.jpg,https://cdn.shopify.com/s/files/1/2047/7533/products/waffle-knit-toddler-blankets-707813.jpg?v=1754719574,
SAR,SAR-WFL-KNT-TOD,OK,3,1890,1890,394769,C:\Users\erink\OneDrive\Documents\GitHub\mccabe-site\vspfiles\photos\SAR-WFL-KNT-TOD-altview3.jpg,https://cdn.shopify.com/s/files/1/2047/7533/files/11_acfe0513-ac2c-4b97-b712-b2111b334020.png?v=1754719574,
SAR,SAR-WFL-KNT-TOD,OK,4,835,835,190230,C:\Users\erink\OneDrive\Documents\GitHub\mccabe-site\vspfiles\photos\SAR-WFL-KNT-TOD-altview4.jpg,https://cdn.shopify.com/s/files/1/2047/7533/files/waffle-knit-toddler-blankets-438790.jpg?v=1754719574,
SAR,SAR-WFL-KNT-TOD,OK,5,835,835,167304,C:\Users\erink\OneDrive\Documents\GitHub\mccabe-site\vspfiles\photos\SAR-WFL-KNT-TOD-altview5.jpg,https://cdn.shopify.com/s/files/1/2047/7533/files/waffle-knit-toddler-blankets-545122.jpg?v=1754719574,
SAR,SAR-WFL-KNT-TOD,OK,6,840,840,97027,C:\Users\erink\OneDrive\Documents\GitHub\mccabe-site\vspfiles\photos\SAR-WFL-KNT-TOD-altview6.jpg,https://cdn.shopify.com/s/files/1/2047/7533/files/waffle-knit-toddler-blankets-782714.jpg?v=1754719574,
SAR,SAR-WFL-KNT-TOD,OK,7,1890,1890,583427,C:\Users\erink\OneDrive\Documents\GitHub\mccabe-site\vspfiles\photos\SAR-WFL-KNT-TOD-altview7.jpg,https://cdn.shopify.com/s/files/1/2047/7533/files/75_7d20dbb8-85e5-427d-9680-6e4b8f88151b.png?v=1754719687,
SAR,SAR-WFL-KNT-TOD,OK,8,1890,1890,486491,C:\Users\erink\OneDrive\Documents\GitHub\mccabe-site\vspfiles\photos\SAR-WFL-KNT-TOD-altview8.jpg,https://cdn.shopify.com/s/files/1/2047/7533/files/76_a1f4a88a-ded2-4a26-828e-4768a8802a54.png?v=1754719687,
SAR,SAR-WFL-KNT-TWIN,OK,1,2000,2000,592294,C:\Users\erink\OneDrive\Documents\GitHub\mccabe-site\vspfiles\photos\SAR-WFL-KNT-TWIN-altview1.jpg,https://cdn.shopify.com/s/files/1/2047/7533/products/waffle-knit-twin-blankets-556971.jpg?v=1762458935,
SAR,SAR-WFL-KNT-TWIN,OK,2,2000,2000,708278,C:\Users\erink\OneDrive\Documents\GitHub\mccabe-site\vspfiles\photos\SAR-WFL-KNT-TWIN-altview2.jpg,https://cdn.shopify.com/s/files/1/2047/7533/products/waffle-knit-twin-blankets-207855.jpg?v=1706173723,
SAR,SAR-WFL-KNT-TWIN,OK,3,2000,2000,517991,C:\Users\erink\OneDrive\Documents\GitHub\mccabe-site\vspfiles\photos\SAR-WFL-KNT-TWIN-altview3.jpg,https://cdn.shopify.com/s/files/1/2047/7533/products/waffle-knit-twin-blankets-468000.jpg?v=1706173723,
SAR,SAR-WFL-KNT-TWIN,OK,4,2000,2000,805486,C:\Users\erink\OneDrive\Documents\GitHub\mccabe-site\vspfiles\photos\SAR-WFL-KNT-TWIN-altview4.jpg,https://cdn.shopify.com/s/files/1/2047/7533/products/waffle-knit-twin-blankets-784520.jpg?v=1706173723,
SAR,SAR-WFL-KNT-TWIN,OK,5,2000,2000,619942,C:\Users\erink\OneDrive\Documents\GitHub\mccabe-site\vspfiles\photos\SAR-WFL-KNT-TWIN-altview5.jpg,https://cdn.shopify.com/s/files/1/2047/7533/products/waffle-knit-twin-blankets-197392.jpg?v=1706173724,
SAR,SAR-WFL-KNT-TWIN,OK,6,2000,2000,815970,C:\Users\erink\OneDrive\Documents\GitHub\mccabe-site\vspfiles\photos\SAR-WFL-KNT-TWIN-altview6.jpg,https://cdn.shopify.com/s/files/1/2047/7533/products/waffle-knit-twin-blankets-567855.jpg?v=1706173724,
SAR,SAR-WFL-KNT-TWIN,OK,7,2000,2000,759771,C:\Users\erink\OneDrive\Documents\GitHub\mccabe-site\vspfiles\photos\SAR-WFL-KNT-TWIN-altview7.jpg,https://cdn.shopify.com/s/files/1/2047/7533/products/waffle-knit-twin-blankets-180680.jpg?v=1706173724,
SAR,SAR-WFL-KNT-TWIN,OK,8,2000,2000,445959,C:\Users\erink\OneDrive\Documents\GitHub\mccabe-site\vspfiles\photos\SAR-WFL-KNT-TWIN-altview8.jpg,https://cdn.shopify.com/s/files/1/2047/7533/products/waffle-knit-twin-blankets-536597.jpg?v=1706173724,
SAR,SAR-WFL-KNT-XL-LG,OK,1,2000,2000,504065,C:\Users\erink\OneDrive\Documents\GitHub\mccabe-site\vspfiles\photos\SAR-WFL-KNT-XL-LG-altview1.jpg,https://cdn.shopify.com/s/files/1/2047/7533/products/waffle-knit-xl-throw-blankets-830906.jpg?v=1744328535,
SAR,SAR-WFL-KNT-XL-LG,OK,2,2000,2000,551657,C:\Users\erink\OneDrive\Documents\GitHub\mccabe-site\vspfiles\photos\SAR-WFL-KNT-XL-LG-altview2.jpg,https://cdn.shopify.com/s/files/1/2047/7533/products/waffle-knit-xl-throw-blankets-810336.jpg?v=1744328535,
SAR,SAR-WFL-KNT-XL-LG,OK,3,2000,2000,341794,C:\Users\erink\OneDrive\Documents\GitHub\mccabe-site\vspfiles\photos\SAR-WFL-KNT-XL-LG-altview3.jpg,https://cdn.shopify.com/s/files/1/2047/7533/products/waffle-knit-xl-throw-blankets-357913.jpg?v=1744328535,
SAR,SAR-WFL-KNT-XL-LG,OK,4,2000,2000,429123,C:\Users\erink\OneDrive\Documents\GitHub\mccabe-site\vspfiles\photos\SAR-WFL-KNT-XL-LG-altview4.jpg,https://cdn.shopify.com/s/files/1/2047/7533/products/waffle-knit-xl-throw-blankets-558151.jpg?v=1744328535,
SAR,SAR-WFL-KNT-XL-LG,OK,5,2000,2000,393250,C:\Users\erink\OneDrive\Documents\GitHub\mccabe-site\vspfiles\photos\SAR-WFL-KNT-XL-LG-altview5.jpg,https://cdn.shopify.com/s/files/1/2047/7533/products/waffle-knit-xl-throw-blankets-845926.jpg?v=1744328530,
SAR,SAR-WFL-KNT-XL-LG,OK,6,2000,2000,344172,C:\Users\erink\OneDrive\Documents\GitHub\mccabe-site\vspfiles\photos\SAR-WFL-KNT-XL-LG-altview6.jpg,https://cdn.shopify.com/s/files/1/2047/7533/products/waffle-knit-xl-throw-blankets-630642.jpg?v=1744328530,
SAR,SAR-WFL-KNT-XL-LG,OK,7,2000,2000,436205,C:\Users\erink\OneDrive\Documents\GitHub\mccabe-site\vspfiles\photos\SAR-WFL-KNT-XL-LG-altview7.jpg,https://cdn.shopify.com/s/files/1/2047/7533/products/waffle-knit-xl-throw-blankets-445846.jpg?v=1744328530,
SAR,SAR-WFL-KNT-XL-LG,OK,8,1855,2000,602777,C:\Users\erink\OneDrive\Documents\GitHub\mccabe-site\vspfiles\photos\SAR-WFL-KNT-XL-LG-altview8.jpg,https://cdn.shopify.com/s/files/1/2047/7533/products/daily-deal-waffle-knit-xl-throw-blankets-128170.jpg?v=1744328530,
SAR,SAR-WIZARDIN-WORLD-CHARM,OK,1,1620,1620,652114,C:\Users\erink\OneDrive\Documents\GitHub\mccabe-site\vspfiles\photos\SAR-WIZARDIN-WORLD-CHARM-altview1.jpg,https://cdn.shopify.com/s/files/1/2047/7533/files/119-3434-3_3.png?v=1762458977,
SAR,SAR-WIZARDIN-WORLD-CHARM,OK,2,1620,1620,499521,C:\Users\erink\OneDrive\Documents\GitHub\mccabe-site\vspfiles\photos\SAR-WIZARDIN-WORLD-CHARM-altview2.jpg,https://cdn.shopify.com/s/files/1/2047/7533/files/119-3434-1_4.png?v=1751043134,
SAR,SAR-WIZARDIN-WORLD-CHARM,OK,3,1620,1620,590140,C:\Users\erink\OneDrive\Documents\GitHub\mccabe-site\vspfiles\photos\SAR-WIZARDIN-WORLD-CHARM-altview3.jpg,https://cdn.shopify.com/s/files/1/2047/7533/files/119-3434-1.png?v=1751043134,
SAR,SAR-WIZARDIN-WORLD-CHARM,OK,4,1620,1620,539049,C:\Users\erink\OneDrive\Documents\GitHub\mccabe-site\vspfiles\photos\SAR-WIZARDIN-WORLD-CHARM-altview4.jpg,https://cdn.shopify.com/s/files/1/2047/7533/files/119-3434-1_2.png?v=1751043134,
SAR,SAR-WIZARDIN-WORLD-CHARM,OK,5,1620,1620,531921,C:\Users\erink\OneDrive\Documents\GitHub\mccabe-site\vspfiles\photos\SAR-WIZARDIN-WORLD-CHARM-altview5.jpg,https://cdn.shopify.com/s/files/1/2047/7533/files/119-3434-2_3.png?v=1751043129,
SAR,SAR-WIZARDIN-WORLD-CHARM,OK,6,1620,1620,498295,C:\Users\erink\OneDrive\Documents\GitHub\mccabe-site\vspfiles\photos\SAR-WIZARDIN-WORLD-CHARM-altview6.jpg,https://cdn.shopify.com/s/files/1/2047/7533/files/119-3434-2_4.png?v=1751043129,
SAR,SAR-WIZARDIN-WORLD-CHARM,OK,7,1620,1620,645827,C:\Users\erink\OneDrive\Documents\GitHub\mccabe-site\vspfiles\photos\SAR-WIZARDIN-WORLD-CHARM-altview7.jpg,https://cdn.shopify.com/s/files/1/2047/7533/files/119-3434-2.png?v=1751043129,
SAR,SAR-WIZARDIN-WORLD-CHARM,OK,8,1620,1620,784630,C:\Users\erink\OneDrive\Documents\GitHub\mccabe-site\vspfiles\photos\SAR-WIZARDIN-WORLD-CHARM-altview8.jpg,https://cdn.shopify.com/s/files/1/2047/7533/files/119-3434-3_4.png?v=1751043093,
SAR,SAR-BABY-BAMBONI-LITE-FOR-ABC,OK,1,1350,1350,350843,C:\Users\erink\OneDrive\Documents\GitHub\mccabe-site\vspfiles\photos\SAR-BABY-BAMBONI-LITE-FOR-ABC-altview1.jpg,https://cdn.shopify.com/s/files/1/2047/7533/files/2_ef6c1d3c-3ee3-4e34-b347-e9f925b38118.png?v=1759870577,
SAR,SAR-BABY-BAMBONI-LITE-FOR-ABC,OK,2,1350,1350,540129,C:\Users\erink\OneDrive\Documents\GitHub\mccabe-site\vspfiles\photos\SAR-BABY-BAMBONI-LITE-FOR-ABC-altview2.jpg,https://cdn.shopify.com/s/files/1/2047/7533/files/3_8c660658-0e07-4bc0-98d2-5f0b55dfe6fd.png?v=1759870576,
SAR,SAR-BABY-BAMBONI-LITE-FOR-ABC,OK,3,1350,1350,405047,C:\Users\erink\OneDrive\Documents\GitHub\mccabe-site\vspfiles\photos\SAR-BABY-BAMBONI-LITE-FOR-ABC-altview3.jpg,https://cdn.shopify.com/s/files/1/2047/7533/files/4_6095ec8d-84fd-45b1-8c8a-3d15f2216ab7.png?v=1759870576,
SAR,SAR-BABY-BAMBONI-LITE-FOR-ABC,OK,4,1350,1350,293809,C:\Users\erink\OneDrive\Documents\GitHub\mccabe-site\vspfiles\photos\SAR-BABY-BAMBONI-LITE-FOR-ABC-altview4.jpg,https://cdn.shopify.com/s/files/1/2047/7533/files/6_1d808ca6-5e98-4091-b6f1-16695e17681f.png?v=1759870576,
SAR,SAR-BABY-BAMBONI-LITE-FOR-ABC,OK,5,1350,1350,316153,C:\Users\erink\OneDrive\Documents\GitHub\mccabe-site\vspfiles\photos\SAR-BABY-BAMBONI-LITE-FOR-ABC-altview5.jpg,https://cdn.shopify.com/s/files/1/2047/7533/files/7_a3d8a400-3149-4119-89d0-a53b3e4fb631.png?v=1759870576,
SAR,SAR-BABY-BAMBONI-LITE-FOR-ABC,OK,6,1350,1350,444525,C:\Users\erink\OneDrive\Documents\GitHub\mccabe-site\vspfiles\photos\SAR-BABY-BAMBONI-LITE-FOR-ABC-altview6.jpg,https://cdn.shopify.com/s/files/1/2047/7533/files/8_4d4b5653-1817-48d4-ad26-aebfc2c2eaff.png?v=1759870576,
SAR,SAR-BABY-BAMBONI-LITE-FOR-ABC,OK,7,1350,1350,234394,C:\Users\erink\OneDrive\Documents\GitHub\mccabe-site\vspfiles\photos\SAR-BABY-BAMBONI-LITE-FOR-ABC-altview7.jpg,https://cdn.shopify.com/s/files/1/2047/7533/files/10_542f5e98-a5bc-4bb8-b1bc-8fdc721da5e0.png?v=1759870576,
SAR,SAR-BABY-BAMBONI-LITE-FOR-ABC,OK,8,1350,1350,293507,C:\Users\erink\OneDrive\Documents\GitHub\mccabe-site\vspfiles\photos\SAR-BABY-BAMBONI-LITE-FOR-ABC-altview8.jpg,https://cdn.shopify.com/s/files/1/2047/7533/files/11_ea907d6a-b960-486a-912c-725402d24dd8.png?v=1759870576,
SAR,SAR-BABY-BMB-LITE-SETS,OK,1,1350,1350,350843,C:\Users\erink\OneDrive\Documents\GitHub\mccabe-site\vspfiles\photos\SAR-BABY-BMB-LITE-SETS-altview1.jpg,https://cdn.shopify.com/s/files/1/2047/7533/files/2_ef6c1d3c-3ee3-4e34-b347-e9f925b38118.png?v=1759870577,
SAR,SAR-BABY-BMB-LITE-SETS,OK,2,1350,1350,540129,C:\Users\erink\OneDrive\Documents\GitHub\mccabe-site\vspfiles\photos\SAR-BABY-BMB-LITE-SETS-altview2.jpg,https://cdn.shopify.com/s/files/1/2047/7533/files/3_8c660658-0e07-4bc0-98d2-5f0b55dfe6fd.png?v=1759870576,
SAR,SAR-BABY-BMB-LITE-SETS,OK,3,1350,1350,405047,C:\Users\erink\OneDrive\Documents\GitHub\mccabe-site\vspfiles\photos\SAR-BABY-BMB-LITE-SETS-altview3.jpg,https://cdn.shopify.com/s/files/1/2047/7533/files/4_6095ec8d-84fd-45b1-8c8a-3d15f2216ab7.png?v=1759870576,
SAR,SAR-BABY-BMB-LITE-SETS,OK,4,1350,1350,293809,C:\Users\erink\OneDrive\Documents\GitHub\mccabe-site\vspfiles\photos\SAR-BABY-BMB-LITE-SETS-altview4.jpg,https://cdn.shopify.com/s/files/1/2047/7533/files/6_1d808ca6-5e98-4091-b6f1-16695e17681f.png?v=1759870576,
SAR,SAR-BABY-BMB-LITE-SETS,OK,5,1350,1350,316153,C:\Users\erink\OneDrive\Documents\GitHub\mccabe-site\vspfiles\photos\SAR-BABY-BMB-LITE-SETS-altview5.jpg,https://cdn.shopify.com/s/files/1/2047/7533/files/7_a3d8a400-3149-4119-89d0-a53b3e4fb631.png?v=1759870576,
SAR,SAR-BABY-BMB-LITE-SETS,OK,6,1350,1350,444525,C:\Users\erink\OneDrive\Documents\GitHub\mccabe-site\vspfiles\photos\SAR-BABY-BMB-LITE-SETS-altview6.jpg,https://cdn.shopify.com/s/files/1/2047/7533/files/8_4d4b5653-1817-48d4-ad26-aebfc2c2eaff.png?v=1759870576,
SAR,SAR-BABY-BMB-LITE-SETS,OK,7,1350,1350,234394,C:\Users\erink\OneDrive\Documents\GitHub\mccabe-site\vspfiles\photos\SAR-BABY-BMB-LITE-SETS-altview7.jpg,https://cdn.shopify.com/s/files/1/2047/7533/files/10_542f5e98-a5bc-4bb8-b1bc-8fdc721da5e0.png?v=1759870576,
SAR,SAR-BABY-BMB-LITE-SETS,OK,8,1350,1350,293507,C:\Users\erink\OneDrive\Documents\GitHub\mccabe-site\vspfiles\photos\SAR-BABY-BMB-LITE-SETS-altview8.jpg,https://cdn.shopify.com/s/files/1/2047/7533/files/11_ea907d6a-b960-486a-912c-725402d24dd8.png?v=1759870576,
SAR,SAR-BAMBONI-HAT,OK,1,2000,2000,620710,C:\Users\erink\OneDrive\Documents\GitHub\mccabe-site\vspfiles\photos\SAR-BAMBONI-HAT-altview1.jpg,https://cdn.shopify.com/s/files/1/2047/7533/products/bamboni-hats-880960.jpg?v=1700870514,
SAR,SAR-BAMBONI-HAT,OK,2,2000,2000,509111,C:\Users\erink\OneDrive\Documents\GitHub\mccabe-site\vspfiles\photos\SAR-BAMBONI-HAT-altview2.jpg,https://cdn.shopify.com/s/files/1/2047/7533/products/bamboni-hats-614350.jpg?v=1700870514,
SAR,SAR-BAMBONI-HAT,OK,3,2000,2000,572327,C:\Users\erink\OneDrive\Documents\GitHub\mccabe-site\vspfiles\photos\SAR-BAMBONI-HAT-altview3.jpg,https://cdn.shopify.com/s/files/1/2047/7533/products/bamboni-hats-598980.jpg?v=1700870514,
SAR,SAR-BAMBONI-HAT,OK,4,2000,2000,495504,C:\Users\erink\OneDrive\Documents\GitHub\mccabe-site\vspfiles\photos\SAR-BAMBONI-HAT-altview4.jpg,https://cdn.shopify.com/s/files/1/2047/7533/products/bamboni-hats-344193.jpg?v=1700870514,
SAR,SAR-BAMBONI-HAT,OK,5,2000,2000,453783,C:\Users\erink\OneDrive\Documents\GitHub\mccabe-site\vspfiles\photos\SAR-BAMBONI-HAT-altview5.jpg,https://cdn.shopify.com/s/files/1/2047/7533/products/bamboni-hats-832064.jpg?v=1700870514,
SAR,SAR-BAMBONI-SETS,OK,1,2000,2000,370634,C:\Users\erink\OneDrive\Documents\GitHub\mccabe-site\vspfiles\photos\SAR-BAMBONI-SETS-altview1.jpg,https://cdn.shopify.com/s/files/1/2047/7533/products/daily-deal-bamboni-sets-225762.jpg?v=1762458348,
SAR,SAR-BAMBONI-SETS,OK,2,2000,2000,415651,C:\Users\erink\OneDrive\Documents\GitHub\mccabe-site\vspfiles\photos\SAR-BAMBONI-SETS-altview2.jpg,https://cdn.shopify.com/s/files/1/2047/7533/products/daily-deal-bamboni-sets-758419.jpg?v=1700870524,
SAR,SAR-BAMBONI-SETS,OK,3,2000,2000,356565,C:\Users\erink\OneDrive\Documents\GitHub\mccabe-site\vspfiles\photos\SAR-BAMBONI-SETS-altview3.jpg,https://cdn.shopify.com/s/files/1/2047/7533/products/daily-deal-bamboni-sets-112095.jpg?v=1700870524,
SAR,SAR-BAMBONI-SETS,OK,4,2000,2000,340707,C:\Users\erink\OneDrive\Documents\GitHub\mccabe-site\vspfiles\photos\SAR-BAMBONI-SETS-altview4.jpg,https://cdn.shopify.com/s/files/1/2047/7533/products/daily-deal-bamboni-sets-161160.jpg?v=1700870524,
SAR,SAR-BAMBONI-SETS,OK,5,2000,2000,229225,C:\Users\erink\OneDrive\Documents\GitHub\mccabe-site\vspfiles\photos\SAR-BAMBONI-SETS-altview5.jpg,https://cdn.shopify.com/s/files/1/2047/7533/products/daily-deal-bamboni-sets-794333.jpg?v=1700870524,
SAR,SAR-BAMBONI-SETS,OK,6,2000,2000,219141,C:\Users\erink\OneDrive\Documents\GitHub\mccabe-site\vspfiles\photos\SAR-BAMBONI-SETS-altview6.jpg,https://cdn.shopify.com/s/files/1/2047/7533/products/daily-deal-bamboni-sets-335593.jpg?v=1700870524,
SAR,SAR-BAMBONI-SETS,OK,7,2000,2000,230957,C:\Users\erink\OneDrive\Documents\GitHub\mccabe-site\vspfiles\photos\SAR-BAMBONI-SETS-altview7.jpg,https://cdn.shopify.com/s/files/1/2047/7533/products/daily-deal-bamboni-sets-945843.jpg?v=1700870524,
SAR,SAR-BAMBONI-SETS,OK,8,2000,2000,382897,C:\Users\erink\OneDrive\Documents\GitHub\mccabe-site\vspfiles\photos\SAR-BAMBONI-SETS-altview8.jpg,https://cdn.shopify.com/s/files/1/2047/7533/products/daily-deal-bamboni-sets-398900.jpg?v=1700870524,
SAR,SAR-BAMBONI-SNUGGLER,OK,1,1620,1620,474906,C:\Users\erink\OneDrive\Documents\GitHub\mccabe-site\vspfiles\photos\SAR-BAMBONI-SNUGGLER-altview1.jpg,https://cdn.shopify.com/s/files/1/2047/7533/files/Gray_2_76737175-7f9d-4cc6-b8b9-55ce82a94a6c.png?v=1738021531,
SAR,SAR-BAMBONI-SNUGGLER,OK,2,1620,1620,489706,C:\Users\erink\OneDrive\Documents\GitHub\mccabe-site\vspfiles\photos\SAR-BAMBONI-SNUGGLER-altview2.jpg,https://cdn.shopify.com/s/files/1/2047/7533/files/Gray_3_5b5704b4-5bc5-44f9-8410-6319dab37b27.png?v=1738021531,
SAR,SAR-BAMBONI-SNUGGLER,OK,3,1620,1620,471345,C:\Users\erink\OneDrive\Documents\GitHub\mccabe-site\vspfiles\photos\SAR-BAMBONI-SNUGGLER-altview3.jpg,https://cdn.shopify.com/s/files/1/2047/7533/files/Gray_4_575eeee5-34d4-437c-a8e9-a5e12bd31c5f.png?v=1738021531,
SAR,SAR-BAMBONI-SNUGGLER,OK,4,1620,1620,379676,C:\Users\erink\OneDrive\Documents\GitHub\mccabe-site\vspfiles\photos\SAR-BAMBONI-SNUGGLER-altview4.jpg,https://cdn.shopify.com/s/files/1/2047/7533/files/Cream_3_b673859f-0325-432f-a70c-085f91e8f605.png?v=1738021531,
SAR,SAR-BAMBONI-SNUGGLER,OK,5,1620,1620,444979,C:\Users\erink\OneDrive\Documents\GitHub\mccabe-site\vspfiles\photos\SAR-BAMBONI-SNUGGLER-altview5.jpg,https://cdn.shopify.com/s/files/1/2047/7533/files/Cream_4_71609d6c-f23b-4a55-8d18-0dc33d38a0f3.png?v=1738021531,
SAR,SAR-BAMBONI-SNUGGLER,OK,6,1620,1620,367770,C:\Users\erink\OneDrive\Documents\GitHub\mccabe-site\vspfiles\photos\SAR-BAMBONI-SNUGGLER-altview6.jpg,https://cdn.shopify.com/s/files/1/2047/7533/files/Cream_cdef80ac-60f6-47f9-9a00-3a244f24b20d.png?v=1738021531,
SAR,SAR-BAMBONI-SNUGGLER,OK,7,1620,1620,425135,C:\Users\erink\OneDrive\Documents\GitHub\mccabe-site\vspfiles\photos\SAR-BAMBONI-SNUGGLER-altview7.jpg,https://cdn.shopify.com/s/files/1/2047/7533/files/LightPink_3.png?v=1738021522,
SAR,SAR-BAMBONI-SNUGGLER,OK,8,1620,1620,369542,C:\Users\erink\OneDrive\Documents\GitHub\mccabe-site\vspfiles\photos\SAR-BAMBONI-SNUGGLER-altview8.jpg,https://cdn.shopify.com/s/files/1/2047/7533/files/LightPink_4.png?v=1738021522,
SAR,SAR-BAMBONI-SOCKS,OK,1,2000,2000,633382,C:\Users\erink\OneDrive\Documents\GitHub\mccabe-site\vspfiles\photos\SAR-BAMBONI-SOCKS-altview1.jpg,https://cdn.shopify.com/s/files/1/2047/7533/products/bamboni-socks-465788.jpg?v=1700870515,
SAR,SAR-BAMBONI-SOCKS,OK,2,2000,2000,773565,C:\Users\erink\OneDrive\Documents\GitHub\mccabe-site\vspfiles\photos\SAR-BAMBONI-SOCKS-altview2.jpg,https://cdn.shopify.com/s/files/1/2047/7533/products/bamboni-socks-830091.jpg?v=1700870515,
SAR,SAR-BAMBONI-SOCKS,OK,3,2000,2000,727262,C:\Users\erink\OneDrive\Documents\GitHub\mccabe-site\vspfiles\photos\SAR-BAMBONI-SOCKS-altview3.jpg,https://cdn.shopify.com/s/files/1/2047/7533/products/bamboni-socks-386339.jpg?v=1700870515,
SAR,SAR-BAMBONI-SOCKS,OK,4,2000,2000,617455,C:\Users\erink\OneDrive\Documents\GitHub\mccabe-site\vspfiles\photos\SAR-BAMBONI-SOCKS-altview4.jpg,https://cdn.shopify.com/s/files/1/2047/7533/products/bamboni-socks-280086.jpg?v=1700870515,
SAR,SAR-BAMBONI-SOCKS,OK,5,2000,2000,499607,C:\Users\erink\OneDrive\Documents\GitHub\mccabe-site\vspfiles\photos\SAR-BAMBONI-SOCKS-altview5.jpg,https://cdn.shopify.com/s/files/1/2047/7533/products/bamboni-socks-654113.jpg?v=1700870515,
SAR,SAR-BAMBONI-SOCKS,OK,6,2000,2000,742683,C:\Users\erink\OneDrive\Documents\GitHub\mccabe-site\vspfiles\photos\SAR-BAMBONI-SOCKS-altview6.jpg,https://cdn.shopify.com/s/files/1/2047/7533/products/bamboni-socks-676057.jpg?v=1700870515,
SAR,SAR-BAMBONI-TODDLER-BLANKET,OK,1,2000,2000,483393,C:\Users\erink\OneDrive\Documents\GitHub\mccabe-site\vspfiles\photos\SAR-BAMBONI-TODDLER-BLANKET-altview1.jpg,https://cdn.shopify.com/s/files/1/2047/7533/products/bamboni-toddler-blankets-133104.jpg?v=1768493852,
SAR,SAR-BAMBONI-TODDLER-BLANKET,OK,2,2000,2000,593438,C:\Users\erink\OneDrive\Documents\GitHub\mccabe-site\vspfiles\photos\SAR-BAMBONI-TODDLER-BLANKET-altview2.jpg,https://cdn.shopify.com/s/files/1/2047/7533/products/bamboni-toddler-blankets-948573.jpg?v=1768493852,
SAR,SAR-BAMBONI-TODDLER-BLANKET,OK,3,2000,2000,576718,C:\Users\erink\OneDrive\Documents\GitHub\mccabe-site\vspfiles\photos\SAR-BAMBONI-TODDLER-BLANKET-altview3.jpg,https://cdn.shopify.com/s/files/1/2047/7533/products/bamboni-toddler-blankets-679704.jpg?v=1768493852,
SAR,SAR-BAMBONI-TODDLER-BLANKET,OK,4,2000,2000,664339,C:\Users\erink\OneDrive\Documents\GitHub\mccabe-site\vspfiles\photos\SAR-BAMBONI-TODDLER-BLANKET-altview4.jpg,https://cdn.shopify.com/s/files/1/2047/7533/products/bamboni-toddler-blankets-304143.jpg?v=1768493852,
SAR,SAR-BAMBONI-TODDLER-BLANKET,OK,5,2000,2000,553823,C:\Users\erink\OneDrive\Documents\GitHub\mccabe-site\vspfiles\photos\SAR-BAMBONI-TODDLER-BLANKET-altview5.jpg,https://cdn.shopify.com/s/files/1/2047/7533/products/bamboni-toddler-blankets-524728.jpg?v=1768493852,
SAR,SAR-BAMBONI-TODDLER-BLANKET,OK,6,2000,2000,261457,C:\Users\erink\OneDrive\Documents\GitHub\mccabe-site\vspfiles\photos\SAR-BAMBONI-TODDLER-BLANKET-altview6.jpg,https://cdn.shopify.com/s/files/1/2047/7533/products/bamboni-toddler-blankets-266524.jpg?v=1768493852,
SAR,SAR-BAMBONI-TODDLER-BLANKET,OK,7,2000,2000,524916,C:\Users\erink\OneDrive\Documents\GitHub\mccabe-site\vspfiles\photos\SAR-BAMBONI-TODDLER-BLANKET-altview7.jpg,https://cdn.shopify.com/s/files/1/2047/7533/products/bamboni-toddler-blankets-792193.jpg?v=1768493852,
SAR,SAR-BAMBONI-TODDLER-BLANKET,OK,8,2000,2000,448117,C:\Users\erink\OneDrive\Documents\GitHub\mccabe-site\vspfiles\photos\SAR-BAMBONI-TODDLER-BLANKET-altview8.jpg,https://cdn.shopify.com/s/files/1/2047/7533/products/bamboni-toddler-blankets-739293.jpg?v=1768493852,
SAR,SAR-BAMBONI-TWIN-BLANKETS,OK,1,835,835,141651,C:\Users\erink\OneDrive\Documents\GitHub\mccabe-site\vspfiles\photos\SAR-BAMBONI-TWIN-BLANKETS-altview1.jpg,https://cdn.shopify.com/s/files/1/2047/7533/files/bamboni-twin-blankets-335742.jpg?v=1762458943,
SAR,SAR-BAMBONI-TWIN-BLANKETS,OK,2,672,672,58545,C:\Users\erink\OneDrive\Documents\GitHub\mccabe-site\vspfiles\photos\SAR-BAMBONI-TWIN-BLANKETS-altview2.jpg,https://cdn.shopify.com/s/files/1/2047/7533/files/bamboni-twin-blankets-353860.jpg?v=1715212477,
SAR,SAR-BAMBONI-TWIN-BLANKETS,OK,3,835,835,118637,C:\Users\erink\OneDrive\Documents\GitHub\mccabe-site\vspfiles\photos\SAR-BAMBONI-TWIN-BLANKETS-altview3.jpg,https://cdn.shopify.com/s/files/1/2047/7533/files/bamboni-twin-blankets-179613.jpg?v=1715212477,
SAR,SAR-BAMBONI-TWIN-BLANKETS,OK,4,672,672,41152,C:\Users\erink\OneDrive\Documents\GitHub\mccabe-site\vspfiles\photos\SAR-BAMBONI-TWIN-BLANKETS-altview4.jpg,https://cdn.shopify.com/s/files/1/2047/7533/files/bamboni-twin-blankets-332051.jpg?v=1715212477,
SAR,SAR-BAMBONI-TWIN-BLANKETS,OK,5,835,835,121243,C:\Users\erink\OneDrive\Documents\GitHub\mccabe-site\vspfiles\photos\SAR-BAMBONI-TWIN-BLANKETS-altview5.jpg,https://cdn.shopify.com/s/files/1/2047/7533/files/bamboni-twin-blankets-165379.jpg?v=1715212478,
SAR,SAR-BAMBONI-TWIN-BLANKETS,OK,6,835,835,88682,C:\Users\erink\OneDrive\Documents\GitHub\mccabe-site\vspfiles\photos\SAR-BAMBONI-TWIN-BLANKETS-altview6.jpg,https://cdn.shopify.com/s/files/1/2047/7533/files/bamboni-twin-blankets-687796.jpg?v=1715212478,
SAR,SAR-BAMBONI-TWIN-BLANKETS,OK,7,835,835,122716,C:\Users\erink\OneDrive\Documents\GitHub\mccabe-site\vspfiles\photos\SAR-BAMBONI-TWIN-BLANKETS-altview7.jpg,https://cdn.shopify.com/s/files/1/2047/7533/files/bamboni-twin-blankets-440455.jpg?v=1715212478,
SAR,SAR-BAMBONI-TWIN-BLANKETS,FAIL,,,,,,https://cdn.shopify.com/s/files/1/2047/7533/files/bamboni-twin-blankets-808962.jpg?v=1715212478,width 533 < 650
SAR,SAR-BAMBONI-TWIN-BLANKETS,OK,8,835,835,137585,C:\Users\erink\OneDrive\Documents\GitHub\mccabe-site\vspfiles\photos\SAR-BAMBONI-TWIN-BLANKETS-altview8.jpg,https://cdn.shopify.com/s/files/1/2047/7533/files/bamboni-twin-blankets-440630.jpg?v=1715212478,
SAR,SAR-BATMAN-DBL-LAYER-BMB,OK,1,1620,1620,1217477,C:\Users\erink\OneDrive\Documents\GitHub\mccabe-site\vspfiles\photos\SAR-BATMAN-DBL-LAYER-BMB-altview1.jpg,https://cdn.shopify.com/s/files/1/2047/7533/files/BatmanBamboniMini_4_45f5b5c4-0f47-4efd-99e2-42c9c104d063.png?v=1762459235,
SAR,SAR-BATMAN-DBL-LAYER-BMB,OK,2,1620,1620,403291,C:\Users\erink\OneDrive\Documents\GitHub\mccabe-site\vspfiles\photos\SAR-BATMAN-DBL-LAYER-BMB-altview2.jpg,https://cdn.shopify.com/s/files/1/2047/7533/files/BatmanBamboniMini_2_eb963bab-2169-4ef8-9841-6957ad3ae450.png?v=1750287214,
SAR,SAR-BATMAN-DBL-LAYER-BMB,OK,3,1620,1620,550527,C:\Users\erink\OneDrive\Documents\GitHub\mccabe-site\vspfiles\photos\SAR-BATMAN-DBL-LAYER-BMB-altview3.jpg,https://cdn.shopify.com/s/files/1/2047/7533/files/BatmanBamboniMini_3_2e038509-e647-4e93-87b9-a9e8e5529dc7.png?v=1750287214,
SAR,SAR-BATMAN-DBL-LAYER-BMB,OK,4,1620,1620,1270837,C:\Users\erink\OneDrive\Documents\GitHub\mccabe-site\vspfiles\photos\SAR-BATMAN-DBL-LAYER-BMB-altview4.jpg,https://cdn.shopify.com/s/files/1/2047/7533/files/BatmanBamboniMini_47a3e393-e3d1-44de-bc8a-b260f913762a.png?v=1750287107,
SAR,SAR-BATMAN-DBL-LAYER-BMB,OK,5,1620,1620,457308,C:\Users\erink\OneDrive\Documents\GitHub\mccabe-site\vspfiles\photos\SAR-BATMAN-DBL-LAYER-BMB-altview5.jpg,https://cdn.shopify.com/s/files/1/2047/7533/files/BatmanBamboniReceiving_2_e51bddde-91c9-4d02-ad97-9a085d5fb649.png?v=1750287106,
SAR,SAR-BATMAN-DBL-LAYER-BMB,OK,6,1620,1620,705396,C:\Users\erink\OneDrive\Documents\GitHub\mccabe-site\vspfiles\photos\SAR-BATMAN-DBL-LAYER-BMB-altview6.jpg,https://cdn.shopify.com/s/files/1/2047/7533/files/BatmanBamboniReceiving_3_0fbee255-0020-47c1-bf05-8f66c68ad71c.png?v=1750287107,
SAR,SAR-BATMAN-DBL-LAYER-BMB,OK,7,1620,1620,422535,C:\Users\erink\OneDrive\Documents\GitHub\mccabe-site\vspfiles\photos\SAR-BATMAN-DBL-LAYER-BMB-altview7.jpg,https://cdn.shopify.com/s/files/1/2047/7533/files/BatmanBamboniReceiving_4_d14a4b15-bb5d-46c8-8d83-3a30131b55a6.png?v=1750287107,
SAR,SAR-BATMAN-DBL-LAYER-BMB,OK,8,1620,1620,497292,C:\Users\erink\OneDrive\Documents\GitHub\mccabe-site\vspfiles\photos\SAR-BATMAN-DBL-LAYER-BMB-altview8.jpg,https://cdn.shopify.com/s/files/1/2047/7533/files/BatmanBamboniReceiving_b339fb49-905e-4de2-bc34-0a53e843b6bc.png?v=1750287107,
SAR,SAR-BMBU-RYN-MSLN-4-LAYER,OK,1,2000,2000,440792,C:\Users\erink\OneDrive\Documents\GitHub\mccabe-site\vspfiles\photos\SAR-BMBU-RYN-MSLN-4-LAYER-altview1.jpg,https://cdn.shopify.com/s/files/1/2047/7533/products/bamboo-rayon-muslin-4-layer-quilts-867905.jpg?v=1772120454,
SAR,SAR-BMBU-RYN-MSLN-4-LAYER,OK,2,2000,2000,381919,C:\Users\erink\OneDrive\Documents\GitHub\mccabe-site\vspfiles\photos\SAR-BMBU-RYN-MSLN-4-LAYER-altview2.jpg,https://cdn.shopify.com/s/files/1/2047/7533/products/bamboo-rayon-muslin-4-layer-quilts-555476.jpg?v=1772120454,
SAR,SAR-BMBU-RYN-MSLN-4-LAYER,OK,3,2000,2000,268557,C:\Users\erink\OneDrive\Documents\GitHub\mccabe-site\vspfiles\photos\SAR-BMBU-RYN-MSLN-4-LAYER-altview3.jpg,https://cdn.shopify.com/s/files/1/2047/7533/products/bamboo-rayon-muslin-4-layer-quilts-299449.jpg?v=1772120454,
SAR,SAR-BMBU-RYN-MSLN-4-LAYER,OK,4,2000,2000,326972,C:\Users\erink\OneDrive\Documents\GitHub\mccabe-site\vspfiles\photos\SAR-BMBU-RYN-MSLN-4-LAYER-altview4.jpg,https://cdn.shopify.com/s/files/1/2047/7533/products/bamboo-rayon-muslin-4-layer-quilts-342243.jpg?v=1772120454,
SAR,SAR-BMBU-RYN-MSLN-4-LAYER,OK,5,2000,2000,423861,C:\Users\erink\OneDrive\Documents\GitHub\mccabe-site\vspfiles\photos\SAR-BMBU-RYN-MSLN-4-LAYER-altview5.jpg,https://cdn.shopify.com/s/files/1/2047/7533/products/bamboo-rayon-muslin-4-layer-quilts-797364.jpg?v=1772120454,
SAR,SAR-BMBU-RYN-MSLN-4-LAYER,OK,6,2000,2000,452822,C:\Users\erink\OneDrive\Documents\GitHub\mccabe-site\vspfiles\photos\SAR-BMBU-RYN-MSLN-4-LAYER-altview6.jpg,https://cdn.shopify.com/s/files/1/2047/7533/products/bamboo-rayon-muslin-4-layer-quilts-303841.jpg?v=1772120454,
SAR,SAR-BMBU-RYN-MSLN-4-LAYER,OK,7,1000,1000,168605,C:\Users\erink\OneDrive\Documents\GitHub\mccabe-site\vspfiles\photos\SAR-BMBU-RYN-MSLN-4-LAYER-altview7.jpg,https://cdn.shopify.com/s/files/1/2047/7533/products/bamboo-rayon-muslin-4-layer-quilts-796643.jpg?v=1772120454,
SAR,SAR-BMBU-RYN-MSLN-4-LAYER,OK,8,1956,1956,716721,C:\Users\erink\OneDrive\Documents\GitHub\mccabe-site\vspfiles\photos\SAR-BMBU-RYN-MSLN-4-LAYER-altview8.jpg,https://cdn.shopify.com/s/files/1/2047/7533/products/bamboo-rayon-muslin-4-layer-quilts-141763.jpg?v=1772120454,
SAR,SAR-BOY-WHO-LIVED-DBL-LAYER,OK,1,1620,1620,550727,C:\Users\erink\OneDrive\Documents\GitHub\mccabe-site\vspfiles\photos\SAR-BOY-WHO-LIVED-DBL-LAYER-altview1.jpg,https://cdn.shopify.com/s/files/1/2047/7533/files/106-5858-5_3.png?v=1751042988,
SAR,SAR-BOY-WHO-LIVED-DBL-LAYER,OK,2,1620,1620,602366,C:\Users\erink\OneDrive\Documents\GitHub\mccabe-site\vspfiles\photos\SAR-BOY-WHO-LIVED-DBL-LAYER-altview2.jpg,https://cdn.shopify.com/s/files/1/2047/7533/files/106-5858-1_4.png?v=1751042988,
SAR,SAR-BOY-WHO-LIVED-DBL-LAYER,OK,3,1620,1620,750802,C:\Users\erink\OneDrive\Documents\GitHub\mccabe-site\vspfiles\photos\SAR-BOY-WHO-LIVED-DBL-LAYER-altview3.jpg,https://cdn.shopify.com/s/files/1/2047/7533/files/106-5858-1.png?v=1751042988,
SAR,SAR-BOY-WHO-LIVED-DBL-LAYER,OK,4,1620,1620,621735,C:\Users\erink\OneDrive\Documents\GitHub\mccabe-site\vspfiles\photos\SAR-BOY-WHO-LIVED-DBL-LAYER-altview4.jpg,https://cdn.shopify.com/s/files/1/2047/7533/files/106-5858-2_2.png?v=1751042988,
SAR,SAR-BOY-WHO-LIVED-DBL-LAYER,OK,5,1620,1620,758992,C:\Users\erink\OneDrive\Documents\GitHub\mccabe-site\vspfiles\photos\SAR-BOY-WHO-LIVED-DBL-LAYER-altview5.jpg,https://cdn.shopify.com/s/files/1/2047/7533/files/106-5858-2_3.png?v=1751042988,
SAR,SAR-BOY-WHO-LIVED-DBL-LAYER,OK,6,1620,1620,704604,C:\Users\erink\OneDrive\Documents\GitHub\mccabe-site\vspfiles\photos\SAR-BOY-WHO-LIVED-DBL-LAYER-altview6.jpg,https://cdn.shopify.com/s/files/1/2047/7533/files/106-5858-2_4.png?v=1751042988,
SAR,SAR-BOY-WHO-LIVED-DBL-LAYER,OK,7,1620,1620,621284,C:\Users\erink\OneDrive\Documents\GitHub\mccabe-site\vspfiles\photos\SAR-BOY-WHO-LIVED-DBL-LAYER-altview7.jpg,https://cdn.shopify.com/s/files/1/2047/7533/files/106-5858-2.png?v=1751042988,
SAR,SAR-BOY-WHO-LIVED-DBL-LAYER,OK,8,1620,1620,530969,C:\Users\erink\OneDrive\Documents\GitHub\mccabe-site\vspfiles\photos\SAR-BOY-WHO-LIVED-DBL-LAYER-altview8.jpg,https://cdn.shopify.com/s/files/1/2047/7533/files/106-5858-4_2.png?v=1751042988,
SAR,SAR-CHNL-FRNG,NO_HANDLE,,,,,,,no working Shopify handle
SAR,SAR-DREAM-TOD,OK,1,2000,2000,675238,C:\Users\erink\OneDrive\Documents\GitHub\mccabe-site\vspfiles\photos\SAR-DREAM-TOD-altview1.jpg,https://cdn.shopify.com/s/files/1/2047/7533/products/dream-toddler-blankets-606736.jpg?v=1762458124,
SAR,SAR-DREAM-TOD,OK,2,1999,2000,473555,C:\Users\erink\OneDrive\Documents\GitHub\mccabe-site\vspfiles\photos\SAR-DREAM-TOD-altview2.jpg,https://cdn.shopify.com/s/files/1/2047/7533/products/dream-toddler-blankets-894175.jpg?v=1691083721,
SAR,SAR-DREAM-TOD,OK,3,1999,2000,787036,C:\Users\erink\OneDrive\Documents\GitHub\mccabe-site\vspfiles\photos\SAR-DREAM-TOD-altview3.jpg,https://cdn.shopify.com/s/files/1/2047/7533/products/dream-toddler-blankets-204959.jpg?v=1691083721,
SAR,SAR-DREAM-TOD,OK,4,2000,2000,334928,C:\Users\erink\OneDrive\Documents\GitHub\mccabe-site\vspfiles\photos\SAR-DREAM-TOD-altview4.jpg,https://cdn.shopify.com/s/files/1/2047/7533/products/dream-toddler-blankets-212147.jpg?v=1691083721,
SAR,SAR-DREAM-TOD,OK,5,2000,2000,461052,C:\Users\erink\OneDrive\Documents\GitHub\mccabe-site\vspfiles\photos\SAR-DREAM-TOD-altview5.jpg,https://cdn.shopify.com/s/files/1/2047/7533/products/dream-toddler-blankets-298376.jpg?v=1754719920,
SAR,SAR-DREAM-TOD,OK,6,2000,2000,610507,C:\Users\erink\OneDrive\Documents\GitHub\mccabe-site\vspfiles\photos\SAR-DREAM-TOD-altview6.jpg,https://cdn.shopify.com/s/files/1/2047/7533/products/dream-toddler-blankets-383808.jpg?v=1754719920,
SAR,SAR-DREAM-TOD,OK,7,1190,1190,197426,C:\Users\erink\OneDrive\Documents\GitHub\mccabe-site\vspfiles\photos\SAR-DREAM-TOD-altview7.jpg,https://cdn.shopify.com/s/files/1/2047/7533/products/dream-toddler-blankets-629745.jpg?v=1754719920,
SAR,SAR-DREAM-TOD,OK,8,1019,1019,133958,C:\Users\erink\OneDrive\Documents\GitHub\mccabe-site\vspfiles\photos\SAR-DREAM-TOD-altview8.jpg,https://cdn.shopify.com/s/files/1/2047/7533/products/dream-toddler-blankets-445247.jpg?v=1754719920,
SAR,SAR-ELF-SNUGGLER,OK,1,1080,1080,288441,C:\Users\erink\OneDrive\Documents\GitHub\mccabe-site\vspfiles\photos\SAR-ELF-SNUGGLER-altview1.jpg,https://cdn.shopify.com/s/files/1/2047/7533/files/ElfSnuggler_3_487a4066-9cf4-4cd4-bc60-a1e2b97a4a88.png?v=1761581997,
SAR,SAR-ELF-SNUGGLER,OK,2,1890,1890,548161,C:\Users\erink\OneDrive\Documents\GitHub\mccabe-site\vspfiles\photos\SAR-ELF-SNUGGLER-altview2.jpg,https://cdn.shopify.com/s/files/1/2047/7533/files/26_ae9167a3-ad81-4c7e-85b9-296879a14e75.png?v=1761581997,
SAR,SAR-ELF-SNUGGLER,OK,3,1890,1890,675657,C:\Users\erink\OneDrive\Documents\GitHub\mccabe-site\vspfiles\photos\SAR-ELF-SNUGGLER-altview3.jpg,https://cdn.shopify.com/s/files/1/2047/7533/files/27_e50dc362-c250-4dac-9d7b-c2efdfd21f88.png?v=1761581997,
SAR,SAR-ELF-SNUGGLER,OK,4,1890,1890,621858,C:\Users\erink\OneDrive\Documents\GitHub\mccabe-site\vspfiles\photos\SAR-ELF-SNUGGLER-altview4.jpg,https://cdn.shopify.com/s/files/1/2047/7533/files/28_a294b16f-6efa-4e1d-b279-5d25c75172f2.png?v=1761581997,
SAR,SAR-ELF-SNUGGLER,OK,5,1890,1890,688215,C:\Users\erink\OneDrive\Documents\GitHub\mccabe-site\vspfiles\photos\SAR-ELF-SNUGGLER-altview5.jpg,https://cdn.shopify.com/s/files/1/2047/7533/files/29_c0a91468-0757-4152-9920-672c589b60b3.png?v=1761581997,
SAR,SAR-ELF-SNUGGLER,OK,6,1890,1890,551119,C:\Users\erink\OneDrive\Documents\GitHub\mccabe-site\vspfiles\photos\SAR-ELF-SNUGGLER-altview6.jpg,https://cdn.shopify.com/s/files/1/2047/7533/files/30_6f72ac06-6089-495c-b526-70274a787ebe.png?v=1761581997,
SAR,SAR-ELF-SNUGGLER,OK,7,1890,1890,707040,C:\Users\erink\OneDrive\Documents\GitHub\mccabe-site\vspfiles\photos\SAR-ELF-SNUGGLER-altview7.jpg,https://cdn.shopify.com/s/files/1/2047/7533/files/31_dfcf3335-ec0f-4df0-8fdd-11fdedc088f3.png?v=1761581997,
SAR,SAR-ELF-SNUGGLER,OK,8,1890,1890,483873,C:\Users\erink\OneDrive\Documents\GitHub\mccabe-site\vspfiles\photos\SAR-ELF-SNUGGLER-altview8.jpg,https://cdn.shopify.com/s/files/1/2047/7533/files/32_24295933-78f3-42cc-8f9e-0be60d72a3fe.png?v=1761581997,
SAR,SAR-FX-FUR,NO_HANDLE,,,,,,,no working Shopify handle
SAR,SAR-FX-FUR-FULL-QUEEN,OK,1,2000,2000,260626,C:\Users\erink\OneDrive\Documents\GitHub\mccabe-site\vspfiles\photos\SAR-FX-FUR-FULL-QUEEN-altview1.jpg,https://cdn.shopify.com/s/files/1/2047/7533/products/faux-fur-fullqueen-blankets-501739.jpg?v=1691083752,
SAR,SAR-FX-FUR-FULL-QUEEN,OK,2,2000,2000,274019,C:\Users\erink\OneDrive\Documents\GitHub\mccabe-site\vspfiles\photos\SAR-FX-FUR-FULL-QUEEN-altview2.jpg,https://cdn.shopify.com/s/files/1/2047/7533/products/faux-fur-fullqueen-blankets-732668.jpg?v=1691083752,
SAR,SAR-FX-FUR-FULL-QUEEN,OK,3,2000,2000,240256,C:\Users\erink\OneDrive\Documents\GitHub\mccabe-site\vspfiles\photos\SAR-FX-FUR-FULL-QUEEN-altview3.jpg,https://cdn.shopify.com/s/files/1/2047/7533/products/faux-fur-fullqueen-blankets-247195.jpg?v=1691083752,
SAR,SAR-FX-FUR-FULL-QUEEN,OK,4,2000,2000,463308,C:\Users\erink\OneDrive\Documents\GitHub\mccabe-site\vspfiles\photos\SAR-FX-FUR-FULL-QUEEN-altview4.jpg,https://cdn.shopify.com/s/files/1/2047/7533/products/faux-fur-fullqueen-blankets-623845.jpg?v=1691083753,
SAR,SAR-FX-FUR-FULL-QUEEN,OK,5,2000,2000,642554,C:\Users\erink\OneDrive\Documents\GitHub\mccabe-site\vspfiles\photos\SAR-FX-FUR-FULL-QUEEN-altview5.jpg,https://cdn.shopify.com/s/files/1/2047/7533/products/faux-fur-fullqueen-blankets-152875.jpg?v=1691083753,
SAR,SAR-FX-FUR-FULL-QUEEN,OK,6,2000,2000,490465,C:\Users\erink\OneDrive\Documents\GitHub\mccabe-site\vspfiles\photos\SAR-FX-FUR-FULL-QUEEN-altview6.jpg,https://cdn.shopify.com/s/files/1/2047/7533/products/faux-fur-fullqueen-blankets-148425.jpg?v=1691083753,
SAR,SAR-FX-FUR-FULL-QUEEN,OK,7,2000,2000,497969,C:\Users\erink\OneDrive\Documents\GitHub\mccabe-site\vspfiles\photos\SAR-FX-FUR-FULL-QUEEN-altview7.jpg,https://cdn.shopify.com/s/files/1/2047/7533/products/faux-fur-fullqueen-blankets-304199.jpg?v=1691083753,
SAR,SAR-FX-FUR-FULL-QUEEN,OK,8,2000,2000,470781,C:\Users\erink\OneDrive\Documents\GitHub\mccabe-site\vspfiles\photos\SAR-FX-FUR-FULL-QUEEN-altview8.jpg,https://cdn.shopify.com/s/files/1/2047/7533/products/faux-fur-fullqueen-blankets-698182.jpg?v=1691083753,
SAR,SAR-FX-FUR-KING,OK,1,2000,2000,274995,C:\Users\erink\OneDrive\Documents\GitHub\mccabe-site\vspfiles\photos\SAR-FX-FUR-KING-altview1.jpg,https://cdn.shopify.com/s/files/1/2047/7533/products/faux-fur-king-blankets-442525.jpg?v=1762458165,
SAR,SAR-FX-FUR-KING,OK,2,2000,2000,263025,C:\Users\erink\OneDrive\Documents\GitHub\mccabe-site\vspfiles\photos\SAR-FX-FUR-KING-altview2.jpg,https://cdn.shopify.com/s/files/1/2047/7533/products/faux-fur-king-blankets-984912.jpg?v=1691083760,
SAR,SAR-FX-FUR-KING,OK,3,2000,2000,232022,C:\Users\erink\OneDrive\Documents\GitHub\mccabe-site\vspfiles\photos\SAR-FX-FUR-KING-altview3.jpg,https://cdn.shopify.com/s/files/1/2047/7533/products/faux-fur-king-blankets-371362.jpg?v=1691083760,
SAR,SAR-FX-FUR-KING,OK,4,2000,2000,377624,C:\Users\erink\OneDrive\Documents\GitHub\mccabe-site\vspfiles\photos\SAR-FX-FUR-KING-altview4.jpg,https://cdn.shopify.com/s/files/1/2047/7533/products/faux-fur-king-blankets-564408.jpg?v=1691083760,
SAR,SAR-FX-FUR-KING,OK,5,2000,2000,407858,C:\Users\erink\OneDrive\Documents\GitHub\mccabe-site\vspfiles\photos\SAR-FX-FUR-KING-altview5.jpg,https://cdn.shopify.com/s/files/1/2047/7533/products/faux-fur-king-blankets-130902.jpg?v=1691083761,
SAR,SAR-FX-FUR-KING,OK,6,2000,2000,549397,C:\Users\erink\OneDrive\Documents\GitHub\mccabe-site\vspfiles\photos\SAR-FX-FUR-KING-altview6.jpg,https://cdn.shopify.com/s/files/1/2047/7533/products/faux-fur-king-blankets-893078.jpg?v=1691083761,
SAR,SAR-FX-FUR-KING,OK,7,2000,2000,644289,C:\Users\erink\OneDrive\Documents\GitHub\mccabe-site\vspfiles\photos\SAR-FX-FUR-KING-altview7.jpg,https://cdn.shopify.com/s/files/1/2047/7533/products/faux-fur-king-blankets-270468.jpg?v=1691083761,
SAR,SAR-FX-FUR-KING,OK,8,2000,2000,491114,C:\Users\erink\OneDrive\Documents\GitHub\mccabe-site\vspfiles\photos\SAR-FX-FUR-KING-altview8.jpg,https://cdn.shopify.com/s/files/1/2047/7533/products/faux-fur-king-blankets-282169.jpg?v=1691083761,
SAR,SAR-FX-FUR-PILLOWCA,OK,1,2000,2000,227515,C:\Users\erink\OneDrive\Documents\GitHub\mccabe-site\vspfiles\photos\SAR-FX-FUR-PILLOWCA-altview1.jpg,https://cdn.shopify.com/s/files/1/2047/7533/products/faux-fur-pillowcases-692105.jpg?v=1691083743,
SAR,SAR-FX-FUR-PILLOWCA,OK,2,2000,2000,386371,C:\Users\erink\OneDrive\Documents\GitHub\mccabe-site\vspfiles\photos\SAR-FX-FUR-PILLOWCA-altview2.jpg,https://cdn.shopify.com/s/files/1/2047/7533/products/faux-fur-pillowcases-538690.jpg?v=1691083743,
SAR,SAR-FX-FUR-PILLOWCA,OK,3,2000,2000,299298,C:\Users\erink\OneDrive\Documents\GitHub\mccabe-site\vspfiles\photos\SAR-FX-FUR-PILLOWCA-altview3.jpg,https://cdn.shopify.com/s/files/1/2047/7533/products/faux-fur-pillowcases-727460.jpg?v=1691083743,
SAR,SAR-FX-FUR-PILLOWCA,OK,4,2000,2000,261910,C:\Users\erink\OneDrive\Documents\GitHub\mccabe-site\vspfiles\photos\SAR-FX-FUR-PILLOWCA-altview4.jpg,https://cdn.shopify.com/s/files/1/2047/7533/products/faux-fur-pillowcases-347858.jpg?v=1691083743,
SAR,SAR-FX-FUR-PILLOWCA,OK,5,2000,2000,401551,C:\Users\erink\OneDrive\Documents\GitHub\mccabe-site\vspfiles\photos\SAR-FX-FUR-PILLOWCA-altview5.jpg,https://cdn.shopify.com/s/files/1/2047/7533/products/faux-fur-pillowcases-191219.jpg?v=1691083743,
SAR,SAR-FX-FUR-PILLOWCA,OK,6,2000,2000,496676,C:\Users\erink\OneDrive\Documents\GitHub\mccabe-site\vspfiles\photos\SAR-FX-FUR-PILLOWCA-altview6.jpg,https://cdn.shopify.com/s/files/1/2047/7533/products/faux-fur-pillowcases-154198.jpg?v=1691083743,
SAR,SAR-FX-FUR-PILLOWCA,OK,7,2000,2000,380894,C:\Users\erink\OneDrive\Documents\GitHub\mccabe-site\vspfiles\photos\SAR-FX-FUR-PILLOWCA-altview7.jpg,https://cdn.shopify.com/s/files/1/2047/7533/products/faux-fur-pillowcases-287443.jpg?v=1691083743,
SAR,SAR-FX-FUR-PILLOWCA,OK,8,2000,2000,340129,C:\Users\erink\OneDrive\Documents\GitHub\mccabe-site\vspfiles\photos\SAR-FX-FUR-PILLOWCA-altview8.jpg,https://cdn.shopify.com/s/files/1/2047/7533/products/faux-fur-pillowcases-354136.jpg?v=1691083743,
SAR,SAR-FX-FUR-TOD,NO_HANDLE,,,,,,,no working Shopify handle
SAR,SAR-FX-FUR-TWIN,OK,1,2000,2000,526085,C:\Users\erink\OneDrive\Documents\GitHub\mccabe-site\vspfiles\photos\SAR-FX-FUR-TWIN-altview1.jpg,https://cdn.shopify.com/s/files/1/2047/7533/products/faux-fur-twin-blankets-861030.jpg?v=1762458943,
SAR,SAR-FX-FUR-TWIN,OK,2,2000,2000,633194,C:\Users\erink\OneDrive\Documents\GitHub\mccabe-site\vspfiles\photos\SAR-FX-FUR-TWIN-altview2.jpg,https://cdn.shopify.com/s/files/1/2047/7533/products/faux-fur-twin-blankets-427762.jpg?v=1709239452,
SAR,SAR-FX-FUR-TWIN,OK,3,2000,2000,613027,C:\Users\erink\OneDrive\Documents\GitHub\mccabe-site\vspfiles\photos\SAR-FX-FUR-TWIN-altview3.jpg,https://cdn.shopify.com/s/files/1/2047/7533/products/faux-fur-twin-blankets-187395.jpg?v=1709239452,
SAR,SAR-FX-FUR-TWIN,OK,4,2000,2000,612592,C:\Users\erink\OneDrive\Documents\GitHub\mccabe-site\vspfiles\photos\SAR-FX-FUR-TWIN-altview4.jpg,https://cdn.shopify.com/s/files/1/2047/7533/products/faux-fur-twin-blankets-894192.jpg?v=1709239452,
SAR,SAR-FX-FUR-TWIN,OK,5,2000,2000,620046,C:\Users\erink\OneDrive\Documents\GitHub\mccabe-site\vspfiles\photos\SAR-FX-FUR-TWIN-altview5.jpg,https://cdn.shopify.com/s/files/1/2047/7533/products/faux-fur-twin-blankets-868799.jpg?v=1709239453,
SAR,SAR-FX-FUR-TWIN,OK,6,2000,2000,454847,C:\Users\erink\OneDrive\Documents\GitHub\mccabe-site\vspfiles\photos\SAR-FX-FUR-TWIN-altview6.jpg,https://cdn.shopify.com/s/files/1/2047/7533/products/faux-fur-twin-blankets-623938.jpg?v=1709239453,
SAR,SAR-FX-FUR-TWIN,OK,7,2000,2000,396571,C:\Users\erink\OneDrive\Documents\GitHub\mccabe-site\vspfiles\photos\SAR-FX-FUR-TWIN-altview7.jpg,https://cdn.shopify.com/s/files/1/2047/7533/products/faux-fur-twin-blankets-839088.jpg?v=1709239453,
SAR,SAR-FX-FUR-TWIN,OK,8,2000,2000,406525,C:\Users\erink\OneDrive\Documents\GitHub\mccabe-site\vspfiles\photos\SAR-FX-FUR-TWIN-altview8.jpg,https://cdn.shopify.com/s/files/1/2047/7533/products/faux-fur-twin-blankets-672182.jpg?v=1709239453,
SAR,SAR-HOGWARTS-CREST-DBL-LAYER,OK,1,1620,1620,707329,C:\Users\erink\OneDrive\Documents\GitHub\mccabe-site\vspfiles\photos\SAR-HOGWARTS-CREST-DBL-LAYER-altview1.jpg,https://cdn.shopify.com/s/files/1/2047/7533/files/106-5757-4_4.png?v=1762458975,
SAR,SAR-HOGWARTS-CREST-DBL-LAYER,OK,2,1620,1620,648641,C:\Users\erink\OneDrive\Documents\GitHub\mccabe-site\vspfiles\photos\SAR-HOGWARTS-CREST-DBL-LAYER-altview2.jpg,https://cdn.shopify.com/s/files/1/2047/7533/files/106-5757-4_3.png?v=1751042884,
SAR,SAR-HOGWARTS-CREST-DBL-LAYER,OK,3,1620,1620,808268,C:\Users\erink\OneDrive\Documents\GitHub\mccabe-site\vspfiles\photos\SAR-HOGWARTS-CREST-DBL-LAYER-altview3.jpg,https://cdn.shopify.com/s/files/1/2047/7533/files/106-5757-4.png?v=1751042854,
SAR,SAR-HOGWARTS-CREST-DBL-LAYER,OK,4,1620,1620,668959,C:\Users\erink\OneDrive\Documents\GitHub\mccabe-site\vspfiles\photos\SAR-HOGWARTS-CREST-DBL-LAYER-altview4.jpg,https://cdn.shopify.com/s/files/1/2047/7533/files/106-5757-5_3.png?v=1751042854,
SAR,SAR-HOGWARTS-CREST-DBL-LAYER,OK,5,1620,1620,561489,C:\Users\erink\OneDrive\Documents\GitHub\mccabe-site\vspfiles\photos\SAR-HOGWARTS-CREST-DBL-LAYER-altview5.jpg,https://cdn.shopify.com/s/files/1/2047/7533/files/106-5757-5_4.png?v=1751042854,
SAR,SAR-HOGWARTS-CREST-DBL-LAYER,OK,6,1620,1620,896071,C:\Users\erink\OneDrive\Documents\GitHub\mccabe-site\vspfiles\photos\SAR-HOGWARTS-CREST-DBL-LAYER-altview6.jpg,https://cdn.shopify.com/s/files/1/2047/7533/files/106-5757-5.png?v=1751042854,
SAR,SAR-HOGWARTS-CREST-DBL-LAYER,OK,7,2000,2000,178633,C:\Users\erink\OneDrive\Documents\GitHub\mccabe-site\vspfiles\photos\SAR-HOGWARTS-CREST-DBL-LAYER-altview7.jpg,https://cdn.shopify.com/s/files/1/2047/7533/files/Untitleddesign_15.png?v=1773325085,
SAR,SAR-JL-JL-SNUGGLER,OK,1,1080,1080,171292,C:\Users\erink\OneDrive\Documents\GitHub\mccabe-site\vspfiles\photos\SAR-JL-JL-SNUGGLER-altview1.jpg,https://cdn.shopify.com/s/files/1/2047/7533/files/2_e8a65c3e-a9aa-421a-85e8-0d2be53801b1.png?v=1761582721,
SAR,SAR-JL-JL-SNUGGLER,OK,2,1080,1080,180772,C:\Users\erink\OneDrive\Documents\GitHub\mccabe-site\vspfiles\photos\SAR-JL-JL-SNUGGLER-altview2.jpg,https://cdn.shopify.com/s/files/1/2047/7533/files/3_0bfb815a-b0ec-4427-9030-ae9637f919ba.png?v=1761582723,
SAR,SAR-JL-JL-SNUGGLER,OK,3,1080,1080,153929,C:\Users\erink\OneDrive\Documents\GitHub\mccabe-site\vspfiles\photos\SAR-JL-JL-SNUGGLER-altview3.jpg,https://cdn.shopify.com/s/files/1/2047/7533/files/4_1e7ab256-63ad-4d1d-b1c5-644546d47110.png?v=1761582723,
SAR,SAR-JL-JL-SNUGGLER,OK,4,1080,1080,231614,C:\Users\erink\OneDrive\Documents\GitHub\mccabe-site\vspfiles\photos\SAR-JL-JL-SNUGGLER-altview4.jpg,https://cdn.shopify.com/s/files/1/2047/7533/files/5_2b66aa5e-1bcf-48fd-b468-d6c915a72ac1.png?v=1761582723,
SAR,SAR-JL-JL-SNUGGLER,OK,5,1080,1080,212321,C:\Users\erink\OneDrive\Documents\GitHub\mccabe-site\vspfiles\photos\SAR-JL-JL-SNUGGLER-altview5.jpg,https://cdn.shopify.com/s/files/1/2047/7533/files/6_1c15fe7d-5693-4acc-b901-e2e1febe12df.png?v=1761582722,
SAR,SAR-JL-JL-SNUGGLER,OK,6,1080,1080,266696,C:\Users\erink\OneDrive\Documents\GitHub\mccabe-site\vspfiles\photos\SAR-JL-JL-SNUGGLER-altview6.jpg,https://cdn.shopify.com/s/files/1/2047/7533/files/7_c50ba71e-9d20-4195-9c69-80babb6ac250.png?v=1761582722,
SAR,SAR-JL-JL-SNUGGLER,OK,7,1080,1080,250860,C:\Users\erink\OneDrive\Documents\GitHub\mccabe-site\vspfiles\photos\SAR-JL-JL-SNUGGLER-altview7.jpg,https://cdn.shopify.com/s/files/1/2047/7533/files/8_a73e30b4-08bf-42f4-9ecf-fa359d2c0708.png?v=1761582723,
SAR,SAR-JL-JL-SNUGGLER,OK,8,1080,1080,256175,C:\Users\erink\OneDrive\Documents\GitHub\mccabe-site\vspfiles\photos\SAR-JL-JL-SNUGGLER-altview8.jpg,https://cdn.shopify.com/s/files/1/2047/7533/files/9_92e30344-4cf5-4bab-9c5c-5ea8048d12fc.png?v=1761582722,
SAR,SAR-MNKY-STR-XL-LG,OK,1,2000,2000,270270,C:\Users\erink\OneDrive\Documents\GitHub\mccabe-site\vspfiles\photos\SAR-MNKY-STR-XL-LG-altview1.jpg,https://cdn.shopify.com/s/files/1/2047/7533/products/minky-stretch-xl-throw-blankets-300398.jpg?v=1756842281,
SAR,SAR-MNKY-STR-XL-LG,OK,2,2000,2000,302256,C:\Users\erink\OneDrive\Documents\GitHub\mccabe-site\vspfiles\photos\SAR-MNKY-STR-XL-LG-altview2.jpg,https://cdn.shopify.com/s/files/1/2047/7533/products/minky-stretch-xl-throw-blankets-217472.jpg?v=1756842376,
SAR,SAR-MNKY-STR-XL-LG,OK,3,2000,2000,202211,C:\Users\erink\OneDrive\Documents\GitHub\mccabe-site\vspfiles\photos\SAR-MNKY-STR-XL-LG-altview3.jpg,https://cdn.shopify.com/s/files/1/2047/7533/products/minky-stretch-xl-throw-blankets-874421.jpg?v=1756842281,
SAR,SAR-MNKY-STR-XL-LG,OK,4,879,879,91382,C:\Users\erink\OneDrive\Documents\GitHub\mccabe-site\vspfiles\photos\SAR-MNKY-STR-XL-LG-altview4.jpg,https://cdn.shopify.com/s/files/1/2047/7533/files/minky-stretch-xl-throw-blankets-513534.jpg?v=1762458624,
SAR,SAR-MNKY-STR-XL-LG,OK,5,1890,1890,705950,C:\Users\erink\OneDrive\Documents\GitHub\mccabe-site\vspfiles\photos\SAR-MNKY-STR-XL-LG-altview5.jpg,https://cdn.shopify.com/s/files/1/2047/7533/files/246_96f62448-79fb-4aaa-bf16-2b1969fe1e95.png?v=1756842281,
SAR,SAR-MNKY-STR-XL-LG,OK,6,1890,1890,577821,C:\Users\erink\OneDrive\Documents\GitHub\mccabe-site\vspfiles\photos\SAR-MNKY-STR-XL-LG-altview6.jpg,https://cdn.shopify.com/s/files/1/2047/7533/files/249_9c66af0e-3251-4168-b57e-64d3a5180f2a.png?v=1756842281,
SAR,SAR-MNKY-STR-XL-LG,OK,7,1080,1080,122856,C:\Users\erink\OneDrive\Documents\GitHub\mccabe-site\vspfiles\photos\SAR-MNKY-STR-XL-LG-altview7.jpg,https://cdn.shopify.com/s/files/1/2047/7533/files/Minky_Stretch_3.png?v=1756842376,
SAR,SAR-MNKY-STR-XL-LG,OK,8,1080,1080,171240,C:\Users\erink\OneDrive\Documents\GitHub\mccabe-site\vspfiles\photos\SAR-MNKY-STR-XL-LG-altview8.jpg,https://cdn.shopify.com/s/files/1/2047/7533/files/Minky_Stretch_2.png?v=1756842281,
SAR,SAR-PLEATED-DUST-RUFFLE,OK,1,1620,1620,374437,C:\Users\erink\OneDrive\Documents\GitHub\mccabe-site\vspfiles\photos\SAR-PLEATED-DUST-RUFFLE-altview1.jpg,https://cdn.shopify.com/s/files/1/2047/7533/files/2_64bed338-13c6-4d8b-bcdc-41387e8845c0.png?v=1775140274,
SAR,SAR-PLEATED-DUST-RUFFLE,OK,2,1620,1620,519702,C:\Users\erink\OneDrive\Documents\GitHub\mccabe-site\vspfiles\photos\SAR-PLEATED-DUST-RUFFLE-altview2.jpg,https://cdn.shopify.com/s/files/1/2047/7533/files/1_f3af63c1-11a8-45ea-8ce8-8a93051d3a00.png?v=1775140274,
SAR,SAR-PLEATED-DUST-RUFFLE,OK,3,1620,1620,280459,C:\Users\erink\OneDrive\Documents\GitHub\mccabe-site\vspfiles\photos\SAR-PLEATED-DUST-RUFFLE-altview3.jpg,https://cdn.shopify.com/s/files/1/2047/7533/files/5_b4802fbd-5b5e-4403-958f-0942f661d93c.png?v=1775140274,
SAR,SAR-PLEATED-DUST-RUFFLE,OK,4,1620,1620,465926,C:\Users\erink\OneDrive\Documents\GitHub\mccabe-site\vspfiles\photos\SAR-PLEATED-DUST-RUFFLE-altview4.jpg,https://cdn.shopify.com/s/files/1/2047/7533/files/3_134cbb39-d5d3-45f2-8632-317e2c2aaff0.png?v=1775140274,
SAR,SAR-PLEATED-DUST-RUFFLE,OK,5,1620,1620,337966,C:\Users\erink\OneDrive\Documents\GitHub\mccabe-site\vspfiles\photos\SAR-PLEATED-DUST-RUFFLE-altview5.jpg,https://cdn.shopify.com/s/files/1/2047/7533/files/4_48f0361d-9ec6-43e8-96fb-41b64a5ff54c.png?v=1775140274,
SAR,SAR-PLEATED-DUST-RUFFLE,OK,6,2000,2000,272240,C:\Users\erink\OneDrive\Documents\GitHub\mccabe-site\vspfiles\photos\SAR-PLEATED-DUST-RUFFLE-altview6.jpg,https://cdn.shopify.com/s/files/1/2047/7533/files/107-0202_132-4444saranoni_1-26_048.jpg?v=1775140122,
SAR,SAR-PLEATED-DUST-RUFFLE,OK,7,2000,2000,476842,C:\Users\erink\OneDrive\Documents\GitHub\mccabe-site\vspfiles\photos\SAR-PLEATED-DUST-RUFFLE-altview7.jpg,https://cdn.shopify.com/s/files/1/2047/7533/files/102-6464_107-0202_132-5050saranoni_1-26_062.jpg?v=1775140196,
SAR,SAR-PLEATED-DUST-RUFFLE,OK,8,2000,2000,610555,C:\Users\erink\OneDrive\Documents\GitHub\mccabe-site\vspfiles\photos\SAR-PLEATED-DUST-RUFFLE-altview8.jpg,https://cdn.shopify.com/s/files/1/2047/7533/files/106-7373_107-0202_132-4343saranoni_1-26_059.jpg?v=1775140218,
SAR,SAR-PLSH-FX-FUR,OK,1,1620,1620,672369,C:\Users\erink\OneDrive\Documents\GitHub\mccabe-site\vspfiles\photos\SAR-PLSH-FX-FUR-altview1.jpg,https://cdn.shopify.com/s/files/1/2047/7533/files/Sesame_3_a51fb63e-521a-4e8a-bc7e-784d06caaddb.png?v=1762459474,
SAR,SAR-PLSH-FX-FUR,OK,2,1620,1620,394081,C:\Users\erink\OneDrive\Documents\GitHub\mccabe-site\vspfiles\photos\SAR-PLSH-FX-FUR-altview2.jpg,https://cdn.shopify.com/s/files/1/2047/7533/files/Buttermilk_3_ac4bcb6d-e829-41b8-a006-add92530055d.png?v=1752678605,
SAR,SAR-PLSH-FX-FUR,OK,3,1620,1620,491576,C:\Users\erink\OneDrive\Documents\GitHub\mccabe-site\vspfiles\photos\SAR-PLSH-FX-FUR-altview3.jpg,https://cdn.shopify.com/s/files/1/2047/7533/files/Buttermilk_4_503271bd-becf-4783-93e6-cd370009df65.png?v=1752678605,
SAR,SAR-PLSH-FX-FUR,OK,4,1620,1620,469879,C:\Users\erink\OneDrive\Documents\GitHub\mccabe-site\vspfiles\photos\SAR-PLSH-FX-FUR-altview4.jpg,https://cdn.shopify.com/s/files/1/2047/7533/files/Buttermilk_aff3e76e-78df-4705-80cf-f13b20d1b130.png?v=1752678605,
SAR,SAR-PLSH-FX-FUR,SKIP_DUP,,1620,1620,,,https://cdn.shopify.com/s/files/1/2047/7533/files/Sesame_3_9a99db1a-ce3b-4228-add3-795cb2842d58.png?v=1752678605,duplicate of main/thumb or prior altview
SAR,SAR-PLSH-FX-FUR,OK,5,1620,1620,628601,C:\Users\erink\OneDrive\Documents\GitHub\mccabe-site\vspfiles\photos\SAR-PLSH-FX-FUR-altview5.jpg,https://cdn.shopify.com/s/files/1/2047/7533/files/Sesame_4_5a4574d9-a5ec-41ea-b3c1-2bfcd89fea24.png?v=1752678605,
SAR,SAR-PLSH-FX-FUR,OK,6,1620,1620,493520,C:\Users\erink\OneDrive\Documents\GitHub\mccabe-site\vspfiles\photos\SAR-PLSH-FX-FUR-altview6.jpg,https://cdn.shopify.com/s/files/1/2047/7533/files/Sesame_7b8d6a0c-fd34-4e0f-ab25-dea28477d813.png?v=1752678605,
SAR,SAR-PTR-RBT-BMBU-RYN-MSLN,OK,1,2000,2000,318674,C:\Users\erink\OneDrive\Documents\GitHub\mccabe-site\vspfiles\photos\SAR-PTR-RBT-BMBU-RYN-MSLN-altview1.jpg,https://cdn.shopify.com/s/files/1/2047/7533/products/peter-rabbit-bamboo-rayon-muslinlush-blankets-311273.jpg?v=1694656051,
SAR,SAR-PTR-RBT-BMBU-RYN-MSLN,OK,2,2000,2000,402156,C:\Users\erink\OneDrive\Documents\GitHub\mccabe-site\vspfiles\photos\SAR-PTR-RBT-BMBU-RYN-MSLN-altview2.jpg,https://cdn.shopify.com/s/files/1/2047/7533/products/peter-rabbit-bamboo-rayon-muslinlush-blankets-466052.jpg?v=1694656051,
SAR,SAR-PTR-RBT-BMBU-RYN-MSLN,OK,3,2000,2000,268692,C:\Users\erink\OneDrive\Documents\GitHub\mccabe-site\vspfiles\photos\SAR-PTR-RBT-BMBU-RYN-MSLN-altview3.jpg,https://cdn.shopify.com/s/files/1/2047/7533/products/peter-rabbit-bamboo-rayon-muslinlush-blankets-372038.jpg?v=1705759283,
SAR,SAR-PTR-RBT-BMBU-RYN-MSLN,OK,4,2000,2000,352916,C:\Users\erink\OneDrive\Documents\GitHub\mccabe-site\vspfiles\photos\SAR-PTR-RBT-BMBU-RYN-MSLN-altview4.jpg,https://cdn.shopify.com/s/files/1/2047/7533/products/peter-rabbit-bamboo-rayon-muslinlush-blankets-162950.jpg?v=1705681480,
SAR,SAR-PTR-RBT-BMBU-RYN-MSLN,OK,5,2000,2000,402393,C:\Users\erink\OneDrive\Documents\GitHub\mccabe-site\vspfiles\photos\SAR-PTR-RBT-BMBU-RYN-MSLN-altview5.jpg,https://cdn.shopify.com/s/files/1/2047/7533/products/peter-rabbit-bamboo-rayon-muslinlush-blankets-186903.jpg?v=1705681480,
SAR,SAR-PTR-RBT-BMBU-RYN-MSLN,OK,6,1223,1223,138054,C:\Users\erink\OneDrive\Documents\GitHub\mccabe-site\vspfiles\photos\SAR-PTR-RBT-BMBU-RYN-MSLN-altview6.jpg,https://cdn.shopify.com/s/files/1/2047/7533/products/peter-rabbit-bamboo-rayon-muslinlush-blankets-169217.jpg?v=1706753735,
SAR,SAR-PTR-RBT-BMBU-RYN-MSLN,OK,7,2000,2000,352918,C:\Users\erink\OneDrive\Documents\GitHub\mccabe-site\vspfiles\photos\SAR-PTR-RBT-BMBU-RYN-MSLN-altview7.jpg,https://cdn.shopify.com/s/files/1/2047/7533/products/peter-rabbit-bamboo-rayon-muslinlush-blankets-930590.jpg?v=1706719514,
SAR,SAR-PTR-RBT-BMBU-RYN-MSLN,OK,8,2000,2000,399935,C:\Users\erink\OneDrive\Documents\GitHub\mccabe-site\vspfiles\photos\SAR-PTR-RBT-BMBU-RYN-MSLN-altview8.jpg,https://cdn.shopify.com/s/files/1/2047/7533/products/peter-rabbit-bamboo-rayon-muslinlush-blankets-159917.jpg?v=1706719514,
SAR,SAR-PTR-RBT-BMBU-RYN-MSLN-02,OK,1,1149,1149,98620,C:\Users\erink\OneDrive\Documents\GitHub\mccabe-site\vspfiles\photos\SAR-PTR-RBT-BMBU-RYN-MSLN-02-altview1.jpg,https://cdn.shopify.com/s/files/1/2047/7533/products/peter-rabbit-bamboo-rayon-muslinlush-mini-blankets-489564.jpg?v=1710399471,
SAR,SAR-PTR-RBT-BMBU-RYN-MSLN-02,OK,2,1151,1151,125254,C:\Users\erink\OneDrive\Documents\GitHub\mccabe-site\vspfiles\photos\SAR-PTR-RBT-BMBU-RYN-MSLN-02-altview2.jpg,https://cdn.shopify.com/s/files/1/2047/7533/products/peter-rabbit-bamboo-rayon-muslinlush-mini-blankets-909777.jpg?v=1710399471,
SAR,SAR-PTR-RBT-BMBU-RYN-MSLN-02,OK,3,1180,1180,118545,C:\Users\erink\OneDrive\Documents\GitHub\mccabe-site\vspfiles\photos\SAR-PTR-RBT-BMBU-RYN-MSLN-02-altview3.jpg,https://cdn.shopify.com/s/files/1/2047/7533/products/peter-rabbit-bamboo-rayon-muslinlush-mini-blankets-334335.jpg?v=1710399472,
SAR,SAR-PTR-RBT-BMBU-RYN-MSLN-02,OK,4,1047,1047,184588,C:\Users\erink\OneDrive\Documents\GitHub\mccabe-site\vspfiles\photos\SAR-PTR-RBT-BMBU-RYN-MSLN-02-altview4.jpg,https://cdn.shopify.com/s/files/1/2047/7533/products/peter-rabbit-bamboo-rayon-muslinlush-mini-blankets-953164.jpg?v=1710399472,
SAR,SAR-PTR-RBT-BMBU-RYN-MSLN-02,OK,5,1223,1223,137954,C:\Users\erink\OneDrive\Documents\GitHub\mccabe-site\vspfiles\photos\SAR-PTR-RBT-BMBU-RYN-MSLN-02-altview5.jpg,https://cdn.shopify.com/s/files/1/2047/7533/products/peter-rabbit-bamboo-rayon-muslinlush-mini-blankets-232789.jpg?v=1710399472,
SAR,SAR-PTR-RBT-BMBU-RYN-MSLN-02,OK,6,1021,1021,146771,C:\Users\erink\OneDrive\Documents\GitHub\mccabe-site\vspfiles\photos\SAR-PTR-RBT-BMBU-RYN-MSLN-02-altview6.jpg,https://cdn.shopify.com/s/files/1/2047/7533/products/peter-rabbit-bamboo-rayon-muslinlush-mini-blankets-846185.jpg?v=1710399472,
SAR,SAR-PTR-RBT-BMBU-RYN-MSLN-02,OK,7,1118,1118,180171,C:\Users\erink\OneDrive\Documents\GitHub\mccabe-site\vspfiles\photos\SAR-PTR-RBT-BMBU-RYN-MSLN-02-altview7.jpg,https://cdn.shopify.com/s/files/1/2047/7533/products/peter-rabbit-bamboo-rayon-muslinlush-mini-blankets-242847.jpg?v=1710399472,
SAR,SAR-PTR-RBT-BMBU-RYN-MSLN-02,OK,8,1128,1128,208191,C:\Users\erink\OneDrive\Documents\GitHub\mccabe-site\vspfiles\photos\SAR-PTR-RBT-BMBU-RYN-MSLN-02-altview8.jpg,https://cdn.shopify.com/s/files/1/2047/7533/products/peter-rabbit-bamboo-rayon-muslinlush-mini-blankets-963103.jpg?v=1710399472,
SAR,SAR-PTR-RBT-BMBU-RYN-MSLN-2,OK,1,2000,2000,396687,C:\Users\erink\OneDrive\Documents\GitHub\mccabe-site\vspfiles\photos\SAR-PTR-RBT-BMBU-RYN-MSLN-2-altview1.jpg,https://cdn.shopify.com/s/files/1/2047/7533/products/peter-rabbit-bamboo-rayon-muslin-2-pack-swaddles-786771.jpg?v=1694656054,
SAR,SAR-PTR-RBT-BMBU-RYN-MSLN-2,OK,2,2000,2000,520703,C:\Users\erink\OneDrive\Documents\GitHub\mccabe-site\vspfiles\photos\SAR-PTR-RBT-BMBU-RYN-MSLN-2-altview2.jpg,https://cdn.shopify.com/s/files/1/2047/7533/products/peter-rabbit-bamboo-rayon-muslin-2-pack-swaddles-574428.jpg?v=1694656054,
SAR,SAR-PTR-RBT-BMBU-RYN-MSLN-2,OK,3,1223,1223,138054,C:\Users\erink\OneDrive\Documents\GitHub\mccabe-site\vspfiles\photos\SAR-PTR-RBT-BMBU-RYN-MSLN-2-altview3.jpg,https://cdn.shopify.com/s/files/1/2047/7533/products/peter-rabbit-bamboo-rayon-muslin-2-pack-swaddles-246497.jpg?v=1706753738,
SAR,SAR-PTR-RBT-BMBU-RYN-MSLN-2,OK,4,2000,2000,475217,C:\Users\erink\OneDrive\Documents\GitHub\mccabe-site\vspfiles\photos\SAR-PTR-RBT-BMBU-RYN-MSLN-2-altview4.jpg,https://cdn.shopify.com/s/files/1/2047/7533/products/peter-rabbit-bamboo-rayon-muslin-2-pack-swaddles-275396.jpg?v=1706719706,
SAR,SAR-PTR-RBT-BMBU-RYN-MSLN-2,OK,5,2000,2000,440224,C:\Users\erink\OneDrive\Documents\GitHub\mccabe-site\vspfiles\photos\SAR-PTR-RBT-BMBU-RYN-MSLN-2-altview5.jpg,https://cdn.shopify.com/s/files/1/2047/7533/products/peter-rabbit-bamboo-rayon-muslin-2-pack-swaddles-787260.jpg?v=1706719706,
SAR,SAR-PTR-RBT-BMBU-RYN-MSLN-2,OK,6,2000,2000,496127,C:\Users\erink\OneDrive\Documents\GitHub\mccabe-site\vspfiles\photos\SAR-PTR-RBT-BMBU-RYN-MSLN-2-altview6.jpg,https://cdn.shopify.com/s/files/1/2047/7533/products/peter-rabbit-bamboo-rayon-muslin-2-pack-swaddles-256331.jpg?v=1706719706,
SAR,SAR-PTR-RBT-BMBU-RYN-MSLN-2,OK,7,1331,1331,143403,C:\Users\erink\OneDrive\Documents\GitHub\mccabe-site\vspfiles\photos\SAR-PTR-RBT-BMBU-RYN-MSLN-2-altview7.jpg,https://cdn.shopify.com/s/files/1/2047/7533/products/peter-rabbit-bamboo-rayon-muslin-2-pack-swaddles-315815.jpg?v=1706753738,
SAR,SAR-PTR-RBT-BMBU-RYN-MSLN-2,OK,8,2000,2000,498579,C:\Users\erink\OneDrive\Documents\GitHub\mccabe-site\vspfiles\photos\SAR-PTR-RBT-BMBU-RYN-MSLN-2-altview8.jpg,https://cdn.shopify.com/s/files/1/2047/7533/products/peter-rabbit-bamboo-rayon-muslin-2-pack-swaddles-502905.jpg?v=1706719706,
SAR,SAR-PTR-RBT-COTTON-MSLN,OK,1,2000,2000,419852,C:\Users\erink\OneDrive\Documents\GitHub\mccabe-site\vspfiles\photos\SAR-PTR-RBT-COTTON-MSLN-altview1.jpg,https://cdn.shopify.com/s/files/1/2047/7533/products/peter-rabbit-cotton-muslin-changing-covers-157497.jpg?v=1694656047,
SAR,SAR-PTR-RBT-COTTON-MSLN,OK,2,2000,2000,442612,C:\Users\erink\OneDrive\Documents\GitHub\mccabe-site\vspfiles\photos\SAR-PTR-RBT-COTTON-MSLN-altview2.jpg,https://cdn.shopify.com/s/files/1/2047/7533/products/peter-rabbit-cotton-muslin-changing-covers-132745.jpg?v=1694656047,
SAR,SAR-PTR-RBT-COTTON-MSLN,OK,3,1223,1223,135151,C:\Users\erink\OneDrive\Documents\GitHub\mccabe-site\vspfiles\photos\SAR-PTR-RBT-COTTON-MSLN-altview3.jpg,https://cdn.shopify.com/s/files/1/2047/7533/products/peter-rabbit-cotton-muslin-changing-covers-596888.jpg?v=1706753739,
SAR,SAR-PTR-RBT-COTTON-MSLN,OK,4,2000,2000,338757,C:\Users\erink\OneDrive\Documents\GitHub\mccabe-site\vspfiles\photos\SAR-PTR-RBT-COTTON-MSLN-altview4.jpg,https://cdn.shopify.com/s/files/1/2047/7533/products/peter-rabbit-cotton-muslin-changing-covers-149218.jpg?v=1706719600,
SAR,SAR-PTR-RBT-COTTON-MSLN,OK,5,2000,2000,367935,C:\Users\erink\OneDrive\Documents\GitHub\mccabe-site\vspfiles\photos\SAR-PTR-RBT-COTTON-MSLN-altview5.jpg,https://cdn.shopify.com/s/files/1/2047/7533/products/peter-rabbit-cotton-muslin-changing-covers-236865.jpg?v=1706719600,
SAR,SAR-PTR-RBT-COTTON-MSLN,OK,6,1177,1177,115763,C:\Users\erink\OneDrive\Documents\GitHub\mccabe-site\vspfiles\photos\SAR-PTR-RBT-COTTON-MSLN-altview6.jpg,https://cdn.shopify.com/s/files/1/2047/7533/products/peter-rabbit-cotton-muslin-changing-covers-670824.jpg?v=1706753739,
SAR,SAR-PTR-RBT-COTTON-MSLN-CRIB,OK,1,2000,2000,343584,C:\Users\erink\OneDrive\Documents\GitHub\mccabe-site\vspfiles\photos\SAR-PTR-RBT-COTTON-MSLN-CRIB-altview1.jpg,https://cdn.shopify.com/s/files/1/2047/7533/products/peter-rabbit-cotton-muslin-crib-sheets-896860.jpg?v=1694656050,
SAR,SAR-PTR-RBT-COTTON-MSLN-CRIB,OK,2,2000,2000,379982,C:\Users\erink\OneDrive\Documents\GitHub\mccabe-site\vspfiles\photos\SAR-PTR-RBT-COTTON-MSLN-CRIB-altview2.jpg,https://cdn.shopify.com/s/files/1/2047/7533/products/peter-rabbit-cotton-muslin-crib-sheets-664730.jpg?v=1694656050,
SAR,SAR-PTR-RBT-COTTON-MSLN-CRIB,OK,3,2000,2000,531685,C:\Users\erink\OneDrive\Documents\GitHub\mccabe-site\vspfiles\photos\SAR-PTR-RBT-COTTON-MSLN-CRIB-altview3.jpg,https://cdn.shopify.com/s/files/1/2047/7533/products/peter-rabbit-cotton-muslin-crib-sheets-173425.jpg?v=1694656050,
SAR,SAR-PTR-RBT-COTTON-MSLN-CRIB,OK,4,1223,1223,132177,C:\Users\erink\OneDrive\Documents\GitHub\mccabe-site\vspfiles\photos\SAR-PTR-RBT-COTTON-MSLN-CRIB-altview4.jpg,https://cdn.shopify.com/s/files/1/2047/7533/products/peter-rabbit-cotton-muslin-crib-sheets-451377.jpg?v=1706753739,
SAR,SAR-PTR-RBT-COTTON-MSLN-CRIB,OK,5,2000,2000,352994,C:\Users\erink\OneDrive\Documents\GitHub\mccabe-site\vspfiles\photos\SAR-PTR-RBT-COTTON-MSLN-CRIB-altview5.jpg,https://cdn.shopify.com/s/files/1/2047/7533/products/peter-rabbit-cotton-muslin-crib-sheets-918692.jpg?v=1706719647,
SAR,SAR-PTR-RBT-COTTON-MSLN-CRIB,OK,6,2000,2000,373009,C:\Users\erink\OneDrive\Documents\GitHub\mccabe-site\vspfiles\photos\SAR-PTR-RBT-COTTON-MSLN-CRIB-altview6.jpg,https://cdn.shopify.com/s/files/1/2047/7533/products/peter-rabbit-cotton-muslin-crib-sheets-585608.jpg?v=1706719647,
SAR,SAR-PTR-RBT-COTTON-MSLN-CRIB,OK,7,2000,2000,341921,C:\Users\erink\OneDrive\Documents\GitHub\mccabe-site\vspfiles\photos\SAR-PTR-RBT-COTTON-MSLN-CRIB-altview7.jpg,https://cdn.shopify.com/s/files/1/2047/7533/products/peter-rabbit-cotton-muslin-crib-sheets-778196.jpg?v=1706719647,
SAR,SAR-PTR-RBT-COTTON-MSLN-CRIB,OK,8,1177,1177,112093,C:\Users\erink\OneDrive\Documents\GitHub\mccabe-site\vspfiles\photos\SAR-PTR-RBT-COTTON-MSLN-CRIB-altview8.jpg,https://cdn.shopify.com/s/files/1/2047/7533/products/peter-rabbit-cotton-muslin-crib-sheets-903601.jpg?v=1706753739,
SAR,SAR-PTRN-FX-FUR,OK,1,2000,2000,601917,C:\Users\erink\OneDrive\Documents\GitHub\mccabe-site\vspfiles\photos\SAR-PTRN-FX-FUR-altview1.jpg,https://cdn.shopify.com/s/files/1/2047/7533/products/patterned-faux-fur-throw-blankets-195811.jpg?v=1754720833,
SAR,SAR-PTRN-FX-FUR,OK,2,1890,1890,678711,C:\Users\erink\OneDrive\Documents\GitHub\mccabe-site\vspfiles\photos\SAR-PTRN-FX-FUR-altview2.jpg,https://cdn.shopify.com/s/files/1/2047/7533/files/7_26131e45-d2ff-4bed-9628-d88d3b7b550a.png?v=1783573879,
SAR,SAR-PTRN-FX-FUR,OK,3,1080,1080,269379,C:\Users\erink\OneDrive\Documents\GitHub\mccabe-site\vspfiles\photos\SAR-PTRN-FX-FUR-altview3.jpg,https://cdn.shopify.com/s/files/1/2047/7533/files/Patterned_Faux_Fur_53_c36d7a54-2c4a-4d65-924d-327feb99427c.png?v=1762458158,
SAR,SAR-PTRN-FX-FUR,OK,4,1080,1080,189091,C:\Users\erink\OneDrive\Documents\GitHub\mccabe-site\vspfiles\photos\SAR-PTRN-FX-FUR-altview4.jpg,https://cdn.shopify.com/s/files/1/2047/7533/files/Feather_2_841fef8b-9876-4b4f-b1cf-70e9d793a38c.png?v=1744396207,
SAR,SAR-PTRN-FX-FUR,OK,5,1080,1080,142582,C:\Users\erink\OneDrive\Documents\GitHub\mccabe-site\vspfiles\photos\SAR-PTRN-FX-FUR-altview5.jpg,https://cdn.shopify.com/s/files/1/2047/7533/files/Feather_3_11cde3fc-fda0-4fd6-a512-8a6dd76f0889.png?v=1744396207,
SAR,SAR-PTRN-FX-FUR,OK,6,1080,1080,176389,C:\Users\erink\OneDrive\Documents\GitHub\mccabe-site\vspfiles\photos\SAR-PTRN-FX-FUR-altview6.jpg,https://cdn.shopify.com/s/files/1/2047/7533/files/Patterned_Faux_Fur_17.png?v=1744396207,
SAR,SAR-PTRN-FX-FUR,OK,7,1080,1080,163736,C:\Users\erink\OneDrive\Documents\GitHub\mccabe-site\vspfiles\photos\SAR-PTRN-FX-FUR-altview7.jpg,https://cdn.shopify.com/s/files/1/2047/7533/files/Ivory_2_fb34533a-1311-4cff-9f1b-21882ae1cb18.png?v=1744396207,
SAR,SAR-PTRN-FX-FUR,OK,8,1080,1080,89934,C:\Users\erink\OneDrive\Documents\GitHub\mccabe-site\vspfiles\photos\SAR-PTRN-FX-FUR-altview8.jpg,https://cdn.shopify.com/s/files/1/2047/7533/files/Ivory_3.png?v=1744396207,
SAR,SAR-SATIN-BORDER-TOD,OK,1,2000,2000,642988,C:\Users\erink\OneDrive\Documents\GitHub\mccabe-site\vspfiles\photos\SAR-SATIN-BORDER-TOD-altview1.jpg,https://cdn.shopify.com/s/files/1/2047/7533/products/satin-border-toddler-blankets-329670.jpg?v=1762458136,
SAR,SAR-SATIN-BORDER-TOD,OK,2,2000,2000,851525,C:\Users\erink\OneDrive\Documents\GitHub\mccabe-site\vspfiles\photos\SAR-SATIN-BORDER-TOD-altview2.jpg,https://cdn.shopify.com/s/files/1/2047/7533/products/satin-border-toddler-blankets-162142.jpg?v=1743448865,
SAR,SAR-SATIN-BORDER-TOD,OK,3,1999,2000,809395,C:\Users\erink\OneDrive\Documents\GitHub\mccabe-site\vspfiles\photos\SAR-SATIN-BORDER-TOD-altview3.jpg,https://cdn.shopify.com/s/files/1/2047/7533/products/satin-border-toddler-blankets-554020.jpg?v=1743448865,
SAR,SAR-SATIN-BORDER-TOD,OK,4,2000,2000,601959,C:\Users\erink\OneDrive\Documents\GitHub\mccabe-site\vspfiles\photos\SAR-SATIN-BORDER-TOD-altview4.jpg,https://cdn.shopify.com/s/files/1/2047/7533/products/satin-border-toddler-blankets-976012.jpg?v=1753204242,
SAR,SAR-SATIN-BORDER-TOD,OK,5,2000,2000,821097,C:\Users\erink\OneDrive\Documents\GitHub\mccabe-site\vspfiles\photos\SAR-SATIN-BORDER-TOD-altview5.jpg,https://cdn.shopify.com/s/files/1/2047/7533/products/satin-border-toddler-blankets-749369.jpg?v=1753204242,
SAR,SAR-SATIN-BORDER-TOD,OK,6,2000,2000,806037,C:\Users\erink\OneDrive\Documents\GitHub\mccabe-site\vspfiles\photos\SAR-SATIN-BORDER-TOD-altview6.jpg,https://cdn.shopify.com/s/files/1/2047/7533/products/satin-border-toddler-blankets-806547.jpg?v=1753204242,
SAR,SAR-SATIN-BORDER-TOD,OK,7,2000,2000,592099,C:\Users\erink\OneDrive\Documents\GitHub\mccabe-site\vspfiles\photos\SAR-SATIN-BORDER-TOD-altview7.jpg,https://cdn.shopify.com/s/files/1/2047/7533/products/satin-border-toddler-blankets-781858.jpg?v=1753204242,
SAR,SAR-SATIN-BORDER-TOD,OK,8,2000,2000,277452,C:\Users\erink\OneDrive\Documents\GitHub\mccabe-site\vspfiles\photos\SAR-SATIN-BORDER-TOD-altview8.jpg,https://cdn.shopify.com/s/files/1/2047/7533/products/satin-border-toddler-blankets-685144.jpg?v=1753204242,
SAR,SAR-STRETCHY-SWADDLES-HATS,OK,1,2000,2000,384107,C:\Users\erink\OneDrive\Documents\GitHub\mccabe-site\vspfiles\photos\SAR-STRETCHY-SWADDLES-HATS-altview1.jpg,https://cdn.shopify.com/s/files/1/2047/7533/products/stretchy-swaddles-472325.jpg?v=1691084114,
SAR,SAR-STRETCHY-SWADDLES-HATS,OK,2,2000,2000,315623,C:\Users\erink\OneDrive\Documents\GitHub\mccabe-site\vspfiles\photos\SAR-STRETCHY-SWADDLES-HATS-altview2.jpg,https://cdn.shopify.com/s/files/1/2047/7533/products/stretchy-swaddles-891295.jpg?v=1691084114,
SAR,SAR-STRETCHY-SWADDLES-HATS,OK,3,2000,2000,400677,C:\Users\erink\OneDrive\Documents\GitHub\mccabe-site\vspfiles\photos\SAR-STRETCHY-SWADDLES-HATS-altview3.jpg,https://cdn.shopify.com/s/files/1/2047/7533/products/stretchy-swaddles-588747.jpg?v=1753120852,
SAR,SAR-STRETCHY-SWADDLES-HATS,OK,4,2000,2000,325507,C:\Users\erink\OneDrive\Documents\GitHub\mccabe-site\vspfiles\photos\SAR-STRETCHY-SWADDLES-HATS-altview4.jpg,https://cdn.shopify.com/s/files/1/2047/7533/products/stretchy-swaddles-439634.jpg?v=1753120852,
SAR,SAR-STRETCHY-SWADDLES-HATS,OK,5,1501,1500,307076,C:\Users\erink\OneDrive\Documents\GitHub\mccabe-site\vspfiles\photos\SAR-STRETCHY-SWADDLES-HATS-altview5.jpg,https://cdn.shopify.com/s/files/1/2047/7533/products/stretchy-swaddles-969437.jpg?v=1753120852,
SAR,SAR-STRETCHY-SWADDLES-HATS,OK,6,2000,2000,411121,C:\Users\erink\OneDrive\Documents\GitHub\mccabe-site\vspfiles\photos\SAR-STRETCHY-SWADDLES-HATS-altview6.jpg,https://cdn.shopify.com/s/files/1/2047/7533/products/stretchy-swaddles-403650.jpg?v=1753120852,
SAR,SAR-STRETCHY-SWADDLES-HATS,OK,7,2000,2000,510665,C:\Users\erink\OneDrive\Documents\GitHub\mccabe-site\vspfiles\photos\SAR-STRETCHY-SWADDLES-HATS-altview7.jpg,https://cdn.shopify.com/s/files/1/2047/7533/products/stretchy-swaddles-942112.jpg?v=1753120852,
SAR,SAR-STRETCHY-SWADDLES-HATS,OK,8,1000,1000,121256,C:\Users\erink\OneDrive\Documents\GitHub\mccabe-site\vspfiles\photos\SAR-STRETCHY-SWADDLES-HATS-altview8.jpg,https://cdn.shopify.com/s/files/1/2047/7533/products/stretchy-swaddles-260372.jpg?v=1753120852,
SAR,SAR-SUPERMAN-DBL-LAYER-BMB,OK,1,1620,1620,542120,C:\Users\erink\OneDrive\Documents\GitHub\mccabe-site\vspfiles\photos\SAR-SUPERMAN-DBL-LAYER-BMB-altview1.jpg,https://cdn.shopify.com/s/files/1/2047/7533/files/SupermanBamboniMini_3_46f5f020-60f9-478b-b323-ee8d2b3fe25e.png?v=1750967607,
SAR,SAR-SUPERMAN-DBL-LAYER-BMB,OK,2,1620,1620,1278645,C:\Users\erink\OneDrive\Documents\GitHub\mccabe-site\vspfiles\photos\SAR-SUPERMAN-DBL-LAYER-BMB-altview2.jpg,https://cdn.shopify.com/s/files/1/2047/7533/files/SupermanBamboniMini_4_a5cb46df-ef85-46c6-b09c-7204d900f350.png?v=1750967608,
SAR,SAR-SUPERMAN-DBL-LAYER-BMB,OK,3,1620,1620,1434982,C:\Users\erink\OneDrive\Documents\GitHub\mccabe-site\vspfiles\photos\SAR-SUPERMAN-DBL-LAYER-BMB-altview3.jpg,https://cdn.shopify.com/s/files/1/2047/7533/files/SupermanBamboniMini_032a3208-6532-4800-a9f7-eaf7e35e94bf.png?v=1750967607,
SAR,SAR-SUPERMAN-DBL-LAYER-BMB,OK,4,1620,1620,718476,C:\Users\erink\OneDrive\Documents\GitHub\mccabe-site\vspfiles\photos\SAR-SUPERMAN-DBL-LAYER-BMB-altview4.jpg,https://cdn.shopify.com/s/files/1/2047/7533/files/SupermanBamboniReceiving_2_fc5ab84a-3e27-41cd-8d8e-3e039310f849.png?v=1750967607,
SAR,SAR-SUPERMAN-DBL-LAYER-BMB,OK,5,1620,1620,607047,C:\Users\erink\OneDrive\Documents\GitHub\mccabe-site\vspfiles\photos\SAR-SUPERMAN-DBL-LAYER-BMB-altview5.jpg,https://cdn.shopify.com/s/files/1/2047/7533/files/SupermanBamboniReceiving_3.png?v=1750967608,
SAR,SAR-SUPERMAN-DBL-LAYER-BMB,OK,6,1620,1620,708328,C:\Users\erink\OneDrive\Documents\GitHub\mccabe-site\vspfiles\photos\SAR-SUPERMAN-DBL-LAYER-BMB-altview6.jpg,https://cdn.shopify.com/s/files/1/2047/7533/files/SupermanBamboniReceiving_4.png?v=1750967608,
SAR,SAR-SUPERMAN-DBL-LAYER-BMB,OK,7,1620,1620,665650,C:\Users\erink\OneDrive\Documents\GitHub\mccabe-site\vspfiles\photos\SAR-SUPERMAN-DBL-LAYER-BMB-altview7.jpg,https://cdn.shopify.com/s/files/1/2047/7533/files/SupermanBamboniToddler_3_4bf74a63-8859-4fd8-a4ec-11518ee859bf.png?v=1750967608,
SAR,SAR-SUPERMAN-DBL-LAYER-BMB,OK,8,1620,1620,677608,C:\Users\erink\OneDrive\Documents\GitHub\mccabe-site\vspfiles\photos\SAR-SUPERMAN-DBL-LAYER-BMB-altview8.jpg,https://cdn.shopify.com/s/files/1/2047/7533/files/SupermanBamboniToddler_4.png?v=1750967607,
SAR,SAR-SUPERMAN-MNKY-LUSH,OK,1,1620,1620,578387,C:\Users\erink\OneDrive\Documents\GitHub\mccabe-site\vspfiles\photos\SAR-SUPERMAN-MNKY-LUSH-altview1.jpg,https://cdn.shopify.com/s/files/1/2047/7533/files/SupermanMinky_LushMini_4_7cb7aa4f-e830-4027-8a22-12e017072af7.png?v=1762459218,
SAR,SAR-SUPERMAN-MNKY-LUSH,OK,2,1620,1620,702876,C:\Users\erink\OneDrive\Documents\GitHub\mccabe-site\vspfiles\photos\SAR-SUPERMAN-MNKY-LUSH-altview2.jpg,https://cdn.shopify.com/s/files/1/2047/7533/files/SupermanMinky_LushMini_3_ef9e65dd-65f7-4aef-879e-8fd75fe4fbb5.png?v=1750967776,
SAR,SAR-SUPERMAN-MNKY-LUSH,OK,3,1620,1620,663520,C:\Users\erink\OneDrive\Documents\GitHub\mccabe-site\vspfiles\photos\SAR-SUPERMAN-MNKY-LUSH-altview3.jpg,https://cdn.shopify.com/s/files/1/2047/7533/files/SupermanMinky_LushReceiving_2_bd5efa76-3ab4-448d-a177-fc09a85b5517.png?v=1750967736,
SAR,SAR-SUPERMAN-MNKY-LUSH,OK,4,1620,1620,447034,C:\Users\erink\OneDrive\Documents\GitHub\mccabe-site\vspfiles\photos\SAR-SUPERMAN-MNKY-LUSH-altview4.jpg,https://cdn.shopify.com/s/files/1/2047/7533/files/SupermanMinky_LushReceiving_3_5dc68846-1917-4e12-9335-c465d14ced5e.png?v=1750967736,
SAR,SAR-SUPERMAN-MNKY-LUSH,OK,5,1620,1620,531696,C:\Users\erink\OneDrive\Documents\GitHub\mccabe-site\vspfiles\photos\SAR-SUPERMAN-MNKY-LUSH-altview5.jpg,https://cdn.shopify.com/s/files/1/2047/7533/files/SupermanMinky_LushReceiving_4_ac56957b-c8f1-44cd-8de5-26c1d169a7b1.png?v=1750967736,
SAR,SAR-SUPERMAN-MNKY-LUSH,OK,6,1620,1620,429830,C:\Users\erink\OneDrive\Documents\GitHub\mccabe-site\vspfiles\photos\SAR-SUPERMAN-MNKY-LUSH-altview6.jpg,https://cdn.shopify.com/s/files/1/2047/7533/files/SupermanMinky_LushToddler_2_5ca0e7e0-91d9-4689-81fb-98b603d35661.png?v=1750967736,
SAR,SAR-SUPERMAN-MNKY-LUSH,OK,7,1620,1620,522780,C:\Users\erink\OneDrive\Documents\GitHub\mccabe-site\vspfiles\photos\SAR-SUPERMAN-MNKY-LUSH-altview7.jpg,https://cdn.shopify.com/s/files/1/2047/7533/files/SupermanMinky_LushToddler_3_891c24d6-d07e-41b3-ad63-c90eae0c5715.png?v=1750967737,
SAR,SAR-SUPERMAN-MNKY-LUSH,OK,8,1620,1620,611346,C:\Users\erink\OneDrive\Documents\GitHub\mccabe-site\vspfiles\photos\SAR-SUPERMAN-MNKY-LUSH-altview8.jpg,https://cdn.shopify.com/s/files/1/2047/7533/files/SupermanMinky_LushToddler_4_07bae00e-5f62-4ef9-8c16-b5bb04c7b24d.png?v=1750967736,
SAR,SAR-VERY-HGRY-CAT-MNKY-STR,OK,1,1350,1350,266779,C:\Users\erink\OneDrive\Documents\GitHub\mccabe-site\vspfiles\photos\SAR-VERY-HGRY-CAT-MNKY-STR-altview1.jpg,https://cdn.shopify.com/s/files/1/2047/7533/files/2_8f53a201-d8fe-46ad-85f2-654433c7e0aa.png?v=1770908722,
SAR,SAR-VERY-HGRY-CAT-MNKY-STR,OK,2,1350,1350,329848,C:\Users\erink\OneDrive\Documents\GitHub\mccabe-site\vspfiles\photos\SAR-VERY-HGRY-CAT-MNKY-STR-altview2.jpg,https://cdn.shopify.com/s/files/1/2047/7533/files/5_ba963c1d-de48-4ab1-8ff0-ec0fed317828.png?v=1770908722,
SAR,SAR-VERY-HGRY-CAT-MNKY-STR,OK,3,1350,1350,273193,C:\Users\erink\OneDrive\Documents\GitHub\mccabe-site\vspfiles\photos\SAR-VERY-HGRY-CAT-MNKY-STR-altview3.jpg,https://cdn.shopify.com/s/files/1/2047/7533/files/4_4ac82f67-1d05-4fc6-91e9-de69c051b1e8.png?v=1770908722,
SAR,SAR-VERY-HGRY-CAT-MNKY-STR,OK,4,1350,1350,227896,C:\Users\erink\OneDrive\Documents\GitHub\mccabe-site\vspfiles\photos\SAR-VERY-HGRY-CAT-MNKY-STR-altview4.jpg,https://cdn.shopify.com/s/files/1/2047/7533/files/8_0820b8c1-d376-46d0-8b9c-bd2ce2947b27.png?v=1770653097,
SAR,SAR-VERY-HGRY-CAT-MNKY-STR,OK,5,1350,1350,246215,C:\Users\erink\OneDrive\Documents\GitHub\mccabe-site\vspfiles\photos\SAR-VERY-HGRY-CAT-MNKY-STR-altview5.jpg,https://cdn.shopify.com/s/files/1/2047/7533/files/9_4be9dec9-ecbf-4a2c-b9ee-ef42b870c17b.png?v=1770653097,
SAR,SAR-VERY-HGRY-CAT-MNKY-STR,OK,6,1350,1350,243381,C:\Users\erink\OneDrive\Documents\GitHub\mccabe-site\vspfiles\photos\SAR-VERY-HGRY-CAT-MNKY-STR-altview6.jpg,https://cdn.shopify.com/s/files/1/2047/7533/files/10_33781b74-b3fb-45e5-af19-66d1cd8f6eac.png?v=1770653097,
SAR,SAR-VERY-HGRY-CAT-MNKY-STR,OK,7,1350,1350,245461,C:\Users\erink\OneDrive\Documents\GitHub\mccabe-site\vspfiles\photos\SAR-VERY-HGRY-CAT-MNKY-STR-altview7.jpg,https://cdn.shopify.com/s/files/1/2047/7533/files/11_832c0e5d-13dd-4e30-af79-ffd7193e320a.png?v=1770653097,
SAR,SAR-VERY-HGRY-CAT-MNKY-STR,OK,8,1350,1350,336356,C:\Users\erink\OneDrive\Documents\GitHub\mccabe-site\vspfiles\photos\SAR-VERY-HGRY-CAT-MNKY-STR-altview8.jpg,https://cdn.shopify.com/s/files/1/2047/7533/files/12_72ce9c61-5c3a-4353-8295-9d462d20f884.png?v=1770653097,
SAR,SAR-WFL-KNT-MINI,OK,1,2000,2000,537692,C:\Users\erink\OneDrive\Documents\GitHub\mccabe-site\vspfiles\photos\SAR-WFL-KNT-MINI-altview1.jpg,https://cdn.shopify.com/s/files/1/2047/7533/products/waffle-knit-mini-blankets-710852.jpg?v=1754717661,
SAR,SAR-WFL-KNT-MINI,OK,2,1620,1620,723661,C:\Users\erink\OneDrive\Documents\GitHub\mccabe-site\vspfiles\photos\SAR-WFL-KNT-MINI-altview2.jpg,https://cdn.shopify.com/s/files/1/2047/7533/files/BlueJayMini_ba2a8742-6446-4c9d-8995-3fca9213b347.png?v=1762458931,
SAR,SAR-WFL-KNT-MINI,OK,3,1755,1755,558090,C:\Users\erink\OneDrive\Documents\GitHub\mccabe-site\vspfiles\photos\SAR-WFL-KNT-MINI-altview3.jpg,https://cdn.shopify.com/s/files/1/2047/7533/files/113_db40c5a4-b759-4361-a52f-8d635f1c8d65.png?v=1753207230,
SAR,SAR-WFL-KNT-MINI,OK,4,1890,1890,401857,C:\Users\erink\OneDrive\Documents\GitHub\mccabe-site\vspfiles\photos\SAR-WFL-KNT-MINI-altview4.jpg,https://cdn.shopify.com/s/files/1/2047/7533/files/48_90ca9db0-60c9-42e2-82ae-eb71dff77cca.png?v=1754717661,
SAR,SAR-WFL-KNT-MINI,OK,5,1890,1890,431632,C:\Users\erink\OneDrive\Documents\GitHub\mccabe-site\vspfiles\photos\SAR-WFL-KNT-MINI-altview5.jpg,https://cdn.shopify.com/s/files/1/2047/7533/files/44_4eca4d48-1281-4e4a-8495-20cfa146fee7.png?v=1754717661,
SAR,SAR-WFL-KNT-MINI,OK,6,1890,1890,698714,C:\Users\erink\OneDrive\Documents\GitHub\mccabe-site\vspfiles\photos\SAR-WFL-KNT-MINI-altview6.jpg,https://cdn.shopify.com/s/files/1/2047/7533/files/64_389dedd3-204f-4838-a77c-0f6628fc47c8.png?v=1754717661,
SAR,SAR-WFL-KNT-MINI,OK,7,1890,1890,418423,C:\Users\erink\OneDrive\Documents\GitHub\mccabe-site\vspfiles\photos\SAR-WFL-KNT-MINI-altview7.jpg,https://cdn.shopify.com/s/files/1/2047/7533/files/45_6c3b8437-7349-464d-bc1a-63ba3552ae17.png?v=1754717661,
SAR,SAR-WFL-KNT-MINI,OK,8,1080,1080,325781,C:\Users\erink\OneDrive\Documents\GitHub\mccabe-site\vspfiles\photos\SAR-WFL-KNT-MINI-altview8.jpg,https://cdn.shopify.com/s/files/1/2047/7533/files/Waffle_Mini.png?v=1754717661,
SAR,SAR-WONDER-WOMAN-DBL-LAYER,OK,1,1620,1620,775382,C:\Users\erink\OneDrive\Documents\GitHub\mccabe-site\vspfiles\photos\SAR-WONDER-WOMAN-DBL-LAYER-altview1.jpg,https://cdn.shopify.com/s/files/1/2047/7533/files/WonderWomanBamboniMini_2_c71bdc7a-dd4e-4789-ab6a-e2b3559bc6c8.png?v=1750967948,
SAR,SAR-WONDER-WOMAN-DBL-LAYER,OK,2,1620,1620,600792,C:\Users\erink\OneDrive\Documents\GitHub\mccabe-site\vspfiles\photos\SAR-WONDER-WOMAN-DBL-LAYER-altview2.jpg,https://cdn.shopify.com/s/files/1/2047/7533/files/WonderWomanBamboniMini_566870e2-04b7-4803-9f64-3d531f2246d7.png?v=1750967871,
SAR,SAR-WONDER-WOMAN-DBL-LAYER,OK,3,1620,1620,512732,C:\Users\erink\OneDrive\Documents\GitHub\mccabe-site\vspfiles\photos\SAR-WONDER-WOMAN-DBL-LAYER-altview3.jpg,https://cdn.shopify.com/s/files/1/2047/7533/files/WonderWomanBamboniReceiving_2_23aeac66-9f83-4809-bb13-ade14f728ca6.png?v=1750967871,
SAR,SAR-WONDER-WOMAN-DBL-LAYER,OK,4,1620,1620,748491,C:\Users\erink\OneDrive\Documents\GitHub\mccabe-site\vspfiles\photos\SAR-WONDER-WOMAN-DBL-LAYER-altview4.jpg,https://cdn.shopify.com/s/files/1/2047/7533/files/WonderWomanBamboniReceiving_3_5d835e16-fa96-48b9-babe-dda6b3e844e9.png?v=1750967871,
SAR,SAR-WONDER-WOMAN-DBL-LAYER,OK,5,1620,1620,627976,C:\Users\erink\OneDrive\Documents\GitHub\mccabe-site\vspfiles\photos\SAR-WONDER-WOMAN-DBL-LAYER-altview5.jpg,https://cdn.shopify.com/s/files/1/2047/7533/files/WonderWomanBamboniReceiving_4_4808469d-3373-4a4f-8bb4-e97fece51451.png?v=1750967871,
SAR,SAR-WONDER-WOMAN-DBL-LAYER,OK,6,1620,1620,419368,C:\Users\erink\OneDrive\Documents\GitHub\mccabe-site\vspfiles\photos\SAR-WONDER-WOMAN-DBL-LAYER-altview6.jpg,https://cdn.shopify.com/s/files/1/2047/7533/files/WonderWomanBamboniReceiving.png?v=1750967871,
SAR,SAR-WONDER-WOMAN-DBL-LAYER,OK,7,1620,1620,421981,C:\Users\erink\OneDrive\Documents\GitHub\mccabe-site\vspfiles\photos\SAR-WONDER-WOMAN-DBL-LAYER-altview7.jpg,https://cdn.shopify.com/s/files/1/2047/7533/files/WonderWomanBamboniToddler_2_3e2652f4-9187-4ddc-96e2-695e3d664674.png?v=1750967871,
SAR,SAR-WONDER-WOMAN-DBL-LAYER,OK,8,1620,1620,683601,C:\Users\erink\OneDrive\Documents\GitHub\mccabe-site\vspfiles\photos\SAR-WONDER-WOMAN-DBL-LAYER-altview8.jpg,https://cdn.shopify.com/s/files/1/2047/7533/files/WonderWomanBamboniToddler_3_cb86f897-f96b-470b-a27b-48cdadd1304f.png?v=1750967871,
SAR,SAR-WONDER-WOMAN-MNKY-LUSH,OK,1,1620,1620,526630,C:\Users\erink\OneDrive\Documents\GitHub\mccabe-site\vspfiles\photos\SAR-WONDER-WOMAN-MNKY-LUSH-altview1.jpg,https://cdn.shopify.com/s/files/1/2047/7533/files/WonderWomanMinky_LushXL_3_41d19171-7e30-4fbc-b400-e63e86738f47.png?v=1762459217,
SAR,SAR-WONDER-WOMAN-MNKY-LUSH,OK,2,1620,1620,510502,C:\Users\erink\OneDrive\Documents\GitHub\mccabe-site\vspfiles\photos\SAR-WONDER-WOMAN-MNKY-LUSH-altview2.jpg,https://cdn.shopify.com/s/files/1/2047/7533/files/WonderWomanMinky_LushMini_3_fdbe4fea-0a6f-42af-9e46-ba6e4691de2f.png?v=1750968135,
SAR,SAR-WONDER-WOMAN-MNKY-LUSH,OK,3,1620,1620,556753,C:\Users\erink\OneDrive\Documents\GitHub\mccabe-site\vspfiles\photos\SAR-WONDER-WOMAN-MNKY-LUSH-altview3.jpg,https://cdn.shopify.com/s/files/1/2047/7533/files/WonderWomanMinky_LushMini_4_12b933a7-2c92-46a0-b85b-0604fa2d7bfc.png?v=1750968135,
SAR,SAR-WONDER-WOMAN-MNKY-LUSH,OK,4,1620,1620,480343,C:\Users\erink\OneDrive\Documents\GitHub\mccabe-site\vspfiles\photos\SAR-WONDER-WOMAN-MNKY-LUSH-altview4.jpg,https://cdn.shopify.com/s/files/1/2047/7533/files/WonderWomanMinky_LushMini_c6635695-0b85-44e9-a438-0f84e42cb789.png?v=1750968135,
SAR,SAR-WONDER-WOMAN-MNKY-LUSH,OK,5,1620,1620,627498,C:\Users\erink\OneDrive\Documents\GitHub\mccabe-site\vspfiles\photos\SAR-WONDER-WOMAN-MNKY-LUSH-altview5.jpg,https://cdn.shopify.com/s/files/1/2047/7533/files/WonderWomanMinky_LushReceiving_2_44c8b953-54ec-4a58-967a-edf7dd106d41.png?v=1750968135,
SAR,SAR-WONDER-WOMAN-MNKY-LUSH,OK,6,1620,1620,523783,C:\Users\erink\OneDrive\Documents\GitHub\mccabe-site\vspfiles\photos\SAR-WONDER-WOMAN-MNKY-LUSH-altview6.jpg,https://cdn.shopify.com/s/files/1/2047/7533/files/WonderWomanMinky_LushReceiving_3_d4a08307-bfa6-4621-9a0e-b0a56c43fbc8.png?v=1750968135,
SAR,SAR-WONDER-WOMAN-MNKY-LUSH,OK,7,1620,1620,556528,C:\Users\erink\OneDrive\Documents\GitHub\mccabe-site\vspfiles\photos\SAR-WONDER-WOMAN-MNKY-LUSH-altview7.jpg,https://cdn.shopify.com/s/files/1/2047/7533/files/WonderWomanMinky_LushReceiving_4_caa6fccf-aeff-4165-a90c-ee38ed4588f9.png?v=1750968135,
SAR,SAR-WONDER-WOMAN-MNKY-LUSH,OK,8,1620,1620,399745,C:\Users\erink\OneDrive\Documents\GitHub\mccabe-site\vspfiles\photos\SAR-WONDER-WOMAN-MNKY-LUSH-altview8.jpg,https://cdn.shopify.com/s/files/1/2047/7533/files/WonderWomanMinky_LushToddler_2_15a04837-8a4d-4efa-806c-ebb1bd3a4d64.png?v=1750968135,
SS,SS-ALEX-STONE-PWR-SECT,OK,1,1645,1280,321307,C:\Users\erink\OneDrive\Documents\GitHub\mccabe-site\vspfiles\photos\SS-ALEX-STONE-PWR-SECT-altview1.jpg,https://stevesilver.com/wp-content/uploads/2023/08/SteveSilverFurniture_Alexandria_ALX70629RRT_LRT_WT_CT_ART_ACT_LS1.jpg,
SS,SS-ALEX-STONE-PWR-SECT,OK,2,1645,1280,329924,C:\Users\erink\OneDrive\Documents\GitHub\mccabe-site\vspfiles\photos\SS-ALEX-STONE-PWR-SECT-altview2.jpg,https://stevesilver.com/wp-content/uploads/2023/08/SteveSilverFurniture_Alexandria_ALX70629RRT_LRT_WT_CT_ART_ACT_LS1A.jpg,
SS,SS-ALEX-STONE-PWR-SECT,OK,3,1645,1280,94681,C:\Users\erink\OneDrive\Documents\GitHub\mccabe-site\vspfiles\photos\SS-ALEX-STONE-PWR-SECT-altview3.jpg,https://stevesilver.com/wp-content/uploads/2023/08/SteveSilverFurniture_Alexandria_ALX70629RRT_LRT_WT_CT_ART_ACT_WS2.jpg,
SS,SS-ALEX-STONE-PWR-SECT,OK,4,1645,1280,88448,C:\Users\erink\OneDrive\Documents\GitHub\mccabe-site\vspfiles\photos\SS-ALEX-STONE-PWR-SECT-altview4.jpg,https://stevesilver.com/wp-content/uploads/2023/08/SteveSilverFurniture_Alexandria_ALX70629RRT_LRT_WT_CT_ART_ACT_WS1.jpg,
SS,SS-ALEX-STONE-PWR-SECT,OK,5,1645,1280,122064,C:\Users\erink\OneDrive\Documents\GitHub\mccabe-site\vspfiles\photos\SS-ALEX-STONE-PWR-SECT-altview5.jpg,https://stevesilver.com/wp-content/uploads/2023/08/SteveSilverFurniture_Alexandria_ALX70629RRT_LRT_WT_CT_ART_ACT_WS3A.jpg,
SS,SS-ALEX-STONE-PWR-SECT,OK,6,1645,1280,109529,C:\Users\erink\OneDrive\Documents\GitHub\mccabe-site\vspfiles\photos\SS-ALEX-STONE-PWR-SECT-altview6.jpg,https://stevesilver.com/wp-content/uploads/2023/08/SteveSilverFurniture_Alexandria_ALX70629RRT_LRT_WT_CT_ART_ACT_WS2A.jpg,
SS,SS-ALEX-STONE-PWR-SECT,OK,7,1645,1280,98898,C:\Users\erink\OneDrive\Documents\GitHub\mccabe-site\vspfiles\photos\SS-ALEX-STONE-PWR-SECT-altview7.jpg,https://stevesilver.com/wp-content/uploads/2023/08/SteveSilverFurniture_Alexandria_ALX70629RRT_LRT_WT_CT_ART_ACT_WS1A.jpg,
SS,SS-ALEX-STONE-PWR-SECT,OK,8,1645,1280,79579,C:\Users\erink\OneDrive\Documents\GitHub\mccabe-site\vspfiles\photos\SS-ALEX-STONE-PWR-SECT-altview8.jpg,https://stevesilver.com/wp-content/uploads/2023/08/SteveSilverFurniture_Alexandria_ALX70629RRT_LRT_WT_CT_ART_ACT_WS6.jpg,
SS,SS-BC900CTT,OK,1,1280,749,275219,C:\Users\erink\OneDrive\Documents\GitHub\mccabe-site\vspfiles\photos\SS-BC900CTT-altview1.jpg,https://stevesilver.com/wp-content/uploads/2019/10/BearCreekBRReg-1.jpg,
SS,SS-BC900CTT,OK,2,1645,1280,599711,C:\Users\erink\OneDrive\Documents\GitHub\mccabe-site\vspfiles\photos\SS-BC900CTT-altview2.jpg,https://stevesilver.com/wp-content/uploads/2019/10/CoverBearCreek_BC900QHB_BC900QFB_BC900SR_BC900NS_BC900CT_BC900DR_BC900MR_RS1.jpg,
SS,SS-BC900CTT,OK,3,1645,1280,195295,C:\Users\erink\OneDrive\Documents\GitHub\mccabe-site\vspfiles\photos\SS-BC900CTT-altview3.jpg,https://stevesilver.com/wp-content/uploads/2019/10/BearCreekChest-e1579454259329.jpg,
SS,SS-BC900CTT,OK,4,1645,1280,200094,C:\Users\erink\OneDrive\Documents\GitHub\mccabe-site\vspfiles\photos\SS-BC900CTT-altview4.jpg,https://stevesilver.com/wp-content/uploads/2019/10/BearCreekChest2-e1579454298975.jpg,
SS,SS-BC900CTT,OK,5,1645,1280,137104,C:\Users\erink\OneDrive\Documents\GitHub\mccabe-site\vspfiles\photos\SS-BC900CTT-altview5.jpg,https://stevesilver.com/wp-content/uploads/2019/10/SteveSilverFurniture_HighlandPark_HP900KHBD_KHFBD_NSD_MRD_DRD_VG1.jpg,
SS,SS-BC900DR,OK,1,1645,1280,555417,C:\Users\erink\OneDrive\Documents\GitHub\mccabe-site\vspfiles\photos\SS-BC900DR-altview1.jpg,https://stevesilver.com/wp-content/uploads/2020/01/BearCreek_BC900QHB_BC900QFB_BC900SR_BC900NS_BC900CT_BC900DR_BC900MR_RS1.jpg,
SS,SS-BC900DR,OK,2,1645,1280,257493,C:\Users\erink\OneDrive\Documents\GitHub\mccabe-site\vspfiles\photos\SS-BC900DR-altview2.jpg,https://stevesilver.com/wp-content/uploads/2019/08/BearCreek_BC900DR_BC900MR_WS4.jpg,
SS,SS-BC900DR,OK,3,1645,1280,194591,C:\Users\erink\OneDrive\Documents\GitHub\mccabe-site\vspfiles\photos\SS-BC900DR-altview3.jpg,https://stevesilver.com/wp-content/uploads/2019/08/BearCreek_BC900DR_BC900MR_WS5.jpg,
SS,SS-BC900DR,SKIP_DUP,,1645,1280,,,https://stevesilver.com/wp-content/uploads/2019/08/BearCreek_BC900DR_BC900MR_WS4-1.jpg,duplicate of main/thumb or prior altview
SS,SS-BC900DR,OK,4,1645,1280,177662,C:\Users\erink\OneDrive\Documents\GitHub\mccabe-site\vspfiles\photos\SS-BC900DR-altview4.jpg,https://stevesilver.com/wp-content/uploads/2019/08/BearCreek_BC900DR_BC900MR_WS3.jpg,
SS,SS-BC900DR,OK,5,1645,1280,285647,C:\Users\erink\OneDrive\Documents\GitHub\mccabe-site\vspfiles\photos\SS-BC900DR-altview5.jpg,https://stevesilver.com/wp-content/uploads/2019/08/HP900CTW_HighlandPark.jpg,
SS,SS-BC900DR,OK,6,1645,1280,195295,C:\Users\erink\OneDrive\Documents\GitHub\mccabe-site\vspfiles\photos\SS-BC900DR-altview6.jpg,https://stevesilver.com/wp-content/uploads/2019/10/BearCreekChest-e1579454259329.jpg,
SS,SS-BC900KFB,NO_PAGE,,,,,,,no stevesilver.com page mapping
SS,SS-BC900MR,OK,1,1645,1280,105757,C:\Users\erink\OneDrive\Documents\GitHub\mccabe-site\vspfiles\photos\SS-BC900MR-altview1.jpg,https://stevesilver.com/wp-content/uploads/2022/02/BearCreek_BC900MR_WS1.jpg,
SS,SS-BC900MR,OK,2,1645,1280,239178,C:\Users\erink\OneDrive\Documents\GitHub\mccabe-site\vspfiles\photos\SS-BC900MR-altview2.jpg,https://stevesilver.com/wp-content/uploads/2019/10/SteveSilverCo_HighlandPark_HP900DRW_HT900MRW_WS2.jpg,
SS,SS-BC900NS,OK,1,1645,1280,295258,C:\Users\erink\OneDrive\Documents\GitHub\mccabe-site\vspfiles\photos\SS-BC900NS-altview1.jpg,https://stevesilver.com/wp-content/uploads/2019/10/BearCreek_BC900NS_WS2.jpg,
SS,SS-BC900NS,OK,2,1645,1280,304369,C:\Users\erink\OneDrive\Documents\GitHub\mccabe-site\vspfiles\photos\SS-BC900NS-altview2.jpg,https://stevesilver.com/wp-content/uploads/2019/10/BearCreek_BC900NS_WS1.jpg,
SS,SS-BC900NS,OK,3,1645,1280,226650,C:\Users\erink\OneDrive\Documents\GitHub\mccabe-site\vspfiles\photos\SS-BC900NS-altview3.jpg,https://stevesilver.com/wp-content/uploads/2019/10/BearCreek_BC900NS_WS3.jpg,
SS,SS-BC900NS,OK,4,1645,1280,285647,C:\Users\erink\OneDrive\Documents\GitHub\mccabe-site\vspfiles\photos\SS-BC900NS-altview4.jpg,https://stevesilver.com/wp-content/uploads/2019/08/HP900CTW_HighlandPark.jpg,
SS,SS-BC900NS,OK,5,1645,1280,315225,C:\Users\erink\OneDrive\Documents\GitHub\mccabe-site\vspfiles\photos\SS-BC900NS-altview5.jpg,https://stevesilver.com/wp-content/uploads/2019/08/Veneto_VN340C_WS2.jpg,
SS,SS-BC900QFB,NO_PAGE,,,,,,,no stevesilver.com page mapping
SS,SS-BC950CTBT,OK,1,1645,1280,323852,C:\Users\erink\OneDrive\Documents\GitHub\mccabe-site\vspfiles\photos\SS-BC950CTBT-altview1.jpg,https://stevesilver.com/wp-content/uploads/2020/03/Bear_Creek_BC950KHBB_KFBB_SRB_NSB_CTB_DRB_MRB_RS1.jpg,
SS,SS-BC950CTBT,OK,2,1645,1280,368785,C:\Users\erink\OneDrive\Documents\GitHub\mccabe-site\vspfiles\photos\SS-BC950CTBT-altview2.jpg,https://stevesilver.com/wp-content/uploads/2020/03/Bear_Creek_BC950CTB_VG1.jpg,
SS,SS-BC950CTBT,OK,3,1645,1280,271498,C:\Users\erink\OneDrive\Documents\GitHub\mccabe-site\vspfiles\photos\SS-BC950CTBT-altview3.jpg,https://stevesilver.com/wp-content/uploads/2020/03/Bear_Creek_BC950MRB_DRB_VG1.jpg,
SS,SS-BC950CTBT,OK,4,1645,1280,239178,C:\Users\erink\OneDrive\Documents\GitHub\mccabe-site\vspfiles\photos\SS-BC950CTBT-altview4.jpg,https://stevesilver.com/wp-content/uploads/2019/10/SteveSilverCo_HighlandPark_HP900DRW_HT900MRW_WS2.jpg,
SS,SS-BC950CTBT,OK,5,1645,1280,459950,C:\Users\erink\OneDrive\Documents\GitHub\mccabe-site\vspfiles\photos\SS-BC950CTBT-altview5.jpg,https://stevesilver.com/wp-content/uploads/2019/10/Swanson_SS100HB_SS100FB_SS100RS-RS1-Sand.jpg,
SS,SS-BC950DRB,OK,1,1645,1280,323852,C:\Users\erink\OneDrive\Documents\GitHub\mccabe-site\vspfiles\photos\SS-BC950DRB-altview1.jpg,https://stevesilver.com/wp-content/uploads/2020/03/Bear_Creek_BC950KHBB_KFBB_SRB_NSB_CTB_DRB_MRB_RS1.jpg,
SS,SS-BC950DRB,OK,2,1645,1280,164235,C:\Users\erink\OneDrive\Documents\GitHub\mccabe-site\vspfiles\photos\SS-BC950DRB-altview2.jpg,https://stevesilver.com/wp-content/uploads/2020/03/SteveSilverCo_Bear_CreekBC950MRB_VG1.jpg,
SS,SS-BC950DRB,OK,3,1645,1280,272246,C:\Users\erink\OneDrive\Documents\GitHub\mccabe-site\vspfiles\photos\SS-BC950DRB-altview3.jpg,https://stevesilver.com/wp-content/uploads/2020/03/Bear_CreekBC950MRB_VG1.jpg,
SS,SS-BC950DRB,OK,4,1645,1280,271498,C:\Users\erink\OneDrive\Documents\GitHub\mccabe-site\vspfiles\photos\SS-BC950DRB-altview4.jpg,https://stevesilver.com/wp-content/uploads/2020/03/Bear_Creek_BC950MRB_DRB_VG1.jpg,
SS,SS-BC950DRB,OK,5,1645,1280,459950,C:\Users\erink\OneDrive\Documents\GitHub\mccabe-site\vspfiles\photos\SS-BC950DRB-altview5.jpg,https://stevesilver.com/wp-content/uploads/2019/10/Swanson_SS100HB_SS100FB_SS100RS-RS1-Sand.jpg,
SS,SS-BC950DRB,OK,6,1645,1280,257493,C:\Users\erink\OneDrive\Documents\GitHub\mccabe-site\vspfiles\photos\SS-BC950DRB-altview6.jpg,https://stevesilver.com/wp-content/uploads/2019/08/BearCreek_BC900DR_BC900MR_WS4.jpg,
SS,SS-BC950KFB,NO_PAGE,,,,,,,no stevesilver.com page mapping
SS,SS-BC950MRB,OK,1,1645,1280,487474,C:\Users\erink\OneDrive\Documents\GitHub\mccabe-site\vspfiles\photos\SS-BC950MRB-altview1.jpg,https://stevesilver.com/wp-content/uploads/2019/10/HighlandPark_HP900HBW_HP900KFBW_HP900CTW_HP900NSWHP900DRW_HP900MRW_HP900VDW_HP900VMW_RS1_Revised.jpg,
SS,SS-BC950MRB,OK,2,1645,1281,72497,C:\Users\erink\OneDrive\Documents\GitHub\mccabe-site\vspfiles\photos\SS-BC950MRB-altview2.jpg,https://stevesilver.com/wp-content/uploads/2020/03/BearCreek_BC950MRB.jpg,
SS,SS-BC950MRB,OK,3,1645,1280,105757,C:\Users\erink\OneDrive\Documents\GitHub\mccabe-site\vspfiles\photos\SS-BC950MRB-altview3.jpg,https://stevesilver.com/wp-content/uploads/2022/02/BearCreek_BC900MR_WS1.jpg,
SS,SS-BC950NSB,OK,1,1645,1280,323852,C:\Users\erink\OneDrive\Documents\GitHub\mccabe-site\vspfiles\photos\SS-BC950NSB-altview1.jpg,https://stevesilver.com/wp-content/uploads/2020/03/Bear_Creek_BC950KHBB_KFBB_SRB_NSB_CTB_DRB_MRB_RS1.jpg,
SS,SS-BC950NSB,OK,2,1645,1280,487474,C:\Users\erink\OneDrive\Documents\GitHub\mccabe-site\vspfiles\photos\SS-BC950NSB-altview2.jpg,https://stevesilver.com/wp-content/uploads/2019/10/HighlandPark_HP900HBW_HP900KFBW_HP900CTW_HP900NSWHP900DRW_HP900MRW_HP900VDW_HP900VMW_RS1_Revised.jpg,
SS,SS-BC950NSB,OK,3,1645,1280,309064,C:\Users\erink\OneDrive\Documents\GitHub\mccabe-site\vspfiles\photos\SS-BC950NSB-altview3.jpg,https://stevesilver.com/wp-content/uploads/2020/03/Bear_Creek_BC950NSB_VG1.jpg,
SS,SS-BC950NSB,OK,4,1650,1650,295245,C:\Users\erink\OneDrive\Documents\GitHub\mccabe-site\vspfiles\photos\SS-BC950NSB-altview4.jpg,https://stevesilver.com/wp-content/uploads/2019/10/SteveSilverCo_HighlandPark_HP900MRD_HP900DRD_VG2.jpg,
SS,SS-BC950QFB,NO_PAGE,,,,,,,no stevesilver.com page mapping
SS,SS-CAS900C,OK,1,1645,1280,108533,C:\Users\erink\OneDrive\Documents\GitHub\mccabe-site\vspfiles\photos\SS-CAS900C-altview1.jpg,https://stevesilver.com/wp-content/uploads/2024/09/SteveSilverFurniture_Cassie_CAS900C_WS1A-1.jpg,
SS,SS-CAS900C,OK,2,1645,1280,129933,C:\Users\erink\OneDrive\Documents\GitHub\mccabe-site\vspfiles\photos\SS-CAS900C-altview2.jpg,https://stevesilver.com/wp-content/uploads/2024/09/SteveSilverFurniture_Cassie_CAS900C_WS1.jpg,
SS,SS-CAS900C,SKIP_DUP,,1645,1280,,,https://stevesilver.com/wp-content/uploads/2024/09/SteveSilverFurniture_Cassie_CAS900C_WS1A.jpg,duplicate of main/thumb or prior altview
SS,SS-CAS900C,OK,3,1645,1280,99923,C:\Users\erink\OneDrive\Documents\GitHub\mccabe-site\vspfiles\photos\SS-CAS900C-altview3.jpg,https://stevesilver.com/wp-content/uploads/2024/09/SteveSilverFurniture_Cassie_CAS900C_WS2.jpg,
SS,SS-CAS900C,OK,4,1645,1280,93475,C:\Users\erink\OneDrive\Documents\GitHub\mccabe-site\vspfiles\photos\SS-CAS900C-altview4.jpg,https://stevesilver.com/wp-content/uploads/2024/09/SteveSilverFurniture_Cassie_CAS900C_WS2A.jpg,
SS,SS-CAS900C,OK,5,1645,1280,238476,C:\Users\erink\OneDrive\Documents\GitHub\mccabe-site\vspfiles\photos\SS-CAS900C-altview5.jpg,https://stevesilver.com/wp-content/uploads/2019/10/Wilshire_WS89Q0HB_WS890WFRSG_RS1.jpg,
SS,SS-CAS900C,OK,6,1645,1280,257493,C:\Users\erink\OneDrive\Documents\GitHub\mccabe-site\vspfiles\photos\SS-CAS900C-altview6.jpg,https://stevesilver.com/wp-content/uploads/2019/08/BearCreek_BC900DR_BC900MR_WS4.jpg,
SS,SS-CAS900DR,OK,1,1645,1280,599711,C:\Users\erink\OneDrive\Documents\GitHub\mccabe-site\vspfiles\photos\SS-CAS900DR-altview1.jpg,https://stevesilver.com/wp-content/uploads/2019/10/CoverBearCreek_BC900QHB_BC900QFB_BC900SR_BC900NS_BC900CT_BC900DR_BC900MR_RS1.jpg,
SS,SS-CAS900DR,OK,2,1645,1280,177017,C:\Users\erink\OneDrive\Documents\GitHub\mccabe-site\vspfiles\photos\SS-CAS900DR-altview2.jpg,https://stevesilver.com/wp-content/uploads/2024/09/SteveSilverFurniture_Cassie_CAS900DR_WS1.jpg,
SS,SS-CAS900DR,OK,3,1645,1280,155971,C:\Users\erink\OneDrive\Documents\GitHub\mccabe-site\vspfiles\photos\SS-CAS900DR-altview3.jpg,https://stevesilver.com/wp-content/uploads/2024/09/SteveSilverFurniture_Cassie_CAS900DR_WS1A.jpg,
SS,SS-CAS900DR,OK,4,1645,1280,162906,C:\Users\erink\OneDrive\Documents\GitHub\mccabe-site\vspfiles\photos\SS-CAS900DR-altview4.jpg,https://stevesilver.com/wp-content/uploads/2024/09/SteveSilverFurniture_Cassie_CAS900DR_WS2.jpg,
SS,SS-CAS900DR,OK,5,1645,1280,142900,C:\Users\erink\OneDrive\Documents\GitHub\mccabe-site\vspfiles\photos\SS-CAS900DR-altview5.jpg,https://stevesilver.com/wp-content/uploads/2024/09/SteveSilverFurniture_Cassie_CAS900DR_WS2A.jpg,
SS,SS-CAS900DR,OK,6,1645,1280,130873,C:\Users\erink\OneDrive\Documents\GitHub\mccabe-site\vspfiles\photos\SS-CAS900DR-altview6.jpg,https://stevesilver.com/wp-content/uploads/2024/09/SteveSilverFurniture_Cassie_CAS900DRMR_WS1.jpg,
SS,SS-CAS900DR,OK,7,1645,1280,238476,C:\Users\erink\OneDrive\Documents\GitHub\mccabe-site\vspfiles\photos\SS-CAS900DR-altview7.jpg,https://stevesilver.com/wp-content/uploads/2019/10/Wilshire_WS89Q0HB_WS890WFRSG_RS1.jpg,
SS,SS-CAS900KFB,NO_PAGE,,,,,,,no stevesilver.com page mapping
SS,SS-CAS900M,OK,1,1645,1281,77892,C:\Users\erink\OneDrive\Documents\GitHub\mccabe-site\vspfiles\photos\SS-CAS900M-altview1.jpg,https://stevesilver.com/wp-content/uploads/2024/09/SteveSilverFurniture_Cassie_CAS900M_WS2A.jpg,
SS,SS-CAS900M,OK,2,1645,1281,86130,C:\Users\erink\OneDrive\Documents\GitHub\mccabe-site\vspfiles\photos\SS-CAS900M-altview2.jpg,https://stevesilver.com/wp-content/uploads/2024/09/SteveSilverFurniture_Cassie_CAS900M_WS2.jpg,
SS,SS-CAS900M,OK,3,1645,1281,88984,C:\Users\erink\OneDrive\Documents\GitHub\mccabe-site\vspfiles\photos\SS-CAS900M-altview3.jpg,https://stevesilver.com/wp-content/uploads/2024/09/SteveSilverFurniture_Cassie_CAS900M_WS1A.jpg,
SS,SS-CAS900M,OK,4,1645,1281,124206,C:\Users\erink\OneDrive\Documents\GitHub\mccabe-site\vspfiles\photos\SS-CAS900M-altview4.jpg,https://stevesilver.com/wp-content/uploads/2024/09/SteveSilverFurniture_Cassie_CAS900M_WS1.jpg,
SS,SS-CAS900M,OK,5,1645,1280,87061,C:\Users\erink\OneDrive\Documents\GitHub\mccabe-site\vspfiles\photos\SS-CAS900M-altview5.jpg,https://stevesilver.com/wp-content/uploads/2024/09/SteveSilverFurniture_Cassie_CAS900DRMR_WS2-1.jpg,
SS,SS-CAS900M,OK,6,1645,1280,464223,C:\Users\erink\OneDrive\Documents\GitHub\mccabe-site\vspfiles\photos\SS-CAS900M-altview6.jpg,https://stevesilver.com/wp-content/uploads/2019/10/Swanson_SS100HB_SS100FB_SS100RS-RS1.jpg,
SS,SS-CAS900M,OK,7,1645,1280,435403,C:\Users\erink\OneDrive\Documents\GitHub\mccabe-site\vspfiles\photos\SS-CAS900M-altview7.jpg,https://stevesilver.com/wp-content/uploads/2019/10/Wilshire_WS890HB_WS890FRS_RS1.jpg,
SS,SS-CAS900NS,OK,1,1645,1280,181635,C:\Users\erink\OneDrive\Documents\GitHub\mccabe-site\vspfiles\photos\SS-CAS900NS-altview1.jpg,https://stevesilver.com/wp-content/uploads/2024/09/SteveSilverFurniture_Cassie_CAS900NS_LS1.jpg,
SS,SS-CAS900NS,OK,2,1645,1281,162391,C:\Users\erink\OneDrive\Documents\GitHub\mccabe-site\vspfiles\photos\SS-CAS900NS-altview2.jpg,https://stevesilver.com/wp-content/uploads/2024/09/SteveSilverFurniture_Cassie_CAS900NS_WS1A-copy.jpg,
SS,SS-CAS900NS,OK,3,1645,1280,123338,C:\Users\erink\OneDrive\Documents\GitHub\mccabe-site\vspfiles\photos\SS-CAS900NS-altview3.jpg,https://stevesilver.com/wp-content/uploads/2024/09/SteveSilverFurniture_Cassie_CAS900NS_WS1.jpg,
SS,SS-CAS900NS,OK,4,1645,1280,194004,C:\Users\erink\OneDrive\Documents\GitHub\mccabe-site\vspfiles\photos\SS-CAS900NS-altview4.jpg,https://stevesilver.com/wp-content/uploads/2024/09/SteveSilverFurniture_Cassie_CAS900NS_WS1-copy.jpg,
SS,SS-CAS900NS,OK,5,1645,1280,137198,C:\Users\erink\OneDrive\Documents\GitHub\mccabe-site\vspfiles\photos\SS-CAS900NS-altview5.jpg,https://stevesilver.com/wp-content/uploads/2024/09/SteveSilverFurniture_Cassie_CAS900NS_WS2-copy.jpg,
SS,SS-CAS900NS,OK,6,1645,1280,104949,C:\Users\erink\OneDrive\Documents\GitHub\mccabe-site\vspfiles\photos\SS-CAS900NS-altview6.jpg,https://stevesilver.com/wp-content/uploads/2024/09/Cassie_CAS900NS_WS2A_copy.jpg,
SS,SS-CAS900NS,OK,7,1645,1280,162763,C:\Users\erink\OneDrive\Documents\GitHub\mccabe-site\vspfiles\photos\SS-CAS900NS-altview7.jpg,https://stevesilver.com/wp-content/uploads/2024/09/SteveSilverFurniture_Cassie_CAS900NS_WS2A-copy.jpg,
SS,SS-CAS900NS,OK,8,1650,1650,295245,C:\Users\erink\OneDrive\Documents\GitHub\mccabe-site\vspfiles\photos\SS-CAS900NS-altview8.jpg,https://stevesilver.com/wp-content/uploads/2019/10/SteveSilverCo_HighlandPark_HP900MRD_HP900DRD_VG2.jpg,
SS,SS-CAS900QFB,NO_PAGE,,,,,,,no stevesilver.com page mapping
SS,SS-CONROE-GRAY-PWR-SECT,OK,1,1410,1097,336408,C:\Users\erink\OneDrive\Documents\GitHub\mccabe-site\vspfiles\photos\SS-CONROE-GRAY-PWR-SECT-altview1.jpg,https://stevesilver.com/wp-content/uploads/2026/03/Conroe_CON80621G-7PC-SEC-RC_LS1.jpg,
SS,SS-CONROE-GRAY-PWR-SECT,OK,2,1645,1280,564078,C:\Users\erink\OneDrive\Documents\GitHub\mccabe-site\vspfiles\photos\SS-CONROE-GRAY-PWR-SECT-altview2.jpg,https://stevesilver.com/wp-content/uploads/2026/03/Conroe_Gray_7PC.jpg,
SS,SS-CONROE-GRAY-PWR-SECT,OK,3,1645,1280,176982,C:\Users\erink\OneDrive\Documents\GitHub\mccabe-site\vspfiles\photos\SS-CONROE-GRAY-PWR-SECT-altview3.jpg,https://stevesilver.com/wp-content/uploads/2026/03/Conroe_Gary6pc-1.jpg,
SS,SS-CONROE-GRAY-PWR-SECT,OK,4,1645,1280,139695,C:\Users\erink\OneDrive\Documents\GitHub\mccabe-site\vspfiles\photos\SS-CONROE-GRAY-PWR-SECT-altview4.jpg,https://stevesilver.com/wp-content/uploads/2022/05/SteveSilverFurniture_Keily_KE800S_WS2.jpg,
SS,SS-CONROE-GRAY-PWR-SECT,OK,5,1645,1280,294360,C:\Users\erink\OneDrive\Documents\GitHub\mccabe-site\vspfiles\photos\SS-CONROE-GRAY-PWR-SECT-altview5.jpg,https://stevesilver.com/wp-content/uploads/2021/02/SteveSilverCo_Lexington_850CO_VG2.jpg,
SS,SS-CONROE-PWR-CHAISE-SECT,OK,1,1410,1097,344804,C:\Users\erink\OneDrive\Documents\GitHub\mccabe-site\vspfiles\photos\SS-CONROE-PWR-CHAISE-SECT-altview1.jpg,https://stevesilver.com/wp-content/uploads/2026/03/Conroe_CON80621T-7PC-SEC-RC_LS2.jpg,
SS,SS-CONROE-PWR-CHAISE-SECT,OK,2,1645,1280,397573,C:\Users\erink\OneDrive\Documents\GitHub\mccabe-site\vspfiles\photos\SS-CONROE-PWR-CHAISE-SECT-altview2.jpg,https://stevesilver.com/wp-content/uploads/2020/05/Keily_KE800SG_KE800CLG_KE800C_RS1-1.jpg,
SS,SS-CONROE-PWR-CHAISE-SECT,OK,3,1645,1280,161655,C:\Users\erink\OneDrive\Documents\GitHub\mccabe-site\vspfiles\photos\SS-CONROE-PWR-CHAISE-SECT-altview3.jpg,https://stevesilver.com/wp-content/uploads/2026/03/Conroe_Cobblestone_6PC_CON80621T-6PC-SEC-RC_WS1.jpg,
SS,SS-CONROE-PWR-CHAISE-SECT,OK,4,1645,1280,259695,C:\Users\erink\OneDrive\Documents\GitHub\mccabe-site\vspfiles\photos\SS-CONROE-PWR-CHAISE-SECT-altview4.jpg,https://stevesilver.com/wp-content/uploads/2021/04/SteveSilverCo_Provo_1.29_OV5781LRS_RRS_ARS_ACS_WS_CS_RS1.jpg,
SS,SS-DANIEL-PWR-SOFA,OK,1,1645,1280,487474,C:\Users\erink\OneDrive\Documents\GitHub\mccabe-site\vspfiles\photos\SS-DANIEL-PWR-SOFA-altview1.jpg,https://stevesilver.com/wp-content/uploads/2024/11/SteveSilverFurniture_Daniel_DAE800S_LS1.jpg,
SS,SS-DANIEL-PWR-SOFA,OK,2,1645,1280,414791,C:\Users\erink\OneDrive\Documents\GitHub\mccabe-site\vspfiles\photos\SS-DANIEL-PWR-SOFA-altview2.jpg,https://stevesilver.com/wp-content/uploads/2024/11/SteveSilverFurniture_Daniel_DAE800S_LS2.jpg,
SS,SS-DANIEL-PWR-SOFA,OK,3,1645,1280,369147,C:\Users\erink\OneDrive\Documents\GitHub\mccabe-site\vspfiles\photos\SS-DANIEL-PWR-SOFA-altview3.jpg,https://stevesilver.com/wp-content/uploads/2024/11/SteveSilverFurniture_Daniel_DAE800-3PC_LS1.jpg,
SS,SS-DANIEL-PWR-SOFA,OK,4,1645,1280,362709,C:\Users\erink\OneDrive\Documents\GitHub\mccabe-site\vspfiles\photos\SS-DANIEL-PWR-SOFA-altview4.jpg,https://stevesilver.com/wp-content/uploads/2024/11/SteveSilverFurniture_Daniel_DAE800-3PC_LS2A.1.jpg,
SS,SS-DANIEL-PWR-SOFA,OK,5,1645,1280,432676,C:\Users\erink\OneDrive\Documents\GitHub\mccabe-site\vspfiles\photos\SS-DANIEL-PWR-SOFA-altview5.jpg,https://stevesilver.com/wp-content/uploads/2024/11/SteveSilverFurniture_Daniel_DAE800C_LS1.jpg,
SS,SS-DANIEL-PWR-SOFA,OK,6,1645,1280,475257,C:\Users\erink\OneDrive\Documents\GitHub\mccabe-site\vspfiles\photos\SS-DANIEL-PWR-SOFA-altview6.jpg,https://stevesilver.com/wp-content/uploads/2024/11/SteveSilverFurniture_Daniel_DAE800L_LS1.jpg,
SS,SS-DANIEL-PWR-SOFA,OK,7,1645,1280,193928,C:\Users\erink\OneDrive\Documents\GitHub\mccabe-site\vspfiles\photos\SS-DANIEL-PWR-SOFA-altview7.jpg,https://stevesilver.com/wp-content/uploads/2024/11/SteveSilverFurniture_Daniel_DAE800S_WS1.jpg,
SS,SS-DANIEL-PWR-SOFA,OK,8,1645,1280,173440,C:\Users\erink\OneDrive\Documents\GitHub\mccabe-site\vspfiles\photos\SS-DANIEL-PWR-SOFA-altview8.jpg,https://stevesilver.com/wp-content/uploads/2024/11/SteveSilverFurniture_Daniel_DAE800S_WS1A.jpg,
SS,SS-DENVER-BROWN-PWR-SECT,OK,1,1645,1280,435969,C:\Users\erink\OneDrive\Documents\GitHub\mccabe-site\vspfiles\photos\SS-DENVER-BROWN-PWR-SECT-altview1.jpg,https://stevesilver.com/wp-content/uploads/2021/04/SteveSilverCo_Denver_DN5691_ACB_ARB_LRB_RRB_SCB_WB_RS2.jpg,
SS,SS-DENVER-BROWN-PWR-SECT,OK,2,1645,1280,920021,C:\Users\erink\OneDrive\Documents\GitHub\mccabe-site\vspfiles\photos\SS-DENVER-BROWN-PWR-SECT-altview2.jpg,https://stevesilver.com/wp-content/uploads/2024/10/Noah_NOA800GCT_LS2.1A.jpg,
SS,SS-DENVER-BROWN-PWR-SECT,OK,3,1645,1280,741889,C:\Users\erink\OneDrive\Documents\GitHub\mccabe-site\vspfiles\photos\SS-DENVER-BROWN-PWR-SECT-altview3.jpg,https://stevesilver.com/wp-content/uploads/2024/10/Noah_NOA800N-CHOFA_LS2B.jpg,
SS,SS-DENVER-BROWN-PWR-SECT,OK,4,1645,1280,155778,C:\Users\erink\OneDrive\Documents\GitHub\mccabe-site\vspfiles\photos\SS-DENVER-BROWN-PWR-SECT-altview4.jpg,https://stevesilver.com/wp-content/uploads/2021/04/SteveSilverCo_Denver_DN5691_ACB_ARB_LRB_RRB_SCB_WB_WS14.jpg,
SS,SS-DENVER-BROWN-PWR-SECT,OK,5,1645,1280,161818,C:\Users\erink\OneDrive\Documents\GitHub\mccabe-site\vspfiles\photos\SS-DENVER-BROWN-PWR-SECT-altview5.jpg,https://stevesilver.com/wp-content/uploads/2021/04/SteveSilverCo_Denver_DN5691_ACB_ARB_LRB_RRB_SCB_WB_WS4.jpg,
SS,SS-DENVER-BROWN-PWR-SECT,OK,6,1645,1280,176190,C:\Users\erink\OneDrive\Documents\GitHub\mccabe-site\vspfiles\photos\SS-DENVER-BROWN-PWR-SECT-altview6.jpg,https://stevesilver.com/wp-content/uploads/2021/04/SteveSilverCo_Denver_DN5691_ACB_ARB_LRB_RRB_SCB_WB_WS3.jpg,
SS,SS-DENVER-BROWN-PWR-SECT,OK,7,1645,1280,167343,C:\Users\erink\OneDrive\Documents\GitHub\mccabe-site\vspfiles\photos\SS-DENVER-BROWN-PWR-SECT-altview7.jpg,https://stevesilver.com/wp-content/uploads/2021/04/SteveSIlverCo_Denver_DN5691_ACB_ARB_LRB_RRB_SCB_WB_WS2.jpg,
SS,SS-DENVER-BROWN-PWR-SECT,OK,8,1645,1280,168546,C:\Users\erink\OneDrive\Documents\GitHub\mccabe-site\vspfiles\photos\SS-DENVER-BROWN-PWR-SECT-altview8.jpg,https://stevesilver.com/wp-content/uploads/2021/04/SteveSilverCo_Denver_DN5691_ACB_ARB_LRB_RRB_SCB_WB_WS1b.jpg,
SS,SS-DENVER-CHAR-PWR-SECT,OK,1,1645,1280,243776,C:\Users\erink\OneDrive\Documents\GitHub\mccabe-site\vspfiles\photos\SS-DENVER-CHAR-PWR-SECT-altview1.jpg,https://stevesilver.com/wp-content/uploads/2021/04/SteveSilverCo_Denver_DN5691ACC_ARC_CC_LRC_RRC_SCC_WC_RS12jpg.jpg,
SS,SS-DENVER-CHAR-PWR-SECT,OK,2,1645,1280,367856,C:\Users\erink\OneDrive\Documents\GitHub\mccabe-site\vspfiles\photos\SS-DENVER-CHAR-PWR-SECT-altview2.jpg,https://stevesilver.com/wp-content/uploads/2021/04/SteveSilverFurniture_Denver_DN5691ACC_ARC_CC_LRC_RRC_SCC_WC_RS3-2.jpg,
SS,SS-DENVER-CHAR-PWR-SECT,OK,3,1645,1280,116587,C:\Users\erink\OneDrive\Documents\GitHub\mccabe-site\vspfiles\photos\SS-DENVER-CHAR-PWR-SECT-altview3.jpg,https://stevesilver.com/wp-content/uploads/2021/04/SteveSIlverCo_Denver_DN5691ACC_ARC_CC_LRC_RRC_SCC_WC_WS6.jpg,
SS,SS-DENVER-CHAR-PWR-SECT,OK,4,1645,1280,133602,C:\Users\erink\OneDrive\Documents\GitHub\mccabe-site\vspfiles\photos\SS-DENVER-CHAR-PWR-SECT-altview4.jpg,https://stevesilver.com/wp-content/uploads/2021/04/SteveSilverCo_Denver_DN5691ACC_ARC_CC_LRC_RRC_SCC_WC_WS5.jpg,
SS,SS-DENVER-CHAR-PWR-SECT,OK,5,1645,1280,119185,C:\Users\erink\OneDrive\Documents\GitHub\mccabe-site\vspfiles\photos\SS-DENVER-CHAR-PWR-SECT-altview5.jpg,https://stevesilver.com/wp-content/uploads/2021/04/SteveSilverCo_Denver_DN5691ACC_ARC_CC_LRC_RRC_SCC_WC_WS4.jpg,
SS,SS-DENVER-CHAR-PWR-SECT,OK,6,1645,1280,107795,C:\Users\erink\OneDrive\Documents\GitHub\mccabe-site\vspfiles\photos\SS-DENVER-CHAR-PWR-SECT-altview6.jpg,https://stevesilver.com/wp-content/uploads/2021/04/SteveSilverCo_Denver_DN5691ACC_ARC_CC_LRC_RRC_SCC_WC_WS3.jpg,
SS,SS-DENVER-CHAR-PWR-SECT,OK,7,1645,1280,111224,C:\Users\erink\OneDrive\Documents\GitHub\mccabe-site\vspfiles\photos\SS-DENVER-CHAR-PWR-SECT-altview7.jpg,https://stevesilver.com/wp-content/uploads/2021/04/SteveSilverCo_Denver_DN5691ACC_ARC_CC_LRC_RRC_SCC_WC_WS2.jpg,
SS,SS-DENVER-CHAR-PWR-SECT,OK,8,1645,1280,99965,C:\Users\erink\OneDrive\Documents\GitHub\mccabe-site\vspfiles\photos\SS-DENVER-CHAR-PWR-SECT-altview8.jpg,https://stevesilver.com/wp-content/uploads/2021/04/SteveSilverCo_Denver_DN5691ACC_ARC_CC_LRC_RRC_SCC_WC_WS1.jpg,
SS,SS-GATLIN-PWR-SECT,OK,1,1645,1280,363026,C:\Users\erink\OneDrive\Documents\GitHub\mccabe-site\vspfiles\photos\SS-GATLIN-PWR-SECT-altview1.jpg,https://stevesilver.com/wp-content/uploads/2026/01/SteveSilverFurniture_Gatlin_GAT70696T-6PC-SECT_LS2.jpg,
SS,SS-GATLIN-PWR-SECT,OK,2,1645,1280,371430,C:\Users\erink\OneDrive\Documents\GitHub\mccabe-site\vspfiles\photos\SS-GATLIN-PWR-SECT-altview2.jpg,https://stevesilver.com/wp-content/uploads/2026/01/SteveSilverFurniture_Olsen_OLN5355B-6PC-SECT_LS3B.jpg,
SS,SS-GATLIN-PWR-SECT,OK,3,1645,1280,920021,C:\Users\erink\OneDrive\Documents\GitHub\mccabe-site\vspfiles\photos\SS-GATLIN-PWR-SECT-altview3.jpg,https://stevesilver.com/wp-content/uploads/2024/10/Noah_NOA800GCT_LS2.1A.jpg,
SS,SS-GATLIN-PWR-SECT,OK,4,1645,1280,153106,C:\Users\erink\OneDrive\Documents\GitHub\mccabe-site\vspfiles\photos\SS-GATLIN-PWR-SECT-altview4.jpg,https://stevesilver.com/wp-content/uploads/2026/01/SteveSilverFurniture_Gatlin_GAT70696T-6PC-SECT_WS1.jpg,
SS,SS-GATLIN-PWR-SECT,OK,5,1645,1280,153229,C:\Users\erink\OneDrive\Documents\GitHub\mccabe-site\vspfiles\photos\SS-GATLIN-PWR-SECT-altview5.jpg,https://stevesilver.com/wp-content/uploads/2026/01/SteveSilverFurniture_Gatlin_GAT70696T-6PC-SECT_WS1A.jpg,
SS,SS-GATLIN-PWR-SECT,OK,6,1645,1280,156368,C:\Users\erink\OneDrive\Documents\GitHub\mccabe-site\vspfiles\photos\SS-GATLIN-PWR-SECT-altview6.jpg,https://stevesilver.com/wp-content/uploads/2026/01/SteveSilverFurniture_Gatlin_GAT70696T-6PC-SECT_WS1B.jpg,
SS,SS-GATLIN-PWR-SECT,OK,7,1645,1280,148017,C:\Users\erink\OneDrive\Documents\GitHub\mccabe-site\vspfiles\photos\SS-GATLIN-PWR-SECT-altview7.jpg,https://stevesilver.com/wp-content/uploads/2026/01/SteveSilverFurniture_Gatlin_GAT70696T-6PC-SECT_WS2-1.jpg,
SS,SS-GATLIN-PWR-SECT,OK,8,1645,1280,145782,C:\Users\erink\OneDrive\Documents\GitHub\mccabe-site\vspfiles\photos\SS-GATLIN-PWR-SECT-altview8.jpg,https://stevesilver.com/wp-content/uploads/2026/01/SteveSilverFurniture_Gatlin_GAT70696T-6PC-SECT_WS2A.jpg,
SS,SS-HP900CTDT,OK,1,1100,750,243937,C:\Users\erink\OneDrive\Documents\GitHub\mccabe-site\vspfiles\photos\SS-HP900CTDT-altview1.jpg,https://stevesilver.com/wp-content/uploads/2019/08/Highland_Park_HP900KHBD_HP900KFBD_HP900SRD_HP900NSD_HP900CTD__HP900MRD_HP900DRD_RS1-1.jpg,
SS,SS-HP900CTDT,OK,2,1645,1280,200121,C:\Users\erink\OneDrive\Documents\GitHub\mccabe-site\vspfiles\photos\SS-HP900CTDT-altview2.jpg,https://stevesilver.com/wp-content/uploads/2019/08/SteveSilverCo_HighlandPark_HP900CTD_VG1.jpg,
SS,SS-HP900CTDT,OK,3,1645,1280,217113,C:\Users\erink\OneDrive\Documents\GitHub\mccabe-site\vspfiles\photos\SS-HP900CTDT-altview3.jpg,https://stevesilver.com/wp-content/uploads/2019/08/HighlandPark_HP9000CTD2.jpg,
SS,SS-HP900CTDT,OK,4,1645,1280,123436,C:\Users\erink\OneDrive\Documents\GitHub\mccabe-site\vspfiles\photos\SS-HP900CTDT-altview4.jpg,https://stevesilver.com/wp-content/uploads/2020/01/SteveSilverFurniture_HighlandPark_HP900DRD_VG1.jpg,
SS,SS-HP900CTDT,OK,5,1645,1280,139540,C:\Users\erink\OneDrive\Documents\GitHub\mccabe-site\vspfiles\photos\SS-HP900CTDT-altview5.jpg,https://stevesilver.com/wp-content/uploads/2019/10/SteveSilverFurniture_HighlandPark_HP900KHBD_KHFBD_SRD_NSD_CTD_MRD_DRD_VG1.jpg,
SS,SS-HP900CTWT,OK,1,1645,1280,487474,C:\Users\erink\OneDrive\Documents\GitHub\mccabe-site\vspfiles\photos\SS-HP900CTWT-altview1.jpg,https://stevesilver.com/wp-content/uploads/2019/10/HighlandPark_HP900HBW_HP900KFBW_HP900CTW_HP900NSWHP900DRW_HP900MRW_HP900VDW_HP900VMW_RS1_Revised.jpg,
SS,SS-HP900CTWT,OK,2,1645,1280,285647,C:\Users\erink\OneDrive\Documents\GitHub\mccabe-site\vspfiles\photos\SS-HP900CTWT-altview2.jpg,https://stevesilver.com/wp-content/uploads/2019/08/HP900CTW_HighlandPark.jpg,
SS,SS-HP900CTWT,OK,3,1645,1280,238476,C:\Users\erink\OneDrive\Documents\GitHub\mccabe-site\vspfiles\photos\SS-HP900CTWT-altview3.jpg,https://stevesilver.com/wp-content/uploads/2019/10/Wilshire_WS89Q0HB_WS890WFRSG_RS1.jpg,
SS,SS-HP900KFBD,NO_PAGE,,,,,,,no stevesilver.com page mapping
SS,SS-HP900KFBW,NO_PAGE,,,,,,,no stevesilver.com page mapping
SS,SS-HP900MRD,OK,1,1645,1280,148968,C:\Users\erink\OneDrive\Documents\GitHub\mccabe-site\vspfiles\photos\SS-HP900MRD-altview1.jpg,https://stevesilver.com/wp-content/uploads/2019/08/HP900MRD.jpg,
SS,SS-HP900MRD,OK,2,1645,1280,161151,C:\Users\erink\OneDrive\Documents\GitHub\mccabe-site\vspfiles\photos\SS-HP900MRD-altview2.jpg,https://stevesilver.com/wp-content/uploads/2019/08/Swanson_SS100FB_WS2-Sand.jpg,
SS,SS-HP900MRD,OK,3,956,518,69872,C:\Users\erink\OneDrive\Documents\GitHub\mccabe-site\vspfiles\photos\SS-HP900MRD-altview3.jpg,https://stevesilver.com/wp-content/uploads/2019/08/HP900.jpg,
SS,SS-HP900MRW,OK,1,1645,1280,133614,C:\Users\erink\OneDrive\Documents\GitHub\mccabe-site\vspfiles\photos\SS-HP900MRW-altview1.jpg,https://stevesilver.com/wp-content/uploads/2019/08/HP900MRW.jpg,
SS,SS-HP900MRW,OK,2,1645,1280,448990,C:\Users\erink\OneDrive\Documents\GitHub\mccabe-site\vspfiles\photos\SS-HP900MRW-altview2.jpg,https://stevesilver.com/wp-content/uploads/2019/08/HP900SRD.jpg,
SS,SS-HP900MRW,OK,3,1645,1280,337109,C:\Users\erink\OneDrive\Documents\GitHub\mccabe-site\vspfiles\photos\SS-HP900MRW-altview3.jpg,https://stevesilver.com/wp-content/uploads/2019/10/Swanson_SS100HB_WS4-Sand.jpg,
SS,SS-HP900NSD,OK,1,1645,1280,601515,C:\Users\erink\OneDrive\Documents\GitHub\mccabe-site\vspfiles\photos\SS-HP900NSD-altview1.jpg,https://stevesilver.com/wp-content/uploads/2019/10/Highland_Park_HP900KHBD_HP900KFBD_HP900SRD_HP900NSD_HP900CTD__HP900MRD_HP900DRD_RS1-1.jpg,
SS,SS-HP900NSD,OK,2,1645,1280,487474,C:\Users\erink\OneDrive\Documents\GitHub\mccabe-site\vspfiles\photos\SS-HP900NSD-altview2.jpg,https://stevesilver.com/wp-content/uploads/2019/10/HighlandPark_HP900HBW_HP900KFBW_HP900CTW_HP900NSWHP900DRW_HP900MRW_HP900VDW_HP900VMW_RS1_Revised.jpg,
SS,SS-HP900NSD,OK,3,1645,1280,230200,C:\Users\erink\OneDrive\Documents\GitHub\mccabe-site\vspfiles\photos\SS-HP900NSD-altview3.jpg,https://stevesilver.com/wp-content/uploads/2019/08/SteveSIlverCo_HighlandPark_HP900NSD_VG1.jpg,
SS,SS-HP900NSD,OK,4,1645,1280,235943,C:\Users\erink\OneDrive\Documents\GitHub\mccabe-site\vspfiles\photos\SS-HP900NSD-altview4.jpg,https://stevesilver.com/wp-content/uploads/2019/08/SteveSilverCo_HighlandPark_HP900NSD_VG2.jpg,
SS,SS-HP900NSD,OK,5,1645,1280,137104,C:\Users\erink\OneDrive\Documents\GitHub\mccabe-site\vspfiles\photos\SS-HP900NSD-altview5.jpg,https://stevesilver.com/wp-content/uploads/2019/10/SteveSilverFurniture_HighlandPark_HP900KHBD_KHFBD_NSD_MRD_DRD_VG1.jpg,
SS,SS-HP900NSW,OK,1,1645,1280,487474,C:\Users\erink\OneDrive\Documents\GitHub\mccabe-site\vspfiles\photos\SS-HP900NSW-altview1.jpg,https://stevesilver.com/wp-content/uploads/2019/10/HighlandPark_HP900HBW_HP900KFBW_HP900CTW_HP900NSWHP900DRW_HP900MRW_HP900VDW_HP900VMW_RS1_Revised.jpg,
SS,SS-HP900NSW,OK,2,1645,1280,188200,C:\Users\erink\OneDrive\Documents\GitHub\mccabe-site\vspfiles\photos\SS-HP900NSW-altview2.jpg,https://stevesilver.com/wp-content/uploads/2019/08/HighlandPark_HP900NSW_WS1.jpg,
SS,SS-HP900NSW,OK,3,1645,1280,239178,C:\Users\erink\OneDrive\Documents\GitHub\mccabe-site\vspfiles\photos\SS-HP900NSW-altview3.jpg,https://stevesilver.com/wp-content/uploads/2019/10/SteveSilverCo_HighlandPark_HP900DRW_HT900MRW_WS2.jpg,
SS,SS-HP900NSW,OK,4,1645,1280,195295,C:\Users\erink\OneDrive\Documents\GitHub\mccabe-site\vspfiles\photos\SS-HP900NSW-altview4.jpg,https://stevesilver.com/wp-content/uploads/2019/10/BearCreekChest-e1579454259329.jpg,
SS,SS-HP900QFBD,NO_PAGE,,,,,,,no stevesilver.com page mapping
SS,SS-HP900QFBW,NO_PAGE,,,,,,,no stevesilver.com page mapping
SS,SS-KEILY-BROWN-86SOFA,OK,1,1645,1300,427251,C:\Users\erink\OneDrive\Documents\GitHub\mccabe-site\vspfiles\photos\SS-KEILY-BROWN-86SOFA-altview1.jpg,https://stevesilver.com/wp-content/uploads/2020/01/Kiely_1.29_KE800S_KE800CL_KE800C_RS1.jpg,
SS,SS-KEILY-BROWN-86SOFA,OK,2,1645,1280,422892,C:\Users\erink\OneDrive\Documents\GitHub\mccabe-site\vspfiles\photos\SS-KEILY-BROWN-86SOFA-altview2.jpg,https://stevesilver.com/wp-content/uploads/2021/08/SteveSilverFurniture_Lehi_LH97506PCSECT_LS2.jpg,
SS,SS-KEILY-BROWN-86SOFA,OK,3,1645,1280,139695,C:\Users\erink\OneDrive\Documents\GitHub\mccabe-site\vspfiles\photos\SS-KEILY-BROWN-86SOFA-altview3.jpg,https://stevesilver.com/wp-content/uploads/2022/05/SteveSilverFurniture_Keily_KE800S_WS2.jpg,
SS,SS-KEILY-BROWN-86SOFA,OK,4,1645,1280,130125,C:\Users\erink\OneDrive\Documents\GitHub\mccabe-site\vspfiles\photos\SS-KEILY-BROWN-86SOFA-altview4.jpg,https://stevesilver.com/wp-content/uploads/2022/05/SteveSilverFurniture_Keily_KE800S_WS1.jpg,
SS,SS-KEILY-BROWN-86SOFA,OK,5,1645,1280,135272,C:\Users\erink\OneDrive\Documents\GitHub\mccabe-site\vspfiles\photos\SS-KEILY-BROWN-86SOFA-altview5.jpg,https://stevesilver.com/wp-content/uploads/2022/05/SteveSilverFurniture_Keily_KE800S_WS1A.jpg,
SS,SS-KEILY-BROWN-86SOFA,OK,6,1645,1280,138940,C:\Users\erink\OneDrive\Documents\GitHub\mccabe-site\vspfiles\photos\SS-KEILY-BROWN-86SOFA-altview6.jpg,https://stevesilver.com/wp-content/uploads/2022/05/SteveSilverFurniture_Keily_KE800S_WS1B.jpg,
SS,SS-KEILY-BROWN-86SOFA,OK,7,1645,1280,97104,C:\Users\erink\OneDrive\Documents\GitHub\mccabe-site\vspfiles\photos\SS-KEILY-BROWN-86SOFA-altview7.jpg,https://stevesilver.com/wp-content/uploads/2020/01/SteveSilverFurniture_Keily_KE800S_WS3.jpg,
SS,SS-KEILY-BROWN-86SOFA,OK,8,1645,1280,135742,C:\Users\erink\OneDrive\Documents\GitHub\mccabe-site\vspfiles\photos\SS-KEILY-BROWN-86SOFA-altview8.jpg,https://stevesilver.com/wp-content/uploads/2022/05/SteveSilverFurniture_Keily_KE800S_WS2A.jpg,
SS,SS-LUNA-CHAR-PWR-SOFA,FAIL,,,,,,https://stevesilver.com/wp-content/uploads/2025/11/SteveSilverFurniture_Luna_LUN800KS_LS1.jpg,<urlopen error [WinError 10054] An existing connection was forcibly closed by the remote host>
SS,SS-LUNA-CHAR-PWR-SOFA,OK,1,1645,1280,541858,C:\Users\erink\OneDrive\Documents\GitHub\mccabe-site\vspfiles\photos\SS-LUNA-CHAR-PWR-SOFA-altview1.jpg,https://stevesilver.com/wp-content/uploads/2025/11/SteveSilverFurniture_Luna_LUN800KS_LS2.jpg,
SS,SS-LUNA-CHAR-PWR-SOFA,OK,2,1645,1280,519514,C:\Users\erink\OneDrive\Documents\GitHub\mccabe-site\vspfiles\photos\SS-LUNA-CHAR-PWR-SOFA-altview2.jpg,https://stevesilver.com/wp-content/uploads/2025/11/SteveSilverFurniture_Luna_LUN800KS_LS2A.jpg,
SS,SS-LUNA-CHAR-PWR-SOFA,OK,3,1645,1280,477465,C:\Users\erink\OneDrive\Documents\GitHub\mccabe-site\vspfiles\photos\SS-LUNA-CHAR-PWR-SOFA-altview3.jpg,https://stevesilver.com/wp-content/uploads/2025/11/SteveSilverFurniture_Luna_LUN800KS_LUN800KL_LUN800KR_LS2A.jpg,
SS,SS-LUNA-CHAR-PWR-SOFA,OK,4,1645,1280,554141,C:\Users\erink\OneDrive\Documents\GitHub\mccabe-site\vspfiles\photos\SS-LUNA-CHAR-PWR-SOFA-altview4.jpg,https://stevesilver.com/wp-content/uploads/2025/11/SteveSilverFurniture_Luna_LUN800KL_LS1.jpg,
SS,SS-LUNA-CHAR-PWR-SOFA,OK,5,1645,1280,491685,C:\Users\erink\OneDrive\Documents\GitHub\mccabe-site\vspfiles\photos\SS-LUNA-CHAR-PWR-SOFA-altview5.jpg,https://stevesilver.com/wp-content/uploads/2025/11/SteveSilverFurniture_Luna_LUN800KS_LUN800KL_LUN800KR_LS2.jpg,
SS,SS-LUNA-CHAR-PWR-SOFA,OK,6,1645,1280,404136,C:\Users\erink\OneDrive\Documents\GitHub\mccabe-site\vspfiles\photos\SS-LUNA-CHAR-PWR-SOFA-altview6.jpg,https://stevesilver.com/wp-content/uploads/2025/11/SteveSilverFurniture_Luna_LUN800KR_LS1.jpg,
SS,SS-LUNA-CHAR-PWR-SOFA,OK,7,1645,1280,277553,C:\Users\erink\OneDrive\Documents\GitHub\mccabe-site\vspfiles\photos\SS-LUNA-CHAR-PWR-SOFA-altview7.jpg,https://stevesilver.com/wp-content/uploads/2025/11/SteveSilverFurniture_Luna_LUN800KS_WS1.jpg,
SS,SS-LUNA-CHAR-PWR-SOFA,OK,8,1645,1280,272075,C:\Users\erink\OneDrive\Documents\GitHub\mccabe-site\vspfiles\photos\SS-LUNA-CHAR-PWR-SOFA-altview8.jpg,https://stevesilver.com/wp-content/uploads/2025/11/SteveSilverFurniture_Luna_LUN800KS_WS1A.jpg,
SS,SS-LUNA-ICE-PWR-SOFA,PAGE_FAIL,,,,,,https://stevesilver.com/product/luna-home-cinema-power-sofa-ice-vegan-leather/,HTTP Error 404: Not Found
SS,SS-MON900CS,PAGE_FAIL,,,,,,https://stevesilver.com/product/montana-4-piece-king-set-sand/,HTTP Error 404: Not Found
SS,SS-MON900DRST,PAGE_FAIL,,,,,,https://stevesilver.com/product/montana-dresser-sand/,HTTP Error 404: Not Found
SS,SS-MON900KFB,NO_PAGE,,,,,,,no stevesilver.com page mapping
SS,SS-MON900NSS,PAGE_FAIL,,,,,,https://stevesilver.com/product/montana-nightstand-sand/,HTTP Error 404: Not Found
SS,SS-MON900QFB,NO_PAGE,,,,,,,no stevesilver.com page mapping
SS,SS-NOAH-GRAY-SLEEPER-SOFA,OK,1,1645,1280,764291,C:\Users\erink\OneDrive\Documents\GitHub\mccabe-site\vspfiles\photos\SS-NOAH-GRAY-SLEEPER-SOFA-altview1.jpg,https://stevesilver.com/wp-content/uploads/2024/10/Noah_NOA800G-CHOFA_LSB.jpg,
SS,SS-NOAH-GRAY-SLEEPER-SOFA,SKIP_DUP,,1645,1280,,,https://stevesilver.com/wp-content/uploads/2024/10/Noah_NOA800G-CHOFA_LSB-1.jpg,duplicate of main/thumb or prior altview
SS,SS-NOAH-GRAY-SLEEPER-SOFA,OK,2,1645,1280,725226,C:\Users\erink\OneDrive\Documents\GitHub\mccabe-site\vspfiles\photos\SS-NOAH-GRAY-SLEEPER-SOFA-altview2.jpg,https://stevesilver.com/wp-content/uploads/2024/10/Noah_NOA800G-CHOFA_LS2.jpg,
SS,SS-NOAH-GRAY-SLEEPER-SOFA,OK,3,1645,1280,696560,C:\Users\erink\OneDrive\Documents\GitHub\mccabe-site\vspfiles\photos\SS-NOAH-GRAY-SLEEPER-SOFA-altview3.jpg,https://stevesilver.com/wp-content/uploads/2024/10/Noah_NOA800G-CHOFA_LS2A.jpg,
SS,SS-NOAH-GRAY-SLEEPER-SOFA,OK,4,1645,1280,735308,C:\Users\erink\OneDrive\Documents\GitHub\mccabe-site\vspfiles\photos\SS-NOAH-GRAY-SLEEPER-SOFA-altview4.jpg,https://stevesilver.com/wp-content/uploads/2024/10/Noah_NOA800G-CHOFA_LS2D.jpg,
SS,SS-NOAH-GRAY-SLEEPER-SOFA,OK,5,1645,1280,747523,C:\Users\erink\OneDrive\Documents\GitHub\mccabe-site\vspfiles\photos\SS-NOAH-GRAY-SLEEPER-SOFA-altview5.jpg,https://stevesilver.com/wp-content/uploads/2024/10/Noah_NOA800G-CHOFA_LS10.jpg,
SS,SS-NOAH-GRAY-SLEEPER-SOFA,OK,6,1645,1280,658810,C:\Users\erink\OneDrive\Documents\GitHub\mccabe-site\vspfiles\photos\SS-NOAH-GRAY-SLEEPER-SOFA-altview6.jpg,https://stevesilver.com/wp-content/uploads/2024/10/Noah_NOA800G-CHOFA_WS10B.jpg,
SS,SS-NOAH-GRAY-SLEEPER-SOFA,OK,7,1645,1280,579293,C:\Users\erink\OneDrive\Documents\GitHub\mccabe-site\vspfiles\photos\SS-NOAH-GRAY-SLEEPER-SOFA-altview7.jpg,https://stevesilver.com/wp-content/uploads/2024/10/Noah_NOA800G-CHOFA_WS1.jpg,
SS,SS-NOAH-GRAY-SLEEPER-SOFA,OK,8,1645,1280,530463,C:\Users\erink\OneDrive\Documents\GitHub\mccabe-site\vspfiles\photos\SS-NOAH-GRAY-SLEEPER-SOFA-altview8.jpg,https://stevesilver.com/wp-content/uploads/2024/10/Noah_NOA800G-CHOFA_WS1A.jpg,
SS,SS-OLSEN-DOVE-PWR-SOFA,OK,1,1645,1280,499887,C:\Users\erink\OneDrive\Documents\GitHub\mccabe-site\vspfiles\photos\SS-OLSEN-DOVE-PWR-SOFA-altview1.jpg,https://stevesilver.com/wp-content/uploads/2026/01/SteveSilverFurniture_Olsen_OLN5355T-3PC-SOFA_LS1.jpg,
SS,SS-OLSEN-DOVE-PWR-SOFA,OK,2,1645,1280,437503,C:\Users\erink\OneDrive\Documents\GitHub\mccabe-site\vspfiles\photos\SS-OLSEN-DOVE-PWR-SOFA-altview2.jpg,https://stevesilver.com/wp-content/uploads/2026/01/Olsen_OLN5355T-6PC-SECT_LS1.jpg,
SS,SS-OLSEN-DOVE-PWR-SOFA,OK,3,1645,1280,346692,C:\Users\erink\OneDrive\Documents\GitHub\mccabe-site\vspfiles\photos\SS-OLSEN-DOVE-PWR-SOFA-altview3.jpg,https://stevesilver.com/wp-content/uploads/2021/02/SteveSilverCo_Brisbane_RS850CG_VG2c.jpg,
SS,SS-OLSEN-DOVE-PWR-SOFA,OK,4,1645,1280,270054,C:\Users\erink\OneDrive\Documents\GitHub\mccabe-site\vspfiles\photos\SS-OLSEN-DOVE-PWR-SOFA-altview4.jpg,https://stevesilver.com/wp-content/uploads/2026/01/SteveSilverFurniture_Olsen_OLN5355T-3PC-SOFA_WS1.jpg,
SS,SS-OLSEN-DOVE-PWR-SOFA,OK,5,1645,1280,279201,C:\Users\erink\OneDrive\Documents\GitHub\mccabe-site\vspfiles\photos\SS-OLSEN-DOVE-PWR-SOFA-altview5.jpg,https://stevesilver.com/wp-content/uploads/2026/01/SteveSilverFurniture_Olsen_OLN5355T-3PC-SOFA_WS1A.jpg,
SS,SS-OLSEN-DOVE-PWR-SOFA,OK,6,1645,1280,260648,C:\Users\erink\OneDrive\Documents\GitHub\mccabe-site\vspfiles\photos\SS-OLSEN-DOVE-PWR-SOFA-altview6.jpg,https://stevesilver.com/wp-content/uploads/2026/01/SteveSilverFurniture_Olsen_OLN5355T-3PC-SOFA_WS1B.jpg,
SS,SS-OLSEN-DOVE-PWR-SOFA,OK,7,1645,1280,295337,C:\Users\erink\OneDrive\Documents\GitHub\mccabe-site\vspfiles\photos\SS-OLSEN-DOVE-PWR-SOFA-altview7.jpg,https://stevesilver.com/wp-content/uploads/2026/01/SteveSilverFurniture_Olsen_OLN5355T-3PC-SOFA_WS2.jpg,
SS,SS-OLSEN-DOVE-PWR-SOFA,OK,8,1645,1280,261421,C:\Users\erink\OneDrive\Documents\GitHub\mccabe-site\vspfiles\photos\SS-OLSEN-DOVE-PWR-SOFA-altview8.jpg,https://stevesilver.com/wp-content/uploads/2026/01/SteveSilverFurniture_Olsen_OLN5355T-3PC-SOFA_WS2A.jpg,
SS,SS-RV900C,OK,1,1645,1280,234727,C:\Users\erink\OneDrive\Documents\GitHub\mccabe-site\vspfiles\photos\SS-RV900C-altview1.jpg,https://stevesilver.com/wp-content/uploads/2023/01/SteveSilverFurniture_Riverdale_RV900C_LS2.jpg,
SS,SS-RV900C,OK,2,1645,1280,193301,C:\Users\erink\OneDrive\Documents\GitHub\mccabe-site\vspfiles\photos\SS-RV900C-altview2.jpg,https://stevesilver.com/wp-content/uploads/2023/01/Riverdale_RV900C_WS1-1.jpg,
SS,SS-RV900C,OK,3,1645,1280,189759,C:\Users\erink\OneDrive\Documents\GitHub\mccabe-site\vspfiles\photos\SS-RV900C-altview3.jpg,https://stevesilver.com/wp-content/uploads/2023/01/SteveSIlverFurniture_Riverdale_RV900C_WS2.jpg,
SS,SS-RV900C,OK,4,1645,1280,334236,C:\Users\erink\OneDrive\Documents\GitHub\mccabe-site\vspfiles\photos\SS-RV900C-altview4.jpg,https://stevesilver.com/wp-content/uploads/2023/01/SteveSilverFurniture_Riverdale_RV900C_VG2H.jpg,
SS,SS-RV900C,OK,5,1645,1280,230200,C:\Users\erink\OneDrive\Documents\GitHub\mccabe-site\vspfiles\photos\SS-RV900C-altview5.jpg,https://stevesilver.com/wp-content/uploads/2019/08/SteveSIlverCo_HighlandPark_HP900NSD_VG1.jpg,
SS,SS-RV900C,OK,6,1645,1280,285647,C:\Users\erink\OneDrive\Documents\GitHub\mccabe-site\vspfiles\photos\SS-RV900C-altview6.jpg,https://stevesilver.com/wp-content/uploads/2019/08/HP900CTW_HighlandPark.jpg,
SS,SS-RV900DR,OK,1,1645,1280,218508,C:\Users\erink\OneDrive\Documents\GitHub\mccabe-site\vspfiles\photos\SS-RV900DR-altview1.jpg,https://stevesilver.com/wp-content/uploads/2023/02/SteveSilverFurniture_Riverdale_RV900-DRMR_LS2.jpg,
SS,SS-RV900DR,OK,2,1645,1280,317594,C:\Users\erink\OneDrive\Documents\GitHub\mccabe-site\vspfiles\photos\SS-RV900DR-altview2.jpg,https://stevesilver.com/wp-content/uploads/2023/02/SteveSilverFurniture_Riverdale_RV900DR_LS1.jpg,
SS,SS-RV900DR,OK,3,1645,1280,456172,C:\Users\erink\OneDrive\Documents\GitHub\mccabe-site\vspfiles\photos\SS-RV900DR-altview3.jpg,https://stevesilver.com/wp-content/uploads/2023/02/SteveSilverFurniture_Riverdale_RV900SR_LS2H.jpg,
SS,SS-RV900DR,OK,4,1645,1280,408252,C:\Users\erink\OneDrive\Documents\GitHub\mccabe-site\vspfiles\photos\SS-RV900DR-altview4.jpg,https://stevesilver.com/wp-content/uploads/2023/02/SteveSilverFurniture_Riverdale_RV900DR_LS2.jpg,
SS,SS-RV900DR,OK,5,1645,1280,366688,C:\Users\erink\OneDrive\Documents\GitHub\mccabe-site\vspfiles\photos\SS-RV900DR-altview5.jpg,https://stevesilver.com/wp-content/uploads/2023/02/SteveSilverFurniture_Riverdale_RV900DR_WS1.jpg,
SS,SS-RV900DR,OK,6,1645,1280,311906,C:\Users\erink\OneDrive\Documents\GitHub\mccabe-site\vspfiles\photos\SS-RV900DR-altview6.jpg,https://stevesilver.com/wp-content/uploads/2023/02/SteveSilverFurniture_Riverdale_RV900DR_WS2.jpg,
SS,SS-RV900DR,OK,7,1645,1280,238476,C:\Users\erink\OneDrive\Documents\GitHub\mccabe-site\vspfiles\photos\SS-RV900DR-altview7.jpg,https://stevesilver.com/wp-content/uploads/2019/10/Wilshire_WS89Q0HB_WS890WFRSG_RS1.jpg,
SS,SS-RV900DR,OK,8,1645,1280,464223,C:\Users\erink\OneDrive\Documents\GitHub\mccabe-site\vspfiles\photos\SS-RV900DR-altview8.jpg,https://stevesilver.com/wp-content/uploads/2019/10/Swanson_SS100HB_SS100FB_SS100RS-RS1.jpg,
SS,SS-RV900KFB,NO_PAGE,,,,,,,no stevesilver.com page mapping
SS,SS-RV900M,OK,1,1645,1280,217352,C:\Users\erink\OneDrive\Documents\GitHub\mccabe-site\vspfiles\photos\SS-RV900M-altview1.jpg,https://stevesilver.com/wp-content/uploads/2023/01/SteveSilverFurniture_Riverdale_RV900-DRMR_LS2.jpg,
SS,SS-RV900M,OK,2,1645,1280,487474,C:\Users\erink\OneDrive\Documents\GitHub\mccabe-site\vspfiles\photos\SS-RV900M-altview2.jpg,https://stevesilver.com/wp-content/uploads/2019/10/HighlandPark_HP900HBW_HP900KFBW_HP900CTW_HP900NSWHP900DRW_HP900MRW_HP900VDW_HP900VMW_RS1_Revised.jpg,
SS,SS-RV900M,OK,3,1645,1280,74485,C:\Users\erink\OneDrive\Documents\GitHub\mccabe-site\vspfiles\photos\SS-RV900M-altview3.jpg,https://stevesilver.com/wp-content/uploads/2023/01/SteveSilverFurniture_Riverdal_RV900M_WS1.jpg,
SS,SS-RV900M,OK,4,1645,1280,153514,C:\Users\erink\OneDrive\Documents\GitHub\mccabe-site\vspfiles\photos\SS-RV900M-altview4.jpg,https://stevesilver.com/wp-content/uploads/2023/01/SteveSilverFurniture_Riverdale_RV900-DRMR_WS1.jpg,
SS,SS-RV900M,OK,5,1645,1280,125391,C:\Users\erink\OneDrive\Documents\GitHub\mccabe-site\vspfiles\photos\SS-RV900M-altview5.jpg,https://stevesilver.com/wp-content/uploads/2023/01/SteveSilverFurniture_Riverdale_RV900-DRMR_WS2.jpg,
SS,SS-RV900M,OK,6,1645,1280,76513,C:\Users\erink\OneDrive\Documents\GitHub\mccabe-site\vspfiles\photos\SS-RV900M-altview6.jpg,https://stevesilver.com/wp-content/uploads/2023/01/SteveSilverFurniture_Riverdal_RV900M_WS2.jpg,
SS,SS-RV900M,OK,7,1645,1280,89389,C:\Users\erink\OneDrive\Documents\GitHub\mccabe-site\vspfiles\photos\SS-RV900M-altview7.jpg,https://stevesilver.com/wp-content/uploads/2023/01/SteveSilverFurniture_Riverdale_RV900M_WS2.jpg,
SS,SS-RV900M,OK,8,1645,1280,92126,C:\Users\erink\OneDrive\Documents\GitHub\mccabe-site\vspfiles\photos\SS-RV900M-altview8.jpg,https://stevesilver.com/wp-content/uploads/2023/01/SteveSilverFurniture_Riverdale_RV900-DRMR_WS5.jpg,
SS,SS-RV900NS,OK,1,1645,1280,456384,C:\Users\erink\OneDrive\Documents\GitHub\mccabe-site\vspfiles\photos\SS-RV900NS-altview1.jpg,https://stevesilver.com/wp-content/uploads/2023/02/SteveSilverFurniture_Riverdale_RV900NS_LS2H.jpg,
SS,SS-RV900NS,OK,2,1645,1280,347561,C:\Users\erink\OneDrive\Documents\GitHub\mccabe-site\vspfiles\photos\SS-RV900NS-altview2.jpg,https://stevesilver.com/wp-content/uploads/2023/02/SteveSilverFurniture_Riverdale_RV900-KS4PC_RV900C_LS2.jpg,
SS,SS-RV900NS,OK,3,1645,1280,486502,C:\Users\erink\OneDrive\Documents\GitHub\mccabe-site\vspfiles\photos\SS-RV900NS-altview3.jpg,https://stevesilver.com/wp-content/uploads/2023/02/SteveSilverFurniture_Riverdale_RV900-KBED_RV900NS_LS1.jpg,
SS,SS-RV900NS,OK,4,1645,1280,302227,C:\Users\erink\OneDrive\Documents\GitHub\mccabe-site\vspfiles\photos\SS-RV900NS-altview4.jpg,https://stevesilver.com/wp-content/uploads/2023/02/SteveSilverFurniture_Riverdale_RV900NS_WS1.jpg,
SS,SS-RV900NS,OK,5,1645,1280,310435,C:\Users\erink\OneDrive\Documents\GitHub\mccabe-site\vspfiles\photos\SS-RV900NS-altview5.jpg,https://stevesilver.com/wp-content/uploads/2023/02/SteveSilverFurniture_Riverdale_RV900NS_WS2.jpg,
SS,SS-RV900NS,OK,6,1645,1280,414567,C:\Users\erink\OneDrive\Documents\GitHub\mccabe-site\vspfiles\photos\SS-RV900NS-altview6.jpg,https://stevesilver.com/wp-content/uploads/2023/02/SteveSilverFurniture_Riverdale_RV900NS_VG2H.jpg,
SS,SS-RV900NS,OK,7,1645,1280,405133,C:\Users\erink\OneDrive\Documents\GitHub\mccabe-site\vspfiles\photos\SS-RV900NS-altview7.jpg,https://stevesilver.com/wp-content/uploads/2023/02/SteveSilverFurniture_Riverdale_RV900NS_VG2.jpg,
SS,SS-RV900NS,OK,8,1645,1280,105757,C:\Users\erink\OneDrive\Documents\GitHub\mccabe-site\vspfiles\photos\SS-RV900NS-altview8.jpg,https://stevesilver.com/wp-content/uploads/2022/02/BearCreek_BC900MR_WS1.jpg,
SS,SS-RV900QFB,NO_PAGE,,,,,,,no stevesilver.com page mapping
SS,SS-SIG900C,OK,1,1645,1280,286434,C:\Users\erink\OneDrive\Documents\GitHub\mccabe-site\vspfiles\photos\SS-SIG900C-altview1.jpg,https://stevesilver.com/wp-content/uploads/2025/11/SteveSilverFurniture_Sigmund_SIG900C_LS1.1.jpg,
SS,SS-SIG900C,OK,2,1645,1280,487474,C:\Users\erink\OneDrive\Documents\GitHub\mccabe-site\vspfiles\photos\SS-SIG900C-altview2.jpg,https://stevesilver.com/wp-content/uploads/2019/10/HighlandPark_HP900HBW_HP900KFBW_HP900CTW_HP900NSWHP900DRW_HP900MRW_HP900VDW_HP900VMW_RS1_Revised.jpg,
SS,SS-SIG900C,OK,3,1645,1280,143411,C:\Users\erink\OneDrive\Documents\GitHub\mccabe-site\vspfiles\photos\SS-SIG900C-altview3.jpg,https://stevesilver.com/wp-content/uploads/2025/11/SteveSilverFurniture_Sigmund_SIG900C_WS1.3.jpg,
SS,SS-SIG900C,OK,4,1645,1280,155239,C:\Users\erink\OneDrive\Documents\GitHub\mccabe-site\vspfiles\photos\SS-SIG900C-altview4.jpg,https://stevesilver.com/wp-content/uploads/2025/11/SteveSilverFurniture_Sigmund_SIG900C_WS2.1.jpg,
SS,SS-SIG900C,OK,5,1645,1280,158888,C:\Users\erink\OneDrive\Documents\GitHub\mccabe-site\vspfiles\photos\SS-SIG900C-altview5.jpg,https://stevesilver.com/wp-content/uploads/2025/11/SteveSilverFurniture_Sigmund_SIG900C_WS2.jpg,
SS,SS-SIG900C,OK,6,1645,1280,148306,C:\Users\erink\OneDrive\Documents\GitHub\mccabe-site\vspfiles\photos\SS-SIG900C-altview6.jpg,https://stevesilver.com/wp-content/uploads/2025/11/SteveSilverFurniture_Sigmund_SIG900C_WS2A.jpg,
SS,SS-SIG900C,OK,7,1645,1280,126192,C:\Users\erink\OneDrive\Documents\GitHub\mccabe-site\vspfiles\photos\SS-SIG900C-altview7.jpg,https://stevesilver.com/wp-content/uploads/2025/11/Sigmund_SIG900C_WS3-1.jpg,
SS,SS-SIG900C,OK,8,1645,1280,152817,C:\Users\erink\OneDrive\Documents\GitHub\mccabe-site\vspfiles\photos\SS-SIG900C-altview8.jpg,https://stevesilver.com/wp-content/uploads/2025/11/SteveSilverFurniture_Sigmund_SIG900C_WS3A.jpg,
SS,SS-SIG900DR,OK,1,1645,1280,308679,C:\Users\erink\OneDrive\Documents\GitHub\mccabe-site\vspfiles\photos\SS-SIG900DR-altview1.jpg,https://stevesilver.com/wp-content/uploads/2025/11/SteveSilverFurniture_Sigmund_SIG900DR_LS2.jpg,
SS,SS-SIG900DR,OK,2,1645,1280,222722,C:\Users\erink\OneDrive\Documents\GitHub\mccabe-site\vspfiles\photos\SS-SIG900DR-altview2.jpg,https://stevesilver.com/wp-content/uploads/2025/11/SteveSilverFurniture_Sigmund_SIG900DR_WS1A.jpg,
SS,SS-SIG900DR,OK,3,1645,1280,202927,C:\Users\erink\OneDrive\Documents\GitHub\mccabe-site\vspfiles\photos\SS-SIG900DR-altview3.jpg,https://stevesilver.com/wp-content/uploads/2025/11/SteveSilverFurniture_Sigmund_SIG900DR_WS2.jpg,
SS,SS-SIG900DR,OK,4,1645,1280,230733,C:\Users\erink\OneDrive\Documents\GitHub\mccabe-site\vspfiles\photos\SS-SIG900DR-altview4.jpg,https://stevesilver.com/wp-content/uploads/2025/11/SteveSilverFurniture_Sigmund_SIG900DR_WS2A.jpg,
SS,SS-SIG900DR,OK,5,1645,1280,202278,C:\Users\erink\OneDrive\Documents\GitHub\mccabe-site\vspfiles\photos\SS-SIG900DR-altview5.jpg,https://stevesilver.com/wp-content/uploads/2025/11/SteveSilverFurniture_Sigmund_SIG900DR_WS2.1A.jpg,
SS,SS-SIG900DR,OK,6,1645,1280,174925,C:\Users\erink\OneDrive\Documents\GitHub\mccabe-site\vspfiles\photos\SS-SIG900DR-altview6.jpg,https://stevesilver.com/wp-content/uploads/2025/11/SteveSilverFurniture_Sigmund_SIG900DR_WS5.jpg,
SS,SS-SIG900DR,OK,7,1645,1280,133832,C:\Users\erink\OneDrive\Documents\GitHub\mccabe-site\vspfiles\photos\SS-SIG900DR-altview7.jpg,https://stevesilver.com/wp-content/uploads/2025/11/SteveSilverFurniture_Sigmund_SIG900DR_WS3.1.jpg,
SS,SS-SIG900DR,OK,8,1645,1280,166629,C:\Users\erink\OneDrive\Documents\GitHub\mccabe-site\vspfiles\photos\SS-SIG900DR-altview8.jpg,https://stevesilver.com/wp-content/uploads/2025/11/SteveSilverFurniture_Sigmund_SIG900DR_WS3A.1.jpg,
SS,SS-SIG900KFB,NO_PAGE,,,,,,,no stevesilver.com page mapping
SS,SS-SIG900NS,OK,1,1645,1280,373395,C:\Users\erink\OneDrive\Documents\GitHub\mccabe-site\vspfiles\photos\SS-SIG900NS-altview1.jpg,https://stevesilver.com/wp-content/uploads/2025/11/SteveSilverFurniture_Sigmund_SIG900-QBED_LS2.1.jpg,
SS,SS-SIG900NS,OK,2,1645,1280,233601,C:\Users\erink\OneDrive\Documents\GitHub\mccabe-site\vspfiles\photos\SS-SIG900NS-altview2.jpg,https://stevesilver.com/wp-content/uploads/2025/11/SteveSilverFurniture_Sigmund_SIG900NS_WS1.jpg,
SS,SS-SIG900NS,OK,3,1645,1280,231432,C:\Users\erink\OneDrive\Documents\GitHub\mccabe-site\vspfiles\photos\SS-SIG900NS-altview3.jpg,https://stevesilver.com/wp-content/uploads/2025/11/SteveSilverFurniture_Sigmund_SIG900NS_WS1.2.jpg,
SS,SS-SIG900NS,OK,4,1645,1280,199668,C:\Users\erink\OneDrive\Documents\GitHub\mccabe-site\vspfiles\photos\SS-SIG900NS-altview4.jpg,https://stevesilver.com/wp-content/uploads/2025/11/SteveSilverFurniture_Sigmund_SIG900NS_WS2.1.jpg,
SS,SS-SIG900NS,OK,5,1645,1280,217984,C:\Users\erink\OneDrive\Documents\GitHub\mccabe-site\vspfiles\photos\SS-SIG900NS-altview5.jpg,https://stevesilver.com/wp-content/uploads/2025/11/SteveSilverFurniture_Sigmund_SIG900NS_WS2.jpg,
SS,SS-SIG900NS,OK,6,1645,1280,236175,C:\Users\erink\OneDrive\Documents\GitHub\mccabe-site\vspfiles\photos\SS-SIG900NS-altview6.jpg,https://stevesilver.com/wp-content/uploads/2025/11/SteveSilverFurniture_Sigmund_SIG900NS_WS2A.jpg,
SS,SS-SIG900NS,OK,7,1645,1280,165613,C:\Users\erink\OneDrive\Documents\GitHub\mccabe-site\vspfiles\photos\SS-SIG900NS-altview7.jpg,https://stevesilver.com/wp-content/uploads/2025/11/SteveSilverFurniture_Sigmund_SIG900NS_WS3.jpg,
SS,SS-SIG900NS,OK,8,1645,1280,227564,C:\Users\erink\OneDrive\Documents\GitHub\mccabe-site\vspfiles\photos\SS-SIG900NS-altview8.jpg,https://stevesilver.com/wp-content/uploads/2025/11/SteveSilverFurniture_Sigmund_SIG900NS_WS3A.jpg,
SS,SS-SIG900QFB,NO_PAGE,,,,,,,no stevesilver.com page mapping
SS,SS-ZENITH-PWR-CONSOLE-SOFA,OK,1,1645,1280,252356,C:\Users\erink\OneDrive\Documents\GitHub\mccabe-site\vspfiles\photos\SS-ZENITH-PWR-CONSOLE-SOFA-altview1.jpg,https://stevesilver.com/wp-content/uploads/2026/02/SteveSIlverFurniture_Zenith_ZTH800KS_LS1.jpg,
SS,SS-ZENITH-PWR-CONSOLE-SOFA,OK,2,1645,1280,286379,C:\Users\erink\OneDrive\Documents\GitHub\mccabe-site\vspfiles\photos\SS-ZENITH-PWR-CONSOLE-SOFA-altview2.jpg,https://stevesilver.com/wp-content/uploads/2026/02/SteveSilverFurniture_Zenith_ZTH800KS_LS2A.jpg,
SS,SS-ZENITH-PWR-CONSOLE-SOFA,OK,3,1645,1280,299914,C:\Users\erink\OneDrive\Documents\GitHub\mccabe-site\vspfiles\photos\SS-ZENITH-PWR-CONSOLE-SOFA-altview3.jpg,https://stevesilver.com/wp-content/uploads/2026/02/SteveSilverFurniture_Zenith_ZTH800K-3PCSET_LS1.jpg,
SS,SS-ZENITH-PWR-CONSOLE-SOFA,OK,4,1645,1280,432676,C:\Users\erink\OneDrive\Documents\GitHub\mccabe-site\vspfiles\photos\SS-ZENITH-PWR-CONSOLE-SOFA-altview4.jpg,https://stevesilver.com/wp-content/uploads/2024/11/SteveSilverFurniture_Daniel_DAE800C_LS1.jpg,
SS,SS-ZENITH-PWR-CONSOLE-SOFA,OK,5,1645,1280,475257,C:\Users\erink\OneDrive\Documents\GitHub\mccabe-site\vspfiles\photos\SS-ZENITH-PWR-CONSOLE-SOFA-altview5.jpg,https://stevesilver.com/wp-content/uploads/2024/11/SteveSilverFurniture_Daniel_DAE800L_LS1.jpg,
SS,SS-ZENITH-PWR-CONSOLE-SOFA,OK,6,1645,1280,422892,C:\Users\erink\OneDrive\Documents\GitHub\mccabe-site\vspfiles\photos\SS-ZENITH-PWR-CONSOLE-SOFA-altview6.jpg,https://stevesilver.com/wp-content/uploads/2021/08/SteveSilverFurniture_Lehi_LH97506PCSECT_LS2.jpg,
SS,SS-ZENITH-PWR-CONSOLE-SOFA,OK,7,1645,1280,129018,C:\Users\erink\OneDrive\Documents\GitHub\mccabe-site\vspfiles\photos\SS-ZENITH-PWR-CONSOLE-SOFA-altview7.jpg,https://stevesilver.com/wp-content/uploads/2026/02/SteveSilverFurniture_Zenith_ZTH800KS_WS1.jpg,
SS,SS-ZENITH-PWR-CONSOLE-SOFA,OK,8,1645,1280,140694,C:\Users\erink\OneDrive\Documents\GitHub\mccabe-site\vspfiles\photos\SS-ZENITH-PWR-CONSOLE-SOFA-altview8.jpg,https://stevesilver.com/wp-content/uploads/2026/02/SteveSilverFurniture_Zenith_ZTH800KS_WS2A.jpg,
SAR,SAR-PLSH-FX-FUR-XL-LG,OK,1,1620,1620,672369,C:\Users\erink\OneDrive\Documents\GitHub\mccabe-site\vspfiles\photos\SAR-PLSH-FX-FUR-XL-LG-altview1.jpg,https://cdn.shopify.com/s/files/1/2047/7533/files/Sesame_3_a51fb63e-521a-4e8a-bc7e-784d06caaddb.png?v=1762459474,
SAR,SAR-PLSH-FX-FUR-XL-LG,OK,2,1620,1620,394081,C:\Users\erink\OneDrive\Documents\GitHub\mccabe-site\vspfiles\photos\SAR-PLSH-FX-FUR-XL-LG-altview2.jpg,https://cdn.shopify.com/s/files/1/2047/7533/files/Buttermilk_3_ac4bcb6d-e829-41b8-a006-add92530055d.png?v=1752678605,
SAR,SAR-PLSH-FX-FUR-XL-LG,OK,3,1620,1620,491576,C:\Users\erink\OneDrive\Documents\GitHub\mccabe-site\vspfiles\photos\SAR-PLSH-FX-FUR-XL-LG-altview3.jpg,https://cdn.shopify.com/s/files/1/2047/7533/files/Buttermilk_4_503271bd-becf-4783-93e6-cd370009df65.png?v=1752678605,
SAR,SAR-PLSH-FX-FUR-XL-LG,OK,4,1620,1620,469879,C:\Users\erink\OneDrive\Documents\GitHub\mccabe-site\vspfiles\photos\SAR-PLSH-FX-FUR-XL-LG-altview4.jpg,https://cdn.shopify.com/s/files/1/2047/7533/files/Buttermilk_aff3e76e-78df-4705-80cf-f13b20d1b130.png?v=1752678605,
SAR,SAR-PLSH-FX-FUR-XL-LG,SKIP_DUP,,1620,1620,,,https://cdn.shopify.com/s/files/1/2047/7533/files/Sesame_3_9a99db1a-ce3b-4228-add3-795cb2842d58.png?v=1752678605,duplicate of main/thumb or prior altview
SAR,SAR-PLSH-FX-FUR-XL-LG,OK,5,1620,1620,628601,C:\Users\erink\OneDrive\Documents\GitHub\mccabe-site\vspfiles\photos\SAR-PLSH-FX-FUR-XL-LG-altview5.jpg,https://cdn.shopify.com/s/files/1/2047/7533/files/Sesame_4_5a4574d9-a5ec-41ea-b3c1-2bfcd89fea24.png?v=1752678605,
SAR,SAR-PLSH-FX-FUR-XL-LG,OK,6,1620,1620,493520,C:\Users\erink\OneDrive\Documents\GitHub\mccabe-site\vspfiles\photos\SAR-PLSH-FX-FUR-XL-LG-altview6.jpg,https://cdn.shopify.com/s/files/1/2047/7533/files/Sesame_7b8d6a0c-fd34-4e0f-ab25-dea28477d813.png?v=1752678605,
SS,SS-BC900KFB,OK,1,1645,1280,555417,C:\Users\erink\OneDrive\Documents\GitHub\mccabe-site\vspfiles\photos\SS-BC900KFB-altview1.jpg,https://stevesilver.com/wp-content/uploads/2020/01/BearCreek_BC900QHB_BC900QFB_BC900SR_BC900NS_BC900CT_BC900DR_BC900MR_RS1.jpg,
SS,SS-BC900KFB,OK,2,1645,1280,599711,C:\Users\erink\OneDrive\Documents\GitHub\mccabe-site\vspfiles\photos\SS-BC900KFB-altview2.jpg,https://stevesilver.com/wp-content/uploads/2019/10/CoverBearCreek_BC900QHB_BC900QFB_BC900SR_BC900NS_BC900CT_BC900DR_BC900MR_RS1.jpg,
SS,SS-BC900KFB,OK,3,1645,1280,464223,C:\Users\erink\OneDrive\Documents\GitHub\mccabe-site\vspfiles\photos\SS-BC900KFB-altview3.jpg,https://stevesilver.com/wp-content/uploads/2019/10/Swanson_SS100HB_SS100FB_SS100RS-RS1.jpg,
SS,SS-BC900KFB,OK,4,1645,1280,239178,C:\Users\erink\OneDrive\Documents\GitHub\mccabe-site\vspfiles\photos\SS-BC900KFB-altview4.jpg,https://stevesilver.com/wp-content/uploads/2019/10/SteveSilverCo_HighlandPark_HP900DRW_HT900MRW_WS2.jpg,
SS,SS-BC900QFB,OK,1,1645,1280,555417,C:\Users\erink\OneDrive\Documents\GitHub\mccabe-site\vspfiles\photos\SS-BC900QFB-altview1.jpg,https://stevesilver.com/wp-content/uploads/2020/01/BearCreek_BC900QHB_BC900QFB_BC900SR_BC900NS_BC900CT_BC900DR_BC900MR_RS1.jpg,
SS,SS-BC900QFB,OK,2,1645,1280,599711,C:\Users\erink\OneDrive\Documents\GitHub\mccabe-site\vspfiles\photos\SS-BC900QFB-altview2.jpg,https://stevesilver.com/wp-content/uploads/2019/10/CoverBearCreek_BC900QHB_BC900QFB_BC900SR_BC900NS_BC900CT_BC900DR_BC900MR_RS1.jpg,
SS,SS-BC900QFB,OK,3,1645,1280,230200,C:\Users\erink\OneDrive\Documents\GitHub\mccabe-site\vspfiles\photos\SS-BC900QFB-altview3.jpg,https://stevesilver.com/wp-content/uploads/2019/08/SteveSIlverCo_HighlandPark_HP900NSD_VG1.jpg,
SS,SS-BC900QFB,OK,4,1645,1280,239178,C:\Users\erink\OneDrive\Documents\GitHub\mccabe-site\vspfiles\photos\SS-BC900QFB-altview4.jpg,https://stevesilver.com/wp-content/uploads/2019/10/SteveSilverCo_HighlandPark_HP900DRW_HT900MRW_WS2.jpg,
SS,SS-BC950KFB,PAGE_FAIL,,,,,,https://stevesilver.com/product/bear-creek-king-bed-brown/,The read operation timed out
SS,SS-BC950QFB,OK,1,1645,1280,323852,C:\Users\erink\OneDrive\Documents\GitHub\mccabe-site\vspfiles\photos\SS-BC950QFB-altview1.jpg,https://stevesilver.com/wp-content/uploads/2020/03/Bear_Creek_BC950KHBB_KFBB_SRB_NSB_CTB_DRB_MRB_RS1.jpg,
SS,SS-BC950QFB,OK,2,1645,1280,448344,C:\Users\erink\OneDrive\Documents\GitHub\mccabe-site\vspfiles\photos\SS-BC950QFB-altview2.jpg,https://stevesilver.com/wp-content/uploads/2020/03/Bear_Creek_BC950_-KFBB_KHBB_SRB_VG1.jpg,
SS,SS-BC950QFB,OK,3,1645,1280,271498,C:\Users\erink\OneDrive\Documents\GitHub\mccabe-site\vspfiles\photos\SS-BC950QFB-altview3.jpg,https://stevesilver.com/wp-content/uploads/2020/03/Bear_Creek_BC950MRB_DRB_VG1.jpg,
SS,SS-BC950QFB,OK,4,1645,1280,368785,C:\Users\erink\OneDrive\Documents\GitHub\mccabe-site\vspfiles\photos\SS-BC950QFB-altview4.jpg,https://stevesilver.com/wp-content/uploads/2020/03/Bear_Creek_BC950CTB_VG1.jpg,
SS,SS-BC950QFB,OK,5,1645,1280,139540,C:\Users\erink\OneDrive\Documents\GitHub\mccabe-site\vspfiles\photos\SS-BC950QFB-altview5.jpg,https://stevesilver.com/wp-content/uploads/2019/10/SteveSilverFurniture_HighlandPark_HP900KHBD_KHFBD_SRD_NSD_CTD_MRD_DRD_VG1.jpg,
SS,SS-BC950QFB,OK,6,1645,1280,285647,C:\Users\erink\OneDrive\Documents\GitHub\mccabe-site\vspfiles\photos\SS-BC950QFB-altview6.jpg,https://stevesilver.com/wp-content/uploads/2019/08/HP900CTW_HighlandPark.jpg,
SS,SS-CAS900KFB,OK,1,1645,1280,487474,C:\Users\erink\OneDrive\Documents\GitHub\mccabe-site\vspfiles\photos\SS-CAS900KFB-altview1.jpg,https://stevesilver.com/wp-content/uploads/2019/10/HighlandPark_HP900HBW_HP900KFBW_HP900CTW_HP900NSWHP900DRW_HP900MRW_HP900VDW_HP900VMW_RS1_Revised.jpg,
SS,SS-CAS900KFB,OK,2,1645,1280,445942,C:\Users\erink\OneDrive\Documents\GitHub\mccabe-site\vspfiles\photos\SS-CAS900KFB-altview2.jpg,https://stevesilver.com/wp-content/uploads/2024/09/SteveSilverFurniture_Cassie_CAS900-K5PC_WS2A.jpg,
SS,SS-CAS900KFB,OK,3,1645,1280,96185,C:\Users\erink\OneDrive\Documents\GitHub\mccabe-site\vspfiles\photos\SS-CAS900KFB-altview3.jpg,https://stevesilver.com/wp-content/uploads/2024/09/Cassie_CAS900-KBED_WS1_copy.jpg,
SS,SS-CAS900KFB,OK,4,1645,1280,92421,C:\Users\erink\OneDrive\Documents\GitHub\mccabe-site\vspfiles\photos\SS-CAS900KFB-altview4.jpg,https://stevesilver.com/wp-content/uploads/2024/09/Cassie_CAS900-KBED_WS1A_copy.jpg,
SS,SS-CAS900KFB,OK,5,1645,1280,71315,C:\Users\erink\OneDrive\Documents\GitHub\mccabe-site\vspfiles\photos\SS-CAS900KFB-altview5.jpg,https://stevesilver.com/wp-content/uploads/2024/09/CAS900-QBED_WS2_copy.jpg,
SS,SS-CAS900KFB,OK,6,1645,1280,239178,C:\Users\erink\OneDrive\Documents\GitHub\mccabe-site\vspfiles\photos\SS-CAS900KFB-altview6.jpg,https://stevesilver.com/wp-content/uploads/2019/10/SteveSilverCo_HighlandPark_HP900DRW_HT900MRW_WS2.jpg,
SS,SS-CAS900QFB,OK,1,1645,1280,487474,C:\Users\erink\OneDrive\Documents\GitHub\mccabe-site\vspfiles\photos\SS-CAS900QFB-altview1.jpg,https://stevesilver.com/wp-content/uploads/2019/10/HighlandPark_HP900HBW_HP900KFBW_HP900CTW_HP900NSWHP900DRW_HP900MRW_HP900VDW_HP900VMW_RS1_Revised.jpg,
SS,SS-CAS900QFB,OK,2,1645,1280,445942,C:\Users\erink\OneDrive\Documents\GitHub\mccabe-site\vspfiles\photos\SS-CAS900QFB-altview2.jpg,https://stevesilver.com/wp-content/uploads/2024/09/SteveSilverFurniture_Cassie_CAS900-K5PC_WS2A.jpg,
SS,SS-CAS900QFB,OK,3,1645,1280,96185,C:\Users\erink\OneDrive\Documents\GitHub\mccabe-site\vspfiles\photos\SS-CAS900QFB-altview3.jpg,https://stevesilver.com/wp-content/uploads/2024/09/Cassie_CAS900-KBED_WS1_copy.jpg,
SS,SS-CAS900QFB,OK,4,1645,1280,92421,C:\Users\erink\OneDrive\Documents\GitHub\mccabe-site\vspfiles\photos\SS-CAS900QFB-altview4.jpg,https://stevesilver.com/wp-content/uploads/2024/09/Cassie_CAS900-KBED_WS1A_copy.jpg,
SS,SS-CAS900QFB,OK,5,1645,1280,71315,C:\Users\erink\OneDrive\Documents\GitHub\mccabe-site\vspfiles\photos\SS-CAS900QFB-altview5.jpg,https://stevesilver.com/wp-content/uploads/2024/09/CAS900-QBED_WS2_copy.jpg,
SS,SS-CAS900QFB,OK,6,1645,1280,285647,C:\Users\erink\OneDrive\Documents\GitHub\mccabe-site\vspfiles\photos\SS-CAS900QFB-altview6.jpg,https://stevesilver.com/wp-content/uploads/2019/08/HP900CTW_HighlandPark.jpg,
SS,SS-HP900KFBD,PAGE_FAIL,,,,,,https://stevesilver.com/product/highland-park-3-piece-king-bed-waxed-driftwood/,The read operation timed out
SS,SS-HP900KFBW,OK,1,1645,1280,487474,C:\Users\erink\OneDrive\Documents\GitHub\mccabe-site\vspfiles\photos\SS-HP900KFBW-altview1.jpg,https://stevesilver.com/wp-content/uploads/2019/10/HighlandPark_HP900HBW_HP900KFBW_HP900CTW_HP900NSWHP900DRW_HP900MRW_HP900VDW_HP900VMW_RS1_Revised.jpg,
SS,SS-HP900KFBW,OK,2,1645,1280,464223,C:\Users\erink\OneDrive\Documents\GitHub\mccabe-site\vspfiles\photos\SS-HP900KFBW-altview2.jpg,https://stevesilver.com/wp-content/uploads/2019/10/Swanson_SS100HB_SS100FB_SS100RS-RS1.jpg,
SS,SS-HP900QFBD,OK,1,1645,1280,311177,C:\Users\erink\OneDrive\Documents\GitHub\mccabe-site\vspfiles\photos\SS-HP900QFBD-altview1.jpg,https://stevesilver.com/wp-content/uploads/2020/01/SteveSilverFurniture_HighlandPark_HP900KHB_HP900KFB_VG1.jpg,
SS,SS-HP900QFBD,OK,2,1645,1280,137104,C:\Users\erink\OneDrive\Documents\GitHub\mccabe-site\vspfiles\photos\SS-HP900QFBD-altview2.jpg,https://stevesilver.com/wp-content/uploads/2019/10/SteveSilverFurniture_HighlandPark_HP900KHBD_KHFBD_NSD_MRD_DRD_VG1.jpg,
SS,SS-HP900QFBD,SKIP_DUP,,1645,1280,,,https://stevesilver.com/wp-content/uploads/2020/01/SteveSilverFurniture_HighlandPark_HP900KHBD_KHFBD_NSD_MRD_DRD_VG1.jpg,duplicate of main/thumb or prior altview
SS,SS-HP900QFBD,OK,3,1645,1280,139540,C:\Users\erink\OneDrive\Documents\GitHub\mccabe-site\vspfiles\photos\SS-HP900QFBD-altview3.jpg,https://stevesilver.com/wp-content/uploads/2019/10/SteveSilverFurniture_HighlandPark_HP900KHBD_KHFBD_SRD_NSD_CTD_MRD_DRD_VG1.jpg,
SS,SS-HP900QFBD,OK,4,1645,1280,188200,C:\Users\erink\OneDrive\Documents\GitHub\mccabe-site\vspfiles\photos\SS-HP900QFBD-altview4.jpg,https://stevesilver.com/wp-content/uploads/2019/08/HighlandPark_HP900NSW_WS1.jpg,
SS,SS-HP900QFBD,OK,5,1645,1280,239178,C:\Users\erink\OneDrive\Documents\GitHub\mccabe-site\vspfiles\photos\SS-HP900QFBD-altview5.jpg,https://stevesilver.com/wp-content/uploads/2019/10/SteveSilverCo_HighlandPark_HP900DRW_HT900MRW_WS2.jpg,
SS,SS-HP900QFBW,PAGE_FAIL,,,,,,https://stevesilver.com/product/highland-park-3-piece-queen-bed-cathedral-white/,The read operation timed out
SS,SS-MON900KFB,PAGE_FAIL,,,,,,https://stevesilver.com/product/montana-king-bed-sand/,The read operation timed out
SS,SS-MON900QFB,PAGE_FAIL,,,,,,https://stevesilver.com/product/montana-queen-bed-sand/,The read operation timed out
SS,SS-RV900KFB,OK,1,1645,1280,379360,C:\Users\erink\OneDrive\Documents\GitHub\mccabe-site\vspfiles\photos\SS-RV900KFB-altview1.jpg,https://stevesilver.com/wp-content/uploads/2023/02/SteveSilverFurniture_Riverdale_RV900KHB_LS2.jpg,
SS,SS-RV900KFB,OK,2,1645,1280,472523,C:\Users\erink\OneDrive\Documents\GitHub\mccabe-site\vspfiles\photos\SS-RV900KFB-altview2.jpg,https://stevesilver.com/wp-content/uploads/2023/02/SteveSilverFurniture_Riverdale_RV900-KSBED_RV900NS_LS2.jpg,
SS,SS-RV900KFB,OK,3,1645,1280,462656,C:\Users\erink\OneDrive\Documents\GitHub\mccabe-site\vspfiles\photos\SS-RV900KFB-altview3.jpg,https://stevesilver.com/wp-content/uploads/2023/02/SteveSilverFurniture_iverdale_RV900-KSBED_LS2.jpg,
SS,SS-RV900KFB,OK,4,1645,1280,487474,C:\Users\erink\OneDrive\Documents\GitHub\mccabe-site\vspfiles\photos\SS-RV900KFB-altview4.jpg,https://stevesilver.com/wp-content/uploads/2019/10/HighlandPark_HP900HBW_HP900KFBW_HP900CTW_HP900NSWHP900DRW_HP900MRW_HP900VDW_HP900VMW_RS1_Revised.jpg,
SS,SS-RV900KFB,OK,5,1645,1280,487500,C:\Users\erink\OneDrive\Documents\GitHub\mccabe-site\vspfiles\photos\SS-RV900KFB-altview5.jpg,https://stevesilver.com/wp-content/uploads/2023/02/SteveSilverFurniture_Riverdale_RV900-KSBED_RV900NS_.jpg,
SS,SS-RV900KFB,OK,6,1645,1280,348261,C:\Users\erink\OneDrive\Documents\GitHub\mccabe-site\vspfiles\photos\SS-RV900KFB-altview6.jpg,https://stevesilver.com/wp-content/uploads/2023/02/SteveSilverFurniture_Riverdale_RV900-KSBED_WS2A.jpg,
SS,SS-RV900KFB,OK,7,1645,1280,285147,C:\Users\erink\OneDrive\Documents\GitHub\mccabe-site\vspfiles\photos\SS-RV900KFB-altview7.jpg,https://stevesilver.com/wp-content/uploads/2023/02/SteveSilverFurniture_Riverdale_RV900-KSBED_WS2.jpg,
SS,SS-RV900KFB,OK,8,1645,1280,310275,C:\Users\erink\OneDrive\Documents\GitHub\mccabe-site\vspfiles\photos\SS-RV900KFB-altview8.jpg,https://stevesilver.com/wp-content/uploads/2023/02/SteveSilverFurniture_Riverdale_RV900-KSBED_WS1.jpg,
SS,SS-RV900QFB,OK,1,1645,1280,379360,C:\Users\erink\OneDrive\Documents\GitHub\mccabe-site\vspfiles\photos\SS-RV900QFB-altview1.jpg,https://stevesilver.com/wp-content/uploads/2023/02/SteveSilverFurniture_Riverdale_RV900KHB_LS2.jpg,
SS,SS-RV900QFB,OK,2,1645,1280,472523,C:\Users\erink\OneDrive\Documents\GitHub\mccabe-site\vspfiles\photos\SS-RV900QFB-altview2.jpg,https://stevesilver.com/wp-content/uploads/2023/02/SteveSilverFurniture_Riverdale_RV900-KSBED_RV900NS_LS2.jpg,
SS,SS-RV900QFB,OK,3,1645,1280,462656,C:\Users\erink\OneDrive\Documents\GitHub\mccabe-site\vspfiles\photos\SS-RV900QFB-altview3.jpg,https://stevesilver.com/wp-content/uploads/2023/02/SteveSilverFurniture_iverdale_RV900-KSBED_LS2.jpg,
SS,SS-RV900QFB,OK,4,1645,1280,487500,C:\Users\erink\OneDrive\Documents\GitHub\mccabe-site\vspfiles\photos\SS-RV900QFB-altview4.jpg,https://stevesilver.com/wp-content/uploads/2023/02/SteveSilverFurniture_Riverdale_RV900-KSBED_RV900NS_.jpg,
SS,SS-RV900QFB,OK,5,1645,1280,348261,C:\Users\erink\OneDrive\Documents\GitHub\mccabe-site\vspfiles\photos\SS-RV900QFB-altview5.jpg,https://stevesilver.com/wp-content/uploads/2023/02/SteveSilverFurniture_Riverdale_RV900-KSBED_WS2A.jpg,
SS,SS-RV900QFB,OK,6,1645,1280,285147,C:\Users\erink\OneDrive\Documents\GitHub\mccabe-site\vspfiles\photos\SS-RV900QFB-altview6.jpg,https://stevesilver.com/wp-content/uploads/2023/02/SteveSilverFurniture_Riverdale_RV900-KSBED_WS2.jpg,
SS,SS-RV900QFB,OK,7,1645,1280,310275,C:\Users\erink\OneDrive\Documents\GitHub\mccabe-site\vspfiles\photos\SS-RV900QFB-altview7.jpg,https://stevesilver.com/wp-content/uploads/2023/02/SteveSilverFurniture_Riverdale_RV900-KSBED_WS1.jpg,
SS,SS-RV900QFB,OK,8,1645,1280,464223,C:\Users\erink\OneDrive\Documents\GitHub\mccabe-site\vspfiles\photos\SS-RV900QFB-altview8.jpg,https://stevesilver.com/wp-content/uploads/2019/10/Swanson_SS100HB_SS100FB_SS100RS-RS1.jpg,
SS,SS-SIG900KFB,OK,1,1645,1280,390581,C:\Users\erink\OneDrive\Documents\GitHub\mccabe-site\vspfiles\photos\SS-SIG900KFB-altview1.jpg,https://stevesilver.com/wp-content/uploads/2025/11/SteveSilverFurniture_Sigmund_SIG900-KBED_Bedding_LS1.jpg,
SS,SS-SIG900KFB,OK,2,1645,1280,599711,C:\Users\erink\OneDrive\Documents\GitHub\mccabe-site\vspfiles\photos\SS-SIG900KFB-altview2.jpg,https://stevesilver.com/wp-content/uploads/2019/10/CoverBearCreek_BC900QHB_BC900QFB_BC900SR_BC900NS_BC900CT_BC900DR_BC900MR_RS1.jpg,
SS,SS-SIG900KFB,OK,3,1645,1280,136711,C:\Users\erink\OneDrive\Documents\GitHub\mccabe-site\vspfiles\photos\SS-SIG900KFB-altview3.jpg,https://stevesilver.com/wp-content/uploads/2025/11/SteveSilverFurniture_Sigmund_SIG900-KBED_WS3.jpg,
SS,SS-SIG900KFB,OK,4,1645,1280,229683,C:\Users\erink\OneDrive\Documents\GitHub\mccabe-site\vspfiles\photos\SS-SIG900KFB-altview4.jpg,https://stevesilver.com/wp-content/uploads/2025/11/SteveSilverFurniture_Sigmund_SIG900-KBED_WS2-2.jpg,
SS,SS-SIG900KFB,OK,5,1645,1280,246322,C:\Users\erink\OneDrive\Documents\GitHub\mccabe-site\vspfiles\photos\SS-SIG900KFB-altview5.jpg,https://stevesilver.com/wp-content/uploads/2025/11/SteveSilverFurniture_Sigmund_SIG900-KBED_WS1.jpg,
SS,SS-SIG900KFB,OK,6,1645,1280,268636,C:\Users\erink\OneDrive\Documents\GitHub\mccabe-site\vspfiles\photos\SS-SIG900KFB-altview6.jpg,https://stevesilver.com/wp-content/uploads/2025/11/SteveSilverFurniture_Sigmund_SIG900-KBED_WS1.1-2.jpg,
SS,SS-SIG900KFB,OK,7,1650,1650,295245,C:\Users\erink\OneDrive\Documents\GitHub\mccabe-site\vspfiles\photos\SS-SIG900KFB-altview7.jpg,https://stevesilver.com/wp-content/uploads/2019/10/SteveSilverCo_HighlandPark_HP900MRD_HP900DRD_VG2.jpg,
SS,SS-SIG900QFB,OK,1,1645,1280,365939,C:\Users\erink\OneDrive\Documents\GitHub\mccabe-site\vspfiles\photos\SS-SIG900QFB-altview1.jpg,https://stevesilver.com/wp-content/uploads/2025/11/SteveSilverFurniture_Sigmund_SIG900-QBED_LS2-2.jpg,
SS,SS-SIG900QFB,OK,2,1645,1280,471937,C:\Users\erink\OneDrive\Documents\GitHub\mccabe-site\vspfiles\photos\SS-SIG900QFB-altview2.jpg,https://stevesilver.com/wp-content/uploads/2025/11/SteveSilverFurniture_Sigmund_SIG900QBD_WS1.jpg,
SS,SS-SIG900QFB,OK,3,1645,1280,411796,C:\Users\erink\OneDrive\Documents\GitHub\mccabe-site\vspfiles\photos\SS-SIG900QFB-altview3.jpg,https://stevesilver.com/wp-content/uploads/2025/11/SteveSilverFurniture_Sigmund_SIG900QB_WS2.jpg,
SS,SS-SIG900QFB,OK,4,1645,1280,383021,C:\Users\erink\OneDrive\Documents\GitHub\mccabe-site\vspfiles\photos\SS-SIG900QFB-altview4.jpg,https://stevesilver.com/wp-content/uploads/2025/11/SteveSilverFurniture_Sigmund_SIG900QBD_WS3.jpg,
SS,SS-SIG900QFB,OK,5,1645,1280,122948,C:\Users\erink\OneDrive\Documents\GitHub\mccabe-site\vspfiles\photos\SS-SIG900QFB-altview5.jpg,https://stevesilver.com/wp-content/uploads/2025/11/SteveSilverFurniture_Sigmund_SIG900-QBED_WS3.1-1.jpg,
SS,SS-SIG900QFB,OK,6,1645,1280,435403,C:\Users\erink\OneDrive\Documents\GitHub\mccabe-site\vspfiles\photos\SS-SIG900QFB-altview6.jpg,https://stevesilver.com/wp-content/uploads/2019/10/Wilshire_WS890HB_WS890FRS_RS1.jpg,
SS,SS-SIG900QFB,OK,7,1645,1280,257493,C:\Users\erink\OneDrive\Documents\GitHub\mccabe-site\vspfiles\photos\SS-SIG900QFB-altview7.jpg,https://stevesilver.com/wp-content/uploads/2019/08/BearCreek_BC900DR_BC900MR_WS4.jpg,
SS,SS-HP900KFBD,OK,1,1280,720,266175,C:\Users\erink\OneDrive\Documents\GitHub\mccabe-site\vspfiles\photos\SS-HP900KFBD-altview1.jpg,https://stevesilver.com/wp-content/uploads/2019/08/BRHighland_Park_HP900KHBD_HP900KFBD_HP900SRD_HP900NSD_HP900CTD__HP900MRD_HP900DRD_RS1.jpg,
SS,SS-HP900KFBD,OK,2,1645,1280,599711,C:\Users\erink\OneDrive\Documents\GitHub\mccabe-site\vspfiles\photos\SS-HP900KFBD-altview2.jpg,https://stevesilver.com/wp-content/uploads/2019/10/CoverBearCreek_BC900QHB_BC900QFB_BC900SR_BC900NS_BC900CT_BC900DR_BC900MR_RS1.jpg,
SS,SS-HP900KFBD,OK,3,1645,1280,311177,C:\Users\erink\OneDrive\Documents\GitHub\mccabe-site\vspfiles\photos\SS-HP900KFBD-altview3.jpg,https://stevesilver.com/wp-content/uploads/2020/01/SteveSilverFurniture_HighlandPark_HP900KHB_HP900KFB_VG1.jpg,
SS,SS-HP900KFBD,OK,4,1645,1280,464223,C:\Users\erink\OneDrive\Documents\GitHub\mccabe-site\vspfiles\photos\SS-HP900KFBD-altview4.jpg,https://stevesilver.com/wp-content/uploads/2019/10/Swanson_SS100HB_SS100FB_SS100RS-RS1.jpg,
SS,SS-HP900QFBW,OK,1,1645,1280,487474,C:\Users\erink\OneDrive\Documents\GitHub\mccabe-site\vspfiles\photos\SS-HP900QFBW-altview1.jpg,https://stevesilver.com/wp-content/uploads/2019/10/HighlandPark_HP900HBW_HP900KFBW_HP900CTW_HP900NSWHP900DRW_HP900MRW_HP900VDW_HP900VMW_RS1_Revised.jpg,
SS,SS-HP900QFBW,OK,2,1645,1280,435403,C:\Users\erink\OneDrive\Documents\GitHub\mccabe-site\vspfiles\photos\SS-HP900QFBW-altview2.jpg,https://stevesilver.com/wp-content/uploads/2019/10/Wilshire_WS890HB_WS890FRS_RS1.jpg,
SS,SS-MON900KFB,PAGE_FAIL,,,,,,https://stevesilver.com/product/montana-king-bed-sand/,HTTP Error 404: Not Found
SS,SS-MON900QFB,PAGE_FAIL,,,,,,https://stevesilver.com/product/montana-queen-bed-sand/,HTTP Error 404: Not Found
